load,frequency_GHz,target_magnitude,phase_bound_low,phase_bound_high,outside_nominal_bounds,envelope_low,envelope_high,outside_sampled_uncertainty_envelope
20,2.4017467248908297,0.33351961998762736,0.3376541283657392,0.41245813606484905,False,0.23150792501237538,0.42539178007425404,False
20,2.620087336244542,0.32260457367034,0.3251406285767266,0.41090705000916666,False,0.22105339122231055,0.42390157735322537,False
20,2.8384279475982535,0.3018344357372263,0.31343796114654704,0.4091864903634551,False,0.21942219454446574,0.42390157735322537,False
20,3.056768558951965,0.28713919966342183,0.3019877384285928,0.4090247093869778,True,0.20721084957916241,0.4224776643714291,False
20,3.2751091703056767,0.2777420383691288,0.2879307806839288,0.4082396903743284,False,0.2018492726390388,0.4225370782925784,False
20,3.493449781659389,0.26865241655566746,0.2759327057385522,0.4065942655798633,False,0.20026850705742966,0.4210457287793816,False
20,3.711790393013101,0.2620309558878416,0.265914382505405,0.4058015903159048,False,0.1948731812169719,0.4196500894941492,False
20,3.930131004366812,0.2534555083019245,0.2559569875651446,0.4051965969615664,False,0.19331216970536944,0.4196500894941492,False
20,4.148471615720524,0.24927360848309166,0.24640431320787512,0.4046038679486044,False,0.19021473680672354,0.41818692837252047,False
20,4.366812227074236,0.24516070809619828,0.2377623975765646,0.40399947178375983,False,0.19021473680672354,0.41528068808435714,False
20,4.585152838427947,0.24312977618387285,0.23103517792615222,0.40333447276408807,False,0.18867822394699013,0.41528068808435714,False
20,4.8034934497816595,0.2391182462163922,0.22486651576452044,0.40219068198252367,False,0.18867822394699013,0.4138375523060681,False
20,5.021834061135372,0.23713737056616552,0.22163335832450287,0.4009287754910884,False,0.1871497863023495,0.4138375523060681,False
20,5.240174672489083,0.24111566868221504,0.21974087272212064,0.3996116006704118,False,0.1856293788391745,0.41240103519292987,False
20,5.458515283842795,0.24927360848309166,0.22170268627355677,0.39845445480049496,False,0.1856293788391745,0.4109711086825763,False
20,5.676855895196507,0.2534555083019245,0.2245337720618077,0.3972784384630382,False,0.18411695680132328,0.4109711086825763,False
20,5.895196506550218,0.2598602694248178,0.22757757640441006,0.3956723050185043,False,0.18261247570816436,0.4081309157065796,False
20,6.11353711790393,0.26865241655566746,0.23213480798377736,0.39421355466835195,False,0.18261247570816436,0.4081309157065796,False
20,6.331877729257642,0.2777420383691288,0.23754949009705828,0.39290418367789326,False,0.18111589135261816,0.4067205936016532,False
20,6.550218340611353,0.28713919966342183,0.24532190020151898,0.3914174847142376,False,0.18640998866022415,0.40508580085168155,False
20,6.7685589519650655,0.29685430577049693,0.25294665019907003,0.38990755515108183,False,0.18341837801413224,0.40508580085168155,False
20,7.205240174672489,0.31993209026622077,0.268830571373299,0.3867407901766067,False,0.18864740196375027,0.4006002345907973,False
20,7.423580786026201,0.32529938108559314,0.27743272368533284,0.38501421142853776,False,0.18715260280220875,0.4006002345907973,False
20,7.641921397379913,0.3363056038775939,0.28658883527966944,0.3827064007140417,False,0.19595367982276463,0.39862710726024314,False
20,7.860262008733624,0.34480396744269176,0.29599675695606636,0.38081379295786244,False,0.20607423719835488,0.3980621774467178,False
20,8.51528384279476,0.3654780269407839,0.3195283074233543,0.37607053149664804,False,0.21939719732303317,0.3942425505615851,False
20,8.733624454148472,0.3716094120639496,0.3233836810008418,0.3745731498442678,False,0.23704927630451125,0.3914937278364852,False
20,8.951965065502183,0.3778436594134528,0.32748187851682614,0.3733873523910402,False,0.23704927630451125,0.38997063214474625,False
20,9.170305676855897,0.38099989456414957,0.3317398930062205,0.3723973423281617,False,0.2540182378223368,0.3886605517822674,False
20,9.388646288209609,0.38099989456414957,0.33540187103367713,0.3708704820449481,False,0.27195719588517825,0.38574478212651797,False
20,9.60698689956332,0.38099989456414957,0.3390102530941725,0.36932898527906655,False,0.2719571958851782,0.38574478212651797,False
20,10.91703056768559,0.36853096845958166,0.33272561926895067,0.36574090694824024,False,0.27147390705606556,0.3789678310767777,False
20,11.135371179039302,0.35944780686432626,0.32852957742278877,0.3656154959029605,False,0.2537739889268494,0.3805119226168918,False
20,11.572052401746724,0.3476842126844185,0.31724317643246885,0.3649553767994992,False,0.23394050013150416,0.38057677774679305,False
20,11.790393013100436,0.3363056038775939,0.31172393183179975,0.36482290543075,False,0.215080975331824,0.38219930140408875,False
20,12.008733624454148,0.3307567154223749,0.3054493006310129,0.3649582241116236,False,0.21357801990256162,0.38219930140408875,False
20,12.22707423580786,0.31993209026622077,0.2987112283623898,0.3651508844146626,False,0.19413213386143233,0.38245157498480603,False
20,12.445414847161572,0.30689811407769785,0.2892104571338677,0.3654070726446531,False,0.19413213386143233,0.38245157498480603,False
20,12.663755458515285,0.29685430577049693,0.27846398451389,0.3655242251612128,False,0.18772294345775806,0.3815091814944328,False
20,12.882096069868997,0.28713919966342183,0.2662184347298602,0.36627006513281823,False,0.18772294345775806,0.38150918149443275,False
20,13.100436681222709,0.2777420383691288,0.25465185424331105,0.3670270310872387,False,0.17121638924051788,0.38282861631493553,False
20,13.31877729257642,0.264219774709964,0.2433764396546012,0.3677547301345067,False,0.1661131476157504,0.381960281141817,False
20,13.537117903930133,0.25557269398047205,0.23547918047839878,0.36781740575042426,False,0.1661131476157504,0.38065580737712307,False
20,13.755458515283843,0.24312977618387285,0.22693996636493952,0.36777563041684985,False,0.15958548864589936,0.3811245722339278,False
20,13.973799126637555,0.23517290465632357,0.216631179306312,0.368424819822128,False,0.15958548864589936,0.3811245722339278,False
20,14.192139737991264,0.2293766115937684,0.20772522011515573,0.36892782391851386,False,0.15820945580761436,0.3811245722339278,False
20,14.410480349344978,0.22186983781014127,0.20004473587371707,0.36930258795401677,False,0.1568406082200666,0.37983870623489846,False
20,14.62882096069869,0.21820908708998957,0.1931793170263857,0.3692456137787872,False,0.1568406082200666,0.3785587861880584,False
20,14.847161572052402,0.21460873708030545,0.18689664548081206,0.36909927501170575,False,0.15684060822006654,0.3785587861880584,False
20,15.065502183406114,0.21106779119702648,0.18349008019094615,0.36902806329674803,False,0.15547890628331007,0.3785587861880583,False
20,15.283842794759826,0.21460873708030545,0.1818517512136662,0.3685249876381856,False,0.15547890628331007,0.3785587861880583,False
20,15.502183406113538,0.22186983781014127,0.18244408721848474,0.36756249632656846,False,0.15412431063670265,0.3772847864189764,False
20,15.720524017467248,0.22559200254386055,0.18566208504688128,0.36670580829382265,False,0.15412431063670265,0.3760166813467211,False
20,15.93886462882096,0.2293766115937684,0.1894689810519454,0.3656735089357677,False,0.1527767821572481,0.3760166813467211,False
20,16.157205240174672,0.2391182462163922,0.1929257716760381,0.36435285634897346,False,0.15277678215724805,0.3760166813467211,False
20,16.375545851528383,0.2472086049582603,0.1982114599582166,0.3631127197000788,False,0.15277678215724805,0.3747544454836901,False
20,16.593886462882097,0.2577075651109063,0.2062407970577052,0.3616324061857854,False,0.15143628195795236,0.3747544454836901,False
20,16.812227074235807,0.26865241655566746,0.21371343082563637,0.3597551781439951,False,0.15516572118049143,0.37295483506862787,False
20,17.03056768558952,0.2777420383691288,0.2212613970034028,0.3580528428725324,False,0.15516572118049143,0.37295483506862787,False
20,17.24890829694323,0.2895377547603301,0.23023835856799954,0.3564006320433385,False,0.1538291835993622,0.37169207652136543,False
20,17.467248908296945,0.29685430577049693,0.2386947369405294,0.35436960652858673,False,0.1538291835993622,0.3716920765213654,False
20,17.685589519650655,0.30689811407769785,0.24690569280410832,0.35224999416087566,False,0.16381602210173168,0.3705860224876919,False
20,17.903930131004365,0.31728174593925135,0.2556851260136244,0.35000765010864265,False,0.17227805395367532,0.3681811744272079,False
20,18.12227074235808,0.32529938108559314,0.2650940674571782,0.34794584277181134,False,0.17227805395367532,0.3668822734356234,False
20,18.558951965065503,0.34194758239464007,0.28280608662098844,0.3442845140459348,False,0.18670631301662624,0.36384449234551336,False
20,18.777292576419217,0.3476842126844185,0.2869146189768596,0.3429174610970975,False,0.19938162678188578,0.3621135851204905,False
20,18.995633187772924,0.3535170826576337,0.2912429270070644,0.34115896508287463,False,0.21618095544898844,0.3584241618692636,False
20,19.21397379912664,0.35647011101964954,0.2968541305462477,0.34002392204334214,True,0.21618095544898844,0.3584241618692636,False
20,21.61572052401747,0.3363056038775939,0.29351341930453423,0.33339399296651234,False,0.2294560593301423,0.35039251399282434,False
20,21.83406113537118,0.3307567154223749,0.290056402130223,0.33397466870585185,False,0.20603232097135482,0.3521477801295412,False
20,22.05240174672489,0.32260457367034,0.28443138267953677,0.3349133742421541,False,0.20603232097135482,0.3521477801295412,False
20,22.707423580786028,0.29685430577049693,0.2642778901347451,0.3362009539961652,False,0.18316747071947911,0.35406169166921564,False
20,22.925764192139734,0.28713919966342183,0.2528092091021491,0.3375685265991832,False,0.1676835377289335,0.3560427709259919,False
20,23.36244541484716,0.2664268773559191,0.2342319397917147,0.3397683340292693,False,0.16289933971362194,0.3567068492325544,False
20,23.580786026200872,0.25557269398047205,0.22652484943856122,0.34100713419165346,False,0.16158711266562378,0.35546150013064853,False
20,23.799126637554583,0.2472086049582603,0.2177979486884798,0.34202948208317147,False,0.15677438391480944,0.35613882440705763,False
20,24.017467248908297,0.2391182462163922,0.20809624155306328,0.3430899525887524,False,0.15677438391480938,0.35613882440705763,False
20,24.23580786026201,0.23322471254719748,0.20125564712541183,0.3436999528132636,False,0.15547793685247197,0.3549105811308455,False
20,24.45414847161572,0.22559200254386055,0.19540956487448521,0.3441570621707054,False,0.15547793685247183,0.35491058113084556,False
20,24.67248908296943,0.22003184942492987,0.1895196735472216,0.3446253757003794,False,0.15418819933343955,0.35491058113084556,False
20,24.890829694323145,0.21460873708030545,0.18454811220452072,0.3449534444206111,False,0.1493559881369433,0.3556011978334177,False
20,25.109170305676855,0.21106779119702648,0.18135805175877456,0.3450050270359298,False,0.14935598813694329,0.3556011978334177,False
20,25.32751091703057,0.21460873708030545,0.17906590469828979,0.3449183107441124,False,0.14808197304466234,0.35438995645842547,False
20,25.54585152838428,0.21640142467144036,0.17697070668863893,0.3444987357307255,False,0.14808197304466234,0.35438995645842547,False
20,25.76419213973799,0.21820908708998957,0.17610325063408663,0.3437755939509939,False,0.14808197304466228,0.35438995645842547,False
20,25.982532751091703,0.22186983781014127,0.17676760777539774,0.34322236972324055,False,0.14808197304466228,0.3531843656273202,False
20,26.200873362445417,0.2274764364635677,0.18049762362400315,0.34216760060858536,False,0.14681455512293692,0.3531843656273202,False
20,26.419213973799128,0.23517290465632357,0.18573197852974466,0.34085548801232707,False,0.14555369856984196,0.3531843656273201,False
20,26.63755458515284,0.24312977618387285,0.19208557919655803,0.33934215506622506,False,0.14555369856984196,0.35198440046460017,False
20,26.85589519650655,0.2513558615674933,0.19826067358450092,0.3377377884165405,False,0.14555369856984196,0.35198440046460017,False
20,27.074235807860266,0.2620309558878416,0.204240766709684,0.3357793237777999,False,0.14429936779426994,0.3507900361900556,False
20,27.292576419213972,0.2731594219260309,0.2114635534132617,0.3338627373807568,False,0.1490956204164488,0.3500547032820552,False
20,27.729257641921397,0.2895377547603301,0.22775555225820157,0.32999688513360403,False,0.15258947544315055,0.3481107243610354,False
20,27.94759825327511,0.2993340139015345,0.2369743483443287,0.3278230899070174,False,0.16198137820635236,0.34662892247748206,False
20,28.16593886462882,0.30689811407769785,0.24618321561966816,0.32561436447915254,False,0.16070535521153043,0.3454020251240638,False
20,28.38427947598253,0.3146533572874556,0.25377777160604725,0.32328206397321557,False,0.1699367703603956,0.343907132595989,False
20,28.602620087336245,0.31993209026622077,0.2598313130758319,0.3211563713051513,False,0.18351959532579662,0.3416805654420045,False
20,28.820960698689955,0.32529938108559314,0.2640391053620949,0.31981365005837503,False,0.18220983839852303,0.34040601907962426,False
20,29.03930131004367,0.33351961998762736,0.26820093807335266,0.31846715925406754,True,0.19980791854112656,0.3374236030200227,False
20,29.25764192139738,0.33911485988041395,0.2723173654283996,0.3171169278478983,True,0.19980791854112656,0.33742360302002267,False
20,29.475982532751093,0.34194758239464007,0.27638893637505846,0.31576298493756966,True,0.21265519611893627,0.3338663087642727,False
20,30.78602620087336,0.34480396744269176,0.3038935187808412,0.3167726961146009,True,0.25832860408199815,0.33166470505599793,True
20,31.004366812227076,0.34480396744269176,0.3034178742966912,0.31630123745358424,True,0.26454227803263275,0.3316647050559979,True
20,31.222707423580783,0.34194758239464007,0.3041096397181901,0.31055734964745935,True,0.24916732088464738,0.33009636781908597,False
20,31.441048034934497,0.3363056038775939,0.2996001389723453,0.305942032525463,True,0.23732464205420395,0.33009636781908597,False
20,31.65938864628821,0.33351961998762736,0.2884140217409259,0.3078073493135124,True,0.23732464205420395,0.3300963678190859,False
20,32.096069868995635,0.32529938108559314,0.27288309575023256,0.3100428410292921,True,0.21975264189790877,0.32853569192432364,False
20,32.314410480349345,0.3146533572874556,0.26842435219971883,0.3104564783897456,False,0.20727922002878585,0.32856460133253435,False
20,32.751091703056765,0.2993340139015345,0.26052120815955887,0.31179617298079426,False,0.19880330107608749,0.3288523015057739,False
20,32.96943231441048,0.2943951397500437,0.2555647576613626,0.31244399700569575,False,0.1858438566489803,0.331264700072808,False
20,33.18777292576419,0.28713919966342183,0.24933420392450903,0.31323382115634246,False,0.18455231028197197,0.331264700072808,False
20,33.4061135371179,0.2777420383691288,0.24265144798255936,0.3141191803454058,False,0.17576093684027883,0.3316511596280021,False
20,33.624454148471614,0.26865241655566746,0.23533072948279918,0.31540021126842493,False,0.17576093684027883,0.3316511596280021,False
20,34.06113537117904,0.2534555083019245,0.220038363439728,0.3176501811664084,False,0.1668342497817289,0.33330026705213145,False
20,34.27947598253275,0.24516070809619828,0.2132111158304732,0.318365688427788,False,0.1655795647247891,0.33330026705213145,False
20,34.49781659388646,0.2391182462163922,0.2072878359238458,0.3195716897239175,False,0.1655795647247891,0.33209345173231836,False
20,34.71615720524017,0.23322471254719748,0.20225603248703752,0.32058969220385897,False,0.1655795647247891,0.33209345173231836,False
20,34.93449781659389,0.2293766115937684,0.19712637900808444,0.32156245967498137,False,0.16433131070372609,0.33209345173231836,False
20,35.1528384279476,0.22559200254386055,0.19118946231368508,0.3218308381123344,False,0.16433131070372609,0.3308923297742239,False
20,35.37117903930131,0.22372317943313647,0.1877840470892992,0.3220104345571239,False,0.16433131070372609,0.3308923297742239,False
20,35.58951965065502,0.22372317943313647,0.1855990670342047,0.3224498295592015,False,0.1630894534785613,0.3308923297742239,False
20,35.80786026200873,0.22372317943313647,0.1849295128812029,0.3218284292339883,False,0.1630894534785613,0.3308923297742239,False
20,36.02620087336245,0.22372317943313647,0.185488627570113,0.3210035994148961,False,0.16308945347856124,0.3308923297742239,False
20,36.24454148471616,0.2293766115937684,0.18806546303781813,0.32047801134747383,False,0.1618539590044137,0.32969687550124105,False
20,36.46288209606987,0.23322471254719748,0.19233667142438804,0.319326580371105,False,0.1618539590044137,0.32969687550124105,False
20,36.68122270742358,0.23713737056616552,0.1970065798872925,0.31789854633344616,False,0.1618539590044137,0.32969687550124105,False
20,36.89956331877729,0.24516070809619828,0.20162640641641183,0.31646757999916,False,0.1618539590044137,0.32850706334117763,False
20,37.11790393013101,0.2513558615674933,0.20665542673101306,0.3149365565981113,False,0.16062479343026148,0.32850706334117763,False
20,37.33624454148472,0.25557269398047205,0.21239737093758015,0.31323763259780957,False,0.16062479343026143,0.32850706334117763,False
20,37.55458515283843,0.264219774709964,0.21806514094727775,0.31153602817109777,False,0.16506680100416274,0.32764088051309953,False
20,37.77292576419214,0.2731594219260309,0.22365976617373456,0.30983175421565434,False,0.16383635172368302,0.32764088051309953,False
20,37.99126637554585,0.28006209631502005,0.23148732787865292,0.3076139204131732,False,0.16823737995284005,0.32557310399016093,False
20,38.209606986899566,0.2895377547603301,0.23857988151553566,0.3055300240752813,False,0.16823737995284005,0.32557310399016093,False
20,38.42794759825328,0.2943951397500437,0.24391549881115585,0.3038184215959096,False,0.17569411308808858,0.3238334431117787,False
20,38.646288209606986,0.2993340139015345,0.24851965350842312,0.3022565129494659,False,0.18425228968291593,0.32086608113430976,False
20,38.8646288209607,0.3094617209854816,0.25260503881669705,0.30079985709366286,False,0.18425228968291593,0.32086608113430976,False
20,39.519650655021834,0.32260457367034,0.2620771284945477,0.2961994166556953,True,0.20787239723418244,0.32493144213111613,False
20,39.737991266375545,0.32529938108559314,0.27551596212072377,0.29295535603079376,True,0.22384259110352328,0.3249314421311161,False
20,39.956331877729255,0.3307567154223749,0.2871436698091608,0.2969901335703618,True,0.22253137809649606,0.3249314421311161,False
20,40.39301310043668,0.33351961998762736,0.28414325744972774,0.30360517682131627,True,0.23418129066782664,0.3219422448221898,True
20,40.61135371179039,0.33351961998762736,0.28404610540394404,0.303509233475763,True,0.24931396731764216,0.3219422448221898,True
20,40.8296943231441,0.33351961998762736,0.2835950086157567,0.3030637437587322,True,0.27303204431215694,0.3219422448221898,True
20,41.048034934497814,0.33351961998762736,0.28314460448188455,0.30261892959673015,True,0.27303204431215694,0.3204585462392687,True
20,41.26637554585153,0.3307567154223749,0.2826948919321745,0.3021747899717507,True,0.27303204431215694,0.3204585462392687,False
20,41.48471615720524,0.3280166989907714,0.28269160181515735,0.3021529543938623,True,0.27303204431215694,0.3204585462392687,False
20,41.70305676855895,0.3280166989907714,0.2826205483421307,0.30082674173503393,True,0.271587926185229,0.3204585462392687,False
20,41.92139737991266,0.32260457367034,0.28190408303699044,0.29926057523966443,True,0.24290348977461398,0.3204585462392686,False
20,42.13973799126637,0.31993209026622077,0.2816838215288586,0.29904272640722523,True,0.24290348977461398,0.31898206778639804,False
20,42.35807860262009,0.3146533572874556,0.2817856825018318,0.29835892423357885,True,0.23154435210405183,0.31898206778639804,False
20,42.5764192139738,0.3094617209854816,0.2816038917874819,0.2969157391183125,False,0.22253214701563961,0.31898206778639804,False
20,42.79475982532751,0.30435574430501705,0.2754946508284763,0.2865972858382412,True,0.22253214701563961,0.3156553837717616,False
20,43.01310043668122,0.2993340139015345,0.25620164275712143,0.29093924438328395,False,0.21075953688805815,0.31419003161840353,False
20,43.23144104803494,0.2943951397500437,0.2528805045755406,0.2917183446326787,False,0.21075953688805815,0.31419003161840353,False
20,43.44978165938865,0.28713919966342183,0.2499219519656359,0.29215407223897016,False,0.20276359855764037,0.3108425741928303,False
20,43.88646288209607,0.27544119997826905,0.24345562202878163,0.2924104134174361,False,0.19746575871008015,0.30770595068060075,False
20,44.10480349344978,0.26865241655566746,0.23978775697962493,0.29332039388116077,False,0.19339883848490763,0.30863278253154974,False
20,44.3231441048035,0.2620309558878416,0.23414781148239067,0.2947114158613542,False,0.19339883848490763,0.30863278253154974,False
20,44.54148471615721,0.2577075651109063,0.2291006910080582,0.2955095637465838,False,0.18930147507754258,0.3095622086531903,False
20,44.75982532751092,0.2534555083019245,0.22484521462722984,0.29557131313241997,False,0.18806561443430364,0.3083432288372873,False
20,44.97816593886463,0.24927360848309166,0.22124383452108995,0.2962877372210728,False,0.18806561443430364,0.3083432288372873,False
20,45.19650655021834,0.24516070809619828,0.21775811122736202,0.2971394815430678,False,0.18806561443430364,0.3083432288372873,False
20,45.414847161572055,0.24312977618387285,0.21424924390154093,0.297993301080739,False,0.18806561443430364,0.3083432288372873,False
20,45.633187772925766,0.2391182462163922,0.21066054581821705,0.29829354316953205,False,0.18806561443430364,0.3071300738560952,False
20,45.85152838427947,0.2391182462163922,0.2075033908942651,0.29811253572028595,False,0.18683601126593952,0.3071300738560952,False
20,46.069868995633186,0.23713737056616552,0.20668210796807504,0.2982960008676391,False,0.18683601126593952,0.3071300738560952,False
20,46.2882096069869,0.2391182462163922,0.20668210796807504,0.2982960008676391,False,0.18683601126593952,0.3071300738560952,False
20,46.72489082969432,0.24312977618387285,0.21270852366620896,0.2961047922257979,False,0.18683601126593952,0.30592271672042737,False
20,46.943231441048034,0.24516070809619828,0.21435576102513573,0.294869677429141,False,0.18561263302196754,0.30592271672042737,False
20,47.161572052401745,0.24927360848309166,0.21733937701709422,0.2941262207907975,False,0.18561263302196754,0.30592271672042737,False
20,47.379912663755455,0.2534555083019245,0.2208004493563111,0.2932604624396446,False,0.18561263302196754,0.30592271672042737,False
20,47.59825327510917,0.2577075651109063,0.22623195297903526,0.2918944960533044,False,0.18846737164086744,0.30496592281933776,False
20,47.81659388646288,0.2664268773559191,0.23095809647257776,0.28980379315592775,False,0.18846737164086744,0.30375531487652,False
20,48.03493449781659,0.27089654631496773,0.23486199868830424,0.2880960953814505,False,0.18846737164086733,0.30375531487652,False
20,48.2532751091703,0.27544119997826905,0.23823581120932655,0.28722364677558876,False,0.1912857199519413,0.3027922354071293,False
20,48.47161572052402,0.28006209631502005,0.24017081744262156,0.28638275968907695,False,0.1912857199519413,0.3027922354071293,False
20,48.68995633187773,0.284760514398542,0.24196214833329238,0.2854111845872789,False,0.19926813098725896,0.3008741737832371,False
20,48.90829694323144,0.2943951397500437,0.24383966201974314,0.2844125107115759,False,0.19926813098725896,0.30554669640834153,False
20,49.12663755458515,0.29685430577049693,0.2466938826054423,0.2831500706412633,True,0.20713352608999777,0.30554669640834153,False
20,49.34497816593886,0.3018344357372263,0.25707229130177367,0.2798578155195967,True,0.2136313104356532,0.31212122009442916,False
20,49.56331877729258,0.30435574430501705,0.2734726626320132,0.2784106224661451,True,0.2136313104356532,0.3121212200944291,False
20,49.78165938864629,0.3094617209854816,0.2709472101336289,0.2858785205377012,True,0.22125724428653168,0.3121212200944291,False
20,50.0,0.3120467424281746,0.2703847765390489,0.2878650198787929,True,0.22000013532798623,0.31394511740842546,False
20,50.21834061135371,0.3146533572874556,0.2695669796750751,0.2895899320300649,True,0.2312154298936473,0.3139451174084254,False
20,50.43668122270742,0.3146533572874556,0.26874561132733277,0.29053735055491337,True,0.23121542989364724,0.3139451174084255,False
20,50.65502183406114,0.31728174593925135,0.2683160691720502,0.2901134468133761,True,0.25694311805591574,0.31252455968350373,False
20,50.87336244541485,0.31728174593925135,0.26754369933542915,0.29088234253191175,True,0.25694311805591574,0.31252455968350373,False
20,51.09170305676856,0.31728174593925135,0.26654837031514905,0.2924145282142751,True,0.2555544598590138,0.31252455968350373,False
20,51.31004366812227,0.31728174593925135,0.26580983397592234,0.29305201785991636,True,0.2555544598590138,0.3125245596835037,False
20,51.52838427947598,0.31728174593925135,0.26527554189593794,0.29324018647050687,True,0.2555544598590138,0.3125245596835037,False
20,51.7467248908297,0.31728174593925135,0.2655595323747113,0.29226772302192283,True,0.25417272548969233,0.31111089958622257,False
20,51.96506550218341,0.3146533572874556,0.26554733908949857,0.290349807560484,True,0.25417272548969233,0.31111089958622257,False
20,52.40174672489083,0.3094617209854816,0.265522679530461,0.2863165907188971,True,0.2541727254896922,0.309704104083405,False
20,52.620087336244545,0.30689811407769785,0.2656884519801501,0.28521316966454546,True,0.2527978799876167,0.309704104083405,False
20,52.838427947598255,0.30435574430501705,0.2655542213506393,0.28381049056484686,True,0.25279787998761677,0.3097041040834049,False
20,53.056768558951966,0.2993340139015345,0.26542224688696536,0.28240708002030557,True,0.2538020713061674,0.3050713233670014,False
20,53.27510917030568,0.29685430577049693,0.26529252651358054,0.28100293679920824,True,0.22743476139365934,0.3050713233670014,False
20,53.493449781659386,0.29195634566760353,0.26516505817604064,0.27959805966395357,True,0.22743476139365934,0.3018150154906827,False
20,53.7117903930131,0.2895377547603301,0.2651426971424827,0.277843000386848,False,0.22373905107688496,0.3018150154906827,False
20,53.930131004366814,0.284760514398542,0.2668844979713497,0.2678161856053141,True,0.22249646114192886,0.29853501621174655,False
20,54.14847161572053,0.28006209631502005,0.25602896971674394,0.27086020823862955,False,0.218778927156316,0.29385313561749216,False
20,54.585152838427945,0.2731594219260309,0.24032670140010043,0.2753178959924166,False,0.2138082656623369,0.2905291205543629,False
20,54.80349344978166,0.27089654631496773,0.2387815669048726,0.2751571502856079,False,0.21004156209221037,0.2891618252803611,False
20,55.02183406113537,0.2664268773559191,0.23691564892769923,0.2746853496851313,False,0.21004156209221037,0.2860933024302361,False
20,55.24017467248908,0.264219774709964,0.2358222417720753,0.27497330015373717,False,0.21004156209221028,0.2860933024302362,False
20,55.45851528384279,0.2598602694248178,0.23460020486989216,0.27513796833521703,False,0.21004156209221028,0.2860933024302362,False
20,55.89519650655022,0.25557269398047205,0.229962850692498,0.2754602052446946,False,0.21004156209221028,0.28486646968026375,False
20,56.11353711790393,0.25557269398047205,0.22838259070701047,0.27548103327829454,False,0.20882700930599885,0.28486646968026375,False
20,56.55021834061135,0.25557269398047205,0.22746969708947037,0.2757390778031541,False,0.20882700930599885,0.28486646968026375,False
20,56.76855895196506,0.25557269398047205,0.22797885811929922,0.2755951906493478,False,0.20882700930599885,0.28486646968026363,False
20,56.98689956331878,0.25557269398047205,0.22836634795876787,0.2746024368194585,False,0.20882700930599885,0.28364557076220503,False
20,57.20524017467249,0.25557269398047205,0.22973163559670126,0.27351212001471736,False,0.2076185352440423,0.28364557076220503,False
20,57.4235807860262,0.25557269398047205,0.23181225036660635,0.2729157293627059,False,0.2076185352440423,0.28364557076220503,False
20,57.64192139737991,0.2598602694248178,0.2328891859192267,0.27260643085935415,False,0.2076185352440423,0.28364557076220503,False
20,57.86026200873363,0.2598602694248178,0.23392111000069182,0.2722555524143462,False,0.2076185352440424,0.283645570762205,False
20,58.07860262008734,0.2620309558878416,0.23421265826369822,0.27118139820033554,False,0.2076185352440424,0.28243057748372924,False
20,58.29694323144105,0.264219774709964,0.2348444327477777,0.27044235850034937,False,0.21016694905832053,0.2850999241942674,False
20,58.51528384279476,0.2664268773559191,0.2359107434237401,0.27013175921340904,False,0.21016694905832053,0.29169263284841834,False
20,58.73362445414847,0.26865241655566746,0.24682400001683025,0.2669287389677715,False,0.21389076436014565,0.29169263284841834,False
20,58.951965065502186,0.27089654631496773,0.25747651512214986,0.2635434477166539,False,0.21268393969530447,0.2949535815493438,False
20,59.1703056768559,0.2731594219260309,0.259539158739144,0.2672507534763296,False,0.21637586221799937,0.2936012813762583,False
20,59.38864628820961,0.27544119997826905,0.2575473524926016,0.2723295407396275,False,0.22004127389084774,0.3000460015347501,False
20,59.60698689956332,0.2777420383691288,0.2569400464505731,0.2742930190582975,False,0.21883042044157347,0.3000460015347501,False
20,59.82532751091703,0.28006209631502005,0.2558084599880431,0.27458469746717445,False,0.24336395082221204,0.3000460015347501,False
20,60.043668122270745,0.2824015343623314,0.25492284288630074,0.27524084277033944,False,0.24231265847532285,0.30323394374238705,False
20,60.262008733624455,0.284760514398542,0.25431319569315397,0.27718430247065945,False,0.24231265847532285,0.3018773268576651,False
20,60.480349344978166,0.28713919966342183,0.2535523799854733,0.2783319624093111,False,0.2412640179711316,0.3050390804069252,False
20,60.69868995633187,0.28713919966342183,0.25283839274257297,0.27889404309605575,False,0.2399292592939186,0.3050390804069253,False
20,60.917030567685586,0.28713919966342183,0.2518772711455575,0.2802298024172286,False,0.2399292592939185,0.3036855537579506,False
20,61.1353711790393,0.2895377547603301,0.2510676652497013,0.28195011498244305,False,0.2399292592939185,0.3036855537579506,False
20,61.353711790393014,0.29195634566760353,0.2504575602184575,0.28385781950558614,False,0.2399292592939185,0.3036855537579506,False
20,61.57205240174672,0.29195634566760353,0.2496034627275065,0.28500051332444054,False,0.2399292592939185,0.3036855537579506,False
20,61.790393013100434,0.29195634566760353,0.2488858154335829,0.28554385109431024,False,0.2386011682834965,0.3036855537579506,False
20,62.00873362445415,0.29195634566760353,0.2483875830538414,0.2854065151256625,False,0.2386011682834965,0.30233858673581565,False
20,62.22707423580786,0.29195634566760353,0.24826464405851317,0.2852308322725595,False,0.2386011682834965,0.30233858673581565,False
20,62.44541484716157,0.29195634566760353,0.24883424077094016,0.28329392660508146,False,0.2386011682834965,0.30233858673581565,False
20,62.66375545851528,0.29195634566760353,0.24853094652511568,0.28089998871660077,True,0.2386011682834965,0.30233858673581554,False
20,62.88209606986899,0.29195634566760353,0.24838160251221306,0.27949731756334706,True,0.2386011682834965,0.30233858673581554,False
20,63.10043668122271,0.29195634566760353,0.2486911721086954,0.278542968782159,True,0.23727971114843996,0.3009981480480696,False
20,63.31877729257642,0.29195634566760353,0.2490009757931942,0.2775866282603927,True,0.23727971114843996,0.3009981480480696,False
20,63.53711790393013,0.2895377547603301,0.24960059534632276,0.2757320373012721,True,0.23834886227136762,0.2978468471574516,False
20,63.75545851528384,0.28713919966342183,0.2502218184390132,0.27380560355272054,True,0.23834886227136762,0.2965163731190012,False
20,63.97379912663755,0.28713919966342183,0.2503700072492913,0.2714026787014503,True,0.23834886227136762,0.2965163731190012,False
20,64.19213973799127,0.28713919966342183,0.25002731345935564,0.2691968275695937,True,0.23704075766186658,0.2965163731190012,False
20,64.41048034934498,0.28713919966342183,0.2503215297729092,0.26820525566929515,True,0.23704075766186658,0.2965163731190012,False
20,64.62882096069869,0.28713919966342183,0.2506356697838381,0.2672311244225923,True,0.23811942514223194,0.29334618016806097,False
20,65.06550218340611,0.2824015343623314,0.2506759832286439,0.2646925937109329,True,0.24028513545840235,0.2856247096621462,False
20,70.52401746724891,0.2664268773559191,0.24388127243382482,0.2572382816063074,False,0.2349501684404819,0.272698648842065,False
20,70.74235807860262,0.264219774709964,0.24388127243382482,0.2572382816063074,False,0.2349501684404819,0.272698648842065,False
20,71.17903930131004,0.264219774709964,0.24279751576819458,0.256566266319821,False,0.2337198017705585,0.27143072185366135,False
20,71.39737991266375,0.2620309558878416,0.24221202312953707,0.2572823885182664,False,0.2337198017705585,0.27143072185366135,False
20,71.61572052401746,0.2598602694248178,0.24206638872604716,0.2576369480511424,False,0.2337198017705585,0.27143072185366135,False
20,71.83406113537117,0.2598602694248178,0.24168354813281417,0.2572572692139809,False,0.2337198017705585,0.27143072185366135,False
20,72.0524017467249,0.2577075651109063,0.24130129415160348,0.25687816734687696,False,0.23249553329994313,0.27143072185366135,False
20,72.2707423580786,0.25557269398047205,0.2409196258798715,0.2564996415766911,False,0.2324955332999431,0.2701689902092568,False
20,72.48908296943232,0.25557269398047205,0.24085035563594048,0.256430941163415,False,0.2324955332999431,0.2701689902092568,False
20,72.92576419213974,0.2534555083019245,0.24039217901163945,0.2559765296258861,False,0.23012720386924237,0.27340050358847356,False
20,73.14410480349345,0.2513558615674933,0.24001190371866787,0.2555993740316248,False,0.23012720386924237,0.27214123201536344,False
20,73.36244541484716,0.2513558615674933,0.2395878244222472,0.2553516483222229,False,0.23012720386924232,0.27214123201536344,False
20,73.58078602620087,0.2513558615674933,0.23924434911882925,0.2563063181321082,False,0.23012720386924232,0.27214123201536344,False
20,73.79912663755458,0.2513558615674933,0.23892163410239095,0.2567146386898838,False,0.23012720386924232,0.27214123201536344,False
20,74.0174672489083,0.2513558615674933,0.2385417011687551,0.256338256474196,False,0.23012720386924232,0.27214123201536333,False
20,74.23580786026201,0.2513558615674933,0.23816235071064767,0.2559624459058832,False,0.23012720386924232,0.2708881064367178,False
20,74.45414847161572,0.2513558615674933,0.23783097962126037,0.25563416258642985,False,0.22890855312354733,0.2708881064367178,False
20,74.67248908296943,0.2513558615674933,0.23783097962126037,0.25563416258642985,False,0.22890855312354733,0.2708881064367178,False
20,74.89082969432314,0.2513558615674933,0.23794744152826375,0.25529910379515847,False,0.22890855312354733,0.2708881064367178,False
20,75.10917030567686,0.2513558615674933,0.23828214016940766,0.2543353674070318,False,0.22890855312354733,0.2708881064367178,False
20,75.32751091703057,0.2534555083019245,0.23772452850066214,0.2533306638566892,False,0.22890855312354733,0.26964109711048495,False
20,75.54585152838428,0.25557269398047205,0.23718199348896016,0.25279253075654295,False,0.22769594890220396,0.26964109711048495,False
20,75.76419213973799,0.25557269398047205,0.23718199348896016,0.25279253075654295,False,0.22769594890220396,0.26964109711048495,False
20,75.9825327510917,0.25557269398047205,0.23718199348896016,0.25279253075654295,False,0.22769594890220396,0.26964109711048495,False
20,76.20087336244542,0.25557269398047205,0.23714622043019293,0.2527570476066087,False,0.22885901351807358,0.2664206675531707,False
20,76.41921397379913,0.25557269398047205,0.23639619166489026,0.25201308748755596,False,0.22885901351807358,0.2651834182132087,False
20,76.85589519650655,0.2577075651109063,0.23597127228175452,0.25159159802817876,False,0.22765883504529275,0.2651834182132087,False
20,77.07423580786026,0.2577075651109063,0.2360290099732183,0.25142747466036536,False,0.22765883504529275,0.2651834182132087,False
20,77.29257641921397,0.2577075651109063,0.23629306658556848,0.2503885326410808,False,0.22765883504529275,0.2651834182132087,False
20,77.51091703056768,0.2577075651109063,0.2360992015806332,0.24951073976085403,False,0.22765883504529275,0.26395221539446484,False
20,77.7292576419214,0.2577075651109063,0.23572741452351614,0.24914151506171064,False,0.22765883504529275,0.26395221539446484,False
20,84.49781659388647,0.2513558615674933,0.22901844738834523,0.24279792226548583,True,0.21817073369438442,0.2630511224018133,False
20,84.71615720524018,0.2534555083019245,0.22830541634394763,0.2433968727454615,False,0.21817073369438442,0.2630511224018133,False
20,84.93449781659389,0.2577075651109063,0.22759206208016378,0.24399374828146422,True,0.21817073369438442,0.2630511224018133,False
20,85.1528384279476,0.2598602694248178,0.22711701368431936,0.24482508206401396,True,0.21817073369438442,0.2630511224018133,False
20,85.37117903930131,0.2620309558878416,0.22676529260978232,0.24577652253134288,True,0.21699930958313554,0.2630511224018133,False
20,85.58951965065502,0.264219774709964,0.22646850908744298,0.24657846373032163,True,0.2157927898343837,0.266198834281242,False
20,85.80786026200873,0.2664268773559191,0.22646850908744298,0.24657846373032163,True,0.2157927898343837,0.266198834281242,False
20,86.02620087336244,0.26865241655566746,0.22630718699710464,0.24701403262422486,True,0.2157927898343837,0.2649985617567245,False
20,86.24454148471615,0.27089654631496773,0.22536519036112346,0.24737659597404787,True,0.2157927898343837,0.2649985617567245,False
20,86.46288209606988,0.2731594219260309,0.22443075623497621,0.24774519965729935,True,0.21462113078673747,0.2649985617567245,False
20,86.8995633187773,0.2731594219260309,0.22410189708177386,0.248624585923182,True,0.21462113078673745,0.2649985617567245,False
20,87.117903930131,0.2731594219260309,0.22436287576053607,0.24792679587047914,True,0.21462113078673745,0.2649985617567245,False
20,87.33624454148472,0.2731594219260309,0.22471909048979943,0.245691955820905,True,0.21462113078673745,0.2638041362991893,True
20,87.55458515283843,0.2731594219260309,0.22458921320043346,0.24471793785935927,True,0.21462113078673745,0.2638041362991893,True
20,87.99126637554585,0.2731594219260309,0.2244815511706887,0.24334091486751208,True,0.21462113078673745,0.2638041362991893,True
20,88.20960698689956,0.26865241655566746,0.22483704018287037,0.24239138656917447,True,0.21462113078673745,0.2638041362991893,False
20,88.42794759825327,0.2664268773559191,0.2251928243158749,0.24143994099519395,True,0.21467388217791644,0.2606633487115455,False
20,88.646288209607,0.264219774709964,0.22554890423432802,0.2404865735296277,True,0.19395948529015816,0.2606633487115455,False
20,88.8646288209607,0.2620309558878416,0.22590528060578233,0.23953127954677758,True,0.19044235310549604,0.2594781890991416,False
20,89.08296943231441,0.2577075651109063,0.2291261199522595,0.23084617236529517,True,0.19044235310549604,0.2563193012508625,False
20,89.30131004366812,0.2534555083019245,0.22081856058112737,0.23254485742322603,True,0.18333473450296717,0.2563193012508625,False
20,89.51965065502183,0.24927360848309166,0.21009518852129377,0.23550924078737748,True,0.18333473450296717,0.2531386885333785,False
20,89.73799126637554,0.24516070809619828,0.2042241176473104,0.2373156167196206,False,0.17974385703990964,0.2499361719889758,False
20,89.95633187772926,0.24111566868221504,0.20319858024523382,0.2376849332772055,False,0.17508299787711087,0.25069796271735495,False
20,90.17467248908297,0.23713737056616552,0.20134732714263123,0.2383505243927229,False,0.17508299787711087,0.25069796271735495,False
20,90.39301310043668,0.2293766115937684,0.19938965745531803,0.23905286987141905,False,0.17144677869696387,0.25194765816230585,False
20,90.6113537117904,0.22559200254386055,0.1983542324809103,0.23942372298349357,False,0.1704117770373234,0.25089919906473346,False
20,90.82969432314412,0.22186983781014127,0.19677051932988254,0.23925927600485974,False,0.1704117770373234,0.25089919906473346,False
20,91.04803493449782,0.21640142467144036,0.19519210567690293,0.23910306722048258,False,0.17041177703732335,0.2508991990647335,False
20,91.26637554585152,0.2128309002638562,0.19266820015306754,0.2400090736803674,False,0.17041177703732335,0.2508991990647335,False
20,91.48471615720524,0.20931928787390092,0.18936306177159348,0.24093428256459856,False,0.16675511394930367,0.25215975007123825,False
20,91.70305676855897,0.20586561548026194,0.1879795806257884,0.24098635411220845,False,0.16573012359092215,0.25215975007123825,False
20,91.92139737991266,0.20246892709953324,0.18659530320595652,0.24104046930688605,False,0.16573012359092215,0.2511233342924454,False
20,92.13973799126636,0.2007916574893502,0.1853253562196538,0.2412089150050987,False,0.16573012359092212,0.2511233342924454,False
20,92.35807860262008,0.2007916574893502,0.1842682490071966,0.24158752022071528,False,0.16573012359092212,0.2511233342924454,False
20,92.5764192139738,0.19912828252159737,0.18296778893662166,0.24173151329848963,False,0.16573012359092212,0.2511233342924454,False
20,92.79475982532752,0.19912828252159737,0.18451983329734045,0.24073636791518843,False,0.16573012359092212,0.2511233342924454,False
20,93.01310043668124,0.2007916574893502,0.18605626760492908,0.23974345559436439,False,0.16471026065540983,0.25009193396991986,False
20,93.23144104803494,0.2041602074180315,0.18694293705688633,0.23920405999063726,False,0.16471026065540983,0.25009193396991986,False
20,93.44978165938863,0.20758526929927062,0.18854917140246039,0.23862254873064076,False,0.16471026065540983,0.25009193396991986,False
20,93.66812227074236,0.21106779119702648,0.19063672462859987,0.23786526689645449,False,0.16471026065540983,0.2500919339699198,False
20,93.88646288209608,0.21460873708030545,0.19253578942474284,0.23693292040083114,False,0.16835726613480753,0.24881749208400142,False
20,94.10480349344978,0.21820908708998957,0.19379763021621838,0.23558026876265695,False,0.16733770454497623,0.24778419591156628,False
20,94.32314410480348,0.22186983781014127,0.19460125079218374,0.23497825373940184,False,0.16733770454497623,0.24778419591156628,False
20,94.5414847161572,0.22559200254386055,0.19563029478237814,0.23459985649437912,False,0.17095488786497035,0.24650684878452347,False
20,94.75982532751092,0.23322471254719748,0.19665725030725767,0.2342217982463601,False,0.17095488786497035,0.24650684878452347,False
20,94.97816593886463,0.23713737056616552,0.1981650530000642,0.23328370016155844,False,0.17454724521393963,0.245233449146512,False
20,98.68995633187772,0.2664268773559191,0.19478056356816736,0.23058877067713374,True,0.16068156405216852,0.24601601179076196,True
20,98.90829694323143,0.264219774709964,0.19180418604686364,0.23170551269915962,True,0.15335049082029967,0.24763881033794422,True
20,99.34497816593888,0.2534555083019245,0.1876858108176622,0.2332447756631276,True,0.14216283623576131,0.2516147909632975,False
20,99.56331877729258,0.24927360848309166,0.18534011470306666,0.23374830417372294,True,0.14216283623576131,0.2516147909632975,False
20,99.78165938864628,0.24111566868221504,0.18189110554198973,0.23416317068421874,False,0.13838187597534432,0.25294874271197243,False
20,100.0,0.23713737056616552,0.17863110080505137,0.23521126588357838,False,0.1307411354749471,0.2556298229717032,False
20,100.21834061135372,0.2274764364635677,0.17230055507825506,0.2375586615904338,False,0.1307411354749471,0.2556298229717032,False
20,100.43668122270742,0.22003184942492987,0.1668705253094183,0.23955991834892965,False,0.12593199411934358,0.2569770337517976,False
20,100.65502183406112,0.2128309002638562,0.16364298847197317,0.24074418856814755,False,0.12593199411934358,0.25603700235889465,False
20,100.87336244541484,0.20586561548026194,0.15973578166473285,0.24217269156917512,False,0.12593199411934358,0.25603700235889465,False
20,101.09170305676857,0.19912828252159737,0.15536964152535807,0.24376239722535234,False,0.12593199411934358,0.25603700235889465,False
20,101.31004366812228,0.19261144124285715,0.15075450757068498,0.24515313487555812,False,0.12498782207415633,0.25603700235889465,False
20,101.528384279476,0.18786415812248133,0.146422644115086,0.24591006379117994,False,0.1211116655402112,0.25739575001239573,False
20,101.7467248908297,0.18021060589016918,0.14514552621036372,0.24615490105276627,False,0.1211116655402112,0.25739575001239573,False
20,101.9650655021834,0.17431288056225422,0.14399615323903908,0.24652499987668106,False,0.1211116655402112,0.25739575001239573,False
20,102.18340611353712,0.17001660101511215,0.1425757034433731,0.24663784923164808,False,0.12017763988494724,0.25739575001239573,False
20,102.40174672489084,0.16860816920192295,0.14023342119894644,0.24708659127018417,False,0.12017763988494724,0.25739575001239573,False
20,102.62008733624454,0.16582621162300412,0.13839373260992546,0.24735521709874314,False,0.12017763988494724,0.2564672278828255,False
20,102.83842794759823,0.16445249334775341,0.14171934036425635,0.2461012290751085,False,0.12017763988494724,0.2564672278828255,False
20,103.05676855895196,0.16309015507015975,0.14394226877531036,0.24507644361352926,False,0.11924832541656015,0.2564672278828255,False
20,103.27510917030568,0.16582621162300412,0.1444464491531372,0.24408859355028167,False,0.11924832541656015,0.2564672278828255,False
20,103.4934497816594,0.17001660101511215,0.1477708033621766,0.24258652762874625,False,0.11924832541656015,0.25554316039708125,False
20,103.7117903930131,0.17431288056225422,0.1521455011551506,0.240956105326034,False,0.11832369780711663,0.25554316039708125,False
20,103.9301310043668,0.17723721341914778,0.15618874610740735,0.23904585289258057,False,0.12218376104626835,0.25417045846516095,False
20,104.14847161572052,0.18171595614461516,0.15982784535567798,0.23727456788675166,False,0.12218376104626835,0.25417045846516095,False
20,104.36681222707423,0.18943344066739076,0.16273188121160065,0.235769361486911,False,0.12218376104626835,0.25324390381637835,False
20,104.58515283842794,0.19584275704937293,0.1669794891568834,0.23374773172242969,False,0.1260173734647266,0.251868922266134,False
20,105.02183406113537,0.2128309002638562,0.17584016369769834,0.22952284830758943,False,0.1326652377055413,0.2491327111973005,False
20,105.24017467248908,0.21820908708998957,0.17932232525721206,0.2280010375025401,False,0.1326652377055413,0.24819016066357455,False
20,105.4585152838428,0.22559200254386055,0.18137893801690705,0.22720692202230666,False,0.1364156645893861,0.24682209923033785,False
20,105.67685589519652,0.2312926594252547,0.183427308830935,0.22641427513516088,False,0.14383996616310601,0.24409945493931384,False
20,105.89519650655022,0.2391182462163922,0.18524982052166247,0.22540915312537918,True,0.14383996616310601,0.24409945493931384,False
20,106.11353711790392,0.24516070809619828,0.1875178071409882,0.22365548112902306,True,0.15478797405272024,0.23907080577868445,False
20,108.29694323144103,0.26865241655566746,0.1850839579756032,0.22297247441231577,True,0.139194464523376,0.24261809821997593,True
20,108.73362445414848,0.2620309558878416,0.1789739459604468,0.2253685413226965,True,0.12795803019919838,0.2467823962349113,True
20,108.95196506550218,0.2598602694248178,0.1755934874129719,0.22668762320793473,True,0.11557769481716032,0.250988917385546,True
20,109.17030567685588,0.2534555083019245,0.17145196972417706,0.2282973936875431,True,0.11557769481716032,0.250988917385546,False
20,109.3886462882096,0.24927360848309166,0.1666557089211027,0.23015314091091985,True,0.10388573565994307,0.2552388550269716,False
20,109.60698689956332,0.24111566868221504,0.16138338750619588,0.2321827201372874,False,0.0959562196507948,0.25809688537856346,False
20,110.04366812227074,0.2293766115937684,0.1458406614059335,0.2368446527005415,False,0.08385555980450207,0.26242201282435473,False
20,110.26200873362446,0.22186983781014127,0.13924903098370836,0.2393125590319263,False,0.08385555980450207,0.26242201282435473,False
20,110.48034934497817,0.2128309002638562,0.13316356687395306,0.24160853780294228,False,0.07479884063176685,0.26533141356442125,False
20,110.69868995633188,0.20246892709953324,0.12756849478498894,0.24370815633968795,False,0.07479884063176674,0.2653314135644213,False
20,110.9170305676856,0.1974786870918886,0.12007877423948676,0.24650216444723566,False,0.07479884063176674,0.2645029460318411,False
20,111.1353711790393,0.18476448554451658,0.1122365873026331,0.24932477793068958,False,0.06981946306061272,0.26597272924550724,False
20,111.353711790393,0.1757689654458906,0.10586872839280592,0.25093353173288835,False,0.06981946306061272,0.26597272924550724,False
20,111.57205240174672,0.16721140495625703,0.1011915419462413,0.2522877795748957,False,0.06565686583795304,0.26744792472687845,False
20,111.79039301310044,0.1590704813931022,0.09883724081718707,0.2531539558192247,False,0.06482793457310931,0.26744792472687845,False
20,112.00873362445417,0.15132591019884523,0.094527356292953,0.25441882487349887,False,0.06482793457310931,0.26744792472687845,False
20,112.22707423580786,0.14516091965789296,0.08953981210679271,0.25588954230161626,False,0.06482793457310931,0.26744792472687845,False
20,112.44541484716156,0.14041026012672442,0.08687166151020671,0.25651214634705655,False,0.06400321878485436,0.26663762556985415,False
20,112.66375545851528,0.13581507471375706,0.08498134886958886,0.25685197172197427,False,0.06400321878485436,0.26663762556985415,False
20,112.882096069869,0.13137027524096603,0.08471247075759032,0.256598993632931,False,0.06400321878485436,0.26663762556985415,False
20,113.1004366812227,0.12920272585957407,0.08671091778127529,0.25551201505455773,False,0.06400321878485436,0.26663762556985415,False
20,113.3187772925764,0.13137027524096603,0.09002282578161369,0.25393505422624324,False,0.0631826963611249,0.26663762556985415,False
20,113.53711790393012,0.13581507471375706,0.09331025675458814,0.2523590204921911,False,0.0631826963611249,0.2658311807293136,False
20,113.75545851528383,0.14041026012672442,0.09685176825138571,0.2506798895860402,False,0.0631826963611249,0.2658311807293136,False
20,113.97379912663756,0.14516091965789296,0.10125427548653199,0.24866811430161223,False,0.06236634531257842,0.2658311807293136,False
20,114.19213973799128,0.15132591019884523,0.10686233837893706,0.24618766821374766,False,0.06650478190800976,0.26353209782938636,False
20,114.41048034934498,0.1590704813931022,0.1134513140077564,0.2433147220682339,False,0.06650478190800976,0.26353209782938636,False
20,114.8471615720524,0.17431288056225422,0.12448193940462128,0.23832631451662406,False,0.06979091906402635,0.2612283543548102,False
20,115.06550218340612,0.18476448554451658,0.13083432625110225,0.2354778077105712,False,0.07386727615199012,0.25973592432150117,False
20,115.28384279475982,0.1942203791888339,0.13710232205711137,0.23263836441960453,False,0.0819369445576109,0.2567673571296496,False
20,115.50218340611352,0.20246892709953324,0.1432872055510771,0.22980785403842155,False,0.0819369445576109,0.2559378160337049,False
20,115.72052401746726,0.21106779119702648,0.14858946638721646,0.22730540135480817,False,0.08989723263581482,0.25297704723323655,False
20,115.93886462882097,0.22003184942492987,0.15357305560058807,0.22491191319051712,False,0.08989723263581482,0.25297704723323655,False
20,116.15720524017468,0.2274764364635677,0.15864630877265146,0.2226655388643996,False,0.10163609138853945,0.24857531952096543,False
20,116.3755458515284,0.23322471254719748,0.16344264141853088,0.22072502324799725,True,0.11225810587367978,0.24334097993254675,False
20,116.5938864628821,0.23713737056616552,0.16754473733583192,0.21905802831712354,True,0.11225810587367978,0.24334097993254675,False
20,116.8122270742358,0.24516070809619828,0.17093839300790908,0.21767372333348678,True,0.1235131821883667,0.23901084902546735,False
20,117.24890829694324,0.2534555083019245,0.17562701938029368,0.21520963853201935,True,0.13454229978962312,0.23381190788306588,True
20,117.46724890829694,0.25557269398047205,0.17622583977774275,0.21414944574400352,True,0.13454229978962312,0.23381190788306588,True
20,117.68558951965063,0.25557269398047205,0.1752236880706754,0.2145635518393808,True,0.14177206046513927,0.23096579017277766,True
20,117.90393013100436,0.2598602694248178,0.17363848779770583,0.21521771621891939,True,0.1308907140316968,0.23524212271740633,True
20,118.12227074235808,0.2598602694248178,0.17162196788659417,0.2160483459527696,True,0.11603522582802149,0.2410116855244608,True
20,118.3406113537118,0.2577075651109063,0.1687026368297918,0.21724784867091468,True,0.11603522582802149,0.24013496407441767,True
20,118.7772925764192,0.2534555083019245,0.16012728108686627,0.2207510832973259,True,0.09991194970180715,0.24601048560222577,False
20,118.99563318777292,0.24927360848309166,0.15442621228860412,0.22306374470434942,True,0.08424964787391884,0.25196965790515713,False
20,119.21397379912663,0.24516070809619828,0.14812272771678203,0.2256059464748235,True,0.06815530570607058,0.25801574486969836,False
20,119.43231441048034,0.2391182462163922,0.1411963233327231,0.22763383166908105,False,0.06815530570607058,0.25801574486969836,False
20,119.65065502183404,0.23322471254719748,0.13416205063774134,0.22993423730634244,False,0.055793284212127356,0.2626094474557862,False
20,119.86899563318778,0.2274764364635677,0.1254408159670156,0.23340359211122647,False,0.05499936341930933,0.2626094474557862,False
20,120.08733624454148,0.22003184942492987,0.11702544004255166,0.23672572636712824,False,0.04239993306174414,0.26725558353935325,False
20,120.3056768558952,0.21106779119702648,0.10916027915625698,0.23980866855933608,False,0.03385589078650597,0.27038295727336065,False
20,120.74235807860262,0.19101583187406054,0.09296364662136375,0.2459186963800477,False,0.028787211718050546,0.2712247978428857,False
20,120.96069868995632,0.18171595614461516,0.08449921946134305,0.24882513306836523,False,0.028787211718050546,0.2712247978428857,False
20,121.17903930131004,0.17143679785832194,0.07629791196660475,0.2516221165178894,False,0.02444814521352169,0.2728110119788193,False
20,121.39737991266377,0.1603992421974796,0.06882977042392734,0.254132567354031,False,0.023705693718899024,0.2728110119788193,False
20,121.61572052401746,0.15007231363938384,0.06278293248062904,0.25609870021013736,False,0.019343438280883096,0.2744035400039293,False
20,121.83406113537116,0.14041026012672442,0.05763360552799393,0.2577235008944629,False,0.019343438280883096,0.2744035400039293,False
20,122.0524017467249,0.1324676483743828,0.05244943082554404,0.259361938141072,False,0.018611248670591156,0.2744035400039293,False
20,122.2707423580786,0.12497432773076422,0.0472301597621255,0.2610141492932347,False,0.018611248670591156,0.2736902350006553,False
20,122.48908296943232,0.11790488306710861,0.04197554379239697,0.26268027447560105,False,0.01788279735545154,0.2736902350006553,False
20,122.70742358078604,0.11216451720496469,0.03934608545279474,0.2633576421130134,False,0.01788279735545154,0.2736902350006553,False
20,122.92576419213974,0.1067036291674373,0.039106873476093214,0.26313466407654873,False,0.01788279735545154,0.2729803082687124,False
20,123.14410480349343,0.10407371095302181,0.03986944300985303,0.26247528671763604,False,0.017158064578318394,0.2729803082687124,False
20,123.36244541484716,0.10759495481680233,0.040983030218859254,0.2614247487627589,False,0.017158064578318394,0.2729803082687124,False
20,123.58078602620088,0.11123533691669137,0.04439055900406836,0.25967289330093135,False,0.017158064578318394,0.2722737444456467,False
20,123.79912663755458,0.1149988881917128,0.04841660319849296,0.25781114918033116,False,0.01643703069317284,0.2722737444456467,False
20,124.0174672489083,0.11988289595077614,0.053100698866720746,0.25568512299185503,False,0.01643703069317284,0.2722737444456467,False
20,124.235807860262,0.12707094005036126,0.059540389581317923,0.2528640227425346,False,0.015719676164431276,0.2722737444456467,False
20,124.67248908296943,0.14516091965789296,0.07323150564434586,0.24659572290299625,False,0.02004987595109523,0.269242743361917,False
20,124.89082969432314,0.1551498803820991,0.07980190476652423,0.24334810929904413,False,0.0243508327612357,0.26762135002017584,False
20,125.10917030567686,0.16721140495625703,0.08650737256029806,0.24032433093031247,False,0.023624572428287152,0.26762135002017584,False
20,125.54585152838428,0.18476448554451658,0.10150988756682691,0.2335560560455091,False,0.032127288605292126,0.2636735979706335,False
20,125.764192139738,0.1942203791888339,0.10926973442223181,0.23033803354831903,False,0.0405157365016296,0.2597273766631704,False
20,125.9825327510917,0.20246892709953324,0.1165333580198027,0.22715789985052492,False,0.0405157365016296,0.2597273766631704,False
20,126.20087336244542,0.20931928787390092,0.12249884510555263,0.22394193125270354,False,0.05288766016179595,0.2549358859207443,False
20,126.63755458515284,0.22186983781014127,0.1350747269898158,0.2183978827550136,False,0.0642306613607349,0.24942862302016913,False
20,126.85589519650657,0.2293766115937684,0.13954217312337322,0.21650811708827822,True,0.07999765544251633,0.2431691017220179,False
20,127.07423580786026,0.23322471254719748,0.14387276133233856,0.21466881604136906,True,0.07999765544251633,0.2431691017220179,False
20,127.7292576419214,0.24111566868221504,0.15229887813710505,0.20979427533341544,True,0.10659152382403107,0.23159664778511102,False
20,127.9475982532751,0.24312977618387285,0.15252431568836688,0.20969699702163572,True,0.11396386244201075,0.22856559128220255,True
20,128.16593886462883,0.24312977618387285,0.15227632900105578,0.20980400433907376,True,0.09912004647672727,0.23464917046925554,True
20,128.38427947598254,0.24312977618387285,0.14922319201292028,0.21111938554232323,True,0.09829679456808299,0.23464917046925554,True
20,128.60262008733625,0.2391182462163922,0.14536055800901362,0.212778107707111,True,0.08307032375650733,0.24002563847962732,False
20,128.82096069868996,0.23713737056616552,0.14019403441141812,0.21498743860963188,True,0.08307032375650733,0.24002563847962732,False
20,129.03930131004367,0.23322471254719748,0.13497661602128294,0.21720789766746224,True,0.06665168404260284,0.24631263201179215,False
20,129.25764192139738,0.2293766115937684,0.12951286344098506,0.21925097458048085,True,0.05060705882150481,0.2526944762271894,False
20,129.4759825327511,0.22372317943313647,0.1228631691307032,0.22168436426656038,False,0.05060705882150481,0.2526944762271894,False
20,129.6943231441048,0.21640142467144036,0.11549293348737244,0.22441392112507377,False,0.03339511645757669,0.2591749910903377,False
20,130.13100436681222,0.20246892709953324,0.09802213711415741,0.23098231310794826,False,0.020756342523225075,0.2641025906308549,False
20,130.34934497816593,0.19101583187406054,0.08989527559636665,0.23399600034529985,False,0.012187417765703503,0.2674206820152547,False
20,130.56768558951964,0.18171595614461516,0.08062754263097807,0.2374687677973557,False,0.011491735226588782,0.2674206820152547,False
20,130.78602620087335,0.17286885800818205,0.07135499696268272,0.24093001873684602,False,0.0021394008717020704,0.2700993610152071,False
20,131.22270742358077,0.15132591019884523,0.05431319529815766,0.24720718126169305,False,3.8911881254483585e-07,0.2717892055325782,False
20,131.4410480349345,0.13924708972995206,0.045629168803742313,0.2503986098771003,False,0.00016289012511499072,0.27283653808536124,False
20,131.65938864628822,0.12920272585957407,0.03874379484196856,0.25273273283685843,False,1.7390240077983655e-05,0.27283653808536124,False
20,131.87772925764193,0.11790488306710861,0.03226920089252609,0.254724773289691,False,7.943743211852495e-05,0.2745474907114671,False
20,132.53275109170306,0.09418645242444765,0.016623044136732826,0.26017324491494903,False,0.00011496833986255685,0.2739079380116933,False
20,132.75109170305677,0.0881224788544837,0.012028946158155066,0.26143110743211057,False,5.443389477155484e-06,0.2732714130996527,False
20,132.96943231441048,0.08176590620014167,0.007957171620589211,0.26248808543804114,False,5.443389477155484e-06,0.2732714130996527,False
20,133.1877729257642,0.0810885505605222,0.01048994334931169,0.2614435115195394,False,6.084165246633903e-06,0.2732714130996527,False
20,133.4061135371179,0.08595052918372621,0.013736064699199753,0.2599471971972123,False,4.4945440624434336e-05,0.2732714130996527,False
20,133.6244541484716,0.09034931318292867,0.01835011508940894,0.25750357673858626,False,1.2030181018865851e-05,0.2726379022181275,False
20,133.84279475982532,0.09497321854968295,0.023074368884910622,0.2552090493447919,False,4.854425082307376e-06,0.2720073916668455,False
20,134.06113537117903,0.10150861218166073,0.027816541133610758,0.2529773337169053,False,2.4772928893486986e-05,0.2720073916668455,False
20,134.27947598253274,0.10940000479699803,0.032515569663651205,0.2507509396874628,False,8.334221803867713e-06,0.27026896229229347,False
20,134.49781659388643,0.11888977596422079,0.03776560760343676,0.24828457050852043,False,4.90408080429813e-06,0.27026896229229347,False
20,134.71615720524017,0.12920272585957407,0.044777484553470026,0.2450712693311356,False,6.997152420865929e-06,0.26789679058908744,False
20,134.93449781659388,0.14041026012672442,0.05254852289343025,0.24179093798119544,False,1.2248285478124886e-05,0.2655215094254308,False
20,135.1528384279476,0.15007231363938384,0.06065636977266006,0.23822710064218752,False,1.2248285478124886e-05,0.2655215094254308,False
20,135.58951965065503,0.17001660101511215,0.07629385200056789,0.23070548062565538,False,0.0024413134454469884,0.26314324028889274,False
20,135.80786026200877,0.17871772608375985,0.08529280745518959,0.22684317887435151,False,0.010970559441934707,0.2596914473175579,False
20,136.02620087336246,0.18943344066739076,0.09415170824190279,0.22301456351324325,False,0.023552486582224152,0.25456635554831875,False
20,136.6812227074236,0.20931928787390092,0.11530819796955905,0.2125981047267483,False,0.035884787420596795,0.24880627581069217,False
20,136.8995633187773,0.21640142467144036,0.12055537554813874,0.21026487487622064,False,0.05194864637333331,0.2421222385408355,False
20,137.117903930131,0.22186983781014127,0.12575191056073112,0.20794377953592694,True,0.07143640905169708,0.23391061000288457,False
20,137.33624454148472,0.22372317943313647,0.1308983737954822,0.20563466927939822,True,0.07143640905169708,0.23316291875234488,False
20,137.55458515283843,0.22559200254386055,0.13462588305793033,0.20395565288467363,True,0.08656783677646197,0.22668029996452466,False
20,137.77292576419214,0.2274764364635677,0.1376684314311822,0.20258102496189592,True,0.08656783677646197,0.22668029996452466,False
20,137.99126637554585,0.2312926594252547,0.13773584379579903,0.20255052542074317,True,0.09686865704661046,0.22188056420196992,True
20,138.20960698689956,0.2293766115937684,0.13688131299073553,0.20293700605514206,True,0.08579364452252582,0.22668029996452466,False
20,138.42794759825327,0.2274764364635677,0.13383419397969842,0.20431272623310745,True,0.08579364452252582,0.22668029996452466,False
20,138.64628820960698,0.22559200254386055,0.12954276404109305,0.20620675077414036,True,0.06609429797482316,0.23479875511503695,False
20,138.8646288209607,0.22372317943313647,0.12412588258570804,0.20826884210733085,True,0.046527970782491074,0.24307192355658347,False
20,139.0829694323144,0.21820908708998957,0.11866305881565828,0.21034824254023538,False,0.046527970782491074,0.24307192355658347,False
20,139.51965065502182,0.20586561548026194,0.10504953203371199,0.21568948872965193,False,0.02970474576292162,0.24980693720760042,False
20,139.73799126637556,0.19912828252159737,0.09671740062771554,0.21902234296511294,False,0.012494691137857688,0.2566500337644167,False
20,139.95633187772927,0.19261144124285715,0.08771781645644093,0.22263552273956863,False,2.1917641568557412e-05,0.265362838842046,False
20,140.3930131004367,0.17143679785832194,0.06931968556231881,0.2299847171260667,False,6.153099009872869e-05,0.26828657520843624,False
20,140.6113537117904,0.16582621162300412,0.05969226315580923,0.23350949696745513,False,2.128245050702821e-05,0.26828657520843624,False
20,140.8296943231441,0.15386460573222413,0.048981426905918175,0.23749984851336375,False,6.565741209146508e-05,0.2718668081958137,False
20,141.04803493449782,0.14516091965789296,0.0366950730302048,0.24216169995591244,False,9.452348738572978e-06,0.2748950764612094,False
20,141.48471615720524,0.12497432773076422,0.020295503732696004,0.24850583954758312,False,0.00010575765609488777,0.2785520158915682,False
20,141.70305676855895,0.1149988881917128,0.012690123092970088,0.2514476426659079,False,2.590787373799214e-05,0.27798515102849397,False
20,141.92139737991266,0.10581968733467005,0.0048888511325012145,0.2543121252503668,False,5.0560827715283565e-05,0.2774209686327998,False
20,142.13973799126637,0.09818655513563897,0.0030784427570593855,0.2571290579056236,False,3.174029293681883e-05,0.2774209686327998,False
20,142.35807860262008,0.09186504434568829,0.010934823265317464,0.2601583736540216,False,1.2542986176628327e-06,0.27685945652784316,False
20,142.5764192139738,0.0852385077755813,0.018800123726365907,0.26328904532728664,False,1.2542986176628327e-06,0.27685945652784316,False
20,142.7947598253275,0.08041680619195501,0.022990988680429605,0.26504675565804586,False,1.4666937178219655e-05,0.27685945652784316,False
20,143.0131004366812,0.07523935896067623,0.0262847745852867,0.2660594869710541,False,3.8705834363086376e-05,0.2763006025872714,False
20,143.23144104803492,0.07714063987743862,0.026626502518663137,0.2657416978502688,False,9.108648933450685e-07,0.2763006025872714,False
20,143.44978165938863,0.08313763917422533,0.024535698147089963,0.26486238619773916,False,4.177406766793534e-05,0.2757443947348637,False
20,143.66812227074234,0.08960085187840398,0.020818484924510616,0.26304594076888826,False,7.569936805803263e-05,0.2757443947348637,False
20,143.88646288209608,0.0957665567552959,0.01624955426419575,0.2605897232702599,False,9.108648934861655e-07,0.2757443947348636,False
20,144.1048034934498,0.10321155558379493,0.011178834805647473,0.25836342091165104,False,2.1594002849352356e-05,0.27519082094437053,False
20,144.3231441048035,0.11310145919947318,0.0060970480176866446,0.2561957720400446,False,2.1594002849352356e-05,0.27519082094437053,False
20,144.5414847161572,0.12291230855431186,0.000616939125981774,0.2533224565810338,False,9.330555104776199e-06,0.2733180711466108,False
20,145.19650655021834,0.1564458912953126,0.027795064431262284,0.2406321054510469,False,5.7762397108099286e-05,0.27088957463237096,False
20,145.41484716157206,0.16582621162300412,0.037289690250121736,0.23646008683123376,False,5.7762397108099286e-05,0.27088957463237096,False
20,145.63318777292577,0.17286885800818205,0.04663723891945758,0.23232728107327594,False,1.2390488952762337e-05,0.2653260832793411,False
20,145.85152838427948,0.1832338810162842,0.05584020605910728,0.22823280828325257,False,1.6667393132945273e-05,0.2647453381835698,False
20,146.2882096069869,0.19912828252159737,0.07565533958840531,0.21932619450544652,False,8.863395388095899e-06,0.259235026665144,False
20,146.5065502183406,0.20586561548026194,0.08314419413643526,0.21555753461130214,False,6.55036677051644e-05,0.2537948969701378,False
20,146.72489082969432,0.21106779119702648,0.09052091695759135,0.2115144552349318,False,6.55036677051644e-05,0.2537948969701378,False
20,146.94323144104803,0.21820908708998957,0.0990008740899915,0.20756170733519957,True,0.01613957918157195,0.24664678667134926,False
20,147.16157205240174,0.22186983781014127,0.10619095488946244,0.20422151096371075,True,0.03625981218236622,0.23787424445312075,False
20,147.37991266375545,0.22372317943313647,0.11240324577522126,0.20131983832433756,True,0.03625981218236622,0.23787424445312075,False
20,147.59825327510916,0.22559200254386055,0.11765431967583125,0.19885551475195876,True,0.05188549715754633,0.2302886031773266,False
20,147.81659388646287,0.2274764364635677,0.1223679549526068,0.19663416343453138,True,0.05188549715754633,0.2302886031773266,False
20,148.0349344978166,0.2274764364635677,0.12539052301213396,0.1952050698933972,True,0.07084917005673935,0.2217927483475838,False
20,148.25327510917032,0.22559200254386055,0.12695099142909086,0.19446582229486234,True,0.08557973486808272,0.21511111913320188,True
20,148.47161572052403,0.22372317943313647,0.12695099142909086,0.19446582229486234,True,0.0656719862625211,0.2234789414760759,False
20,148.68995633187774,0.22186983781014127,0.12300375517665404,0.1963338575695935,True,0.0656719862625211,0.2234789414760759,False
20,148.90829694323145,0.21820908708998957,0.11811474058558695,0.19863892462821503,True,0.04979668339830036,0.2302886031773266,False
20,149.56331877729258,0.19912828252159737,0.10190414584427052,0.20455128553724972,False,0.01290474812357911,0.24600709961325543,False
20,150.0,0.1863078756460768,0.08651159715709814,0.21091322129242274,False,0.00017751630580047396,0.2531794548202838,False
20,150.2183406113537,0.17723721341914778,0.07740542949061556,0.21447510468031133,False,2.1394671608944662e-05,0.2531794548202838,False
20,150.43668122270742,0.16445249334775341,0.06817961443730744,0.21808970968870992,False,5.221417171740665e-05,0.25804410337590167,False
20,150.65502183406113,0.15775272815491437,0.05887020423961335,0.22179422264600904,False,0.00010293400510249867,0.25804410337590167,False
20,150.87336244541484,0.14759618918888356,0.04892227392825079,0.2260370862754179,False,4.085890831440349e-05,0.26359210721258125,False
20,151.09170305676855,0.13694957651662307,0.03824653266919773,0.23042869622712409,False,1.2365543165810292e-05,0.26865982589993437,False
20,151.31004366812226,0.12601827370230928,0.028384178667193186,0.23431420812410406,False,1.1436803858360451e-05,0.26865982589993437,False
20,151.52838427947597,0.1149988881917128,0.018941866034588625,0.2382752040296025,False,9.108648934861655e-07,0.2700122159727197,False
20,151.74672489082968,0.10581968733467005,0.010264702875801734,0.2418080337340948,False,8.565399025129916e-05,0.2700122159727197,False
20,151.9650655021834,0.09656652193973611,0.0007156288563541452,0.24554547236671578,False,5.336907333426705e-05,0.26947034883175497,False
20,152.18340611353713,0.09034931318292867,0.00928133945099695,0.24985876779196686,False,8.571737767876274e-06,0.26893105259231076,False
20,152.40174672489084,0.0852385077755813,0.015174754294453346,0.25248187006155987,False,1.1895293089314656e-05,0.26893105259231076,False
20,152.62008733624455,0.08041680619195501,0.020061709618742197,0.25465077177394807,False,1.2271988794370248e-05,0.2683943155192375,False
20,152.83842794759826,0.07714063987743862,0.023871457946228976,0.2563377615438855,False,9.329648947760004e-05,0.2683943155192375,False
20,153.05676855895197,0.07461606978696339,0.027153355059740928,0.25778837374036534,False,1.1261721333730968e-05,0.2678601259264877,False
20,153.27510917030568,0.07714063987743862,0.03003097102822733,0.2586285262265513,False,2.8106337850688342e-05,0.2678601259264877,False
20,153.4934497816594,0.08453238481262874,0.028166758337351105,0.2574287856125913,False,2.8106337850688342e-05,0.2678601259264877,False
20,153.7117903930131,0.09110402659680977,0.024293546359192154,0.25570922872492907,False,1.1019886515763643e-05,0.2678601259264877,False
20,154.14847161572052,0.1067036291674373,0.014199752356891259,0.2512118033663554,False,2.699424422527557e-05,0.2678601259264877,False
20,154.36681222707423,0.1149988881917128,0.009211417890826022,0.2489802913048945,False,5.954472915698865e-05,0.2673284721769551,False
20,154.58515283842794,0.12393902989539408,0.0018830976731566,0.2456909497174531,False,1.2969180985267443e-05,0.26732847217695505,False
20,154.80349344978166,0.13468997121918416,0.006654797833328528,0.24184157555767036,False,6.098052381187343e-06,0.26732847217695505,False
20,155.02183406113537,0.14516091965789296,0.01620960026698713,0.23751104783066085,False,1.8287467581784077e-06,0.265393745145314,False
20,155.24017467248908,0.15386460573222413,0.025679254329471997,0.23319452368100899,False,6.521363464416417e-06,0.265393745145314,False
20,155.4585152838428,0.16309015507015975,0.03500341854696881,0.2289194261546227,False,6.521363464501019e-06,0.26346768885208677,False
20,155.6768558951965,0.17001660101511215,0.0448168824306867,0.22439223788146123,False,2.1798978246605364e-05,0.25964120824021625,False
20,155.8951965065502,0.17871772608375985,0.054966857930766055,0.21967866579355802,False,3.699123890508975e-05,0.25964120824021625,False
20,156.11353711790392,0.1863078756460768,0.06494254863333994,0.21501393069393376,False,3.9878744733644064e-05,0.2539641889572105,False
20,156.33187772925766,0.19261144124285715,0.07457131709186819,0.21048005502295636,False,1.2969180985267443e-05,0.2539641889572105,False
20,156.55021834061137,0.1974786870918886,0.08314862692177497,0.20641438400475942,False,3.254477012262606e-05,0.2465081934263862,False
20,156.76855895196508,0.20246892709953324,0.09159584958940363,0.2023847678333872,False,0.015037925825915338,0.23917692002257443,False
20,156.9868995633188,0.20758526929927062,0.09991528473250343,0.19839048306168833,True,0.015037925825915338,0.23917692002257443,False
20,157.2052401746725,0.20931928787390092,0.10732555744486902,0.19481064375925788,True,0.030263431803931234,0.23196544320635515,False
20,157.4235807860262,0.20931928787390092,0.11410661146977365,0.19151606231642135,True,0.030263431803931234,0.23196544320635515,False
20,157.64192139737992,0.21106779119702648,0.11711348530411834,0.19004932783991285,True,0.04951278840868052,0.22311260463413835,False
20,157.86026200873363,0.2128309002638562,0.12010336950272042,0.18858726721284616,True,0.0681464244434781,0.21443151746330671,False
20,158.29694323144105,0.20931928787390092,0.12439285012911351,0.1860435597429181,True,0.08475684902899332,0.2059145614853462,False
20,158.51528384279476,0.20586561548026194,0.12513714917109264,0.18532410980365652,True,0.07040471547734692,0.2127152287282324,False
20,158.73362445414847,0.20246892709953324,0.12200151259745809,0.18651820959932439,True,0.06971169808352318,0.2127152287282324,False
20,158.95196506550218,0.19912828252159737,0.11879329698841247,0.18774858896073138,True,0.05126455880822585,0.2213629000535603,False
20,159.1703056768559,0.19261144124285715,0.11547649763754617,0.18889456370104507,False,0.05059683988150703,0.2213629000535603,False
20,159.3886462882096,0.1863078756460768,0.10962341541266317,0.1910834376339583,False,0.035421518233330125,0.2284031830689769,False
20,159.6069868995633,0.18021060589016918,0.10224438996680514,0.19428608094889865,False,0.015889529627069295,0.2367389093114287,False
20,159.82532751091702,0.17431288056225422,0.09386043440531085,0.1979844711294225,False,0.01526766919541509,0.2367389093114287,False
20,160.04366812227073,0.16721140495625703,0.08527733390078639,0.20149815875346822,False,3.254477012262606e-05,0.24591280292237963,False
20,160.26200873362444,0.15775272815491437,0.07755896850081521,0.20476757426860617,False,1.789453573780837e-05,0.24532025313935366,False
20,160.48034934497818,0.14759618918888356,0.06875988133968576,0.20869014654941173,False,1.867630365239096e-05,0.25093546406773554,False
20,160.6986899563319,0.14041026012672442,0.05854773534123287,0.2129880032675747,False,3.4240163370345075e-05,0.25662367784488593,False
20,160.9170305676856,0.13137027524096603,0.0481683689518924,0.217340095671589,False,6.25176737442589e-05,0.25662367784488593,False
20,161.1353711790393,0.12189409265911808,0.037758424374272695,0.221700985401424,False,1.5601196507296046e-06,0.2599150929820385,False
20,161.35371179039302,0.11310145919947318,0.028217079801582393,0.22564664608334373,False,5.468731824590989e-05,0.2593752300408297,False
20,161.57205240174673,0.10407371095302181,0.01856761703710343,0.22966774573455123,False,5.683765700189319e-06,0.2632676123997016,False
20,161.79039301310044,0.0957665567552959,0.008962602735623194,0.2339114254446689,False,9.136675520190351e-07,0.2627423789832588,False
20,162.00873362445415,0.08885859089023627,0.0009461534787387264,0.23740002244376648,False,2.9048808490382265e-05,0.2627423789832588,False
20,162.44541484716157,0.08313763917422533,0.015239423471571464,0.24442991119827784,False,3.5181658084730676e-06,0.26169939125481867,False
20,162.66375545851528,0.08041680619195501,0.022010668625609887,0.247384593758494,False,7.970406029282695e-06,0.26169939125481867,False
20,162.882096069869,0.07908996571609268,0.024499291379699698,0.24853811617171828,False,2.0131241156362814e-05,0.26118161410284696,False
20,163.1004366812227,0.07908996571609268,0.02699753477995803,0.24969463928033483,False,3.0345911282625215e-06,0.26118161410284696,False
20,163.3187772925764,0.08453238481262874,0.02950543761698625,0.25085418167806967,False,1.6183590401653054e-05,0.26118161410284696,False
20,163.53711790393012,0.09186504434568829,0.024998169166987303,0.24876918014575022,False,1.4938127615067976e-06,0.26066629961280313,False
20,163.75545851528383,0.09818655513563897,0.02002667123141571,0.2464639239631332,False,8.281221946959608e-06,0.26066629961280313,False
20,163.97379912663754,0.1067036291674373,0.015093376799934635,0.24417053892017906,False,8.281221946959608e-06,0.26118161410284696,False
20,164.19213973799123,0.11595950649020466,0.00888087233856383,0.2412739846892967,False,6.20367356958885e-05,0.26118161410284696,False
20,164.41048034934497,0.12393902989539408,0.0016232776953432927,0.23787783139891072,False,2.7593973672846026e-05,0.26118161410284696,False
20,164.6288209606987,0.13357418817652839,0.005550979800035572,0.2345072068787199,False,1.3036930412134468e-05,0.259207042471984,False
20,164.8471615720524,0.14395839439825794,0.013270795038134608,0.23101498369795767,False,1.0485180542913294e-06,0.259207042471984,False
20,165.28384279475983,0.16309015507015975,0.034449821518211646,0.22151555943222725,False,9.006167986466247e-05,0.25528440989093165,False
20,165.50218340611357,0.16860816920192295,0.044720136191741394,0.21679591942020407,False,4.372682152342551e-05,0.25528440989093165,False
20,165.72052401746726,0.17723721341914778,0.05551008928707387,0.21159739742228476,False,2.018649986442103e-05,0.251396495867317,False
20,165.93886462882097,0.1863078756460768,0.06636415832569242,0.2063294076618364,False,5.725133915538112e-05,0.251396495867317,False
20,166.15720524017468,0.19261144124285715,0.07701393161119241,0.2011213842993598,False,2.189507622399012e-05,0.24562813231904262,False
20,166.3755458515284,0.1974786870918886,0.08708803178682678,0.19615771464802673,False,0.002050467768465882,0.23805190302103635,False
20,166.5938864628821,0.2041602074180315,0.09633210035384185,0.19157002956199767,True,0.002050467768465882,0.23805190302103635,False
20,166.8122270742358,0.20758526929927062,0.10475291995597732,0.18736249304170102,True,0.021893128993783966,0.22875902294233832,False
20,167.03056768558952,0.21106779119702648,0.11271397010289377,0.18335899287522603,True,0.021893128993783966,0.22875902294233832,False
20,167.24890829694323,0.21460873708030545,0.11866491726658011,0.18034959808045276,True,0.04045689758265956,0.2196544971468711,False
20,167.46724890829694,0.21640142467144036,0.12396210356387151,0.1776584817453186,True,0.04045689758265956,0.2196544971468711,False
20,167.68558951965065,0.21640142467144036,0.12781456100674163,0.1756939040926619,True,0.0626775767940124,0.20896556060948618,True
20,168.12227074235807,0.21820908708998957,0.13370213614307047,0.1723216478813722,True,0.07986347995778088,0.20024592670402921,True
20,168.34061135371178,0.21640142467144036,0.1354707094145123,0.17105770049935826,True,0.09645335516004432,0.1916892905707565,True
20,168.5589519650655,0.21460873708030545,0.13642231129182444,0.17021236605542686,True,0.09234510622887594,0.1933879063421224,True
20,168.77729257641923,0.21106779119702648,0.13430153289992025,0.1709540379946435,True,0.09234510622887594,0.1933879063421224,True
20,168.99563318777294,0.20758526929927062,0.13167310339129867,0.17190068928764027,True,0.07430477867876395,0.20197659050496242,False
20,169.21397379912665,0.20246892709953324,0.12835559340132763,0.1729137298334877,True,0.059369636397830966,0.20896556060948618,False
20,169.43231441048036,0.1974786870918886,0.1235065709349562,0.1747216014069188,True,0.059369636397830966,0.20829706305731965,False
20,169.65065502183407,0.19101583187406054,0.11813203370755519,0.17680397148189825,True,0.036651872326813315,0.21901667936582295,False
20,169.86899563318778,0.18476448554451658,0.11204425292019936,0.1795695968549019,False,0.036651872326813315,0.21901667936582295,False
20,170.0873362445415,0.17871772608375985,0.10544253166804929,0.18250750020080928,False,0.020857105362022888,0.226306595827254,False
20,170.3056768558952,0.17001660101511215,0.0980199814113221,0.18563612292381032,False,0.004706365060691118,0.23312411274162412,False
20,170.74235807860262,0.15386460573222413,0.07941407317861929,0.19379270648252414,False,0.00011435933215827057,0.23630780057471631,False
20,170.96069868995633,0.14395839439825794,0.06960029521171104,0.19811812226601233,False,3.49436697030528e-05,0.23630780057471631,False
20,171.17903930131004,0.1380935551345143,0.05954421361827101,0.20241645017255688,False,4.308451544892445e-06,0.24202780174306548,False
20,171.39737991266375,0.12920272585957407,0.049238304664609475,0.20668526747190902,False,0.00013123790737346215,0.24146847748679312,False
20,171.61572052401746,0.12189409265911808,0.04031343958155133,0.21051734931090993,False,5.1879066279828565e-05,0.24284599088342967,False
20,171.83406113537117,0.1149988881917128,0.032211304631915155,0.21404864456895065,False,5.1879066279828565e-05,0.24284599088342967,False
20,172.05240174672488,0.10849372596187748,0.023120875219093513,0.2182749338805713,False,5.552372905926911e-05,0.24229750704000896,False
20,172.2707423580786,0.10494306815034328,0.014690651666752052,0.2223311210619445,False,2.2127871413819196e-05,0.24120838605578937,False
20,172.4890829694323,0.10150861218166073,0.008923672151341778,0.2251640050039299,False,1.048518054122415e-06,0.24120838605578937,False
20,172.707423580786,0.0998337665658109,0.004330935928692746,0.22741340961557396,False,2.0495759527144276e-05,0.24066772471666056,False
20,172.92576419213975,0.09656652193973611,0.0007467279561878777,0.22906256549191226,False,2.0495759527144276e-05,0.24066772471666056,False
20,173.14410480349346,0.09656652193973611,0.0010090625236235673,0.22966205864285716,False,2.043259942598749e-05,0.24012964676775395,False
20,173.36244541484717,0.10066770630625965,0.0013011788240095358,0.22994869145134123,False,4.768008158264398e-06,0.24012964676775395,False
20,173.58078602620088,0.10494306815034328,0.003543350994201492,0.2277985645872167,False,4.768008158264398e-06,0.24012964676775395,False
20,173.7991266375546,0.10940000479699803,0.008709024261420195,0.22526926450893048,False,2.3288074608591845e-05,0.24066772471666056,False
20,174.0174672489083,0.11404622773594829,0.014478036987406356,0.22243573041352846,False,8.509731010173964e-06,0.24066772471666056,False
20,174.235807860262,0.11988289595077614,0.02019243352493432,0.21961963255896338,False,8.509731010173964e-06,0.24066772471666056,False
20,174.67248908296943,0.13357418817652839,0.03506901180809328,0.2124212390416976,False,9.512628567419117e-07,0.239257774972336,False
20,174.89082969432314,0.1415831468154104,0.044273445143744546,0.2084008049281964,False,2.2127871413819196e-05,0.23731558614174345,False
20,175.10917030567686,0.15007231363938384,0.05307774748884567,0.20416644885107982,False,2.2127871413819196e-05,0.23731558614174345,False
20,175.32751091703057,0.15386460573222413,0.061669544227213074,0.19989388023206864,False,0.00010976805986201806,0.23538173531282017,False
20,175.54585152838428,0.16173910251736617,0.07051223846825572,0.19602726865268774,False,3.504168611440377e-05,0.2359412549029522,False
20,175.764192139738,0.16860816920192295,0.08199230790287347,0.1905204289597374,False,0.004125900600002348,0.23020487578862736,False
20,175.9825327510917,0.1757689654458906,0.09237824520980267,0.1852044324684715,False,0.004706365060691118,0.23020487578862736,False
20,176.2008733624454,0.18171595614461516,0.10036935538900181,0.18108606911629513,False,0.016405320627148445,0.22454035369716566,False
20,176.41921397379912,0.18476448554451658,0.10724688126029239,0.17767944837975053,False,0.027880598648187524,0.21894564638773287,False
20,176.63755458515283,0.19101583187406054,0.11353272549621905,0.17507453855618094,True,0.02849169765666791,0.21894564638773287,False
20,176.85589519650654,0.1942203791888339,0.11781841069249045,0.17309282853833605,True,0.05081635896323034,0.20795800945239115,False
20,177.07423580786025,0.19912828252159737,0.12327358462751975,0.17023953717002968,True,0.05081635896323034,0.20795800945239115,False
20,177.292576419214,0.2007916574893502,0.13642308706779177,0.16330898981412956,True,0.06523092481395644,0.2007766240515251,False
20,177.5109170305677,0.20246892709953324,0.14923945183134044,0.15647957822710062,True,0.08550134452124515,0.19021025194132704,True
20,177.7292576419214,0.20246892709953324,0.14974823552358757,0.16173310881008615,True,0.08482862893027754,0.19021025194132704,True
20,178.16593886462883,0.2041602074180315,0.14664654622010984,0.16514312762633465,True,0.09696586192267959,0.18329782521815144,True
20,178.38427947598254,0.20246892709953324,0.1464079578377635,0.16490594436416622,True,0.13371581065387717,0.18041978734979597,True
20,178.60262008733625,0.2007916574893502,0.14585587970002697,0.16487556476025714,True,0.13371581065387717,0.18041978734979597,True
20,178.82096069868996,0.19912828252159737,0.14490320196055018,0.16527333063616148,True,0.13221410779628653,0.18041978734979597,True
20,179.03930131004367,0.19584275704937293,0.14438900053365422,0.1642546438258429,True,0.10480075721692096,0.179626603844558,True
20,179.25764192139738,0.19101583187406054,0.1442353235623601,0.16275598611103095,True,0.08761237138683585,0.1860479396071351,False
20,179.4759825327511,0.1863078756460768,0.14424666299308198,0.16141885106084689,True,0.08695577516216732,0.1860479396071351,False
20,179.6943231441048,0.18171595614461516,0.14754176867225785,0.1536790342573707,True,0.07338463392342304,0.19235932182370546,False
20,179.9126637554585,0.17723721341914778,0.1304403439103515,0.15920823290315794,True,0.07274545810166205,0.19235932182370546,False
20,180.13100436681222,0.17143679785832194,0.11785609067966249,0.16532306563236568,False,0.05469684038084353,0.20061771241646906,False
20,180.34934497816593,0.16582621162300412,0.11267742905959298,0.16744353525210004,False,0.043983243866857834,0.206057719431006,False
20,180.56768558951964,0.1603992421974796,0.10833039915196754,0.1691217335116077,False,0.04338059095313657,0.2054303900198792,False
20,181.00436681222703,0.14759618918888356,0.09588168983174394,0.17398772615627395,False,0.03188638131556891,0.2103403062403101,False
20,181.65938864628825,0.13137027524096603,0.07257307286072709,0.18406067042946905,False,0.02078298302167714,0.21476054355628263,False
20,181.87772925764193,0.1281323996186959,0.06423411042491134,0.18788530871454254,False,0.02078298302167714,0.2135905077723748,False
20,182.09606986899564,0.12393902989539408,0.057706096379105995,0.1908650069577146,False,0.02078298302167714,0.2135905077723748,False
20,182.31441048034935,0.12189409265911808,0.051231855000766095,0.19398820556234778,False,0.02078298302167714,0.213009707683651,False
20,182.53275109170303,0.11988289595077614,0.04483772919595742,0.1972807973568404,False,0.02078298302167714,0.21185647716099246,False
20,182.75109170305677,0.11888977596422079,0.041532168531843855,0.19901052979609007,False,0.02078298302167714,0.21185647716099246,False
20,182.96943231441048,0.11790488306710861,0.03941865862555851,0.2001146097859608,False,0.02078298302167714,0.21128402052298775,False
20,183.1877729257642,0.11888977596422079,0.03844452533657909,0.20077349780199996,False,0.02078298302167714,0.21128402052298775,False
20,183.4061135371179,0.12189409265911808,0.03970718337814049,0.20039199847152797,False,0.02078298302167714,0.21185647716099246,False
20,183.6244541484716,0.12393902989539408,0.045071442232071,0.19761136913890287,False,0.02078298302167714,0.21185647716099246,False
20,183.84279475982532,0.1281323996186959,0.0504326721359486,0.1948923848265061,False,0.020782983021677255,0.21243170185698174,False
20,184.06113537117903,0.13137027524096603,0.05587810160599022,0.19231879990699918,False,0.020782983021677255,0.21300970768365093,False
20,184.27947598253272,0.13581507471375706,0.06127870001514133,0.18976567766740135,False,0.020782983021677255,0.21300970768365093,False
20,184.49781659388643,0.14041026012672442,0.06740421690383266,0.18685077171473333,False,0.020782983021677255,0.21359050777237473,False
20,184.71615720524017,0.14516091965789296,0.07595271259469036,0.18292190533293523,False,0.02450760480459202,0.2122845700853049,False
20,184.93449781659388,0.15007231363938384,0.08493974886631779,0.17875514201008824,False,0.028208679919251106,0.21040274027734718,False
20,185.1528384279476,0.1551498803820991,0.09424802278881822,0.1744096213377253,False,0.028792209424660986,0.21040274027734718,False
20,185.3711790393013,0.1603992421974796,0.1001234634663005,0.17189646891085636,False,0.032474006295151465,0.20852855592261862,False
20,185.58951965065503,0.16582621162300412,0.10538090806740294,0.16971724107212,False,0.032474006295151465,0.2091295588748826,False
20,185.80786026200877,0.17001660101511215,0.11060155047481253,0.16756103767690173,False,0.043983243866857834,0.20356650244313285,False
20,186.02620087336248,0.1757689654458906,0.12105695700791422,0.1623770682751686,True,0.058844458331354564,0.19746338921426015,False
20,186.24454148471617,0.17871772608375985,0.13741301251498672,0.15381275372607894,True,0.058844458331354564,0.20292526283138332,False
20,186.46288209606988,0.18171595614461516,0.1454219773734085,0.15327543640328575,True,0.07338463392342304,0.20292526283138332,False
20,186.6812227074236,0.18476448554451658,0.13762924964084172,0.16789477304674733,True,0.07338463392342304,0.2056318661166042,False
20,186.8995633187773,0.18786415812248133,0.13595256116337018,0.17153250687012145,True,0.09095595169305999,0.2056318661166042,False
20,187.117903930131,0.19261144124285715,0.13391883412777106,0.17478521137571945,True,0.11223233860182329,0.20832241267209153,False
20,187.33624454148472,0.19261144124285715,0.13178382231158878,0.17790706448894072,True,0.11067077287925073,0.20832241267209153,False
20,187.55458515283843,0.1942203791888339,0.12933609802362922,0.1815628394241928,True,0.10912475953847761,0.20832241267209153,False
20,187.77292576419217,0.19584275704937293,0.12674288837133235,0.18545269924334368,True,0.10912475953847761,0.20832241267209153,False
20,187.99126637554585,0.19584275704937293,0.12461594997542363,0.18850800122838313,True,0.10835753587538795,0.20832241267209153,False
20,188.20960698689956,0.19584275704937293,0.12218698401059819,0.1908536510208332,False,0.10835753587538795,0.20832241267209153,False
20,188.42794759825327,0.19584275704937293,0.120061066647614,0.19256627339594481,False,0.10683455718406946,0.20832241267209153,False
20,188.64628820960695,0.1942203791888339,0.11930359676834233,0.191919590933191,False,0.10532674134397214,0.2075277351690354,False
20,188.8646288209607,0.19261144124285715,0.11968867624309087,0.18976979162074092,False,0.10532674134397214,0.2075277351690354,False
20,189.0829694323144,0.19101583187406054,0.12055204750417098,0.18695041429304401,False,0.10457847162016627,0.2075277351690354,False
20,189.3013100436681,0.18786415812248133,0.12144348848544095,0.18350722633184846,False,0.103093113687098,0.2067369112362546,False
20,189.51965065502185,0.18476448554451658,0.12301181348638654,0.17862544381645845,False,0.103093113687098,0.2067369112362546,False
20,189.73799126637556,0.18171595614461516,0.12472354951469644,0.17318787332397645,True,0.1023559878216678,0.2059499224679479,False
20,191.48471615720524,0.15386460573222413,0.10208525349500609,0.15775348038577422,False,0.05731728256718474,0.18634407170903455,False
20,191.70305676855895,0.14882910197918947,0.09965053137948829,0.15827000963391358,False,0.05731728256718474,0.18512173792798906,False
20,191.92139737991263,0.14637348995176247,0.09632748474133516,0.15932178716305093,False,0.05731728256718474,0.18512173792798906,False
20,192.13973799126637,0.14276583095894935,0.09137644447695388,0.16180757053411726,False,0.05731728256718474,0.1839112256639221,False
20,192.35807860262008,0.14041026012672442,0.0852894344809045,0.1650881919315058,False,0.05731728256718474,0.1839112256639221,False
20,192.7947598253275,0.13694957651662307,0.07616104065543357,0.17018807842062242,False,0.05731728256718474,0.18211737663209032,False
20,193.0131004366812,0.13468997121918416,0.07464513867738744,0.17103190436168805,False,0.05731728256718474,0.18211737663209032,False
20,193.23144104803492,0.13357418817652839,0.07464513867738744,0.17103190436168805,False,0.05731728256718474,0.18271242233892718,False
20,193.44978165938863,0.13357418817652839,0.07726612896477532,0.16957238330200966,False,0.05731728256718474,0.18271242233892718,False
20,193.66812227074232,0.13357418817652839,0.08216159838645506,0.16686274107310858,False,0.05731728256718474,0.1839112256639221,False
20,193.88646288209608,0.13357418817652839,0.08719163537551891,0.1643438765115004,False,0.05731728256718474,0.1839112256639221,False
20,194.1048034934498,0.13468997121918416,0.09213764761603718,0.16200885268728774,False,0.05731728256718474,0.1839112256639221,False
20,194.3231441048035,0.13581507471375706,0.09633894155237688,0.16025605801596549,False,0.05731728256718474,0.18451501116688815,False
20,194.5414847161572,0.1380935551345143,0.10026855679165632,0.15892181129137314,False,0.06073157683928325,0.18266102541099236,False
20,194.75982532751092,0.13924708972995206,0.10360013998584151,0.15783522334268085,False,0.06073157683928325,0.18555376160322484,False
20,196.0698689956332,0.15386460573222413,0.12568488206758266,0.16594285927350239,False,0.09914221141806902,0.20583838999493004,False
20,196.2882096069869,0.15775272815491437,0.12419098510909693,0.16971529681366518,False,0.09669935561955705,0.21106836401005108,False
20,196.5065502183406,0.16173910251736617,0.12128529329348656,0.17580878138789147,False,0.09669935561955705,0.21106836401005108,False
20,196.72489082969432,0.16445249334775341,0.11854509200799526,0.1810906198916971,False,0.0974524099873056,0.21106836401005108,False
20,196.94323144104803,0.16721140495625703,0.11674629151992821,0.18442884056329437,False,0.0974524099873056,0.21106836401005108,False
20,197.16157205240177,0.16860816920192295,0.11430899526881151,0.1885520771775529,False,0.09820925091131778,0.21106836401005108,False
20,197.37991266375545,0.17143679785832194,0.11148008370222344,0.1933182384436559,False,0.09820925091131778,0.21106836401005108,False
20,197.59825327510916,0.17286885800818205,0.10982186851279398,0.19590862603988268,False,0.09595006856028512,0.21106836401005108,False
40,2.4017467248908297,0.3146533572874556,0.02154021815492429,0.10824503421721748,True,2.005332760827715e-06,0.11094571337803591,True
40,2.8384279475982535,0.33351961998762736,0.001701794827326701,0.1081538465076484,True,6.586379801947218e-05,0.11094803257784151,True
40,3.056768558951965,0.34194758239464007,0.01389591182037749,0.10840952742017573,True,6.188154234743711e-05,0.11100776663865375,True
40,3.2751091703056767,0.3476842126844185,0.02809691398045201,0.10865358470138933,True,1.9557081198441585e-05,0.11106504454346781,True
40,3.493449781659389,0.3535170826576337,0.039040193720786376,0.10875802071113456,True,3.1881179424956496e-05,0.11105366919109452,True
40,3.711790393013101,0.35944780686432626,0.0486774796958026,0.10896236798929598,True,1.382372936532082e-05,0.1122758282307644,True
40,3.930131004366812,0.3654780269407839,0.05835547433573859,0.10921443975742623,True,5.46624683012243e-05,0.1122758282307644,True
40,4.148471615720524,0.3716094120639496,0.06753966184065083,0.10947756681473146,True,1.1300708569450562e-05,0.11227300468288202,True
40,4.366812227074236,0.3716094120639496,0.07570056534713192,0.10972896143562264,True,3.816199370809413e-05,0.11226739920552394,True
40,4.585152838427947,0.3747135707800353,0.08179145965579582,0.10992159311725169,True,0.007333923747734163,0.11226739920552394,True
40,4.8034934497816595,0.3747135707800353,0.08675048285873589,0.11006684164075976,True,0.007585162699675036,0.11226461713963268,True
40,5.021834061135372,0.3778436594134528,0.08860596682276961,0.11009488555916133,True,0.02879177799324798,0.11226461713963268,True
40,5.240174672489083,0.3747135707800353,0.08905381046311887,0.11006475452807836,True,0.028990496391190567,0.11226184876521525,True
40,5.458515283842795,0.3716094120639496,0.0858375557102638,0.10986961034478289,True,0.029188231281252204,0.11225909401489981,True
40,5.676855895196507,0.36853096845958166,0.08174169757729932,0.10962086925415761,True,0.008083915136174331,0.11225909401489981,True
40,5.895196506550218,0.3654780269407839,0.07698102158713692,0.10930217178746911,True,1.3886729165162434e-06,0.11225362511874334,True
40,6.11353711790393,0.35944780686432626,0.07087742449322333,0.10890433791713511,True,1.3886729165162434e-06,0.11225362511874334,True
40,6.331877729257642,0.3535170826576337,0.06407701001417473,0.10846107979700506,True,2.7646365850242275e-06,0.11225091083980937,True
40,6.550218340611353,0.34480396744269176,0.05471818890708542,0.10784987573781053,True,8.485898885547733e-06,0.11093217385202479,True
40,6.7685589519650655,0.3363056038775939,0.04547039858610355,0.10721715247644303,True,1.546015431301607e-05,0.11093217385202479,True
40,6.986899563318778,0.3280166989907714,0.03633324762744392,0.10656325863217002,True,4.027805602595382e-05,0.11091078321860798,True
40,7.205240174672489,0.3280166989907714,0.02613952261142219,0.10581594617309519,True,6.089268563535163e-05,0.11063787419974598,True
40,7.423580786026201,0.30689811407769785,0.01563263525326604,0.10501220394952328,True,2.2530369694013734e-05,0.11063787419974598,True
40,7.641921397379913,0.2993340139015345,0.003978259221943947,0.10402479104101796,True,5.253318649477459e-05,0.11006806829937694,True
40,7.860262008733624,0.28713919966342183,0.007556317598110521,0.10307401410570473,True,2.1333802021166453e-05,0.10952812571295509,True
40,8.078602620087336,0.27544119997826905,0.019010169163098237,0.10219773814368587,True,8.36888021546681e-06,0.10945299115658223,True
40,8.296943231441048,0.2664268773559191,0.028288055815661864,0.10136499149339642,True,1.057798770611372e-06,0.10850377312842854,True
40,8.51528384279476,0.2534555083019245,0.03653309482900405,0.10056158804576905,True,4.789558362378724e-05,0.10850377312842854,True
40,8.733624454148472,0.24111566868221504,0.0419401325043863,0.09994069664163402,True,1.3565557190601622e-05,0.10719837538478467,True
40,8.951965065502183,0.2293766115937684,0.04732330280309855,0.09937801255678076,True,3.779980290188973e-06,0.10703807345018272,True
40,9.170305676855897,0.22186983781014127,0.052705074999532635,0.09885159755331936,True,4.515879625417968e-05,0.10582104107807302,True
40,9.388646288209609,0.2128309002638562,0.05792421310325837,0.09820114453462028,True,1.057798770611372e-06,0.10437388203031922,True
40,9.60698689956332,0.20586561548026194,0.0630927828112591,0.09753765080404338,True,1.057798770611372e-06,0.10437388203031922,True
40,10.91703056768559,0.2007916574893502,0.05951223483732777,0.09688511875821776,True,1.1439941040150792e-05,0.10301864694550042,True
40,11.135371179039302,0.20758526929927062,0.05520007399229938,0.0971227289670922,True,1.7243712595195522e-05,0.10443643826644454,True
40,11.353711790393014,0.21460873708030545,0.04963122931366918,0.09743724381688279,True,1.7243712595202478e-05,0.10443643826644454,True
40,11.572052401746724,0.22559200254386055,0.04396135011663993,0.09768924199903604,True,1.9183851239748993e-05,0.1057148708074884,True
40,11.790393013100436,0.23713737056616552,0.038343651743744996,0.09803090904335025,True,1.749386675900407e-05,0.10723767109531071,True
40,12.008733624454148,0.24516070809619828,0.031739019688752916,0.09850467591868425,True,1.1861578385741623e-06,0.10723767109531071,True
40,12.22707423580786,0.25557269398047205,0.024640035125570777,0.09903182889979495,True,5.648150247720411e-05,0.10872163153921992,True
40,12.445414847161572,0.2664268773559191,0.014705175283944298,0.09978073454185238,True,5.648150247720411e-05,0.10872163153921992,True
40,12.663755458515285,0.27544119997826905,0.003710100494310448,0.1005997971389071,True,7.277065517738065e-06,0.10906895661747286,True
40,13.100436681222709,0.29685430577049693,0.021475019914144806,0.10275962340078276,True,2.8839885677154842e-05,0.11033869321207125,True
40,13.31877729257642,0.30435574430501705,0.03327756420490465,0.10379910192720113,True,4.52242151733814e-05,0.1107569052806586,True
40,13.537117903930133,0.3120467424281746,0.041064586095054235,0.10444423788115599,True,2.0437226603658026e-05,0.11074704586010563,True
40,13.755458515283843,0.31993209026622077,0.04932212084231626,0.10513532641327308,True,1.1123117411859166e-05,0.1122018041527064,True
40,13.973799126637555,0.32529938108559314,0.05989145137871673,0.1061163750927695,True,7.175978790774437e-06,0.1122018041527064,True
40,14.192139737991264,0.3307567154223749,0.0689068343749399,0.1069616877757353,True,3.6172911037496005e-05,0.1122018041527064,True
40,14.410480349344978,0.3363056038775939,0.07657846190716218,0.10768827307309947,True,1.3950669940615934e-05,0.11219934490422236,True
40,14.62882096069869,0.33911485988041395,0.08300715601381727,0.10828684620107586,True,0.008775363841379768,0.11219689775869834,True
40,14.847161572052402,0.34194758239464007,0.08876055832531214,0.10883282673784234,True,0.008775363841379768,0.11219689775869834,True
40,15.065502183406114,0.34480396744269176,0.0918740538336403,0.10913519900811834,True,0.028623801413778755,0.11219689775869834,True
40,15.283842794759826,0.34480396744269176,0.09289341039443923,0.10921868494751531,True,0.04378438019860149,0.11219689775869834,True
40,15.502183406113538,0.34194758239464007,0.09137046856183305,0.10903097033020939,True,0.023819882425127302,0.1121944626565774,True
40,15.720524017467248,0.34194758239464007,0.08751091089641304,0.10860576981549545,True,0.024016238983414324,0.11219203953859563,True
40,15.93886462882096,0.33911485988041395,0.08292601628083794,0.10809243330406662,True,0.004360990422767189,0.11219203953859563,True
40,16.157205240174672,0.3363056038775939,0.0783849573458657,0.10755790794929636,True,0.004360990422767196,0.11219203953859563,True
40,16.375545851528383,0.3307567154223749,0.07221045448039833,0.1068507293657509,True,3.628540339457112e-05,0.11218962834578067,True
40,16.593886462882097,0.32529938108559314,0.06320950305448754,0.10582904507415891,True,3.5995259237252064e-05,0.11218962834578067,True
40,16.812227074235807,0.31993209026622077,0.05433785784041111,0.104768068210023,True,4.047419102072381e-06,0.11068889966351446,True
40,17.03056768558952,0.3120467424281746,0.045550114824665026,0.10371263395408341,True,2.091328341740037e-05,0.11068889966351446,True
40,17.24890829694323,0.30689811407769785,0.035423778849359246,0.10251555246349599,True,1.9529249360369425e-05,0.11067937481936929,True
40,17.685589519650655,0.28713919966342183,0.015570203816062814,0.09998853796813538,True,6.721015175449667e-05,0.10960873804343495,True
40,17.903930131004365,0.2777420383691288,0.005041298223687781,0.09860346374418934,True,1.4256631492959548e-06,0.10849398922858303,True
40,18.12227074235808,0.2664268773559191,0.005964141196488038,0.09718165035622743,True,4.4403053182588536e-05,0.10843803398648134,True
40,18.34061135371179,0.2534555083019245,0.01684352250477131,0.09578741359095316,True,1.2397605605548069e-05,0.10680353743305691,True
40,18.558951965065503,0.24516070809619828,0.026574434232604856,0.09451337649220465,True,5.829657821646734e-06,0.10671379903432889,True
40,18.777292576419217,0.23322471254719748,0.03180272527884116,0.0937316969006313,True,2.091328341754644e-05,0.10507209128195726,True
40,18.995633187772924,0.22186983781014127,0.03757241946049309,0.09280203226589628,True,1.6388988858175998e-06,0.10275653239397556,True
40,19.21397379912664,0.21106779119702648,0.04411285924839718,0.09193458109936983,True,1.6388988858245556e-06,0.10275653239397556,True
40,19.43231441048035,0.20246892709953324,0.04855032311809997,0.09134619859822705,True,1.4256631491707583e-06,0.10060745626410508,True
40,21.61572052401747,0.1863078756460768,0.046135781706669494,0.09015832389224282,True,2.2574568767195184e-05,0.09978124424218664,True
40,21.83406113537118,0.1942203791888339,0.042239259027958026,0.0906820267692775,True,3.737100723577211e-05,0.1025344992160875,True
40,22.05240174672489,0.2007916574893502,0.03591686320282835,0.09153065866875304,True,3.737100723577211e-05,0.1025344992160875,True
40,22.270742358078603,0.21106779119702648,0.029581909724595314,0.09233289049897013,True,9.166651690886271e-06,0.10434515838220876,True
40,22.489082969432314,0.21820908708998957,0.024097770083492877,0.0928665015601635,True,1.1752300578859293e-05,0.10422607330685128,True
40,22.707423580786028,0.2293766115937684,0.01512615005984195,0.09395059275424551,True,4.0034906316474875e-05,0.10547058770072053,True
40,22.925764192139734,0.24111566868221504,0.002890850743831626,0.09553287012939621,True,3.404772674082026e-05,0.10736257756256211,True
40,23.14410480349345,0.24927360848309166,0.00721767224287218,0.09683821628656178,True,3.404772674082026e-05,0.10736257756256211,True
40,23.36244541484716,0.2534555083019245,0.01674656423539549,0.09810351234397888,True,2.265110695816559e-05,0.10800017253612663,True
40,23.580786026200872,0.2664268773559191,0.025118462040525365,0.09925681335438964,True,2.3511585250583435e-06,0.10794664255898787,True
40,23.799126637554583,0.2731594219260309,0.0342253156928159,0.10046707314599156,True,3.7591666782775634e-05,0.10859882752815884,True
40,24.017467248908297,0.2824015343623314,0.04422766884051258,0.10179955204165039,True,3.759166678276173e-05,0.10859882752815884,True
40,24.23580786026201,0.2895377547603301,0.05112061480913234,0.10271250313969883,True,1.738362693025224e-05,0.10855654103833765,True
40,24.45414847161572,0.2943951397500437,0.05692832976044765,0.10348340216276722,True,1.738362693025224e-05,0.10855654103833766,True
40,24.67248908296943,0.2943951397500437,0.062763082023778,0.10426692881548195,True,3.892527957115351e-05,0.10855654103833766,True
40,24.890829694323145,0.2993340139015345,0.06760750076690435,0.10491874167379356,True,0.012548239355740787,0.10922343900619848,True
40,25.109170305676855,0.30435574430501705,0.0705591286020054,0.10530770136104761,True,0.012548239355740787,0.10922343900619848,True
40,25.32751091703057,0.30689811407769785,0.07255968430469975,0.10556461804594144,True,0.027029069058918602,0.10919234734472016,True
40,25.54585152838428,0.30689811407769785,0.0740672852408376,0.10573456792999018,True,0.02224786911304607,0.10919234734472016,True
40,25.76419213973799,0.30689811407769785,0.07417917335435825,0.10569755136484167,True,0.02224786911304607,0.10919234734472016,True
40,25.982532751091703,0.30689811407769785,0.07306567231590551,0.10550634215168876,True,0.008275336340953109,0.10916140851537078,True
40,26.200873362445417,0.30435574430501705,0.06871765941651878,0.1048357324103386,True,0.008275336340953109,0.10916140851537078,True
40,26.419213973799128,0.2993340139015345,0.06276697450216953,0.10392102010657937,True,7.082882449630294e-06,0.10916140851537078,True
40,26.63755458515284,0.29685430577049693,0.0556075798971981,0.10281750581465594,True,1.0671744609450216e-05,0.10913062176787637,True
40,26.85589519650655,0.2943951397500437,0.04852033979384355,0.10170410207938956,True,1.0671744609450216e-05,0.10913062176787637,True
40,27.074235807860266,0.2895377547603301,0.04129346446500337,0.10051635864208952,True,1.628528588359571e-05,0.10909998635563654,True
40,27.292576419213972,0.284760514398542,0.03295522099547384,0.09917215969135108,True,3.7672947011666976e-05,0.10838946264703354,True
40,27.510917030567686,0.27089654631496773,0.02403268778894193,0.09774604475308585,True,3.1532668262072546e-05,0.10768291070598673,True
40,27.729257641921397,0.26865241655566746,0.014493524999237494,0.09621075801900913,True,3.311346490262162e-06,0.1076309390095379,True
40,27.94759825327511,0.2598602694248178,0.004022856455761151,0.09451544076218993,True,3.4730162043083956e-05,0.10620825719243195,True
40,28.16593886462882,0.2513558615674933,0.0064939386421481796,0.09279519911850456,True,2.728926094793465e-05,0.1061353910827505,True
40,28.38427947598253,0.24111566868221504,0.015598619170051932,0.09120708198544326,True,4.0034906316474875e-05,0.10470719415539918,True
40,28.602620087336245,0.23322471254719748,0.023072896071173087,0.08984252231194019,True,4.0034906316474875e-05,0.10259321685884391,True
40,28.820960698689955,0.22186983781014127,0.028161789564517772,0.08892794986717337,True,3.257922090215637e-05,0.10246906446082242,True
40,29.03930131004367,0.2128309002638562,0.03321128671104272,0.08801121847669487,True,2.0754102215456e-05,0.09966066918303845,True
40,29.25764192139738,0.20246892709953324,0.03822159556692805,0.08709233197504408,True,2.0754102215462953e-05,0.09966066918303844,True
40,29.475982532751093,0.19261144124285715,0.04319292783921842,0.08617129456633738,True,2.59817449260443e-05,0.09739778388766096,True
40,30.78602620087336,0.15258997840557964,0.07733125196398496,0.09148149241708955,True,0.031852605563872684,0.1016812107476634,True
40,31.004366812227076,0.14882910197918947,0.07720229873315922,0.09135284883914739,True,0.040050902286229144,0.10168121074766338,True
40,31.222707423580783,0.15007231363938384,0.0781102427098198,0.08518303043551084,True,0.022981429634252547,0.10123938680599871,True
40,31.441048034934497,0.15258997840557964,0.07309878643833613,0.08003978897234859,True,0.009935625844599217,0.10123938680599871,True
40,31.65938864628821,0.1564458912953126,0.060833338732318,0.0820098821305396,True,0.009935625844599217,0.1012393868059987,True
40,31.87772925764192,0.1603992421974796,0.04926900918372276,0.08387001291180227,True,1.2929220434294464e-05,0.100799732916923,True
40,32.096069868995635,0.16582621162300412,0.04418435827258802,0.08462680821806357,True,1.292922043430837e-05,0.100799732916923,True
40,32.314410480349345,0.17286885800818205,0.03960454661706757,0.08530290260847978,True,2.9645566736471566e-05,0.09663400530189362,True
40,32.532751091703055,0.17871772608375985,0.035768553870744194,0.0858965738359705,True,9.043849039265329e-06,0.09810775554979122,True
40,32.751091703056765,0.18786415812248133,0.03105359330501165,0.08671155937426751,True,9.043849039265329e-06,0.0979383471726678,True
40,32.96943231441048,0.1974786870918886,0.025856878906628144,0.08753213189703228,True,2.3684609056448405e-06,0.10020583942004394,True
40,33.18777292576419,0.20586561548026194,0.019364733236138167,0.08855881946081884,True,4.772348664261487e-05,0.10020583942004394,True
40,33.4061135371179,0.2128309002638562,0.012397869461752553,0.08967643002864624,True,2.2522209393374177e-05,0.1016168754770913,True
40,33.624454148471614,0.22003184942492987,0.004548746027888759,0.09100192938555794,True,2.2522209393374177e-05,0.1016168754770913,True
40,33.842794759825324,0.2293766115937684,0.003337292257355448,0.0923755033652584,True,9.219917748209021e-06,0.10239821021838257,True
40,34.06113537117904,0.23517290465632357,0.011412630217586003,0.09364665293045589,True,2.252220939324901e-05,0.10318364923082299,True
40,34.27947598253275,0.2391182462163922,0.018257990028253113,0.09474932833897279,True,1.2929220434294464e-05,0.10318364923082299,True
40,34.49781659388646,0.24927360848309166,0.024657337805856796,0.09587652550643333,True,4.5403306108026505e-05,0.10308398979117707,True
40,34.71615720524017,0.2534555083019245,0.03007642864747612,0.09683066474443017,True,5.432263827982189e-06,0.10308398979117707,True
40,34.93449781659389,0.2577075651109063,0.035534977944775184,0.0977843966487677,True,3.473016204309091e-05,0.10308398979117707,True
40,35.1528384279476,0.2620309558878416,0.041108875441809654,0.09866260176304871,True,4.595180771106156e-06,0.1029848192223896,True
40,35.37117903930131,0.264219774709964,0.04431558750889485,0.09917754310623031,True,1.6351942652219782e-06,0.1029848192223896,True
40,35.58951965065502,0.2664268773559191,0.0466453198093211,0.09959302631288788,True,1.6351942652150251e-06,0.1029848192223896,True
40,35.80786026200873,0.26865241655566746,0.046712805247347486,0.09952606389071902,True,0.006724263686017435,0.1029848192223896,True
40,36.02620087336245,0.26865241655566746,0.045510920127241686,0.0992345838320939,True,1.6351942652219782e-06,0.1029848192223896,True
40,36.24454148471616,0.26865241655566746,0.042762126572688366,0.09873782065859295,True,4.1316557474815986e-05,0.10288613513440811,True
40,36.46288209606987,0.2664268773559191,0.03796406459967771,0.09783826396009132,True,4.1316557474815986e-05,0.10288613513440811,True
40,36.68122270742358,0.264219774709964,0.03257227096043617,0.0968034363093979,True,2.117944530448167e-05,0.10288613513440811,True
40,36.89956331877729,0.264219774709964,0.027220457310378667,0.09576774760122606,True,4.0247532047949097e-05,0.1027879351487859,True
40,37.11790393013101,0.2620309558878416,0.021413423486562937,0.09464031169377776,True,4.864273116013299e-06,0.1027879351487859,True
40,37.55458515283843,0.24927360848309166,0.008282838996333735,0.09207731691768332,True,4.8642731158881455e-06,0.10196327081953091,True
40,37.77292576419214,0.24516070809619828,0.0018066447665233394,0.09079659598794933,True,2.5023381550919864e-05,0.10196327081953091,True
40,37.99126637554585,0.2391182462163922,0.007133272615474387,0.08904429036713614,True,4.864273116013299e-06,0.10102587339600427,True
40,38.209606986899566,0.23322471254719748,0.015303720380301948,0.08742117271793877,True,4.864273116013299e-06,0.10102587339600427,True
40,38.42794759825328,0.22372317943313647,0.021567202180718476,0.08614439022400551,True,8.822247130350196e-07,0.09937872025093845,True
40,38.646288209606986,0.21640142467144036,0.027039561464418254,0.08500724364240035,True,1.1191328273062505e-05,0.09759394849968965,True
40,38.8646288209607,0.20931928787390092,0.03195007022832819,0.08396810772772526,True,4.864273116013299e-06,0.10126452246401405,True
40,39.082969432314414,0.2007916574893502,0.035723030034709745,0.08313902569071592,True,2.8037094953379153e-05,0.10126452246401402,True
40,39.30131004366813,0.1942203791888339,0.039509444906669265,0.08222611118842542,True,4.232633925987277e-05,0.10856649695401195,True
40,39.519650655021834,0.18476448554451658,0.04423591280606493,0.08109722698230082,True,4.232633925987277e-05,0.10856649695401195,True
40,39.737991266375545,0.1757689654458906,0.05927536367144875,0.07815805908173508,True,0.007536606640281279,0.10856649695401194,True
40,39.956331877729255,0.16721140495625703,0.07318894243625501,0.08388729575459918,True,0.007303175436365999,0.10856649695401194,True
40,40.17467248908297,0.16173910251736617,0.07161570372274208,0.0903163809962862,True,0.020066742142015027,0.10812531009071019,True
40,40.39301310043668,0.1551498803820991,0.0711630250746417,0.09232244838290785,True,0.020066742142015027,0.10768628745905887,True
40,40.61135371179039,0.14882910197918947,0.0711361235262839,0.0922956403522861,True,0.03676833914117369,0.10768628745905887,True
40,40.8296943231441,0.14395839439825794,0.07101121361826578,0.09217116426615757,True,0.06612408537911957,0.10768628745905887,True
40,41.048034934497814,0.13924708972995206,0.07088649464551426,0.09204687779233914,True,0.06612408537911957,0.10724941847802708,True
40,41.26637554585153,0.1380935551345143,0.07076196631566352,0.09192278064249938,True,0.06612408537911957,0.10724941847802708,True
40,41.48471615720524,0.1380935551345143,0.07076341641942835,0.0919039448634368,True,0.06612408537911957,0.10724941847802708,True
40,41.70305676855895,0.1380935551345143,0.0709036054374509,0.09067359019519151,True,0.06570553100872048,0.10724941847802708,True
40,41.92139737991266,0.1380935551345143,0.07081597172389101,0.08965127013852091,True,0.032064782426162466,0.10724941847802705,True
40,42.13973799126637,0.14041026012672442,0.07075539657422307,0.08959087892764793,True,0.032064782426162466,0.10681469261796654,True
40,42.35807860262009,0.14395839439825794,0.07088421127117495,0.0888647381267741,True,0.019553642818584478,0.10681469261796654,True
40,42.5764192139738,0.14882910197918947,0.07099721236203607,0.0876022153939058,True,0.01086211380342352,0.10681469261796654,True
40,42.79475982532751,0.1551498803820991,0.06376202970727485,0.07575820361076448,True,0.01086211380342352,0.10299011629119569,True
40,43.01310043668122,0.1603992421974796,0.04256821791515114,0.07997589263441748,True,4.8642731158881455e-06,0.1025648748147947,True
40,43.23144104803494,0.16582621162300412,0.03891311848270511,0.08071251408768232,True,4.8642731158881455e-06,0.1025648748147947,True
40,43.44978165938865,0.17286885800818205,0.03584970638286917,0.08127557717285099,True,1.1403246313107784e-05,0.09872639683511067,True
40,43.66812227074236,0.17871772608375985,0.03322424241596112,0.08160140666332649,True,1.5189245000136408e-05,0.09872639683511067,True
40,43.88646288209607,0.1863078756460768,0.029684933889165585,0.08226316861774098,True,4.484350034665571e-05,0.09216477673035559,True
40,44.10480349344978,0.19261144124285715,0.02563751602514086,0.08309753600657135,True,1.8172785325062926e-05,0.09303021180147605,True
40,44.3231441048035,0.1974786870918886,0.019429848907163195,0.08437582919250035,True,1.8172785325062926e-05,0.09303021180147605,True
40,44.54148471615721,0.20246892709953324,0.014221007402011966,0.08536587058052526,True,2.9786127796316195e-05,0.09389985349892332,True
40,44.75982532751092,0.20758526929927062,0.010302615735011726,0.08599650039741803,True,8.046372974892016e-06,0.093724641513211,True
40,44.97816593886463,0.2128309002638562,0.006494340330740253,0.08675734838233262,True,8.046372974892016e-06,0.093724641513211,True
40,45.19650655021834,0.21640142467144036,0.0026934539300692236,0.08754648138000357,True,8.046372974892016e-06,0.093724641513211,True
40,45.414847161572055,0.21820908708998957,0.0011253345560446463,0.0883388758343894,True,8.046372974892016e-06,0.093724641513211,True
40,45.633187772925766,0.22186983781014127,0.004583825531504835,0.08896328486339045,True,1.6774648170376115e-05,0.09355028834526961,True
40,45.85152838427947,0.22372317943313647,0.00727442531141962,0.08937212101000573,True,5.897326536784243e-06,0.09355028834526961,True
40,46.069868995633186,0.22559200254386055,0.008151234913811532,0.08955325410173225,True,1.256403397884785e-05,0.09355028834526961,True
40,46.2882096069869,0.22559200254386055,0.008151234913811532,0.08955325410173225,True,5.897326536784243e-06,0.09355028834526961,True
40,46.506550218340614,0.22559200254386055,0.0044501017043268925,0.08877726976499609,True,5.897326536784243e-06,0.09355028834526961,True
40,46.72489082969432,0.22372317943313647,0.001063769067884792,0.0879465272939646,True,1.9808303701730072e-05,0.09337678980296536,True
40,46.943231441048034,0.22372317943313647,0.0013580200189274416,0.08729415843574619,True,3.4915322864045395e-05,0.09337678980296536,True
40,47.161572052401745,0.22186983781014127,0.0046065681246628045,0.08660451367361421,True,2.80370949533722e-05,0.09337678980296536,True
40,47.379912663755455,0.21820908708998957,0.008381585412102793,0.08580266069303603,True,2.80370949533722e-05,0.09337678980296536,True
40,47.59825327510917,0.21460873708030545,0.014320120491349021,0.08454021526041686,True,1.8466063760835593e-05,0.09248071785843008,True
40,47.81659388646288,0.21106779119702648,0.020162639143883002,0.0831238649321075,True,1.8466063760835593e-05,0.09229934590041561,True
40,48.03493449781659,0.20758526929927062,0.024971536128805726,0.081952160790642,True,1.8466063760835593e-05,0.09229934590041561,True
40,48.2532751091703,0.20246892709953324,0.02868728837045817,0.08115101325707537,True,1.020514401185004e-05,0.09139893029993977,True
40,48.47161572052402,0.19912828252159737,0.031066879646959953,0.08056787059845907,True,2.07501151533208e-06,0.09284477884238188,True
40,48.68995633187773,0.19261144124285715,0.033408531879543,0.0799560153536023,True,1.0205144011975174e-05,0.09284477884238188,True
40,48.90829694323144,0.1863078756460768,0.03584701980784072,0.07931935746352242,True,2.0668071865187425e-05,0.10005689923541765,True
40,49.12663755458515,0.18171595614461516,0.039368776522613,0.07844167882297523,True,0.00102757282247353,0.10005689923541765,True
40,49.34497816593886,0.17431288056225422,0.05125925212375707,0.07571583974866627,True,0.00922691365766647,0.10758376797117591,True
40,49.56331877729258,0.16860816920192295,0.07021055802046401,0.07552712390108444,True,0.00922691365766647,0.1075837679711759,True
40,49.78165938864629,0.16173910251736617,0.06815206786602201,0.0842441085820264,True,0.017551299536376238,0.1075837679711759,True
40,50.0,0.1564458912953126,0.06764774809707572,0.08649248111876437,True,0.017306536050295307,0.11088405453311004,True
40,50.21834061135371,0.15132591019884523,0.06707357657150505,0.08866279179776905,True,0.029604179082531348,0.11088405453311001,True
40,50.43668122270742,0.14516091965789296,0.06660341846301718,0.09009893242814097,True,0.02960417908253134,0.11088405453311011,True
40,50.65502183406114,0.14041026012672442,0.06648363844316608,0.08997959504232028,True,0.06027558539084426,0.11045416388358233,True
40,50.87336244541485,0.13468997121918416,0.06605656373419058,0.0912123011260297,True,0.06027558539084426,0.11045416388358233,True
40,51.09170305676856,0.13137027524096603,0.06542972950208593,0.09331111427027058,True,0.059863111492933684,0.11045416388358233,True
40,51.31004366812227,0.12920272585957407,0.06503229637809457,0.09439444620600584,True,0.059863111492933684,0.1104541638835823,True
40,51.52838427947598,0.1281323996186959,0.06478191731040632,0.09491894954682709,True,0.059863111492933684,0.1104541638835823,True
40,51.7467248908297,0.12601827370230928,0.0650358278995764,0.09381472229840605,True,0.05945267565474776,0.1100263805433631,True
40,51.96506550218341,0.12393902989539408,0.06529703795510751,0.09201011497536452,True,0.05945267565474776,0.1100263805433631,True
40,52.18340611353712,0.12497432773076422,0.0655703337795608,0.08955535373897416,True,0.059452675654747746,0.1100263805433631,True
40,52.40174672489083,0.1281323996186959,0.06585051926076303,0.08822458098991165,True,0.059452675654747746,0.10960069422450354,True
40,52.620087336244545,0.1302819928388237,0.06607460666920865,0.0870786244786343,True,0.05904426776743398,0.10960069422450354,True
40,52.838427947598255,0.1324676483743828,0.06621649672026846,0.08584860069322062,True,0.059044267767434,0.10960069422450343,True
40,53.056768558951966,0.13581507471375706,0.06636020467028367,0.08461823235891346,True,0.059940977226227495,0.10547946718112877,True
40,53.27510917030568,0.14041026012672442,0.06650573073731388,0.08338751818644351,True,0.02880802550139903,0.10547946718112877,True
40,53.493449781659386,0.14276583095894935,0.06665307515451413,0.08215645688207339,True,0.02880802550139903,0.10176138201240408,True
40,53.7117903930131,0.14759618918888356,0.06689479027422603,0.0805312464860849,True,0.024753628448135945,0.10176138201240408,True
40,53.930131004366814,0.15258997840557964,0.06857063449076661,0.06956925498105428,True,0.024498411051816698,0.09802274424208406,True
40,54.14847161572053,0.15775272815491437,0.0565038098035566,0.07237503518195026,True,0.020429854787746726,0.09386959389593375,True
40,54.366812227074234,0.1603992421974796,0.04425143054505018,0.07523641041895332,True,0.020429854787746726,0.09386959389593375,True
40,54.585152838427945,0.16445249334775341,0.03908217494023323,0.07644070816053274,True,0.016100727315612805,0.09009661551008365,True
40,54.80349344978166,0.16860816920192295,0.03779215994165688,0.07661305027219702,True,0.011996172989013175,0.0897116976814814,True
40,55.02183406113537,0.17286885800818205,0.036431795726258244,0.07671762280973157,True,0.011996172989013175,0.0832604441254764,True
40,55.24017467248908,0.1757689654458906,0.035240743014109135,0.07699299016769291,True,0.011996172989013055,0.08326044412547642,True
40,55.45851528384279,0.17871772608375985,0.03402052274321941,0.07724156827358132,True,0.011996172989013055,0.08326044412547642,True
40,55.6768558951965,0.18171595614461516,0.03208316705255496,0.07759367441546808,True,0.011996172989013055,0.08326044412547642,True
40,55.89519650655022,0.1832338810162842,0.029612471073248162,0.0780744932659452,True,0.011996172989013055,0.08302160408894857,True
40,56.11353711790393,0.18476448554451658,0.028176921012239894,0.07832658707877423,True,0.011766195628529827,0.08302160408894857,True
40,56.33187772925764,0.18476448554451658,0.027174452143543866,0.07856405409484213,True,0.011766195628529827,0.08302160408894857,True
40,56.55021834061135,0.1863078756460768,0.027174452143543866,0.07856405409484213,True,0.011766195628529827,0.08302160408894857,True
40,56.76855895196506,0.1863078756460768,0.027733514289185423,0.07843162879303316,True,0.011766195628529827,0.08302160408894856,True
40,56.98689956331878,0.1863078756460768,0.02878256157403232,0.07800135513203679,True,0.011766195628529827,0.08278393567726249,True
40,57.20524017467249,0.18476448554451658,0.030775746108836783,0.07738034117714185,True,0.0115373538440537,0.08278393567726249,True
40,57.4235807860262,0.18476448554451658,0.03306427169890695,0.07683232635727769,True,0.0115373538440537,0.08278393567726249,True
40,57.64192139737991,0.18171595614461516,0.03424979532946943,0.07654832133007615,True,0.0115373538440537,0.08278393567726249,True
40,57.86026200873363,0.18021060589016918,0.03542409597063931,0.07625538070894441,True,0.011537353844053818,0.08278393567726246,True
40,58.07860262008734,0.17871772608375985,0.036433757621986376,0.07580076118345762,True,0.011537353844053818,0.08254743316228172,True
40,58.29694323144105,0.1757689654458906,0.03751520815885815,0.07541980585273793,True,0.015391436207338766,0.08856825355992119,True
40,58.51528384279476,0.17286885800818205,0.038691048742627465,0.07513504838477866,True,0.015391436207338766,0.0960380274267692,True
40,58.73362445414847,0.17001660101511215,0.05076263097401168,0.07220649468612417,True,0.019451554494236495,0.0960380274267692,True
40,58.951965065502186,0.16721140495625703,0.0627546361326028,0.06923493801212195,True,0.019209990171775423,0.09974229127866474,True
40,59.1703056768559,0.16309015507015975,0.06612509190931068,0.07437069459278256,True,0.023241094775753316,0.09934439815250551,True
40,59.38864628820961,0.1590704813931022,0.06453601731033683,0.08035076296277731,True,0.027250730633805315,0.10667875280433466,True
40,59.60698689956332,0.1551498803820991,0.063988703528269,0.08255876285387695,True,0.02699564564370757,0.10667875280433466,True
40,59.82532751091703,0.15132591019884523,0.06346720069215533,0.083554846004842,True,0.05624135658211603,0.10667875280433466,True
40,60.043668122270745,0.14759618918888356,0.06299395758127385,0.08472852206750578,True,0.05530044535876079,0.11031580966108853,True
40,60.262008733624455,0.14395839439825794,0.06244528459454467,0.08691733100527174,True,0.05530044535876079,0.10989994492345712,True
40,60.480349344978166,0.14041026012672442,0.06194974008469728,0.08846473005466511,True,0.05436316800266913,0.11351050958105902,True
40,60.69868995633187,0.13694957651662307,0.06156026800263503,0.08943828150714939,True,0.05395731197198504,0.11351050958105913,True
40,60.917030567685586,0.13357418817652839,0.06094838949042204,0.09128439990011518,True,0.05395731197198503,0.1130901749573453,True
40,61.1353711790393,0.1302819928388237,0.06034318736444038,0.09339100611692829,True,0.05395731197198503,0.1130901749573453,True
40,61.353711790393014,0.1281323996186959,0.059795749777209854,0.09554688682089985,True,0.05395731197198503,0.1130901749573453,True
40,61.57205240174672,0.12707094005036126,0.05925494983281007,0.097143531045203,True,0.05395731197198503,0.1130901749573453,True
40,61.790393013100434,0.12601827370230928,0.058861336910250237,0.09809603067220365,True,0.05355346265964685,0.1130901749573453,True
40,62.00873362445415,0.12393902989539408,0.058663987516647455,0.0982777697490404,True,0.05355346265964685,0.1126718993832613,True
40,62.22707423580786,0.12291230855431186,0.058636341179759535,0.09819064323784504,True,0.05355346265964685,0.1126718993832613,True
40,62.44541484716157,0.12291230855431186,0.05917345508579104,0.09603586459631591,True,0.05355346265964685,0.1126718993832613,True
40,62.66375545851528,0.12291230855431186,0.05939941285864967,0.09400350710502801,True,0.05355346265964685,0.11267189938326128,True
40,62.88209606986899,0.12291230855431186,0.0595452586046638,0.09279747414667648,True,0.05355346265964685,0.11267189938326128,True
40,63.10043668122271,0.12393902989539408,0.059823465485275486,0.0917210462081651,True,0.0531516100988898,0.1122556728203368,True
40,63.31877729257642,0.12601827370230928,0.06010199815049815,0.09064288730864443,True,0.0531516100988898,0.1122556728203368,True
40,63.53711790393013,0.12707094005036126,0.06064142219862249,0.08855352963662984,True,0.054108713129960725,0.10866453922127355,True
40,63.75545851528384,0.1281323996186959,0.06120074036760618,0.08638528891252314,True,0.054108713129960725,0.10825676716845112,True
40,63.97379912663755,0.1302819928388237,0.06162958076180471,0.08407870923505184,True,0.054108713129960725,0.10825676716845112,True
40,64.19213973799127,0.1324676483743828,0.061819869110657046,0.08226819735317079,True,0.053715389023350206,0.10825676716845112,True
40,64.41048034934498,0.13468997121918416,0.06209777380952733,0.08117194839338433,True,0.053715389023350206,0.10825676716845112,True
40,64.62882096069869,0.13581507471375706,0.062381457591982006,0.0800793751248712,True,0.054682784695019394,0.10465234854070289,True
40,64.8471615720524,0.13694957651662307,0.06266548068346572,0.0789850504339764,True,0.054682784695019394,0.10465234854070289,True
40,65.06550218340611,0.13924708972995206,0.0627897839408498,0.07772924946995421,True,0.05662898394781922,0.09699770918562656,True
40,70.52401746724891,0.14882910197918947,0.06105615464782729,0.07524174352184226,True,0.05646661085937478,0.08782446389671773,True
40,70.74235807860262,0.14759618918888356,0.06105615464782729,0.07524174352184226,True,0.05646661085937478,0.08782446389671773,True
40,70.96069868995633,0.14637348995176247,0.06099775564898835,0.07518345780950923,True,0.056118688517217595,0.08782446389671773,True
40,71.17903930131004,0.14637348995176247,0.06069710047323481,0.07531341336554433,True,0.05611868851721758,0.08746222217339543,True
40,71.39737991266375,0.14516091965789296,0.06032897782622409,0.07632688835027564,True,0.05611868851721758,0.08746222217339543,True
40,71.61572052401746,0.14395839439825794,0.060208930530631706,0.07673841390178371,True,0.05611868851721758,0.08746222217339543,True
40,71.83406113537117,0.14276583095894935,0.06010432561915042,0.07663404646158505,True,0.05611868851721758,0.08746222217339543,True
40,72.0524017467249,0.1415831468154104,0.05999988050877482,0.0765298380983149,True,0.05577248203223816,0.08746222217339543,True
40,72.2707423580786,0.14041026012672442,0.059895594955106345,0.07642578856978312,True,0.05577248203223815,0.08710175969770811,True
40,72.48908296943232,0.13924708972995206,0.05987666777177893,0.07640690418495814,True,0.05577248203223815,0.08710175969770811,True
40,72.70742358078603,0.13694957651662307,0.05985554168959209,0.0763858258594592,True,0.05473737166318956,0.09073374075418661,True
40,72.92576419213974,0.13694957651662307,0.059751476636233945,0.07628199583531936,True,0.054386479917816415,0.0907337407541866,True
40,73.14410480349345,0.13468997121918416,0.05964757055833005,0.07617832406990377,True,0.054386479917816415,0.09036866563451637,True
40,73.36244541484716,0.1324676483743828,0.0595035502511246,0.07621848646611835,True,0.0543864799178164,0.09036866563451637,True
40,73.58078602620087,0.13137027524096603,0.0591987646227507,0.0772921482536331,True,0.0543864799178164,0.09036866563451637,True
40,73.79912663755458,0.1302819928388237,0.058991704225502734,0.0778602817563019,True,0.0543864799178164,0.09036866563451637,True
40,74.0174672489083,0.1281323996186959,0.0588871554333916,0.07775600366666532,True,0.0543864799178164,0.09036866563451636,True
40,74.23580786026201,0.12601827370230928,0.05878276638216009,0.07765188449239137,True,0.0543864799178164,0.0900053830347365,True
40,74.45414847161572,0.12497432773076422,0.05869157977277163,0.07756093329089069,True,0.054037319269279356,0.0900053830347365,True
40,74.67248908296943,0.12393902989539408,0.05869157977277163,0.07756093329089069,True,0.054037319269279356,0.0900053830347365,True
40,74.89082969432314,0.12189409265911808,0.05879723422591423,0.07718730337419702,True,0.054037319269279356,0.0900053830347365,True
40,75.10917030567686,0.120884311749984,0.05910095628549619,0.07611295868478886,True,0.054037319269279356,0.0900053830347365,True
40,75.32751091703057,0.11988289595077614,0.05902256018165142,0.07555471557637407,True,0.054037319269279356,0.08964388417492024,True
40,75.54585152838428,0.11888977596422079,0.058874313498891835,0.07540679950984487,True,0.05368988115762541,0.08964388417492024,True
40,75.76419213973799,0.11790488306710861,0.058874313498891835,0.07540679950984487,True,0.05368988115762541,0.08964388417492024,True
40,75.9825327510917,0.11692814910553918,0.058874313498891835,0.07540679950984487,True,0.05368988115762541,0.08964388417492024,True
40,76.20087336244542,0.11692814910553918,0.0588645385430987,0.07539704632835728,True,0.05474407314252594,0.08603096075716248,True
40,76.41921397379913,0.11692814910553918,0.058659592895279895,0.07519255648093486,True,0.05474407314252594,0.08567752848475224,True
40,76.63755458515284,0.11790488306710861,0.058543482689645106,0.07507670388805275,True,0.054404645717882734,0.08567752848475224,True
40,76.85589519650655,0.11790488306710861,0.058543482689645106,0.07507670388805275,True,0.05440464571788272,0.08567752848475224,True
40,77.07423580786026,0.11888977596422079,0.05859594382290828,0.07489402902661697,True,0.05440464571788272,0.08567752848475224,True
40,77.29257641921397,0.11988289595077614,0.05888369323009535,0.073800456841862,True,0.05440464571788272,0.08567752848475224,True
40,77.51091703056768,0.12189409265911808,0.05894494471364909,0.07313456747060551,True,0.05440464571788272,0.0853258322776586,True
40,77.7292576419214,0.12393902989539408,0.05884407777150866,0.07303389008361189,True,0.05440464571788272,0.0853258322776586,True
40,84.49781659388647,0.13357418817652839,0.05696884263116856,0.07150020939267387,True,0.05021215825453795,0.090359318940447,True
40,84.71615720524018,0.12920272585957407,0.056550032879558336,0.0724639654362481,True,0.05021215825453795,0.090359318940447,True
40,84.93449781659389,0.12497432773076422,0.056130613031807323,0.07342508121849343,True,0.05021215825453795,0.090359318940447,True
40,85.1528384279476,0.120884311749984,0.055776221123863635,0.0744490392850763,True,0.05021215825453795,0.090359318940447,True
40,85.37117903930131,0.11692814910553918,0.05545591862466994,0.07550494914181849,True,0.04987214702920365,0.090359318940447,True
40,85.58951965065502,0.11310145919947318,0.055185742560705624,0.07639530483853783,True,0.04877733565979811,0.09388448353764413,True
40,85.80786026200873,0.10940000479699803,0.055185742560705624,0.07639530483853783,True,0.04877733565979811,0.09388448353764413,True
40,86.02620087336244,0.10581968733467005,0.0550389203714582,0.07687903359531485,True,0.04877733565979811,0.09352667700573024,True
40,86.24454148471615,0.10494306815034328,0.05455475819840036,0.0777668554073811,True,0.04877733565979811,0.09352667700573024,True
40,86.46288209606988,0.10321155558379493,0.05407169049652336,0.07865378367596836,True,0.04843301019324221,0.09352667700573024,True
40,86.68122270742359,0.10150861218166073,0.053772566264125736,0.07963101104860862,True,0.0484330101932422,0.09352667700573024,True
40,86.8995633187773,0.10150861218166073,0.053772566264125736,0.07963101104860862,True,0.0484330101932422,0.09352667700573024,True
40,87.117903930131,0.10150861218166073,0.05400993895551346,0.07885555208205774,True,0.0484330101932422,0.09352667700573024,True
40,87.33624454148472,0.10321155558379493,0.05455485869963172,0.07666050073096932,True,0.0484330101932422,0.09317062621486154,True
40,87.55458515283843,0.10581968733467005,0.05466489475763493,0.07587590929028831,True,0.0484330101932422,0.09317062621486154,True
40,87.77292576419214,0.10940000479699803,0.054565158134011624,0.07577644944436292,True,0.0484330101932422,0.09317062621486154,True
40,87.99126637554585,0.11216451720496469,0.05485525155371595,0.07472257554145004,True,0.0484330101932422,0.09317062621486154,True
40,88.20960698689956,0.11595950649020466,0.05517928500748977,0.07366998873168139,True,0.0484330101932422,0.09317062621486154,True
40,88.42794759825327,0.120884311749984,0.0555037120701545,0.0726157356754803,True,0.04919714975901099,0.08965736162486364,True
40,88.646288209607,0.12601827370230928,0.0558285339388392,0.07155981402106672,True,0.02482186181997389,0.08965736162486364,True
40,88.8646288209607,0.1302819928388237,0.05615375181633107,0.07050222141901752,True,0.021011856721870958,0.08930896520592219,True
40,89.08296943231441,0.13581507471375706,0.059098734415497685,0.06090830894346933,True,0.021011856721870958,0.08578265492317177,True
40,89.30131004366812,0.1415831468154104,0.05004040028499319,0.062362864570312614,True,0.013331086149541722,0.08578265492317177,True
40,89.51965065502183,0.14637348995176247,0.03889092125298461,0.06555973147777103,True,0.013331086149541722,0.0822372987576279,True
40,89.73799126637554,0.15132591019884523,0.0326895263482398,0.06738990018544322,True,0.009460151386068366,0.07867280399487894,True
40,89.95633187772926,0.1564458912953126,0.03157296260343861,0.06773194575499634,True,0.005370491759296825,0.07867280399487894,True
40,90.17467248908297,0.1603992421974796,0.029558734087121594,0.06834875491737308,True,0.005370491759296825,0.07637631362970147,True
40,90.39301310043668,0.16445249334775341,0.02743059797583277,0.0690001376156736,True,0.0014651353974619646,0.0775445384586183,True
40,90.6113537117904,0.16860816920192295,0.026305792245044094,0.06934429454561421,True,0.0012744514219088891,0.07734636374865277,True
40,90.82969432314412,0.17286885800818205,0.025061588769456366,0.06957176519320137,True,0.0012744514219088891,0.07734636374865277,True
40,91.04803493449782,0.1757689654458906,0.023818852325204632,0.06980293073205555,True,0.001274451421908778,0.07734636374865281,True
40,91.26637554585152,0.17871772608375985,0.021083127760582302,0.07064535277809897,True,0.001274451421908778,0.07734636374865281,True
40,91.48471615720524,0.17871772608375985,0.01767446732563711,0.07164263276251939,True,1.2575903883814475e-05,0.0785269574737895,True
40,91.70305676855897,0.18021060589016918,0.016469391496097673,0.07192556801985905,True,1.5682426586417154e-05,0.0785269574737895,True
40,91.92139737991266,0.18171595614461516,0.015263843201512554,0.07221028051071919,True,2.2876948768951853e-06,0.07833664271553453,True
40,92.13973799126636,0.18171595614461516,0.014080964114171805,0.07251979770284399,True,2.2876948768951853e-06,0.07833664271553453,True
40,92.35807860262008,0.18171595614461516,0.012939862459134362,0.07287312712961282,True,8.78672633616913e-06,0.07833664271553453,True
40,92.5764192139738,0.18021060589016918,0.01174925324403352,0.0731794536016246,True,2.573956275065224e-06,0.07833664271553453,True
40,92.79475982532752,0.17871772608375985,0.013712993504641098,0.07248430932553478,True,2.573956275065224e-06,0.07833664271553453,True
40,93.01310043668124,0.17723721341914778,0.01566068340328446,0.0717912585448484,True,7.025615806971845e-07,0.07814726180765749,True
40,93.23144104803494,0.17431288056225422,0.01676205733532439,0.07140408542066072,True,7.025615806971845e-07,0.07814726180765749,True
40,93.44978165938863,0.17001660101511215,0.018498427118351146,0.07086211794233352,True,7.025615806971845e-07,0.07814726180765749,True
40,93.66812227074236,0.16721140495625703,0.020757025295143554,0.07015686927827047,True,7.025615806971845e-07,0.07814726180765749,True
40,93.88646288209608,0.16309015507015975,0.022970167574185324,0.06941524276964388,True,0.0008959024871908506,0.0769529270622428,True
40,94.10480349344978,0.15775272815491437,0.02491304749318166,0.06861967937278735,True,0.0007080282330003395,0.07675765559278915,True
40,94.32314410480348,0.15258997840557964,0.025981851611884668,0.06821865331824867,True,0.0007080282330003395,0.07675765559278915,True
40,94.5414847161572,0.14637348995176247,0.02709810778561972,0.06786708752391471,True,0.004587240447433974,0.07556208318457902,True
40,94.75982532751092,0.1415831468154104,0.0282126207097301,0.06751598411588353,True,0.004587240447433974,0.07556208318457902,True
40,94.97816593886463,0.13468997121918416,0.03009370181752747,0.06684046276506966,True,0.00844609425045833,0.07437202941266986,True
40,98.68995633187772,0.12291230855431186,0.028934755310191587,0.06635490863588363,True,6.221287319739197e-07,0.07739898564751949,True
40,98.90829694323143,0.13137027524096603,0.0257082091189263,0.06739296206141603,True,7.187464199936206e-06,0.07968781400250015,True
40,99.12663755458516,0.1380935551345143,0.023482986057081934,0.06810844136187491,True,7.187464199936206e-06,0.07968781400250015,True
40,99.34497816593888,0.14395839439825794,0.02125080978364288,0.06882581842609756,True,1.0499655743765813e-05,0.08344276703892438,True
40,99.56331877729258,0.15132591019884523,0.018954329035415152,0.06948802843124398,True,1.0499655743765813e-05,0.08344276703892438,True
40,99.78165938864628,0.1590704813931022,0.015793854739362935,0.07033070058037295,True,2.2785702672827577e-05,0.08470657641348034,True
40,100.0,0.16445249334775341,0.01238815367900437,0.07139761895550874,True,2.6647673750867062e-05,0.08725286915297109,True
40,100.21834061135372,0.17143679785832194,0.005579953016425552,0.07359522723693836,True,2.6647673750867062e-05,0.08725286915297109,True
40,100.43668122270742,0.17723721341914778,0.000244300056458436,0.0754732805828946,True,1.0475752004307092e-06,0.08853550263831388,True
40,100.65502183406112,0.18021060589016918,0.003699386863760826,0.07658661297065154,True,4.25348790533898e-06,0.08841303056635877,True
40,100.87336244541484,0.1863078756460768,0.007875311312493728,0.07793151369029945,True,1.7857675732660503e-05,0.08841303056635877,True
40,101.09170305676857,0.19101583187406054,0.012532989847169084,0.07943072855440754,True,1.7857675732660503e-05,0.08841303056635877,True
40,101.528384279476,0.19584275704937293,0.021298843764643673,0.08208503418888233,True,1.037721213394609e-05,0.08970908706711267,True
40,101.7467248908297,0.1974786870918886,0.022504213136442398,0.08244211599863047,True,2.5319268612937237e-06,0.08970908706711267,True
40,101.9650655021834,0.2007916574893502,0.02369147274231414,0.08281954500448065,True,2.468214808625554e-05,0.08970908706711267,True
40,102.18340611353712,0.2007916574893502,0.024919929268640548,0.08315839176223816,True,1.6062606506046798e-05,0.08970908706711267,True
40,102.40174672489084,0.19912828252159737,0.0271241171789253,0.08381603042526149,True,0.002460822832170649,0.08970908706711267,True
40,102.62008733624454,0.1974786870918886,0.028794747367173065,0.084302842094656,True,3.0592886396699165e-05,0.08959417749772003,True
40,102.83842794759823,0.1974786870918886,0.02524202117764089,0.08313895926790037,True,3.0592886396699165e-05,0.08959417749772003,True
40,103.05676855895196,0.1942203791888339,0.022737796266007488,0.08229068663928794,True,1.490050280258283e-05,0.08959417749772003,True
40,103.27510917030568,0.19101583187406054,0.0216520485690486,0.08181460674834692,True,2.4682148086373664e-05,0.08959417749772003,True
40,103.4934497816594,0.1863078756460768,0.017931649377140618,0.08055136959071359,True,2.113291063155021e-05,0.08947983175933422,True
40,103.7117903930131,0.18171595614461516,0.01326892241891875,0.0790180754050451,True,5.331910870840525e-06,0.08947983175933422,True
40,104.14847161572052,0.17143679785832194,0.00452678583675799,0.07600042123414084,True,5.331910870840525e-06,0.08816988617577094,True
40,104.36681222707423,0.16445249334775341,0.001148114200184987,0.07480993637968271,True,5.331910870840525e-06,0.08804920799356176,True
40,104.58515283842794,0.1564458912953126,0.003673873809718562,0.07313533192625941,True,2.5557134711256513e-05,0.08673893682952477,True
40,104.80349344978166,0.15132591019884523,0.00925865862747348,0.07119904422328788,True,2.5557134711256513e-05,0.08673893682952477,True
40,105.02183406113537,0.14276583095894935,0.01373617009190064,0.06962307329198379,True,2.2906045079451576e-05,0.08413778674639819,True
40,105.24017467248908,0.13468997121918416,0.01760202447893181,0.06829482828050776,True,2.190779792638914e-06,0.08399732917699426,True
40,105.4585152838428,0.12601827370230928,0.019819435801347454,0.06755319682180025,True,1.7736894166331053e-05,0.0826995757617733,True
40,105.67685589519652,0.11790488306710861,0.022029959011459863,0.06681354007195894,True,1.280199601718207e-05,0.08012288673569339,True
40,105.89519650655022,0.11031385403602635,0.02418611714034782,0.06602853020155504,True,1.280199601718207e-05,0.08012288673569339,True
40,106.11353711790392,0.10407371095302181,0.027182556980793686,0.06483569124538067,True,7.4043316691003785e-06,0.07612441517110269,True
40,108.51528384279476,0.11692814910553918,0.02228510795135603,0.06614347123628216,True,1.3140956950761923e-05,0.08490427290009167,True
40,108.73362445414848,0.12497432773076422,0.01898078024181641,0.06726363656765168,True,1.3140956950761923e-05,0.08490427290009167,True
40,108.95196506550218,0.13468997121918416,0.01534050909312406,0.06849683712190192,True,7.698530704850687e-07,0.08891646446982171,True
40,109.17030567685588,0.14395839439825794,0.010888022769198901,0.07000404022463742,True,7.698530704850687e-07,0.08891646446982171,True
40,109.3886462882096,0.15258997840557964,0.005741724391058108,0.07174462888960702,True,3.352030649524379e-05,0.09298974671516826,True
40,109.60698689956332,0.1603992421974796,9.711510609641154e-05,0.0736520776920351,True,2.5557134711256513e-05,0.09574031939157279,True
40,109.82532751091703,0.17143679785832194,0.007701632626171192,0.07620471408183377,True,2.5557134711256513e-05,0.09574031939157279,True
40,110.04366812227074,0.17871772608375985,0.015622601706299071,0.07875324553553725,True,2.9520839021765705e-05,0.09992050948059664,True
40,110.26200873362446,0.1863078756460768,0.022591318021621343,0.08111136008454216,True,2.9520839021765705e-05,0.09992050948059664,True
40,110.48034934497817,0.19261144124285715,0.029027809010376177,0.08329311409979345,True,1.900071511807569e-05,0.10274459566973573,True
40,110.69868995633188,0.19584275704937293,0.03493036679782725,0.0852929935341473,True,1.900071511807569e-05,0.10274459566973577,True
40,110.9170305676856,0.20586561548026194,0.04280884640223696,0.08796134977091381,True,2.0358266363391458e-05,0.10270277420547855,True
40,111.1353711790393,0.21106779119702648,0.05097096346323542,0.0907159838237312,True,2.1629163283061164e-05,0.10413341109188917,True
40,111.353711790393,0.21460873708030545,0.05709519084938092,0.09271747042780795,True,1.0616352444219622e-05,0.10413341109188917,True
40,111.57205240174672,0.21820908708998957,0.061704965713809436,0.09425148816912812,True,0.0078023332275504315,0.10557186636474213,True
40,111.79039301310044,0.22186983781014127,0.06415587109593968,0.09508664557621166,True,0.0078023332275504315,0.10557186636474213,True
40,112.00873362445417,0.22372317943313647,0.06840405692742224,0.09650903657036933,True,0.023584537416935832,0.10557186636474213,True
40,112.22707423580786,0.22372317943313647,0.07331535861145438,0.09816044056421756,True,0.023584537416935832,0.10557186636474213,True
40,112.44541484716156,0.22372317943313647,0.07581656990250647,0.09899249442939646,True,0.03576355121083939,0.10554445723046996,True
40,112.66375545851528,0.22372317943313647,0.07751085096387564,0.09955080748124408,True,0.04389122723403625,0.10554445723046996,True
40,112.882096069869,0.22372317943313647,0.07752769977345422,0.09953402477003358,True,0.04389122723403625,0.10554445723046996,True
40,113.1004366812227,0.22186983781014127,0.07519880405217216,0.09870829097299853,True,0.031731187937454886,0.10554445723046996,True
40,113.3187772925764,0.21820908708998957,0.07150673838172024,0.0974085958298422,True,0.015809795449580645,0.10554445723046996,True
40,113.53711790393012,0.2128309002638562,0.06783506276356617,0.09611120789875172,True,0.015966595777257554,0.10551718285207413,True
40,113.75545851528383,0.20758526929927062,0.06389419551483616,0.09471571732600488,True,0.004261060529146182,0.10551718285207413,True
40,113.97379912663756,0.2041602074180315,0.05905044412658711,0.09300142838396085,True,0.004261060529146182,0.10551718285207413,True
40,114.19213973799128,0.1974786870918886,0.052938521924992356,0.09083934500749388,True,1.2799143961782198e-05,0.10403032588068636,True
40,114.41048034934498,0.19101583187406054,0.0457844113555666,0.08830550480481503,True,2.902399571926862e-06,0.10403032588068636,True
40,114.62882096069868,0.18171595614461516,0.03970000891117879,0.08613548568918906,True,4.207154758370307e-05,0.10257853886289242,True
40,115.06550218340612,0.16582621162300412,0.02672046752487315,0.08148449589355548,True,1.578361570817737e-05,0.10108663128657092,True
40,115.28384279475982,0.1564458912953126,0.01983359482677287,0.07900461780081278,True,1.4247473023286225e-05,0.09820803172513541,True
40,115.50218340611352,0.14637348995176247,0.013017035532566274,0.07653875422309761,True,4.467334903800385e-06,0.09814660404406972,True
40,115.72052401746726,0.13694957651662307,0.00712248406978288,0.07438819540960565,True,2.608480835799669e-05,0.0952847359775751,True
40,115.93886462882097,0.1281323996186959,0.0015551284872246695,0.0723442705789115,True,2.608480835799669e-05,0.0952847359775751,True
40,116.15720524017468,0.11988289595077614,0.003991688436959178,0.07033658211627551,True,2.6077523870976307e-05,0.09104740345046404,True
40,116.3755458515284,0.11123533691669137,0.009122923194080083,0.06851201564636679,True,3.7509687839252684e-06,0.08676019786654518,True
40,116.5938864628821,0.10235654238211331,0.013519748587152054,0.06694731389019132,True,3.7509687839252684e-06,0.08676019786654518,True
40,116.8122270742358,0.09497321854968295,0.017163019758496437,0.06564982681978224,True,6.816313278155332e-06,0.08263010542848989,True
40,117.03056768558952,0.09034931318292867,0.02042590837175172,0.0644870329829781,True,3.1149599838730176e-05,0.08249704570020906,True
40,117.90393013100436,0.09110402659680977,0.02089834959821637,0.0640339160826213,True,1.2362601173244593e-05,0.07976459284192476,True
40,118.5589519650655,0.11123533691669137,0.011909747493058715,0.06725521528405547,True,1.808973840947654e-05,0.09076490717394908,True
40,118.7772925764192,0.11988289595077614,0.006407195830288996,0.0692245956888235,True,1.808973840947654e-05,0.09076490717394908,True
40,118.99563318777292,0.12920272585957407,0.0003174418252678243,0.07140206255632231,True,2.3012841231995697e-05,0.09650922194033741,True
40,119.21397379912663,0.13924708972995206,0.0063986680347573495,0.0738012094129973,True,1.0427155980169135e-05,0.10237551688408975,True
40,119.43231441048034,0.14882910197918947,0.013269147695586413,0.07612902916298896,True,1.0427155980169135e-05,0.10237551688408975,True
40,119.65065502183404,0.1590704813931022,0.02038353518889713,0.0785954311476409,True,4.422354488231765e-06,0.1068590064628311,True
40,119.86899563318778,0.17001660101511215,0.029591945188820593,0.08189667829668537,True,5.738008662958569e-07,0.1068590064628311,True
40,120.08733624454148,0.17871772608375985,0.03844497165663597,0.08506847368926637,True,1.0427155980169135e-05,0.1119868448994562,True
40,120.3056768558952,0.18786415812248133,0.0466903933852421,0.08802135622931621,True,1.9125203219280722e-05,0.12079237437066992,True
40,120.52401746724892,0.19101583187406054,0.05502407249765914,0.09100519409521593,True,2.894719406233519e-05,0.12077689903947723,True
40,120.74235807860262,0.20246892709953324,0.06345817278743889,0.09400929688596377,True,1.0637238314115964e-05,0.12520552080829056,True
40,120.96069868995632,0.21106779119702648,0.07198743011845983,0.09704030989034115,True,0.0016515992755411016,0.12520552080829056,True
40,121.17903930131004,0.21640142467144036,0.08021457336274143,0.09997495684339512,True,0.013164747188539836,0.1296561336710665,True
40,121.39737991266377,0.22186983781014127,0.08765906227435699,0.10263964182775923,True,0.013164747188539836,0.1296561336710665,True
40,121.61572052401746,0.22559200254386055,0.09362213890637516,0.10478003927746345,True,0.02879867231286586,0.13412878122993807,True
40,121.83406113537116,0.2293766115937684,0.0986514163189432,0.10659107280004315,True,0.02879867231286586,0.13412878122993807,True
40,122.0524017467249,0.23322471254719748,0.10370570184168972,0.10841887078811403,True,0.044760810373029106,0.13412878122993807,True
40,122.2707423580786,0.23517290465632357,0.1087850655074797,0.11026364667227627,True,0.044867107693907525,0.13409217640335586,True
40,122.48908296943232,0.23517290465632357,0.11212561834823762,0.11388957512008434,True,0.06113623182263656,0.13409217640335586,True
40,122.70742358078604,0.23517290465632357,0.11301572988297884,0.11631697029592115,True,0.07355914766490428,0.13409217640335586,True
40,122.92576419213974,0.23517290465632357,0.11301824958134336,0.11631445252838257,True,0.0736190372300356,0.13405575140138212,True
40,123.14410480349343,0.23322471254719748,0.11263092246434396,0.11524919063010192,True,0.0736190372300356,0.13405575140138212,True
40,123.36244541484716,0.2293766115937684,0.11203848372350877,0.11362737795228861,True,0.05712382020306654,0.13405575140138212,True
40,123.58078602620088,0.22559200254386055,0.10980863106342484,0.11062998171494512,True,0.05720970326321077,0.1340195053422893,True
40,123.79912663755458,0.22186983781014127,0.10545903604452708,0.10902015483443309,True,0.04107581107768563,0.1340195053422893,True
40,124.0174672489083,0.21820908708998957,0.10042923694672747,0.10715363551007918,True,0.02919239726836102,0.1340195053422893,True
40,124.235807860262,0.21106779119702648,0.09358966364465494,0.104610731611828,True,0.02919239726836102,0.1340195053422893,True
40,124.45414847161572,0.2041602074180315,0.08617333375355832,0.10184646879438554,True,0.013787777724585932,0.13398343734865661,True
40,124.67248908296943,0.19584275704937293,0.07884164692635552,0.09909016150746033,True,0.013941618123961491,0.12951002346548207,True
40,124.89082969432314,0.18943344066739076,0.07159122708022823,0.09634426909348567,True,0.0025194974564812862,0.12509440909715006,True
40,125.10917030567686,0.18171595614461516,0.06439940041336942,0.0936304480695161,True,0.0025194974564812862,0.12509440909715006,True
40,125.32751091703057,0.16582621162300412,0.056507453522909014,0.09064547927762484,True,3.18567704064651e-05,0.11632871712273696,True
40,125.54585152838428,0.1603992421974796,0.0482947027376825,0.08752981631489203,True,5.489461747120975e-06,0.11632053815195267,True
40,125.764192139738,0.15007231363938384,0.04014728455284612,0.08446801620933006,True,2.1040802897959453e-06,0.10984546219893389,True
40,125.9825327510917,0.1415831468154104,0.032399278792416136,0.0815334590009229,True,2.35453596050083e-05,0.10984546219893389,True
40,126.20087336244542,0.1302819928388237,0.025635654616371652,0.07887969356188484,True,7.720976456998663e-06,0.10514912615594901,True
40,126.41921397379912,0.11988289595077614,0.018890752658838342,0.07629162771422458,True,2.2640216954737758e-05,0.10048430514760691,True
40,126.63755458515284,0.10940000479699803,0.01217885493335588,0.07375417239850639,True,1.1440005309862783e-05,0.10048430514760691,True
40,126.85589519650657,0.10066770630625965,0.007443436676987128,0.07196275502030641,True,1.6673085241953078e-05,0.09441295719572061,False
40,127.07423580786026,0.09418645242444765,0.0028448207538504474,0.07022204668179845,True,1.6673085241953078e-05,0.09441295719572061,False
40,127.29257641921396,0.08960085187840398,0.0026298445990126794,0.06814825496422083,True,6.301993278818041e-06,0.08985281132016962,False
40,127.51091703056768,0.0881224788544837,0.005918233008143802,0.0667797055389703,True,1.74271169076241e-05,0.08397226006221643,False
40,127.7292576419214,0.08595052918372621,0.006910320475867146,0.06627621061119848,True,1.74271169076241e-05,0.08397226006221643,False
40,127.9475982532751,0.08244891998335048,0.007150765996432334,0.06618451831241245,True,1.2142941352275015e-05,0.08107578838908795,False
40,128.38427947598254,0.09263241909146083,0.0036320705653131477,0.06752599173901418,True,5.604319729822286e-06,0.0868977087688469,False
40,128.60262008733625,0.10066770630625965,0.00047916718333173663,0.06909243237824521,True,2.264021695475165e-05,0.09276197831539264,False
40,128.82096069868996,0.10940000479699803,0.00596813850602064,0.0711823523121408,True,2.264021695475165e-05,0.09276197831539264,True
40,129.03930131004367,0.11888977596422079,0.011499478690164685,0.07328686930435026,True,1.7513694395968724e-05,0.09885223010561657,True
40,129.25764192139738,0.12920272585957407,0.017105580235013216,0.07537427352991774,True,1.485885754883949e-05,0.10507350718697193,True
40,129.4759825327511,0.1380935551345143,0.023881751747328803,0.07789536568612399,True,1.485885754883949e-05,0.10507350718697193,True
40,129.6943231441048,0.14882910197918947,0.03139681526152619,0.08070566431738689,True,7.050953744362064e-06,0.11197180414226804,True
40,129.9126637554585,0.1603992421974796,0.04060112450275232,0.08416945297538496,True,2.480899861386876e-05,0.11197180414226804,True
40,130.13100436681222,0.17143679785832194,0.04920954891120971,0.0874159722851302,True,2.3715371975729755e-05,0.12498600212164332,True
40,130.34934497816593,0.17871772608375985,0.05743569848899854,0.09052668129609143,True,3.834743406277646e-05,0.13377072016339,True
40,130.56768558951964,0.19101583187406054,0.0668168230614003,0.09409127470176862,True,1.3574078919875044e-05,0.13377072016339,True
40,130.78602620087335,0.1974786870918886,0.07616752474450844,0.09765716540938639,True,2.055235140190042e-05,0.1425943439138644,True
40,131.00436681222706,0.2041602074180315,0.08465463625429771,0.10090401959993645,True,0.011057219539553574,0.1425943439138644,True
40,131.22270742358077,0.21106779119702648,0.09322307098436393,0.1041952302105932,True,0.022491585888507866,0.14705640644894513,True
40,131.4410480349345,0.21640142467144036,0.1018733304439692,0.10753183802448948,True,0.02262840796196412,0.1514786231330759,True
40,131.65938864628822,0.22186983781014127,0.10856630833880614,0.11012235205532911,True,0.03813018870700181,0.1514786231330759,True
40,131.87772925764193,0.2274764364635677,0.11250590403581646,0.11468749339878774,True,0.03813018870700181,0.1559777770947545,True
40,132.09606986899564,0.2293766115937684,0.11447710904651273,0.11973277555056286,True,0.05404402458449035,0.15590949284565528,True
40,132.31441048034935,0.23322471254719748,0.11646318747351612,0.12480629557983544,True,0.07425864445538485,0.15590949284565528,True
40,132.53275109170306,0.23322471254719748,0.11847877244470613,0.12989376073839992,True,0.07425864445538485,0.15590949284565528,True
40,132.75109170305677,0.23517290465632357,0.12014965977501792,0.13406942327552715,True,0.08667519310125184,0.15584154334379052,True
40,132.96943231441048,0.23517290465632357,0.1216221390367109,0.13771358314985455,True,0.08667519310125184,0.15584154334379052,True
40,133.1877729257642,0.23322471254719748,0.12060479474090739,0.13514034679262354,True,0.09083731420272306,0.15584154334379052,True
40,133.4061135371179,0.2312926594252547,0.11925844421872815,0.13171638819411907,True,0.07841414699152086,0.15584154334379052,True
40,133.6244541484716,0.2293766115937684,0.11725364138459679,0.12660222365702054,True,0.07846403904949938,0.15577392695471617,True
40,133.84279475982532,0.22559200254386055,0.11524964317477712,0.1215307523580858,True,0.06229208798558874,0.15570664205190424,True
40,134.06113537117903,0.22186983781014127,0.1132524542725623,0.11649570763702072,True,0.04640003668155495,0.15570664205190424,True
40,134.27947598253274,0.21640142467144036,0.11126394412452853,0.11149493779507132,True,0.04640003668155495,0.15123448691337624,True
40,134.49781659388643,0.20931928787390092,0.10592330732949,0.10904284257872206,True,0.030832584826560844,0.15123448691337624,True
40,134.71615720524017,0.20246892709953324,0.09853992805418248,0.10609339474849071,True,0.030954437080551466,0.14673056862535866,True
40,134.93449781659388,0.19584275704937293,0.09055572416107231,0.1029083367164026,True,0.01587379537842506,0.14226196619044837,True
40,135.1528384279476,0.18786415812248133,0.08211271598033716,0.09953409800399741,True,0.004678091227264129,0.14226196619044837,True
40,135.3711790393013,0.17723721341914778,0.07378753491471855,0.09616745027995091,True,0.004678091227264136,0.13786848576563687,True
40,135.80786026200877,0.15775272815491437,0.056022837836715016,0.08904032344033869,True,2.3362524770070034e-05,0.12911955491996532,True
40,136.02620087336246,0.14882910197918947,0.046802355803002925,0.08535008460210722,True,1.5282022693428805e-05,0.11621780239707227,True
40,136.24454148471617,0.13924708972995206,0.03772089420233949,0.08167607043975109,True,1.3656133559991962e-06,0.11621780239707227,True
40,136.46288209606988,0.12707094005036126,0.03050681437159951,0.0786799765628025,True,6.7501809961593975e-06,0.1081190819250885,True
40,136.6812227074236,0.11692814910553918,0.023913069024713792,0.07600303252984213,True,2.157687246589851e-05,0.1081190819250885,False
40,136.8995633187773,0.10759495481680233,0.018390081543701208,0.07377744746269255,True,1.1505187870369913e-05,0.10157538807143955,False
40,137.117903930131,0.10066770630625965,0.012909207293581632,0.07156760914075315,True,1.1625347291627895e-05,0.09359118513073732,True
40,137.33624454148472,0.09418645242444765,0.007470170290339423,0.06937326939494404,True,2.187406005676089e-05,0.09352487044898546,False
40,137.55458515283843,0.08960085187840398,0.0035239361414354164,0.06778024278370873,True,2.9176816906443184e-06,0.08726232219213512,False
40,137.77292576419214,0.08666849830844768,0.000298610833129967,0.06647759363696598,True,2.9176816906443184e-06,0.08726232219213512,False
40,137.99126637554585,0.0810885505605222,0.00022710556856865398,0.06644870716293558,True,1.9408930990107934e-05,0.08264837274625295,False
40,138.42794759825327,0.08885859089023627,0.004362559387291887,0.06811885093850276,True,1.833654430015804e-05,0.08726232219213512,False
40,138.64628820960698,0.0957665567552959,0.008880987352967462,0.06993602210590043,True,8.187799000704642e-06,0.0951108773559277,False
40,138.8646288209607,0.10235654238211331,0.014374807713490383,0.07209061370433227,True,2.3004085378726067e-05,0.10316803400945398,False
40,139.0829694323144,0.11031385403602635,0.019905463297438628,0.07426582693273137,True,2.3004085378726067e-05,0.10316803400945398,False
40,139.3013100436681,0.11888977596422079,0.025900648679810744,0.07663499213846667,True,9.910308811614398e-06,0.10977257429096443,False
40,139.51965065502182,0.12920272585957407,0.033748357299220086,0.07976133320994243,True,1.828878796585797e-05,0.10977257429096443,True
40,139.73799126637556,0.14041026012672442,0.042235225018920526,0.08315544785852512,True,2.8097694629738053e-05,0.12475670568405045,True
40,139.95633187772927,0.15007231363938384,0.05138894377471991,0.08683007284168916,True,4.357870489504665e-05,0.14651862540960295,False
40,140.17467248908298,0.1603992421974796,0.06064574595536294,0.0905576943947282,True,2.451725676210457e-05,0.1464662880644997,True
40,140.3930131004367,0.16582621162300412,0.07000697183471123,0.09433924088162987,True,4.183181038127608e-05,0.15530980374891318,True
40,140.6113537117904,0.17871772608375985,0.07948685556438911,0.09816282137188148,True,0.005314829095673068,0.15530980374891318,True
40,140.8296943231441,0.18786415812248133,0.09004276829532308,0.10245411521639006,True,0.016443740426398512,0.16424051567794357,True
40,141.04803493449782,0.1974786870918886,0.10216321160619195,0.1074206891718537,True,0.016584473231171768,0.17316766301242606,True
40,141.26637554585153,0.20246892709953324,0.11093410653921071,0.11103793308283373,True,0.03167302501931968,0.17316766301242606,True
40,141.48471615720524,0.20931928787390092,0.11411139936531167,0.11835347522624147,True,0.03167302501931968,0.18226059204803474,True
40,141.70305676855895,0.21460873708030545,0.11722244058996271,0.12583240767491466,True,0.04717225549889353,0.18215685755474353,True
40,141.92139737991266,0.22003184942492987,0.120377402658242,0.13336564222110794,True,0.06691588371115507,0.18205363009227993,True
40,142.13973799126637,0.22372317943313647,0.1235811338429443,0.14094945030124767,True,0.06691588371115507,0.18205363009227993,True
40,142.35807860262008,0.22559200254386055,0.12681585073783425,0.14860263690179823,True,0.08304332250181998,0.1819509071996995,True
40,142.5764192139738,0.2274764364635677,0.13008405989797814,0.15632377714266416,True,0.08304332250181998,0.1819509071996995,True
40,142.7947598253275,0.2293766115937684,0.13184753133385524,0.16050419131496324,True,0.09943657257316965,0.1819509071996995,True
40,143.0131004366812,0.2312926594252547,0.1331518955294275,0.1634816322291303,True,0.09945363722474275,0.18184868642783317,True
40,143.23144104803492,0.2312926594252547,0.1331937720621745,0.16344013872736468,True,0.11317503879030098,0.18184868642783317,True
40,143.44978165938863,0.2293766115937684,0.13231023091288718,0.16135787248401917,True,0.10776844273912956,0.1817469653392323,True
40,143.66812227074234,0.2274764364635677,0.13068022346698327,0.15744692222062084,True,0.09125642044636416,0.1817469653392323,True
40,143.88646288209608,0.22559200254386055,0.1286172713651811,0.15246034294157654,True,0.09125642044636416,0.18174696533923218,True
40,144.1048034934498,0.22186983781014127,0.12644329987068276,0.14732950109242182,True,0.0711412731789515,0.18164574150811405,True
40,144.3231441048035,0.21640142467144036,0.12427966082704146,0.14223332994820614,True,0.0711412731789515,0.18164574150811405,True
40,144.5414847161572,0.20931928787390092,0.12141800213311703,0.13548474350533302,True,0.051506360080078264,0.17712711310586482,True
40,144.75982532751092,0.20246892709953324,0.11771024220600682,0.1266984490884119,True,0.03626707458366757,0.17703274551337558,True
40,144.97816593886463,0.1974786870918886,0.11364714505644094,0.11708822961976934,True,0.03626707458366757,0.17254234447550476,True
40,145.19650655021834,0.18943344066739076,0.10729457303848164,0.1094928323101627,True,0.021254994520202738,0.17254234447550476,True
40,145.41484716157206,0.18021060589016918,0.09761697769345919,0.10539254541349288,True,0.021254994520202738,0.17254234447550476,False
40,145.63318777292577,0.16582621162300412,0.08805451135830958,0.10134476405920392,True,0.010198504664026487,0.1592019262437243,True
40,145.85152838427948,0.16173910251736617,0.07860620674916072,0.09734803175496712,True,0.010344377976431991,0.15913317864018897,False
40,146.0698689956332,0.15132591019884523,0.06850679535349728,0.09307785647834288,True,1.3830312516208175e-05,0.14600666059360462,False
40,146.2882096069869,0.14041026012672442,0.0581490822565201,0.08869948458553142,True,2.6681687514990226e-06,0.14600666059360462,False
40,146.5065502183406,0.12920272585957407,0.05013648727289886,0.08526973551875007,True,2.7990291991705762e-05,0.1330738187244666,False
40,146.72489082969432,0.11888977596422079,0.04202924412715294,0.08174995065204853,True,3.0162697437881983e-05,0.1330738187244666,False
40,146.94323144104803,0.10940000479699803,0.03315232946853759,0.07797261385923078,True,5.577077376385589e-06,0.11612864190262492,False
40,147.16157205240174,0.0998337665658109,0.02562400036867433,0.07477160410863451,True,1.8393698487040415e-05,0.10457435838772457,False
40,147.37991266375545,0.0934062039359237,0.019103061855671073,0.07199733504594202,True,1.8393698487040415e-05,0.10457435838772457,False
40,147.81659388646287,0.07778501750046492,0.008611544142848726,0.06752994820046639,True,1.6100914187872445e-05,0.09779249559033253,False
40,148.0349344978166,0.07217412092119992,0.005421459365055496,0.0661704790968079,True,2.355132569585541e-06,0.08954229190096719,False
40,148.25327510917032,0.07338493880537741,0.003773100776473735,0.06546780106613305,True,1.3086549504281095e-05,0.0830935444357107,False
40,148.47161572052403,0.07523935896067623,0.003773100776473735,0.06546780106613305,True,5.900762664806188e-06,0.09117518784166355,False
40,148.68995633187774,0.08244891998335048,0.007940804977702443,0.06724415558191271,True,5.900762664806188e-06,0.09117518784166355,False
40,148.90829694323145,0.08739246483270766,0.013094394493470843,0.06943943145478282,True,3.93921437735647e-07,0.09779249559033253,False
40,149.12663755458516,0.09418645242444765,0.016319779064497754,0.0708126875069309,True,3.970482070758661e-06,0.09779249559033253,False
40,149.34497816593887,0.10150861218166073,0.02133723143243911,0.07284119902902937,True,2.3441910145117338e-05,0.10626468817651281,False
40,149.56331877729258,0.11216451720496469,0.029074207605277506,0.07598973299123309,True,5.5770773764897795e-06,0.11612144733800357,False
40,149.7816593886463,0.12189409265911808,0.03680902295973203,0.07925498089072873,True,9.69783266654107e-07,0.11612144733800357,False
40,150.0,0.13357418817652839,0.044631255233269954,0.08254929129491005,True,3.442444635551323e-05,0.13304239717658944,False
40,150.2183406113537,0.14276583095894935,0.05367091505696308,0.08635878012382538,True,5.004742653178787e-05,0.13304239717658944,True
40,150.43668122270742,0.15132591019884523,0.06280433405923101,0.0902308057300172,True,2.6681687514990226e-06,0.14590725576436048,False
40,150.65502183406113,0.16445249334775341,0.07202945244943915,0.0941697537561223,True,1.383031251630542e-05,0.14590725576436048,True
40,150.87336244541484,0.16860816920192295,0.08205108972505622,0.09849153234211085,True,0.010633969166793818,0.15899669272260525,False
40,151.09170305676855,0.17871772608375985,0.09266410468653821,0.10307882843668881,True,0.010777694144479459,0.1721945439976292,False
40,151.31004366812226,0.18476448554451658,0.10231555576209218,0.10726850974171187,True,0.021770861647546654,0.1721945439976292,True
40,151.52838427947597,0.18943344066739076,0.11136882156628186,0.1116997882008105,True,0.02189824151579241,0.17656778685688193,True
40,151.74672489082968,0.19584275704937293,0.11510950150311278,0.12022220618556156,True,0.036802900498207176,0.17656778685688193,True
40,151.9650655021834,0.20246892709953324,0.11919158328653938,0.12945980467732815,True,0.0559505486863355,0.17647615542953796,True
40,152.18340611353713,0.20758526929927062,0.12359109948380274,0.13940386083875528,True,0.05602862251362419,0.1763849723008019,True
40,152.40174672489084,0.20758526929927062,0.12620761040752201,0.1453175776254764,True,0.07553908790695149,0.1763849723008019,True
40,152.62008733624455,0.21106779119702648,0.1283753161448975,0.1502113397036237,True,0.07558921359100994,0.1762942352906341,True
40,152.83842794759826,0.2128309002638562,0.13006405600504822,0.1540200932667079,True,0.09153852473037596,0.1762942352906341,True
40,153.05676855895197,0.21460873708030545,0.1315180586976019,0.1572967104769738,True,0.11146839201454473,0.1762039422294666,True
40,153.27510917030568,0.21460873708030545,0.13268999207369975,0.15981905221664366,True,0.10782047754748725,0.1762039422294666,True
40,153.4934497816594,0.2128309002638562,0.13177137171189035,0.15765875522326095,True,0.10782047754748725,0.1762039422294666,True
40,153.7117903930131,0.21106779119702648,0.13004773767122374,0.1537919392553069,True,0.08755373099936471,0.1762039422294666,True
40,153.9301310043668,0.21106779119702648,0.12779157876959624,0.1487252066239889,True,0.08755373099936471,0.1762039422294666,True
40,154.14847161572052,0.20758526929927062,0.12555110828370664,0.14368810993384426,True,0.0677969642790075,0.1762039422294666,True
40,154.36681222707423,0.20246892709953324,0.12332609236285527,0.13868054947902245,True,0.06785759564005078,0.1761140909581543,True
40,154.58515283842794,0.1974786870918886,0.12005362869893449,0.1313068477397839,True,0.052434431047662475,0.17611409095815417,True
40,154.80349344978166,0.1942203791888339,0.11623494705810586,0.12269033483207051,True,0.03359692423214765,0.17611409095815417,True
40,155.02183406113537,0.18943344066739076,0.11195287940465448,0.11301465997279113,True,0.03359692423214765,0.1716854768151118,True
40,155.24017467248908,0.18171595614461516,0.10339089874025784,0.10769913845007231,True,0.01523996130800229,0.1716854768151118,False
40,155.4585152838428,0.17431288056225422,0.09388159146603837,0.10350026676621808,True,0.01523996130800229,0.1672785264920199,False
40,155.6768558951965,0.16445249334775341,0.08383744608744828,0.09906881197409577,True,0.004451907552292892,0.15852941849476446,False
40,155.8951965065502,0.1590704813931022,0.0734102119415507,0.09447106977656075,True,2.4658011628996245e-05,0.15852941849476446,False
40,156.11353711790392,0.15007231363938384,0.06312370360224924,0.08993692665980083,True,1.7331603464410723e-05,0.14556694243006335,False
40,156.33187772925766,0.1415831468154104,0.05315889879695491,0.08554494504668086,True,1.071153741086898e-05,0.14556694243006335,False
40,156.55021834061137,0.13137027524096603,0.04425245113791747,0.08161885992369021,True,8.05065053129716e-06,0.12858210763472794,False
40,156.76855895196508,0.12189409265911808,0.035453655031164925,0.0777389312158373,True,1.4599762690222634e-05,0.11193470059996703,True
40,156.9868995633188,0.11404622773594829,0.026761378670848046,0.07390399457507207,True,1.4599762690222634e-05,0.11193470059996703,False
40,157.2052401746725,0.10581968733467005,0.018996810822702107,0.07047611677220297,True,2.3936358119219642e-05,0.10437575692982282,False
40,157.64192139737992,0.0881224788544837,0.008708883753110666,0.06593010213301544,True,2.9744938501861113e-05,0.09572251855512943,False
40,157.86026200873363,0.08383211143165306,0.005559005338462775,0.06453713707054781,True,5.522257634447964e-06,0.08729445084205674,False
40,158.07860262008734,0.07908996571609268,0.0024350074939263316,0.06313855028482104,True,2.1587443374170434e-06,0.08729445084205674,False
40,158.29694323144105,0.07908996571609268,0.000777414363776334,0.06233690537015769,True,3.7298464080882605e-06,0.07907913099310944,False
40,158.73362445414847,0.08313763917422533,0.0028903434940141005,0.0631406972883208,True,1.4383781541310926e-05,0.08563474593723679,False
40,158.95196506550218,0.0852385077755813,0.0060676768149252125,0.06448822452093021,True,1.397597614300884e-05,0.09401930448003572,False
40,159.1703056768559,0.09034931318292867,0.009273999175207057,0.06582705769460896,True,2.95668018844825e-05,0.09401930448003572,False
40,159.3886462882096,0.0973731694600355,0.015019502524611011,0.06826870196803553,True,9.915328533831232e-06,0.10088660017345434,False
40,159.6069868995633,0.10581968733467005,0.022511457606401317,0.0715469158379629,True,2.5229361429287657e-05,0.10967680488439165,False
40,159.82532751091702,0.1149988881917128,0.03104244584229104,0.07530115760963058,True,5.259935732227348e-06,0.10967680488439165,False
40,160.04366812227073,0.12291230855431186,0.039587380630493864,0.0790353984441742,True,1.579166739034379e-05,0.12855787604095373,False
40,160.26200873362444,0.13137027524096603,0.047320233691618675,0.08244553953021343,True,2.4948472227588534e-05,0.12853376356759766,False
40,160.48034934497818,0.13924708972995206,0.05624001063977242,0.08641739562259913,True,2.365214877747722e-06,0.1412055267780718,False
40,160.6986899563319,0.15007231363938384,0.06640143449042482,0.09093331855176502,True,2.6819414673962586e-05,0.15406844049048413,False
40,160.9170305676856,0.15775272815491437,0.07668572357113962,0.09552818903554103,True,0.004748785213561675,0.15406844049048413,False
40,161.1353711790393,0.16445249334775341,0.08696375405662271,0.1001471138403021,True,0.004896126762323995,0.1626799916783675,False
40,161.35371179039302,0.17143679785832194,0.09631839525657043,0.10437377813708765,True,0.015771231776267974,0.16260962069940496,True
40,161.57205240174673,0.17723721341914778,0.10576991412599773,0.10867108568974873,True,0.03033764201931432,0.17135433140892556,False
40,161.79039301310044,0.1832338810162842,0.11303828156595915,0.11532166709780202,True,0.030448809099694583,0.17127255585589757,True
40,162.00873362445415,0.18943344066739076,0.11667113738511282,0.1232363830792076,True,0.04529906284132992,0.17127255585589757,True
40,162.22707423580786,0.1942203791888339,0.12004633317881473,0.1305608802327967,True,0.045389309338048,0.1711911806890417,True
40,162.44541484716157,0.1942203791888339,0.12401868780135733,0.139151561372054,True,0.06442563236979724,0.1711102039583095,True
40,162.66375545851528,0.1974786870918886,0.12710327465054885,0.1457982936088869,True,0.08386483622791721,0.1711102039583095,True
40,162.882096069869,0.2007916574893502,0.12825607779202872,0.148290373416161,True,0.08390186982887364,0.1710296237230489,True
40,163.1004366812227,0.20246892709953324,0.1294128960983897,0.15078980367520622,True,0.09979320229626037,0.1710296237230489,True
40,163.3187772925764,0.20246892709953324,0.13057375955707587,0.15329659755792568,True,0.09180703300831196,0.1710296237230489,True
40,163.53711790393012,0.20246892709953324,0.12848711928533474,0.1487896710077718,True,0.09183316158866098,0.17094943805196028,True
40,163.75545851528383,0.20246892709953324,0.1261839031170916,0.1438099131245296,True,0.07612455000119366,0.17094943805196028,True
40,163.97379912663754,0.2007916574893502,0.12389653536486477,0.1388594602810485,True,0.0760770767836268,0.1710296237230489,True
40,164.19213973799123,0.1974786870918886,0.12101322320034853,0.13261263960855257,True,0.05307837626325317,0.1710296237230489,True
40,164.41048034934497,0.1942203791888339,0.11764054825870252,0.12529700072921726,True,0.03444781043352151,0.1710296237230489,True
40,164.6288209606987,0.19101583187406054,0.11430162970269671,0.11804633598729584,True,0.03444781043352151,0.16666985491422537,True
40,164.8471615720524,0.1863078756460768,0.11033031822291008,0.1107523457792301,True,0.01629209640082053,0.16666985491422537,True
40,165.06550218340612,0.18021060589016918,0.09967127274375868,0.10586465794233639,True,0.01629209640082053,0.16233156868086143,True
40,165.28384279475983,0.1757689654458906,0.08914637187544767,0.10105606789016075,True,3.372976972809402e-05,0.15801470881047325,True
40,165.72052401746726,0.16173910251736617,0.06766352089465746,0.09125417456153333,True,2.054960542813567e-05,0.1494450347156805,True
40,165.93886462882097,0.15386460573222413,0.0564591164221295,0.08613941792803324,True,1.018993136266732e-05,0.1494450347156805,False
40,166.15720524017468,0.14637348995176247,0.04542330690985851,0.08110109805136755,True,1.018993136266732e-05,0.1367497196995439,False
40,166.3755458515284,0.13694957651662307,0.03494551472904042,0.0763157196841216,True,3.3729769727986375e-05,0.12011707172211018,True
40,166.5938864628821,0.1281323996186959,0.025298101509694654,0.0719069308968472,True,3.3729769727986375e-05,0.12011707172211018,False
40,166.8122270742358,0.11988289595077614,0.01648247694256172,0.0678751839578828,True,1.812805124488936e-05,0.10600953754677904,True
40,167.03056768558952,0.11123533691669137,0.008124206290665986,0.06404919284205086,True,1.812805124488936e-05,0.10600953754677904,False
40,167.46724890829694,0.09418645242444765,0.0037248015506040327,0.058618372234994026,True,1.5230277840883286e-05,0.09709080122129189,False
40,167.68558951965065,0.08595052918372621,0.007793712509757459,0.05675128128664813,True,1.3658025612965228e-05,0.08669520047097792,False
40,167.90393013100436,0.07908996571609268,0.011254592923359027,0.05516131978137751,True,3.353585122175624e-06,0.07827304845199415,False
40,168.12227074235807,0.07461606978696339,0.014222183609971106,0.05372226098652973,True,3.353585122175624e-06,0.07827304845199415,False
40,168.34061135371178,0.07338493880537741,0.01629255725033274,0.05269250424261874,True,1.4993743357605255e-05,0.07005746918338068,True
40,168.5589519650655,0.07338493880537741,0.017497589835349537,0.05205941679475576,True,2.8977183592045974e-06,0.07168458240250605,False
40,168.77729257641923,0.07277701180410037,0.015446569530729074,0.052929697926733174,True,2.8977183592045974e-06,0.07168458240250605,False
40,168.99563318777294,0.07338493880537741,0.01289207794045738,0.05402262423866554,True,1.9268403534859424e-07,0.07994059702856257,False
40,169.43231441048036,0.08244891998335048,0.005042309443052393,0.05737175513724025,True,8.813232359251128e-06,0.08662194015049429,False
40,169.65065502183407,0.08960085187840398,0.0002356861908822407,0.05968866981483528,True,1.5230277840883286e-05,0.0970487546837917,False
40,169.86899563318778,0.0957665567552959,0.006434969062790917,0.06250458048502579,True,1.5230277840883286e-05,0.0970487546837917,False
40,170.0873362445415,0.10321155558379493,0.013111191532248536,0.06553343420688712,True,2.4546765233094534e-05,0.10418577435385112,False
40,170.3056768558952,0.11031385403602635,0.02049992492893915,0.06886601556987065,True,4.951034612667198e-05,0.11192350397880255,False
40,170.5240174672489,0.11790488306710861,0.029448307903346942,0.07294331816163566,True,2.7587975446929842e-05,0.1119224144009665,False
40,170.74235807860262,0.12497432773076422,0.03913359332124784,0.07738461705712193,True,4.352012443445107e-05,0.12008078957736798,False
40,170.96069868995633,0.13357418817652839,0.04893542273344247,0.08190161194667994,True,3.0442422827865132e-05,0.12008078957736798,True
40,171.39737991266375,0.14516091965789296,0.06891928713926418,0.09114566347219245,True,1.823316834133624e-05,0.13244540519208112,True
40,171.61572052401746,0.15132591019884523,0.07768408475873617,0.09524679982156663,True,2.4802481492476543e-05,0.13657880610491863,True
40,171.83406113537117,0.1564458912953126,0.08565330923212745,0.09899907705656603,True,2.4802481492476543e-05,0.13657880610491863,True
40,172.05240174672488,0.1603992421974796,0.09474975933858411,0.10331423319407369,True,0.01705432810104301,0.1365451255533944,True
40,172.2707423580786,0.16445249334775341,0.10326279938623624,0.10736775891554967,True,0.0173034211408885,0.1364782600693094,True
40,172.4890829694323,0.16721140495625703,0.10911943719062359,0.11016085132823568,True,0.03526568797625229,0.1364782600693094,True
40,172.707423580786,0.17001660101511215,0.11238250362366714,0.11377512244774016,True,0.05377300757403976,0.1364450735176078,True
40,172.92576419213975,0.17286885800818205,0.11408126385164061,0.11733020413915173,True,0.05377300757403976,0.1364450735176078,True
40,173.14410480349346,0.17431288056225422,0.11484611379117679,0.11892125745056574,True,0.0727105259948256,0.13641205001996334,True
40,173.36244541484717,0.17431288056225422,0.11503408641975373,0.11931976285940453,True,0.06133508974728499,0.13641205001996334,True
40,173.58078602620088,0.17431288056225422,0.11276324973223577,0.1145727493804352,True,0.06133508974728499,0.13641205001996334,True
40,173.7991266375546,0.17431288056225422,0.10933719405033358,0.11026473607710824,True,0.042671735012912604,0.1364450735176078,True
40,174.0174672489083,0.17431288056225422,0.10347892938100853,0.1074708034246737,True,0.024546960636121384,0.1364450735176078,True
40,174.235807860262,0.17286885800818205,0.09766446623375931,0.10469937108378559,True,0.024546960636121384,0.1364450735176078,True
40,174.45414847161572,0.16860816920192295,0.09174024737477461,0.10187704326770196,True,0.006884214727626544,0.1364450735176078,True
40,174.67248908296943,0.16445249334775341,0.08259127072002992,0.09753137752573648,True,0.006746726589899713,0.13233290461313837,True
40,174.89082969432314,0.16173910251736617,0.07352677488439571,0.09326500889377956,True,9.61897246443129e-06,0.12820837421117923,True
40,175.10917030567686,0.15775272815491437,0.06458268797355866,0.08903959417424262,True,9.61897246443129e-06,0.12820837421117923,True
40,175.32751091703057,0.15007231363938384,0.05575132886834842,0.0848603281307457,True,2.5757146016831212e-05,0.12410459687415178,True
40,175.54585152838428,0.14637348995176247,0.04697799246085409,0.08077924973475793,True,1.7273250285199665e-05,0.12412170955833737,True
40,175.764192139738,0.1415831468154104,0.03525764312037157,0.07528536888554611,True,2.3627475586482084e-05,0.11191810945225214,True
40,175.9825327510917,0.13581507471375706,0.024433070755201732,0.07017083092335977,True,2.027690589859202e-05,0.11191810945225214,True
40,176.2008733624454,0.12920272585957407,0.016078342671187167,0.06622012610165336,True,1.1420769175508353e-05,0.10590408502966513,True
40,176.41921397379912,0.12189409265911808,0.00896053152588053,0.06288069573108025,True,1.535249504082872e-05,0.10041277544039595,True
40,176.63755458515283,0.1149988881917128,0.0027367595641078664,0.06006342954896894,True,2.260103728703171e-05,0.10041277544039595,True
40,176.85589519650654,0.10759495481680233,0.0016305181978087861,0.05805030231169098,True,4.400261108984439e-06,0.08969016150033848,True
40,177.07423580786025,0.10321155558379493,0.00738080441862043,0.05533392158911226,True,2.1325144581005175e-05,0.08969016150033848,True
40,177.292576419214,0.0934062039359237,0.021285014004556603,0.04875502340965149,True,1.1732144711009467e-05,0.08272519987633006,True
40,177.5109170305677,0.08885859089023627,0.0348957369553539,0.04229804226150829,True,3.0505027035601216e-05,0.07253734143322559,True
40,177.7292576419214,0.08313763917422533,0.03595829226352087,0.048219338472033656,True,3.0984336605272694e-05,0.07253734143322559,True
40,177.94759825327512,0.07778501750046492,0.03411524857956631,0.05176818737684297,True,8.25764661163466e-07,0.06609335175543128,True
40,178.16593886462883,0.07523935896067623,0.0335837306180066,0.05250594816539656,True,9.32019747096952e-06,0.06609335175543128,True
40,178.38427947598254,0.07399794399315483,0.03351799357284698,0.05244031824557179,True,0.025671633530145507,0.06609335175543128,True
40,178.60262008733625,0.07277701180410037,0.033243898865335214,0.0526980995134462,True,0.025671633530145507,0.06609335175543128,True
40,178.82096069868996,0.07217412092119992,0.03266426278902543,0.05349772846211717,True,0.025234777777387002,0.06609335175543128,True
40,179.03930131004367,0.0715762244370481,0.03264145167761734,0.05295451297892468,True,1.6904589610602768e-06,0.0658606801543253,True
40,179.4759825327511,0.07908996571609268,0.03323975263942899,0.05079162906484299,True,1.4248729501004937e-05,0.0690886987350044,True
40,179.6943231441048,0.08244891998335048,0.036763395883129206,0.043033112072783236,True,1.8589843304698406e-05,0.07570011427097655,True
40,179.9126637554585,0.0881224788544837,0.018905480180471564,0.048256665025078006,True,4.5995647523923006e-05,0.07570011427097655,True
40,180.13100436681222,0.09263241909146083,0.005994261334448289,0.05438869421250307,True,1.621061178092856e-05,0.08422710249438771,True
40,180.34934497816593,0.0973731694600355,0.0009116918127259205,0.05672805895891008,True,7.534641026926956e-06,0.08950856907370346,True
40,180.56768558951964,0.10321155558379493,0.003289904676829212,0.05864792362675615,True,3.447403831263342e-05,0.08944863201791853,True
40,180.78602620087335,0.10940000479699803,0.008077860319843632,0.06081209605941898,True,1.7113226601890647e-05,0.09478278717862362,True
40,181.00436681222703,0.1149988881917128,0.015312538921981585,0.06419666818016374,True,4.8792624138636635e-06,0.09478278717862362,True
40,181.22270742358077,0.11988289595077614,0.022581341551563713,0.06765794853372488,True,1.1255783275659553e-05,0.0983915412925606,True
40,181.4410480349345,0.12393902989539408,0.02993527496939755,0.07114662996635616,True,1.3517025128385742e-05,0.10020336237284695,True
40,181.65938864628825,0.12601827370230928,0.03822088066164097,0.07510046085408201,True,1.3517025128285049e-05,0.10020336237284695,True
40,181.87772925764193,0.13357418817652839,0.0465047626867466,0.07911748070472938,True,4.150908056447185e-05,0.1001448450938991,True
40,182.09606986899564,0.13694957651662307,0.05296665963713944,0.08226185939352715,True,1.0563454015336051e-06,0.1001448450938991,True
40,182.31441048034935,0.13924708972995206,0.059467063563232364,0.08545503068158405,True,7.265586013034813e-07,0.10011580204954659,True
40,182.53275109170303,0.1415831468154104,0.0660081290320657,0.0886958933879452,True,1.24548159250881e-05,0.10005814362760264,True
40,182.75109170305677,0.14395839439825794,0.0694046498779048,0.09038225805117393,True,0.015143041885967089,0.10005814362760264,True
40,182.96943231441048,0.14637348995176247,0.07157437490285418,0.09145957035399384,True,0.015264526010811843,0.10002952685096733,True
40,183.1877729257642,0.14882910197918947,0.07266996873689241,0.09201560946074694,True,0.029304220410408262,0.10002952685096733,True
40,183.4061135371179,0.14882910197918947,0.07155085099684062,0.09148301751331293,True,0.015143041885967089,0.10005814362760264,True
40,183.6244541484716,0.14882910197918947,0.06605306765011072,0.08876004452780417,True,0.015143041885967089,0.10005814362760264,True
40,183.84279475982532,0.14882910197918947,0.06059170218703849,0.08606278186116723,True,7.554207133315693e-06,0.10008690179452771,True
40,184.06113537117903,0.14882910197918947,0.05515537526667,0.08340195303512772,True,2.3721063103278688e-05,0.10011580204954652,True
40,184.27947598253272,0.14637348995176247,0.049755749102189765,0.0807653352815047,True,2.3721063103278688e-05,0.10011580204954652,True
40,184.49781659388643,0.14516091965789296,0.043610694010068535,0.07776970368486866,True,4.150908056447185e-05,0.10014484509389904,True
40,184.93449781659388,0.1415831468154104,0.02611239498709829,0.06932183667492081,True,2.202193175416321e-05,0.09648134546714769,True
40,185.1528384279476,0.1380935551345143,0.016761240548842437,0.06482861689323073,True,2.346545883811638e-05,0.09648134546714769,True
40,185.3711790393013,0.13357418817652839,0.010977159927882042,0.06210253904236982,True,4.4200089793618003e-07,0.09464964362103578,True
40,185.58951965065503,0.13137027524096603,0.005830485599033261,0.05970025618963345,True,2.9439221409022842e-06,0.09469380634575449,True
40,185.80786026200877,0.12707094005036126,0.00071408543657226,0.05732331201193791,True,3.5610512930647656e-05,0.08927058179665455,True
40,186.02620087336248,0.12291230855431186,0.010036345300718839,0.0521629008463454,True,2.360214916289476e-05,0.08872897750226001,True
40,186.24454148471617,0.11790488306710861,0.02713925859282204,0.04387315847513966,True,1.736698522398105e-05,0.09463528668480391,True
40,186.46288209606988,0.11216451720496469,0.03578784423486433,0.04380775138880414,True,1.125578327576025e-05,0.09463528668480391,True
40,186.6812227074236,0.10849372596187748,0.028302161034579294,0.05923164250962678,True,2.6323756214009034e-05,0.0975658462022086,True
40,186.8995633187773,0.10321155558379493,0.02657580033126688,0.06294435299063281,True,4.210160269444158e-06,0.0975658462022086,False
40,187.117903930131,0.09818655513563897,0.0247531274402007,0.06653007924962952,True,0.007034781057784957,0.10048145704293933,False
40,187.33624454148472,0.0934062039359237,0.022905693584787407,0.07006047464595636,True,0.0065160785055972436,0.10048145704293933,False
40,187.55458515283843,0.08885859089023627,0.020766904079326402,0.07416718362625968,True,0.006002493653948531,0.10048145704293933,False
40,187.77292576419217,0.0852385077755813,0.018493834446323385,0.07852950750648605,True,0.006002493653948531,0.10048145704293933,False
40,187.99126637554585,0.07908996571609268,0.016657838189997044,0.08199752044737249,False,0.0057476044931668475,0.10048145704293933,False
40,188.20960698689956,0.07714063987743862,0.014817838436571473,0.08503544539542672,False,0.0057476044931668475,0.10048145704293933,False
40,188.42794759825327,0.07523935896067623,0.01328037359653693,0.08741538860624655,False,0.005241601234458261,0.10048145704293933,False
40,188.64628820960695,0.07338493880537741,0.01301705878444972,0.08725027542242644,False,0.00474058980396651,0.10021231195134352,False
40,188.8646288209607,0.0715762244370481,0.013715632924627748,0.0853415786373783,False,0.00474058980396651,0.10021231195134352,False
40,189.51965065502185,0.07277701180410037,0.018077575405025286,0.07486370466840998,False,0.003998324256153735,0.09994448498360502,False
40,189.73799126637556,0.07399794399315483,0.020267305816567587,0.06973159501178806,True,0.003753345042740392,0.09967796971651333,False
40,189.95633187772927,0.07586785464546869,0.022776829984608376,0.06418196147102095,True,0.003753345042740392,0.0994127597578425,False
40,190.17467248908295,0.07778501750046492,0.0242268361444911,0.0607634036410776,True,0.0035095770461248082,0.0994127597578425,False
40,191.48471615720524,0.0957665567552959,0.0016594516468005785,0.05492510404389025,True,1.8939269943935853e-05,0.07781794728221379,True
40,191.70305676855895,0.0973731694600355,0.0037416149448400346,0.055829648037026225,True,1.326543043255814e-06,0.07765212273536652,True
40,191.92139737991263,0.10066770630625965,0.006766898713084783,0.05723402771200048,True,1.326543043255814e-06,0.07765212273536652,True
40,192.13973799126637,0.10321155558379493,0.011770835767244334,0.05976756346811712,True,1.8491763545800815e-05,0.07748792321772364,True
40,192.35807860262008,0.10494306815034328,0.018040903913952827,0.06298946597691003,True,1.8491763545800815e-05,0.07748792321772364,True
40,192.5764192139738,0.10759495481680233,0.02512152787360342,0.06665428868011372,True,1.453058930716645e-05,0.0774064278723623,True
40,192.7947598253275,0.11031385403602635,0.0275362890788293,0.0679036253947447,True,2.0750774335601342e-05,0.07724463614839608,True
40,193.0131004366812,0.11216451720496469,0.02911054619036365,0.06871798078734596,True,2.0750774335601342e-05,0.07724463614839608,True
40,193.23144104803492,0.11310145919947318,0.02911054619036365,0.06871798078734596,True,5.034803061666008e-06,0.07732533283671825,True
40,193.44978165938863,0.11404622773594829,0.026388194902188848,0.06730966018809054,True,1.1884029185394952e-05,0.07732533283671825,True
40,193.66812227074232,0.1149988881917128,0.02131073794928978,0.06468615856101056,True,1.8491763545800815e-05,0.07748792321772364,True
40,193.88646288209608,0.11595950649020466,0.016239043257432133,0.062113768560290085,True,1.8491763545800815e-05,0.07748792321772364,True
40,194.1048034934498,0.11692814910553918,0.011324802871300133,0.05965309964639144,True,1.8491763545800815e-05,0.07748792321772364,True
40,194.3231441048035,0.11692814910553918,0.0072716986891136455,0.0576749286955884,True,6.4144931538274345e-06,0.07756982084482567,True
40,194.5414847161572,0.11692814910553918,0.0036412144563169307,0.0559739537477121,True,7.2170099930754035e-06,0.07577540678545475,True
40,194.75982532751092,0.11595950649020466,0.000581162230938994,0.054557250342500176,True,6.918618028030505e-06,0.08281956432875465,True
40,196.0698689956332,0.10849372596187748,0.022499256545965546,0.06355596599260711,True,0.000751634070699949,0.10356649541272292,True
40,196.2882096069869,0.10581968733467005,0.020805577617354194,0.06724500651494489,True,3.619825865273512e-06,0.10922666612300662,False
40,196.5065502183406,0.10321155558379493,0.01781160320507634,0.0734501417898226,True,3.619825865273512e-06,0.10922666612300662,False
40,196.72489082969432,0.10066770630625965,0.01509964893356144,0.07894113456164241,True,6.479062210054627e-06,0.10922666612300662,False
40,196.94323144104803,0.09818655513563897,0.013349888936484424,0.08244567159410641,True,6.479062210054627e-06,0.10922666612300662,False
40,197.16157205240177,0.0957665567552959,0.011071257856315964,0.08687678165334746,True,1.5782333991658297e-05,0.10922666612300662,False
40,197.37991266375545,0.09263241909146083,0.008429681192061545,0.09200551813904732,False,1.5782333991658297e-05,0.10922666612300662,False
40,197.59825327510916,0.08960085187840398,0.006926864161151225,0.09484870526364701,False,7.5190520364787055e-06,0.10922666612300662,False
50,2.4017467248908297,0.11692814910553918,0.001855100449860072,0.08506606543330525,True,0.00014303524192239657,0.1859212451205676,False
50,2.620087336244542,0.12497432773076422,0.0023607259256742136,0.09665387028088558,True,0.00021402506571635113,0.19659361826314342,False
50,2.8384279475982535,0.13581507471375706,0.0029244755490807745,0.10694530196367483,True,0.00021402506571635113,0.19659361826314342,False
50,3.056768558951965,0.14276583095894935,0.003345049637620152,0.11882496008754576,True,0.00028466533486469134,0.2072962570920963,False
50,3.2751091703056767,0.15132591019884523,0.0039771736088183495,0.13242892588961883,True,0.00028466533486469134,0.2129123084375871,False
50,3.493449781659389,0.1564458912953126,0.004726493152887607,0.14254598996664072,True,0.0005976228999842352,0.21240549043787202,False
50,3.711790393013101,0.16445249334775341,0.005304842995379925,0.15162942403545376,True,0.0007153863354932845,0.21751102542441703,False
50,3.930131004366812,0.17001660101511215,0.005881821885469922,0.1607843569412448,False,0.0010120471048383351,0.21751102542441703,False
50,4.148471615720524,0.17431288056225422,0.00646977137200624,0.1694408146735249,False,0.0016201739493919435,0.21699644113464645,False
50,4.366812227074236,0.1757689654458906,0.007045264866965628,0.17708611177689243,False,0.002072850553243514,0.21597467869328768,False
50,4.585152838427947,0.17871772608375985,0.007559806949869289,0.18270742060223738,False,0.002537381584095463,0.21597467869328768,False
50,4.8034934497816595,0.18171595614461516,0.00818202207781212,0.18707220071975497,False,0.0028123752053261894,0.2154674774144246,False
50,5.021834061135372,0.18476448554451658,0.008681766888329095,0.18842137269794498,False,0.0033396531585043058,0.2154674774144246,False
50,5.240174672489083,0.18476448554451658,0.009119433875865746,0.18840517225634876,False,0.00366456244543256,0.21496271409754367,False
50,5.458515283842795,0.1832338810162842,0.00926601971396544,0.18494493872330384,False,0.003987858067430752,0.214460377307138,False
50,5.676855895196507,0.18171595614461516,0.009343896410298308,0.18063930380955392,False,0.0033582824892933226,0.214460377307138,False
50,5.895196506550218,0.18171595614461516,0.009479836461165648,0.1755564470757148,False,0.003185107025153997,0.2134629378179835,False
50,6.11353711790393,0.18021060589016918,0.00945056191696752,0.1692394617891817,True,0.003185107025153997,0.2134629378179835,False
50,6.331877729257642,0.1757689654458906,0.00930291598330952,0.16230304991750685,True,0.0026587235010783195,0.21296781250188077,False
50,6.550218340611353,0.17143679785832194,0.008983319354568078,0.1528529195545484,True,0.002829054874004378,0.20698889071848095,False
50,6.7685589519650655,0.16860816920192295,0.008641961475740862,0.14349324122582963,True,0.002053006552709292,0.20698889071848095,False
50,6.986899563318778,0.16309015507015975,0.008279242310258414,0.1342243176038035,True,0.0014478045321465842,0.20603457549925736,False
50,7.205240174672489,0.15775272815491437,0.007821853727602992,0.12389716188330095,True,0.0015245277342726057,0.20013010077771856,False
50,7.423580786026201,0.15007231363938384,0.00731889721894375,0.11322802894028158,True,0.001083533405541292,0.20013010077771856,False
50,7.641921397379913,0.14276583095894935,0.006769195187099411,0.10126318009450071,True,0.0011377953766426973,0.18889164217908586,False
50,7.860262008733624,0.13581507471375706,0.00612005908601636,0.08952446478384339,True,0.0011377953766426904,0.17819204980807557,False
50,8.296943231441048,0.1149988881917128,0.004822537131525565,0.06848874923491376,True,0.0012455191966610042,0.16154667089658972,False
50,8.51528384279476,0.10759495481680233,0.004311642237573234,0.059969564625462504,True,0.0012455191966610042,0.16154667089658972,False
50,8.733624454148472,0.09818655513563897,0.003983435103926916,0.05427385549711916,True,0.0012989836702480763,0.14040574922732824,False
50,8.951965065502183,0.0881224788544837,0.003623682022607532,0.048686219413538644,True,0.0013521849252291082,0.14008320304526806,False
50,9.170305676855897,0.07650160033280329,0.0032436811588875667,0.04315101592163358,True,0.0013521849252291082,0.11969213516044583,False
50,9.388646288209609,0.06370752765825721,0.0028848686912319316,0.0376268746158414,True,0.0014051242578298415,0.09940900611176391,False
50,9.60698689956332,0.05261362994623849,0.002513141239465025,0.032147810409271414,True,0.0014051242578298415,0.09940900611176391,False
50,10.91703056768559,0.020897132923324787,0.0029026521150446404,0.03469075300806787,False,0.0016142880660741886,0.09359801009765312,False
50,11.135371179039302,0.022521699321077594,0.003282457973069325,0.03887154134438608,False,0.0016142880660741904,0.1133417148434198,False
50,11.353711790393014,0.028428714721624275,0.0037824210215535842,0.04426394627615428,False,0.0016142880660741904,0.1133417148434198,False
50,11.572052401746724,0.03772155569225442,0.004319253340713396,0.04965194304267542,False,0.0016659370077279191,0.13311980121895747,False
50,11.790393013100436,0.05005206101567132,0.004847709835498222,0.05508074774997213,False,0.0016659370077279226,0.15348703904433172,False
50,12.008733624454148,0.06010377279422934,0.005464332675645328,0.061533236714765314,False,0.0016659370077279226,0.15348703904433172,False
50,12.22707423580786,0.07714063987743862,0.00613505783924769,0.0684700329620835,True,0.0017173316713343352,0.173790570558871,False
50,12.445414847161572,0.0852385077755813,0.0070941762132805675,0.07815363550235346,False,0.0017173316713343352,0.173790570558871,False
50,12.663755458515285,0.09497321854968295,0.00820219146339553,0.08879427319662225,False,0.0017684733090690661,0.17860327630290687,False
50,12.882096069868997,0.10494306815034328,0.009475950429730772,0.10149216469525907,False,0.0017684733090690679,0.17860327630290682,False
50,13.100436681222709,0.11404622773594829,0.010689774562375954,0.11342161256820106,False,0.002127437902136765,0.19432616349244913,False
50,13.31877729257642,0.12189409265911808,0.011885207152698862,0.12492242231014236,False,0.0021886567770568427,0.19916366765858345,False
50,13.537117903930133,0.12920272585957407,0.012768043121575194,0.132364229027533,False,0.003399894621028636,0.19872307786724558,False
50,13.755458515283843,0.13694957651662307,0.01375303521447653,0.14020389813485643,False,0.003399894621028636,0.20400036691481105,False
50,13.973799126637555,0.14276583095894935,0.01489446086727043,0.15043458695870143,False,0.00535742723275341,0.20400036691481105,False
50,14.192139737991264,0.15007231363938384,0.015898261027684595,0.1591251844424585,False,0.0069618582722766695,0.20400036691481105,False
50,14.410480349344978,0.1551498803820991,0.01678181741458441,0.16648839816634145,False,0.007149399953498993,0.20355079858642017,False
50,14.62882096069869,0.15775272815491437,0.01764184673618748,0.17252505846654867,False,0.009064878596830922,0.2031033971472623,False
50,14.847161572052402,0.16309015507015975,0.01846025769777307,0.17788527599077114,False,0.009064878596830922,0.2031033971472623,False
50,15.065502183406114,0.16582621162300412,0.018909877854958974,0.18078427494492477,False,0.010834294291456504,0.2031033971472623,False
50,15.283842794759826,0.16721140495625703,0.01920861629652924,0.18157133988909177,False,0.012189468219390764,0.2031033971472623,False
50,15.502183406113538,0.17001660101511215,0.01929311812187519,0.17981996452876292,False,0.010650863601117005,0.20265815237543383,False
50,15.720524017467248,0.17001660101511215,0.019006596855024517,0.17591324716350107,False,0.010912419629084447,0.20221505409508939,False
50,15.93886462882096,0.17143679785832194,0.01866002731920072,0.17126644684747994,False,0.00906466095543848,0.20221505409508939,False
50,16.157205240174672,0.17001660101511215,0.018387966547521208,0.16656507856910582,False,0.009064660955438487,0.20221505409508936,False
50,16.375545851528383,0.17001660101511215,0.017844981313050276,0.16035365324908696,True,0.007432015308721237,0.2017740921762555,False
50,16.593886462882097,0.16721140495625703,0.01694817885236295,0.1513979736772001,True,0.007432015308721237,0.2017740921762555,False
50,16.812227074235807,0.16445249334775341,0.01613989968960424,0.14242906472218544,True,0.005754031125893212,0.1961238292126802,False
50,17.03056768558952,0.16173910251736617,0.01527637010731789,0.13358773224422407,True,0.003942831914107772,0.1961238292126802,False
50,17.24890829694323,0.15775272815491437,0.014196413236183602,0.12348474379902236,True,0.004031767785559566,0.19569791005818754,False
50,17.467248908296945,0.15258997840557964,0.013176721286773836,0.11337552564528496,True,0.002217565463571019,0.1956979100581875,False
50,17.685589519650655,0.14759618918888356,0.012157041239590403,0.10336706324229541,True,0.002217565463571019,0.18535504641181266,False
50,17.903930131004365,0.14276583095894935,0.011027866279012316,0.0926712694016532,True,0.0022662443699362797,0.17470987904391808,False
50,18.12227074235808,0.13694957651662307,0.009782134364370356,0.08156109491797801,True,0.0023146836238051873,0.17433084106675284,False
50,18.558951965065503,0.12189409265911808,0.007369584784642906,0.06077092877861134,True,0.002362884405296713,0.15880232112492787,False
50,18.777292576419217,0.11404622773594829,0.006769716997375868,0.05536769392830402,True,0.002362884405296713,0.1438316523063509,False
50,18.995633187772924,0.10581968733467005,0.006104520788870038,0.04933503179742503,True,0.0024108478887157956,0.12388483770102462,False
50,19.21397379912664,0.0973731694600355,0.0053005637750158235,0.042726763237006006,True,0.0024108478887157974,0.12388483770102462,False
50,19.43231441048035,0.08666849830844768,0.004751831776996303,0.03824249565466821,True,0.0024108478887157974,0.10457782444241932,False
50,21.61572052401747,0.025093802408677417,0.005216152881673631,0.03899925974115816,False,0.0026003521258786515,0.1036744141116311,False
50,21.83406113537118,0.02914710166078673,0.005739042098630665,0.042901964708697185,False,0.00264714653201914,0.12738024979983587,False
50,22.05240174672489,0.033855113760298934,0.006587189425623376,0.0492281327507272,False,0.00264714653201914,0.12738024979983587,False
50,22.270742358078603,0.04031728971732055,0.007447529371405402,0.055501326830681576,False,0.00264714653201914,0.14198192482162242,False
50,22.489082969432314,0.04761520568864665,0.008240963655221069,0.060716495326228866,False,0.002693710565418758,0.1416788730421288,False
50,22.707423580786028,0.06265638262630553,0.009508481273062848,0.06948028874029161,False,0.002693710565418758,0.1514938762239074,False
50,22.925764192139734,0.06923376013172201,0.011228027827898756,0.0815244077586048,False,0.002693710565418758,0.16636659444314728,False
50,23.14410480349345,0.07908996571609268,0.012671953694733822,0.09143173302358709,False,0.002693710565418758,0.16636659444314728,False
50,23.36244541484716,0.08739246483270766,0.014029386118323044,0.10079445443657596,False,0.002693710565418758,0.17136395316422265,False
50,23.580786026200872,0.09497321854968295,0.015195218399850743,0.109076370207727,False,0.0032962022488794715,0.17100113972421754,False
50,23.799126637554583,0.10321155558379493,0.016518777365961343,0.11797364283936973,False,0.0055491988183972475,0.17600802147008,False
50,24.017467248908297,0.11123533691669137,0.017999373247227734,0.12770748950740585,False,0.0055491988183972475,0.17600802147008,False
50,24.23580786026201,0.11790488306710861,0.019055724314589503,0.13436569953894395,False,0.007981494645603947,0.17563677138333067,False
50,24.45414847161572,0.12393902989539408,0.01996850514262322,0.13994941188991927,False,0.007981494645603947,0.1756367713833308,False
50,24.67248908296943,0.12920272585957407,0.02089480898096095,0.14555393432815186,False,0.010371127421389582,0.1756367713833308,False
50,24.890829694323145,0.13468997121918416,0.021687457058669233,0.15018159546758,False,0.01281434894667288,0.18065312851289841,False
50,25.109170305676855,0.1380935551345143,0.022212270655844767,0.152950512453476,False,0.01281434894667288,0.18065312851289841,False
50,25.32751091703057,0.1415831468154104,0.02260231783726466,0.15478640731904925,False,0.014925377275171275,0.18027352198261223,False
50,25.54585152838428,0.14395839439825794,0.022990505538049398,0.15605425056217617,False,0.014288304598695716,0.18027352198261223,False
50,25.76419213973799,0.14637348995176247,0.023198701682764264,0.1559242566146956,False,0.014288304598695716,0.18027352198261223,False
50,25.982532751091703,0.14882910197918947,0.02313050631311656,0.15470958007028557,False,0.012598852959246785,0.179895753862897,False
50,26.200873362445417,0.15007231363938384,0.02257317874330027,0.15032356886630002,False,0.012598852959246785,0.179895753862897,False
50,26.419213973799128,0.15007231363938384,0.021767579831306658,0.14436058975149219,True,0.010089620758497406,0.179895753862897,False
50,26.63755458515284,0.15007231363938384,0.020770799486074524,0.13720256506355882,True,0.007755423317893494,0.17951981539620354,False
50,26.85589519650655,0.15007231363938384,0.019793087160354383,0.13007855676757973,True,0.007755423317893494,0.17951981539620354,False
50,27.074235807860266,0.14882910197918947,0.018839143768116684,0.12271098333371393,True,0.005396605769524055,0.1791456978652804,False
50,27.292576419213972,0.14637348995176247,0.01765186651242358,0.11431083491287468,True,0.005396605769524055,0.17416967961137905,False
50,27.510917030567686,0.14395839439825794,0.016334135469780554,0.10536829924701997,True,0.002968320075105099,0.16921330403437648,False
50,27.729257641921397,0.1415831468154104,0.014908420823768415,0.09579959742757164,True,0.0030133029515340796,0.16886092486033763,False
50,27.94759825327511,0.1380935551345143,0.013324054123184074,0.08528872643502262,True,0.0030133029515340796,0.15902727824200777,False
50,28.16593886462882,0.13468997121918416,0.011717707266123652,0.07471118771514751,True,0.0030580643754914956,0.15869640517387396,False
50,28.602620087336245,0.12393902989539408,0.009201956148564982,0.05774191714572219,True,0.0030580643754914956,0.13450964644728103,False
50,28.820960698689955,0.11888977596422079,0.008409189024652314,0.05253644753086608,True,0.003102605437434836,0.1342294054303036,False
50,29.03930131004367,0.11310145919947318,0.007614873116819985,0.0473655298633875,True,0.003102605437434836,0.11527988171767016,False
50,29.25764192139738,0.10581968733467005,0.006819004223147836,0.042229076653138665,True,0.003102605437434838,0.11527988171767015,False
50,29.475982532751093,0.09900673525226707,0.006021578597750166,0.03712699508878059,True,0.003146927222449677,0.10106820580858257,False
50,30.78602620087336,0.051316864833357484,0.0020346889841936127,0.012216723085582068,True,2.5564584121490114e-05,0.04680803918676055,False
50,31.004366812227076,0.04202956675669101,0.0020424580888986324,0.012208955107383705,True,2.556947733317826e-05,0.03811708754967004,False
50,31.222707423580783,0.033296519886962764,0.001024268864989101,0.006095938512497056,True,2.591467129659097e-05,0.05546407804895654,False
50,31.441048034934497,0.024272561320738625,0.0010081657649861492,0.005973728317044853,True,2.591467129659097e-05,0.0687451689591402,False
50,31.65938864628821,0.017402311427466174,0.003085265382854462,0.018198651103499303,False,2.5914671296590984e-05,0.06874516895914018,False
50,31.87772925764192,0.012791940073050094,0.005057231239320889,0.029692561078765743,False,0.0,0.08655639462480755,False
50,32.096069868995635,0.01148077215905924,0.005931763938315731,0.034670823800031045,False,0.0,0.08655639462480755,False
50,32.314410480349345,0.014252850641529775,0.0067263193117705145,0.039139017964655125,False,0.003322043108399519,0.10023303333950505,False
50,32.532751091703055,0.019229125662943793,0.007394444966232462,0.04290401498102914,False,0.003322043108399519,0.10945141176260438,False
50,32.751091703056765,0.025942829477486003,0.008209106134328173,0.04762095195475576,False,0.003365284598886604,0.10922645545770648,False
50,32.96943231441048,0.03413791511852991,0.009120681533204328,0.052724203901927315,False,0.0033652845988866057,0.12317641158064346,False
50,33.18777292576419,0.04031728971732055,0.010268634695012463,0.05908637224237054,False,0.0033652845988866057,0.12317641158064346,False
50,33.4061135371179,0.050891751611749185,0.011508931865961027,0.06591433141781602,False,0.0034083132116233678,0.13230563059794,False
50,33.624454148471614,0.05623413251903491,0.012896627897910575,0.07367453488760786,False,0.0034083132116233678,0.13230563059794,False
50,33.842794759825324,0.06477630706091278,0.014277874419158277,0.08151678806389479,False,0.0034083132116233678,0.13702612835887432,False
50,34.06113537117904,0.07217412092119992,0.015775482612599583,0.08931951444205552,False,0.0034083132116233678,0.14176652033230427,False
50,34.27947598253275,0.07908996571609268,0.017055692074977785,0.09594106809185442,False,0.004795352654251364,0.14176652033230427,False
50,34.49781659388646,0.08453238481262874,0.018193694243543723,0.10227965766628944,False,0.0048555915937662794,0.14147820612890225,False
50,34.71615720524017,0.09034931318292867,0.019158022195817418,0.10764149792460163,False,0.007707632519115314,0.14147820612890225,False
50,34.93449781659389,0.09656652193973611,0.020138042408075773,0.11302207256305433,False,0.009885885105195608,0.14147820612890225,False
50,35.1528384279476,0.10150861218166073,0.021265589661760103,0.1182914573203055,False,0.010007894338144346,0.14119129715211298,False
50,35.37117903930131,0.10581968733467005,0.021918660885701404,0.12132648470325637,False,0.012248560667220673,0.14119129715211298,False
50,35.58951965065502,0.10940000479699803,0.022339936191326994,0.12362420118410176,False,0.012248560667220673,0.14119129715211298,False
50,35.80786026200873,0.11310145919947318,0.022469489107057868,0.12349656210336075,False,0.014526222595769024,0.14119129715211298,False
50,36.02620087336245,0.11692814910553918,0.022359215561763523,0.12212900024859256,False,0.012248560667220673,0.14119129715211298,False
50,36.24454148471616,0.11988289595077614,0.0218556968764376,0.11941706978001505,False,0.010129302022287902,0.14090578662042222,False
50,36.46288209606987,0.11988289595077614,0.0210155583105321,0.1146101035283449,True,0.010129302022287902,0.14090578662042222,False
50,36.68122270742358,0.12189409265911808,0.020086295042852274,0.1091655534114864,True,0.00789744115263573,0.14090578662042222,False
50,36.89956331877729,0.12393902989539408,0.0191569982059441,0.10375525007841038,True,0.007991644649713699,0.14062166778438345,False
50,37.11790393013101,0.12393902989539408,0.01813591714396786,0.09788871602572523,True,0.005034534552180567,0.14062166778438345,False
50,37.33624454148472,0.12393902989539408,0.016960231459271585,0.0912343429006564,True,0.005034534552180567,0.14062166778438345,False
50,37.55458515283843,0.12291230855431186,0.01578643870294259,0.08463121625081628,True,0.003578319772101088,0.13591869506931434,False
50,37.77292576419214,0.12189409265911808,0.014614452443767351,0.07807925131130425,True,0.003578319772101088,0.13591869506931434,False
50,37.99126637554585,0.12189409265911808,0.012970152051348806,0.06906634939141013,True,0.003620299616446674,0.13097128285089812,False
50,38.209606986899566,0.11988289595077614,0.011457936343075941,0.06080644168623062,True,0.003620299616446674,0.13097128285089812,False
50,38.646288209606986,0.11310145919947318,0.009272154710284084,0.048855396106990086,True,0.003662072795395646,0.11224773709253355,False
50,38.8646288209607,0.11123533691669137,0.008348529384301782,0.0438285216184518,True,5.789745310389938e-05,0.11224773709253355,False
50,39.082969432314414,0.1067036291674373,0.007635357121865383,0.03993638404564261,True,6.513619376465854e-05,0.09861110124741838,True
50,39.30131004366813,0.10235654238211331,0.006916574485272253,0.03594997422451565,True,4.391389758990127e-05,0.09841280323251937,False
50,39.519650655021834,0.0973731694600355,0.006005221025418773,0.030995691807244687,True,8.784040943187966e-05,0.08498222404286417,True
50,39.737991266375545,0.09263241909146083,0.003078182956345175,0.015893328360397044,True,5.853225718404379e-05,0.06735322238235195,True
50,39.956331877729255,0.08739246483270766,0.001751420860159609,0.009013192000131322,True,5.853225718404379e-05,0.06735322238235195,True
50,40.17467248908297,0.08176590620014167,0.0030821576498033716,0.015741177592836334,True,1.4798619744476112e-05,0.05423059886003742,True
50,40.39301310043668,0.07586785464546869,0.0034916026068228124,0.017809080753575613,True,1.496127068133113e-05,0.05412174398592587,True
50,40.61135371179039,0.06981208934778417,0.003493954809162164,0.0178067292684832,True,7.480814290114139e-06,0.03711637716056958,True
50,40.8296943231441,0.06423969468858692,0.003504876627011282,0.017795810777889817,True,0.0007463168072008425,0.03167860297084624,True
50,41.048034934497814,0.05765515583058397,0.003515781776383197,0.017784908945627058,True,0.0007543904154423399,0.03161512866072075,True
50,41.26637554585153,0.05047016006380066,0.0035266702827205887,0.017774023746283184,True,0.0007543904154423399,0.03161512866072075,True
50,41.48471615720524,0.043091644030050724,0.0035234564281475425,0.017756789419601165,True,0.0007543904154423399,0.03161512866072075,True
50,41.70305676855895,0.0364870480265394,0.003302194146627253,0.016596806478212683,True,0.0007543904154423399,0.03161512866072075,False
50,41.92139737991266,0.030894729213918667,0.003165083975473307,0.015791506352173745,True,6.048380417794144e-05,0.04125539465840204,False
50,42.13973799126637,0.02467976616046273,0.0031698436801193604,0.015786747786363697,True,6.112792675247245e-05,0.041173007243012635,False
50,42.35807860262009,0.019069829969689152,0.0030270655461336407,0.015068265875061888,False,1.5284174812032534e-05,0.05390563667993821,False
50,42.5764192139738,0.01437190874154462,0.0028036970352771752,0.013905878816042912,False,3.8216836985211236e-05,0.06249240076215612,False
50,42.79475982532751,0.010831337311533134,0.002028683702647042,0.01002596413530052,False,3.0572737988263644e-05,0.06249240076215612,False
50,43.01310043668122,0.009095258124471343,0.006339324287232883,0.031203562200513662,False,0.0,0.07537045595645021,False
50,43.23144104803494,0.01013398709296335,0.007084710686314079,0.03485673594800877,False,0.0,0.07537045595645021,False
50,43.44978165938865,0.013901561451068557,0.007712049715387682,0.03785986754177898,False,1.544443586711853e-05,0.08413731951436908,False
50,43.66812227074236,0.019069829969689152,0.008261360835409846,0.04026345295451278,False,4.6328875002774834e-05,0.08855037966194966,False
50,43.88646288209607,0.02615953728312307,0.008995179774769584,0.043732498030009094,False,0.0039487832680447895,0.08837522412440336,False
50,44.10480349344978,0.03274714255673254,0.009829493378900841,0.04778024564138355,False,0.0039487832680447895,0.09279936687954521,False
50,44.54148471615721,0.043814564276036985,0.012200145517847332,0.05908253635239735,False,0.0039487832680447895,0.09724325045510375,False
50,44.75982532751092,0.0492262249298984,0.013055739050150245,0.06276735321462683,False,0.003988939339969087,0.0970516538661041,False
50,44.97816593886463,0.054848133087360515,0.01385723919632931,0.06652504952539709,False,0.003988939339969087,0.0970516538661041,False
50,45.19650655021834,0.05960586808850849,0.014649496098660394,0.07031096556690018,False,0.003988939339969087,0.0970516538661041,False
50,45.414847161572055,0.06370752765825721,0.015445561547494083,0.07411215586693595,False,0.006430012418795556,0.0970516538661041,False
50,45.633187772925766,0.06809143479465705,0.01620657338518768,0.0774197312950087,False,0.008159015678148486,0.0968609960398002,False
50,45.85152838427947,0.0715762244370481,0.016840262363856856,0.07987340563803218,False,0.008159015678148486,0.0968609960398002,False
50,46.069868995633186,0.07523935896067623,0.017026413791011146,0.08074102526758006,False,0.009840841869445763,0.0968609960398002,False
50,46.2882096069869,0.0784347777923635,0.017026413791011146,0.08074102526758006,False,0.008159015678148486,0.0968609960398002,False
50,46.506550218340614,0.08041680619195501,0.016245911409860574,0.07706131163165686,False,0.008159015678148486,0.0968609960398002,False
50,46.72489082969432,0.08244891998335048,0.015577523094722935,0.07352638591092314,True,0.005724387017823225,0.09667127239740725,False
50,46.943231441048034,0.0852385077755813,0.01511329943411896,0.07092515467432343,True,0.005724387017823225,0.09667127239740725,False
50,47.161572052401745,0.08595052918372621,0.014420810876258319,0.06768993450261528,True,0.004068659401402776,0.09667127239740725,False
50,47.379912663755455,0.08739246483270766,0.01361614645344682,0.06392808721918626,True,0.004068659401402776,0.09667127239740725,False
50,47.59825327510917,0.08739246483270766,0.012350351727918516,0.05800522194781856,True,0.004068659401402776,0.09225325089758062,False
50,47.81659388646288,0.0881224788544837,0.011130972338363555,0.05197243785038627,True,0.004108225332875978,0.09207299395152628,False
50,48.47161572052402,0.08739246483270766,0.008804473166997862,0.04083857262892235,True,4.869730037937519e-05,0.08768314883227711,False
50,48.68995633187773,0.08595052918372621,0.00830257723340011,0.03838445145431079,True,3.247263413203829e-05,0.07896234128488268,True
50,48.90829694323144,0.08453238481262874,0.0077759736706570215,0.035832471405629236,True,1.639114110874626e-05,0.07880830054759752,True
50,49.12663755458515,0.08244891998335048,0.007008960645895229,0.03219382245793188,True,3.2777577224954115e-05,0.07018267451346968,True
50,49.34497816593886,0.08041680619195501,0.004400909791855442,0.020153144597750194,True,9.831392214668143e-05,0.061635234331356065,True
50,49.56331877729258,0.07778501750046492,0.0009604624359994354,0.004384468943521492,True,9.831392214668146e-05,0.06163523433135605,True
50,49.78165938864629,0.07586785464546869,0.0029149010949782125,0.013270690224588107,True,1.6391141108746266e-05,0.05316581371202538,True
50,50.21834061135371,0.06923376013172201,0.0039181236432910375,0.01780176408418666,True,0.0,0.04052832826392251,True
50,50.43668122270742,0.06586301667454225,0.004276003137118032,0.01936331330062018,True,0.0,0.04052832826392251,True
50,50.65502183406114,0.06213733188618166,0.0042875162870438955,0.019351804253844515,True,0.0008329728502977069,0.038560728114738096,True
50,50.87336244541485,0.058622398561131814,0.004603052093442578,0.020707584010453514,True,0.0008329728502977069,0.038560728114738096,True
50,51.09170305676856,0.054848133087360515,0.005116137371645902,0.02293981021064399,True,0.0008329728502977069,0.038560728114738096,True
50,51.31004366812227,0.05005206101567132,0.005402548333828006,0.02414481362084421,True,0.0008329728502977073,0.03856072811473809,True
50,51.52838427947598,0.04529699210712349,0.005558002917074945,0.024769664061315536,True,0.0008329728502977073,0.03856072811473809,True
50,51.7467248908297,0.04099366644083611,0.00530709852516285,0.02365209758432302,True,0.0008406199378833768,0.0384859592864106,False
50,51.96506550218341,0.0364870480265394,0.004938920489216014,0.021938530365309017,True,0.0008406199378833768,0.0384859592864106,False
50,52.18340611353712,0.03194002561654985,0.004456951029952153,0.019671860442420294,True,0.0008406199378833768,0.0384859592864106,False
50,52.40174672489083,0.026820582641759513,0.004159311644835107,0.018347212165158697,True,0.0008482293865466451,0.03841155820758822,False
50,52.620087336244545,0.02233512767088876,0.003907229763254338,0.017219759287373206,True,0.0008482293865466451,0.03841155820758822,False
50,52.838427947598255,0.018599816966622565,0.0036611785506233496,0.016084326682057535,False,0.0008482293865466451,0.03841155820758811,False
50,53.056768558951966,0.015489196940779973,0.0034134328424428304,0.01494863469292257,False,0.0008558013815474354,0.03458683007396614,False
50,53.27510917030568,0.012898794773131175,0.0031639917517071268,0.013812681836483624,False,6.003914001412107e-05,0.040215399540435286,False
50,53.493449781659386,0.010652625206026788,0.0029128543778398227,0.012676466625201728,False,6.861451917294639e-05,0.040215399540435286,False
50,53.7117903930131,0.008797598983159141,0.0025683527120534152,0.011142354980256905,False,1.7156091541234614e-05,0.044341941434365394,False
50,53.930131004366814,0.007449203293169963,0.00018843269301626036,0.0008149746128213778,True,1.7157733351017423e-05,0.044341941434365394,False
50,54.14847161572053,0.007765571279458927,0.002994375482488267,0.012942638853031534,False,5.191645006437301e-05,0.04839459681218719,False
50,54.366812227074234,0.009721130269646341,0.005843073977454964,0.02524999608827433,False,5.191645006437301e-05,0.04839459681218719,False
50,54.585152838427945,0.012791940073050094,0.007043820707457039,0.03043468718902391,False,3.461924738483426e-05,0.05255167619497156,False
50,54.80349344978166,0.01697339765805531,0.007341249534781783,0.03160140048409289,False,5.236731925164698e-05,0.056619459533928766,False
50,55.02183406113537,0.020897132923324787,0.0076562726368809364,0.03275259784159991,False,0.004417820692350194,0.056619459533928766,False
50,55.24017467248908,0.025303418050633276,0.00793554388841795,0.03394157379002784,False,0.004417820692350194,0.05661945953392889,False
50,55.45851528384279,0.02819320885935583,0.008221890635787231,0.035125545391736006,False,0.004417820692350194,0.05661945953392889,False
50,55.6768558951965,0.03115280164119611,0.008678552097341188,0.036960168600585014,False,0.004417820692350194,0.05661945953392889,False
50,55.89519650655022,0.035000572209838175,0.00926377458468417,0.03932824739906492,False,0.004455667740908762,0.056511425820206455,False
50,56.11353711790393,0.03772155569225442,0.009606629362719775,0.040673600564929885,False,0.004455667740908762,0.056511425820206455,False
50,56.33187772925764,0.04031728971732055,0.009843942743508118,0.04167673578707751,False,0.004455667740908762,0.056511425820206455,False
50,56.55021834061135,0.04238065163706705,0.009843942743508118,0.04167673578707751,False,0.004455667740908762,0.056511425820206455,False
50,56.76855895196506,0.04492174801716677,0.009711598135273173,0.04111732317390454,True,0.004455667740908765,0.056511425820206455,False
50,56.98689956331878,0.04682957659982903,0.009470255925253432,0.03987791584500345,True,0.004493328473447963,0.056403923039385385,False
50,57.20524017467249,0.0488184307449746,0.008998966067364104,0.037732742509593846,True,0.004493328473447963,0.056403923039385385,False
50,57.4235807860262,0.05005206101567132,0.008451721656939932,0.035440948309015355,True,0.004493328473447963,0.056403923039385385,False
50,57.64192139737991,0.050891751611749185,0.008168199250320286,0.034253380774541535,True,0.004493328473447963,0.056403923039385385,False
50,57.86026200873363,0.05261362994623849,0.007887204631357026,0.033065352868055224,True,0.004493328473447963,0.05640392303938526,False
50,58.07860262008734,0.053053126505476396,0.007641488047934692,0.03184414267314686,True,0.004530803807345577,0.056296948586127216,False
50,58.29694323144105,0.05349629430400681,0.007377736167083712,0.03064300634509116,True,3.581300321423435e-05,0.05215222343435082,False
50,58.51528384279476,0.05349629430400681,0.007093686422771561,0.029464206135065125,True,0.0,0.05215222343435082,False
50,58.73362445414847,0.05394316400873185,0.00417567366980343,0.017348638518140454,True,2.6859109719389683e-05,0.048026648821403194,True
50,58.951965065502186,0.05394316400873185,0.0012637945199988232,0.005244829068071607,True,0.0,0.048026648821403194,True
50,59.1703056768559,0.053053126505476396,0.001616736415909962,0.006669705990901951,True,1.805129806489005e-05,0.04383708221092258,True
50,59.38864628820961,0.053053126505476396,0.003107929857163421,0.012789882829842416,True,0.0,0.039757427012991106,True
50,59.60698689956332,0.052177774213438305,0.003649904593464505,0.015019801608857887,True,0.0,0.039757427012991106,True
50,59.82532751091703,0.051316864833357484,0.003966683599210465,0.01622935432122857,True,0.000900457084864098,0.03790089692428951,True
50,60.043668122270745,0.05005206101567132,0.004305093031485673,0.017547750423081692,True,0.000900457084864098,0.04159091643366692,True
50,60.262008733624455,0.0492262249298984,0.004848010950064434,0.019759941362480115,True,0.0009077720154712118,0.04151244370738894,True
50,60.480349344978166,0.04761520568864665,0.005262428149432237,0.021401677149325494,True,0.0009077720154712118,0.04517758990774768,True
50,60.69868995633187,0.0460569100312037,0.0055462058340469775,0.022489645999429153,True,0.0009077720154712118,0.04517758990774779,False
50,60.917030567685586,0.04492174801716677,0.006049986667133029,0.024460260941729182,True,0.0009150509420422307,0.0450926254721857,False
50,61.1353711790393,0.043091644030050724,0.006599173482952534,0.026641785319240753,True,0.0009150509420422307,0.0450926254721857,False
50,61.353711790393014,0.04133609815234701,0.00714008511030202,0.02882388255026453,True,0.0009150509420422307,0.0450926254721857,False
50,61.57205240174672,0.03965207290000108,0.007583557514638092,0.030533205860626692,True,0.001825763613737131,0.0450926254721857,False
50,61.790393013100434,0.03772155569225442,0.007871600077908518,0.03160076922717203,True,0.001825763613737131,0.0450926254721857,False
50,62.00873362445415,0.0355877538512244,0.007965970815118743,0.03188764462740148,True,0.00275381396491623,0.04500807882756816,False
50,62.22707423580786,0.0335746551522898,0.007959980465806057,0.03183345671155147,False,0.0018402153787575733,0.04500807882756816,False
50,62.44541484716157,0.03115280164119611,0.007418880509975067,0.029662365336131955,False,0.0018402153787575733,0.04500807882756816,False
50,62.66375545851528,0.028905644620731807,0.006995072235617932,0.027810097144539,False,0.0009222940417900042,0.045008078827568146,False
50,62.88209606986899,0.02704462256829287,0.006738327944954737,0.0267046654228993,False,0.0009222940417900042,0.045008078827568146,False
50,63.10043668122271,0.024475316903184774,0.006463339241883035,0.025615541597903066,False,0.0009295014910551223,0.044923947921475145,False
50,63.31877729257642,0.022150101595931983,0.0061879794738892305,0.024524862543014742,False,0.0009295014910551223,0.044923947921475145,False
50,63.53711790393013,0.01971504114885443,0.005654560566444969,0.022411800838744052,False,0.0009295014910551223,0.041279333506195816,False
50,63.75545851528384,0.01754767786583912,0.005101274209992882,0.02021974027578933,False,0.000936673465310212,0.041202393141211,False
50,63.97379912663755,0.015233632284424772,0.004558628121184109,0.01800928432768569,False,0.000936673465310212,0.041202393141211,False
50,64.19213973799127,0.012898794773131175,0.004170473536285696,0.016383786949586202,False,0.000936673465310212,0.041202393141211,False
50,64.41048034934498,0.010476861768421358,0.0038903800699911467,0.015281566556794437,False,0.000936673465310212,0.041202393141211,False
50,64.62882096069869,0.008439186372635276,0.003609440532759817,0.014178240494103546,False,0.000936673465310212,0.037546780586992894,False
50,64.8471615720524,0.006797824406420931,0.0033281142053048487,0.013073346867694532,False,0.000936673465310212,0.037546780586992894,False
50,65.06550218340611,0.005252616850232739,0.003056527716220925,0.011956757675420357,False,0.0009438101391642057,0.03012587597554547,False
50,70.52401746724891,0.007961805440479766,0.0030153282383220577,0.011236212427822623,False,0.000978970053805793,0.022494695880861042,False
50,70.74235807860262,0.00789584917499838,0.0030153282383220577,0.011236212427822623,False,0.000978970053805793,0.022494695880861042,False
50,70.96069868995633,0.007830439296764071,0.0030188473946430833,0.011232693683634158,False,0.000978970053805793,0.022494695880861042,False
50,71.17903930131004,0.00789584917499838,0.0031233596432230838,0.011560605911058584,False,0.0009858985442070347,0.022453633106068162,False
50,71.39737991266375,0.007961805440479766,0.0034234892268570232,0.012649124007265615,False,0.0009858985442070347,0.022453633106068162,False
50,71.61572052401746,0.007961805440479766,0.003537682941921577,0.013069294516449358,False,0.0009858985442070347,0.022453633106068162,False
50,71.83406113537117,0.008095375427819133,0.003544955808566629,0.013062022800171637,False,0.0009858985442070347,0.022453633106068162,False
50,72.0524017467249,0.008162998392626929,0.003552217576441565,0.013054762179155948,False,0.0009858985442070347,0.022453633106068162,False
50,72.2707423580786,0.008299943662152223,0.003559468262485017,0.01304751263647436,False,0.0009927929326407948,0.02241277239315111,False
50,72.48908296943232,0.008580765066736036,0.0035607842184323373,0.013046196887853157,False,0.0009927929326407948,0.02241277239315111,False
50,72.70742358078603,0.008797598983159141,0.0035622530583339345,0.013044728279296307,False,0.0009927929326407948,0.026085627200600797,False
50,72.92576419213974,0.009019912241685843,0.003569488429717765,0.013037494046449875,False,0.000992792932640795,0.026085627200600793,False
50,73.14410480349345,0.009325093159537536,0.003576712759555679,0.013030270851677354,False,0.000999653386957764,0.026038309840627362,False
50,73.36244541484716,0.009721130269646341,0.0036238350648743487,0.013168054529964834,False,0.000999653386957764,0.026038309840627362,False
50,73.58078602620087,0.010050036292094744,0.003923141599220654,0.014254427130196048,False,0.000999653386957764,0.026038309840627362,False
50,73.79912663755458,0.010390070564921666,0.004094273585272358,0.014862522786246527,False,0.000999653386957764,0.026038309840627362,False
50,74.0174672489083,0.010921814541202092,0.0041024902266947215,0.014854307820848085,False,0.0009996533869577643,0.02603830984062736,False
50,74.23580786026201,0.011291344675972788,0.0041106943288111136,0.014846105389644525,False,0.0010064800741824591,0.025991225301480122,False
50,74.45414847161572,0.011869214140673576,0.004117860842188805,0.014838940333768294,False,0.0010064800741824591,0.025991225301480122,False
50,74.67248908296943,0.012270798720276099,0.004117860842188805,0.014838940333768294,False,0.0010064800741824591,0.025991225301480122,False
50,74.89082969432314,0.012898794773131175,0.0040131827069931035,0.014461800624866888,False,0.0010064800741824591,0.025991225301480122,False
50,75.10917030567686,0.01333521432163324,0.003712232403407008,0.013377490349102522,False,0.0010064800741824591,0.025991225301480122,False
50,75.32751091703057,0.013901561451068557,0.0036201684131641583,0.012986821989124127,True,0.0010132731605172847,0.025944372437943744,False
50,75.54585152838428,0.014491961367604526,0.0036304757539747934,0.01297651624989712,True,0.0010132731605172847,0.025944372437943744,False
50,75.76419213973799,0.014982284327865414,0.0036304757539747934,0.01297651624989712,True,0.0010132731605172847,0.025944372437943744,False
50,75.9825327510917,0.015489196940779973,0.0036304757539747934,0.01297651624989712,True,0.0010132731605172847,0.025944372437943744,False
50,76.20087336244542,0.016147023805282486,0.0036311553909274836,0.012975836718424347,True,0.0010132731605172847,0.022291392709323184,False
50,76.41921397379913,0.016693344369544234,0.003645404955780472,0.012961589361576861,True,0.0010200328113465845,0.022251330351922914,False
50,76.63755458515284,0.017258149216887154,0.003653477945009175,0.012953517620285595,True,0.0010200328113465845,0.022251330351922914,False
50,76.85589519650655,0.017842063747018626,0.003653477945009175,0.012953517620285595,True,0.0010200328113465845,0.022251330351922914,False
50,77.07423580786026,0.01844573451950342,0.003601482645984862,0.012769194567558212,True,0.0010200328113465845,0.022251330351922914,False
50,77.29257641921397,0.0187551865080824,0.0032973341418989035,0.011685112580229449,True,0.0010200328113465845,0.022251330351922914,False
50,77.51091703056768,0.019389751998261325,0.0031425526774306756,0.011109002663846824,True,0.0010267591912406656,0.022211465134666777,False
50,77.7292576419214,0.020045787462154054,0.003148631149276747,0.011102924881596121,True,0.0010267591912406656,0.022211465134666777,False
50,84.49781659388647,0.015489196940779973,0.003334575903785144,0.011256771017738941,True,0.0010664278953398058,0.02916178747820361,False
50,84.71615720524018,0.01655505530166374,0.0036586092070740196,0.012321524770302838,True,0.0010664278953398058,0.02916178747820361,False
50,84.93449781659389,0.01754767786583912,0.003983342588971575,0.013383623717752273,True,0.0010664278953398058,0.02916178747820361,False
50,85.1528384279476,0.018911853895346668,0.004303665285434045,0.01444818073363539,True,0.0010664278953398058,0.02916178747820361,False
50,85.37117903930131,0.020724019317724385,0.004621108141546248,0.015513667957656048,True,0.0010664278953398058,0.02916178747820361,False
50,85.58951965065502,0.022709829457126327,0.00488883161424822,0.01641223629386818,True,0.0010664278953398058,0.03272852168270196,False
50,85.80786026200873,0.02488592324031831,0.00488883161424822,0.01641223629386818,True,0.0010664278953398058,0.03272852168270196,False
50,86.02620087336244,0.02727053396381523,0.005034305463066576,0.01690047947630301,True,0.001072925919113412,0.03267118879492409,False
50,86.24454148471615,0.029390575659915142,0.005366388324891905,0.01794685207049789,True,0.001072925919113412,0.03267118879492409,False
50,86.46288209606988,0.03194002561654985,0.005699630059739949,0.01899012793906993,True,0.001072925919113412,0.03267118879492409,False
50,86.68122270742359,0.03413791511852991,0.005995890935660101,0.01997686555379911,True,0.001072925919113412,0.03267118879492409,False
50,86.8995633187773,0.03709916729765057,0.005995890935660101,0.01997686555379911,True,0.001072925919113412,0.03267118879492409,True
50,87.117903930131,0.039323591795227715,0.005760794156682471,0.019193847603011283,True,0.001072925919113412,0.03267118879492409,True
50,87.33624454148472,0.04168139029297371,0.0051336571507261,0.01706676834640059,True,0.001079391959685662,0.032614137959584066,True
50,87.55458515283843,0.043814564276036985,0.004934387563903893,0.016366691482483483,True,0.001079391959685662,0.032614137959584066,True
50,87.77292576419214,0.0460569100312037,0.004943111079613496,0.016357970089559068,True,0.001079391959685662,0.032614137959584066,True
50,87.99126637554585,0.04801294899373598,0.004631804695891393,0.015318704597841145,True,0.001079391959685662,0.032614137959584066,True
50,88.20960698689956,0.05005206101567132,0.004310629051124599,0.014256688233466253,True,0.001079391959685662,0.032614137959584066,True
50,88.42794759825327,0.051745529146163524,0.003989010975523897,0.013193164974704567,True,0.0010793919596856624,0.029059854772041677,True
50,88.646288209607,0.05349629430400681,0.0036669490573624152,0.01212813325560671,True,1.0819449779167562e-05,0.03404873387114293,True
50,88.8646288209607,0.0553062950844922,0.0033444418782437816,0.011061591515024703,True,8.705697736897425e-05,0.037856238488043564,True
50,89.08296943231441,0.05717753567360322,0.000421603134164376,0.0013945097448462677,True,3.2650270740941196e-05,0.037856238488043564,True
50,89.30131004366812,0.05765515583058397,0.0028724940870210303,0.00948888175328963,True,3.2654957719086656e-05,0.04564448076855842,True
50,89.51965065502183,0.058622398561131814,0.00623638377374083,0.020504016034731027,True,6.529585606254499e-05,0.04564448076855842,True
50,89.73799126637554,0.05960586808850849,0.008122943959380851,0.026661573294661425,True,4.354098544568142e-05,0.04956604952690456,True
50,89.95633187772926,0.06060583663904045,0.008464176946058014,0.027780818549857627,True,6.529585606254499e-05,0.05350597794990066,True
50,90.17467248908297,0.06162258100601666,0.009079669585365177,0.029799394084747948,True,0.005508427388441846,0.05350597794990066,True
50,90.39301310043668,0.061112094365409236,0.009729869972151299,0.03193143783918889,True,0.005508427388441846,0.05746431048594571,True
50,91.04803493449782,0.06060583663904045,0.01082272631751595,0.03525550866511335,True,0.005540905592424827,0.05736474779794313,True
50,91.26637554585152,0.06010377279422934,0.011664378852988403,0.03799377293486368,True,0.005540905592424827,0.05736474779794313,False
50,91.48471615720524,0.058622398561131814,0.012713396101893223,0.041351600992571916,True,0.005540905592424827,0.06133467013282167,False
50,91.70305676855897,0.05765515583058397,0.013086146007170481,0.04246665509230606,True,0.005540905592424827,0.06133467013282167,False
50,91.92139737991266,0.056703872162148235,0.01346059772022296,0.043582119573549155,True,0.005573223914691712,0.061228772819212615,False
50,92.13973799126636,0.054848133087360515,0.013828514636191917,0.04470621971010816,True,0.005573223914691712,0.061228772819212615,False
50,92.35807860262008,0.053053126505476396,0.014181995563884175,0.045846842987092296,True,0.007841089253712378,0.061228772819212615,False
50,92.5764192139738,0.051316864833357484,0.014554203863487688,0.04697089116749127,True,0.006704338460161759,0.061228772819212615,False
50,92.79475982532752,0.0488184307449746,0.01394810851481338,0.04491854130942946,True,0.006704338460161759,0.061228772819212615,False
50,93.01310043668124,0.04682957659982903,0.013344166899810597,0.04288174214171781,True,0.005605383142422626,0.06112339583948467,False
50,93.23144104803494,0.044549612480791596,0.013001337947719379,0.041735853916896104,False,0.005605383142422626,0.06112339583948467,False
50,93.44978165938863,0.04202956675669101,0.012459498799323144,0.039999053069322416,False,0.005605383142422626,0.06112339583948467,False
50,93.66812227074236,0.039323591795227715,0.011754632704218273,0.037739200857356256,False,0.005605383142422628,0.06112339583948467,False
50,94.10480349344978,0.03413791511852991,0.010445060094778516,0.03335166905320606,False,0.005637384058920775,0.05706898599704164,False
50,94.32314410480348,0.032475862475301896,0.010105573377616748,0.03222000053153747,False,0.005637384058920775,0.05706898599704164,False
50,94.5414847161572,0.030384980329910702,0.009754579594133062,0.03110190680714901,False,0.005637384058920775,0.05313778042558778,False
50,94.75982532751092,0.028428714721624275,0.009404107068982441,0.02998536850571108,False,0.005637384058920775,0.05313778042558778,False
50,94.97816593886463,0.026820582641759513,0.008805163668312592,0.02802474751904898,False,0.005637384058920775,0.049224875028343516,False
50,98.68995633187772,0.06866022184349595,0.009097166335584796,0.028404658546850783,True,0.005732444716297576,0.0607070403991749,True
50,98.90829694323143,0.0715762244370481,0.010133324189815933,0.03163716200625335,True,0.005763820144025211,0.06850484290073892,False
50,99.12663755458516,0.07399794399315483,0.010847791065504092,0.03386557223068467,True,0.005763820144025211,0.06850484290073892,True
50,99.34497816593888,0.07586785464546869,0.011564394239425683,0.03610019029685605,True,0.005763820144025211,0.08049369485875871,False
50,99.56331877729258,0.0784347777923635,0.012299991931316583,0.03832420549212845,True,0.005763820144025211,0.08049369485875871,False
50,99.78165938864628,0.07975062661019908,0.013316589506867284,0.04131093805568735,True,0.005763820144025211,0.08452692236141092,False
50,100.21834061135372,0.08313763917422533,0.01661670501653752,0.05148472310037267,True,0.005763820144025211,0.0926490203075817,False
50,100.43668122270742,0.08383211143165306,0.01849825483073964,0.057298182568458776,True,0.005763820144025211,0.09673796161399892,False
50,100.87336244541484,0.0852385077755813,0.020963563486630366,0.06490731592974269,True,0.006971166241462938,0.09657526632950668,False
50,101.09170305676857,0.0852385077755813,0.02246848711663507,0.06954733377567178,True,0.006971166241462938,0.09657526632950668,False
50,101.31004366812228,0.08453238481262874,0.024009546564130044,0.07418633939678725,True,0.010534944097944747,0.09657526632950668,False
50,101.528384279476,0.08313763917422533,0.025369702671758518,0.07803806545514028,True,0.010534944097944747,0.10067603020373027,False
50,101.7467248908297,0.08313763917422533,0.025775610783867687,0.07919018970831117,True,0.01294097755555797,0.10067603020373027,False
50,101.9650655021834,0.08176590620014167,0.02616514227694701,0.08036081469994362,False,0.015371812092718382,0.10067603020373027,False
50,102.18340611353712,0.07975062661019908,0.0265926853130905,0.08149587036238085,False,0.015371812092718382,0.10067603020373027,False
50,102.40174672489084,0.07714063987743862,0.02734092946264672,0.08360057758055296,False,0.019065848832332682,0.10067603020373027,False
50,102.62008733624454,0.07461606978696339,0.027917308357948225,0.08517468152856345,False,0.015454185489118465,0.10050734838722768,False
50,102.83842794759823,0.07277701180410037,0.02675620256047909,0.08163403819258534,False,0.015454185489118465,0.10050734838722768,False
50,103.05676855895196,0.06981208934778417,0.025949298118888513,0.07909820493888893,False,0.01301033478584499,0.10050734838722768,False
50,103.27510917030568,0.06641318911539201,0.025642887403481186,0.0778469827390397,False,0.010591412877499321,0.10050734838722768,False
50,103.4934497816594,0.06265638262630553,0.024432912913184775,0.07408607127723305,False,0.010647603580749471,0.1003394930437134,False
50,103.7117903930131,0.05911208806722017,0.022895923033078875,0.06944098948268922,False,0.0070457249127468076,0.1003394930437134,False
50,103.9301310043668,0.055768284238608086,0.02140045648201212,0.06478954725188003,False,0.0070457249127468076,0.09625226411606837,False
50,104.14847161572052,0.051316864833357484,0.02003924164510912,0.06055795958705603,False,0.00585702275199165,0.09625226411606837,False
50,104.36681222707423,0.04682957659982903,0.018931211120944435,0.057102420922492965,False,0.005887784918575221,0.09609194942211294,False
50,104.58515283842794,0.043091644030050724,0.01733871386406273,0.05220430318351604,False,0.005887784918575221,0.0920299983919013,False
50,104.80349344978166,0.03998329790051914,0.015485380813875143,0.04654053304297329,False,0.005887784918575221,0.0920299983919013,False
50,105.24017467248908,0.0335746551522898,0.01270194190142161,0.038076421248925775,False,0.0059183956523154,0.0838220392293776,False
50,105.4585152838428,0.03167543175969215,0.011960831702287997,0.035857423842099126,False,0.0059183956523154,0.07982215244886204,False
50,105.67685589519652,0.030133268598913514,0.011221937214068015,0.03364459124592857,False,0.005918395652315402,0.07187750095724078,False
50,105.89519650655022,0.028428714721624275,0.010496246934432397,0.031426918657388954,False,0.005918395652315402,0.07187750095724078,False
50,106.11353711790392,0.02866618783109184,0.00947447490311133,0.02825523407178911,False,0.005948855698781694,0.05999786997019671,False
50,108.29694323144103,0.07039524951166014,0.009983637738420757,0.0295474491951491,True,0.006009326693829454,0.0754651379720594,False
50,108.51528384279476,0.07523935896067623,0.011097647821905436,0.03284146710323299,True,0.006009326693829454,0.08740598973906115,False
50,108.73362445414848,0.08041680619195501,0.012216646667043835,0.036149282048690376,True,0.006009326693829454,0.08740598973906115,False
50,108.95196506550218,0.08453238481262874,0.013449192747738552,0.03979152671854166,True,0.006009326693829454,0.09951247301747382,False
50,109.17030567685588,0.08885859089023627,0.01495649354040397,0.04424376561963747,True,0.006009326693829454,0.09951247301747382,False
50,109.3886462882096,0.09263241909146083,0.01669842559488519,0.04938613229523439,True,0.006009326693829454,0.11178559842978822,False
50,109.60698689956332,0.09656652193973611,0.01860886411366412,0.055021937747997664,True,0.006009326693829454,0.12006070628607933,False
50,109.82532751091703,0.09900673525226707,0.02126438627181734,0.06270455753873146,True,0.006009326693829454,0.12006070628607933,False
50,110.04366812227074,0.10407371095302181,0.02399014847741966,0.07042898962324057,True,0.006009326693829454,0.13261348488378266,False
50,110.26200873362446,0.10494306815034328,0.026366625211045276,0.07735750532450188,True,0.006009326693829454,0.13261348488378266,False
50,110.48034934497817,0.1067036291674373,0.02856096192189654,0.08375708894547157,True,0.008454607969377326,0.14107570382788825,False
50,110.69868995633188,0.10849372596187748,0.030574199060480322,0.08962048434961595,True,0.008454607969377326,0.1410757038278884,False
50,110.9170305676856,0.11031385403602635,0.033263098443074735,0.0974387780203446,True,0.013486363439718733,0.14084620611817958,False
50,111.1353711790393,0.11216451720496469,0.03606084085875939,0.10551058754531852,True,0.013486363439718733,0.14509875587606255,False
50,111.353711790393,0.11216451720496469,0.03824960423019677,0.11140921035038982,False,0.017296000633561497,0.14509875587606255,False
50,111.57205240174672,0.11216451720496469,0.039884260263741124,0.11588710274678334,False,0.021165741134353714,0.1493700994932108,False
50,111.79039301310044,0.11216451720496469,0.040728770061117164,0.11831088145432032,False,0.021165741134353714,0.1493700994932108,False
50,112.00873362445417,0.11216451720496469,0.04224115442726742,0.12243770920570103,False,0.02642261580318238,0.1493700994932108,False
50,112.22707423580786,0.11031385403602635,0.04399617656761142,0.1272072154446658,False,0.02642261580318238,0.1493700994932108,False
50,112.44541484716156,0.10849372596187748,0.04492203167719941,0.12959491575042859,False,0.0305914064473013,0.14912830779252095,False
50,112.66375545851528,0.10581968733467005,0.04557064738020502,0.13118562479174747,False,0.03332124198067378,0.14912830779252095,False
50,112.882096069869,0.10407371095302181,0.04563646926155634,0.13112080030897555,False,0.03332124198067378,0.14912830779252095,False
50,113.1004366812227,0.10150861218166073,0.04488265260573862,0.12874055458660852,False,0.029237870157616676,0.14912830779252095,False
50,113.3187772925764,0.09818655513563897,0.043649172959391656,0.1250130893629605,False,0.023897481928731184,0.14912830779252095,False
50,113.53711790393012,0.0934062039359237,0.04241864660277662,0.12130379380324204,False,0.024014370019524663,0.14888769439772787,False
50,113.75545851528383,0.09034931318292867,0.04108953124435432,0.11732632290542687,False,0.020064899075137022,0.14888769439772787,False
50,113.97379912663756,0.0852385077755813,0.039438988815510945,0.11245308202366362,False,0.020064899075137022,0.14888769439772787,False
50,114.19213973799128,0.0810885505605222,0.037337479100967665,0.1063203114458435,False,0.016255923622972342,0.14439695236003572,False
50,114.41048034934498,0.07586785464546869,0.03486288913609762,0.09914871265593844,False,0.01240997728970134,0.14439695236003572,False
50,114.62882096069868,0.06981208934778417,0.03275739471742337,0.09303143454524333,False,0.01240997728970134,0.1401644089088961,False
50,114.8471615720524,0.06531740190843605,0.030667048322718864,0.08697097099400099,False,0.00992590472189153,0.13993935718742376,False
50,115.06550218340612,0.06010377279422934,0.028239132385430743,0.07997458837954587,False,0.00992590472189153,0.13573214368557837,False
50,115.28384279475982,0.056703872162148235,0.025828014683774703,0.073041734988452,False,0.007407676555208881,0.12737379865153056,False
50,115.50218340611352,0.04841401476135499,0.023433309628604706,0.06617207355123787,False,0.006187199593598729,0.12716948625531946,False
50,115.72052401746726,0.043814564276036985,0.0213570524468954,0.060215232045381574,False,0.006187199593598729,0.11889876651769733,False
50,115.93886462882097,0.03965207290000108,0.01938932316389199,0.05457995941911796,False,0.006187199593598729,0.11889876651769733,False
50,116.15720524017468,0.03709916729765057,0.017419470724824627,0.049000700960059006,False,0.006187199593598729,0.10663193611442014,False
50,116.3755458515284,0.03588502844308585,0.015593492852715059,0.043873398607870366,False,0.006216336405301613,0.09437951562520924,False
50,116.5938864628821,0.035000572209838175,0.01402865003771743,0.03947693236537451,False,0.006216336405301613,0.09437951562520924,False
50,116.8122270742358,0.03413791511852991,0.012731793570208346,0.03583185240708047,False,0.006216336405301613,0.08246322918394172,False
50,117.03056768558952,0.03413791511852991,0.011570139907887866,0.03256572252580121,False,0.006245329786429888,0.08233098835480404,False
50,117.24890829694324,0.0364870480265394,0.010806507196377534,0.03034445954910419,True,0.006245329786429888,0.07059736604399858,False
50,117.46724890829694,0.04099366644083611,0.010380068331708096,0.029042734272792865,True,0.006245329786429888,0.07059736604399858,False
50,117.68558951965063,0.0460569100312037,0.010766590294684096,0.030123356055219735,True,0.006245329786429888,0.06286532141302063,False
50,117.90393013100436,0.051745529146163524,0.011377602410239945,0.031831408706859424,True,0.006245329786429888,0.07449045199973854,False
50,118.12227074235808,0.056703872162148235,0.012154187070858507,0.034001958110688284,True,0.006245329786429888,0.09024431367299016,False
50,118.3406113537118,0.06265638262630553,0.013277126740643517,0.037139818646803505,True,0.006274180443143242,0.09010020726106788,False
50,118.5589519650655,0.06809143479465705,0.014596762084338627,0.04082608094214889,True,0.006274180443143242,0.10612133211904906,False
50,118.7772925764192,0.07461606978696339,0.016566873038167076,0.0463266338927661,True,0.006274180443143242,0.10612133211904906,False
50,118.99563318777292,0.08041680619195501,0.018746952967850953,0.052409122033258614,True,0.006274180443143242,0.12243722415176286,False
50,119.21397379912663,0.08666849830844768,0.02115117881207534,0.05911106784170646,True,0.006274180443143242,0.13905007823884782,False
50,119.43231441048034,0.09110402659680977,0.023639574649138576,0.06580731878158852,True,0.006274180443143242,0.13905007823884782,False
50,119.65065502183404,0.09497321854968295,0.02622211247155605,0.0727871503104144,True,0.006274180443143242,0.15170569235767423,False
50,120.08733624454148,0.1067036291674373,0.032733066287753174,0.0907434280340346,True,0.011405830488739423,0.16452995121191616,False
50,120.3056768558952,0.10940000479699803,0.03570881875766514,0.09892548819476914,True,0.011405830488739423,0.1731733688929988,False
50,120.52401746724892,0.11310145919947318,0.0387193217268914,0.10718537317303417,True,0.01407471418333285,0.17290187224426398,False
50,120.74235807860262,0.11692814910553918,0.041793326942846536,0.11549589781006428,False,0.01407471418333285,0.17724526672827062,False
50,120.96069868995632,0.120884311749984,0.044938775389482134,0.12385061236478499,False,0.0193893813658742,0.17724526672827062,False
50,121.17903930131004,0.12189409265911808,0.04799008496903591,0.1318974046367836,False,0.023448957236949102,0.18160747243169048,False
50,121.39737991266377,0.12393902989539408,0.05077083115502539,0.139163523125542,False,0.023448957236949102,0.18160747243169048,False
50,121.61572052401746,0.12497432773076422,0.053021990440033195,0.14496297228746266,False,0.028964083014544895,0.1859884955541612,False
50,121.83406113537116,0.12601827370230928,0.05494021006916173,0.1498385459023909,False,0.028964083014544895,0.1859884955541612,False
50,122.48908296943232,0.12601827370230928,0.06080465222976994,0.16459419272621648,False,0.040549285767487085,0.18569882226541645,False
50,122.70742358078604,0.12393902989539408,0.061789493186678215,0.16690196922692063,False,0.04498123241682107,0.18569882226541645,False
50,122.92576419213974,0.12393902989539408,0.06187067509415125,0.16682274479928738,False,0.04518242047879663,0.18541055312277208,False
50,123.14410480349343,0.120884311749984,0.06156926610627728,0.1656855744164857,False,0.04518242047879663,0.18541055312277208,False
50,123.36244541484716,0.11888977596422079,0.06112292989046001,0.16393901901541766,False,0.03926401198087991,0.18541055312277208,False
50,123.58078602620088,0.11595950649020466,0.059801920512594565,0.16007581346909794,False,0.03943814592864902,0.18512368142491833,False
50,123.79912663755458,0.11031385403602635,0.05824321673311228,0.15572125366194078,False,0.03362829510199632,0.18512368142491833,False
50,124.0174672489083,0.10849372596187748,0.05642474253232297,0.15069430151556382,False,0.029355370418994928,0.18512368142491833,False
50,124.235807860262,0.10407371095302181,0.053921178543181666,0.1438803220672952,False,0.029355370418994928,0.18512368142491833,False
50,124.45414847161572,0.09900673525226707,0.05119568671746752,0.13649072829024003,False,0.02387052957034833,0.1848382005015036,False
50,124.67248908296943,0.0934062039359237,0.04853713972558618,0.12912185518845803,False,0.023974626537120656,0.18020529534220114,False
50,124.89082969432314,0.08885859089023627,0.04590516024779174,0.12181258491724602,False,0.019824193099304447,0.17587527886692125,False
50,125.10917030567686,0.08244891998335048,0.043239024119108946,0.11462218142758712,False,0.019824193099304447,0.17587527886692125,False
50,125.32751091703057,0.07650160033280329,0.04030189595579218,0.10673088560711973,False,0.01573839715506816,0.16727157775078277,False
50,125.54585152838428,0.0709832809776259,0.03723625290825362,0.0985126619986829,False,0.013105797503502948,0.16701423345306965,False
50,125.764192139738,0.06265638262630553,0.034160969318709426,0.09041677054607125,False,0.013161943167273022,0.15825468377638954,False
50,125.9825327510917,0.05911208806722017,0.03124746387170497,0.08267866885264054,False,0.011816148325423135,0.15825468377638954,False
50,126.20087336244542,0.05349629430400681,0.028733124060916982,0.07579847416160301,False,0.011816148325423135,0.1456396939112622,False
50,126.41921397379912,0.04761520568864665,0.02618819321182327,0.06902902502391386,False,0.01052160105713289,0.13298736596460625,False
50,126.63755458515284,0.042734669228930273,0.023641819855245282,0.06234062652323384,False,0.01052160105713289,0.13298736596460625,False
50,126.85589519650657,0.03803665453551587,0.021845528776501102,0.05761804655094385,False,0.01052160105713289,0.11667497337604198,False
50,127.07423580786026,0.0355877538512244,0.02010121064666784,0.05302893296033397,False,0.01052160105713289,0.11667497337604198,False
50,127.29257641921396,0.035292941907068706,0.018024564808487256,0.04756176752802034,False,0.010565860112741153,0.104472629556693,False
50,127.51091703056768,0.036791834677466086,0.01677684524815584,0.044153791984236065,False,0.010565860112741153,0.08869745056835984,False
50,127.7292576419214,0.03803665453551587,0.016397897127612897,0.043037109220249926,False,0.010565860112741153,0.08869745056835984,False
50,127.9475982532751,0.03965207290000108,0.01630617163052757,0.042796749096039796,False,0.010565860112741153,0.08091847874595572,False
50,128.16593886462883,0.042734669228930273,0.016407071372402212,0.043061149323687174,False,0.010565860112741153,0.09654871145839748,False
50,128.38427947598254,0.04761520568864665,0.017648433680990932,0.04631339898686707,False,0.010565860112741153,0.09654871145839748,False
50,128.60262008733625,0.05349629430400681,0.019216618943711884,0.05042008333596868,False,0.010609901251232906,0.11229701817132626,False
50,128.82096069868996,0.06010377279422934,0.021310250469180163,0.05589934359837464,False,0.010609901251232906,0.11229701817132626,False
50,129.03930131004367,0.06641318911539201,0.02342010624350178,0.06141670008245012,False,0.010609901251232906,0.12848684489064136,False
50,129.25764192139738,0.07217412092119992,0.02556925108641775,0.06694962798268635,False,0.010609901251232906,0.1449721417190626,False
50,129.4759825327511,0.0784347777923635,0.028176946419273534,0.07362192746649614,False,0.010609901251232906,0.1449721417190626,False
50,129.9126637554585,0.09186504434568829,0.034639130462492444,0.09009456896927409,False,0.013328726601304708,0.16175493136872846,False
50,130.13100436681222,0.0957665567552959,0.037985774800865874,0.09856388008321024,False,0.014698493243116695,0.17453822980683872,False
50,130.34934497816593,0.10066770630625965,0.04119903934695692,0.10664472865578736,False,0.014698493243116695,0.18315415155182083,False
50,130.56768558951964,0.10494306815034328,0.044874245645085326,0.11585991725246358,False,0.017459118950268606,0.18315415155182083,False
50,130.78602620087335,0.10940000479699803,0.048555162240471024,0.1250336161882856,False,0.01753120840613536,0.1915568300994499,False
50,131.00436681222706,0.11404622773594829,0.051917276624027786,0.13334347421565856,False,0.02316217899104168,0.1915568300994499,False
50,131.22270742358077,0.11692814910553918,0.05532793063895272,0.1417243421411194,False,0.027464107161388276,0.195924319381818,False
50,131.4410480349345,0.11988289595077614,0.05878830211802036,0.15017649395272537,False,0.027576392676686004,0.20001127778862793,False
50,131.65938864628822,0.120884311749984,0.06152483071209962,0.1566631350634541,False,0.03344556052322856,0.20001127778862793,False
50,132.09606986899564,0.12601827370230928,0.06613223906120602,0.1674696513489826,False,0.039605395776535546,0.20410613673379738,False
50,132.31441048034935,0.12601827370230928,0.06818059958217317,0.17242797888452144,False,0.04733075943919517,0.20410613673379738,False
50,132.53275109170306,0.12601827370230928,0.07038160984184312,0.17727850052421698,False,0.04733075943919517,0.20410613673379738,False
50,132.75109170305677,0.12601827370230928,0.07223190736088224,0.1812321933859298,False,0.05228346725620848,0.2038035621644647,False
50,132.96943231441048,0.12601827370230928,0.07388013711141424,0.18466334009989246,False,0.05228346725620848,0.2038035621644647,False
50,133.1877729257642,0.12497432773076422,0.07285026453448944,0.18213235028976132,False,0.05389012845363754,0.2038035621644647,False
50,133.4061135371179,0.12291230855431186,0.07152683383476556,0.17872534082421906,False,0.049098673566390874,0.2038035621644647,False
50,133.6244541484716,0.120884311749984,0.06963102604593667,0.17356181359854372,False,0.049293490304300316,0.20350245025929808,False
50,133.84279475982532,0.11790488306710861,0.06768482009944843,0.16848791254001041,False,0.043179413416462094,0.20320279407680167,False
50,134.06113537117903,0.1149988881917128,0.0657262860768031,0.16346646278037913,False,0.03701433606913949,0.20320279407680167,False
50,134.49781659388643,0.1067036291674373,0.061594721113165295,0.15291852305830533,False,0.030985404717124326,0.19882836508024854,False
50,134.71615720524017,0.10321155558379493,0.05867430313593243,0.1455715811136978,False,0.031106502741986196,0.1941866195678778,False
50,134.93449781659388,0.09818655513563897,0.05545467980118943,0.1376866783646274,False,0.025282084756176573,0.18957710688811424,False
50,135.1528384279476,0.0934062039359237,0.05207491094478824,0.129312619328214,False,0.02090569626614035,0.18957710688811424,False
50,135.3711790393013,0.08666849830844768,0.04881495922768999,0.12093881033771016,False,0.020905696266140358,0.1852710934149075,False
50,135.58951965065503,0.08244891998335048,0.045439985654326616,0.11254199521024996,False,0.018095284582672694,0.18499971482150893,False
50,135.80786026200877,0.07399794399315483,0.04167067473335186,0.10329376003576934,False,0.018095284582672694,0.1764558933636133,False
50,136.02620087336246,0.06866022184349595,0.03795119674173536,0.0941457444253275,False,0.015234159356365054,0.16378046344408026,False
50,136.24454148471617,0.06265638262630553,0.034312012456580346,0.08506565493073165,False,0.013814509020871486,0.16378046344408026,False
50,136.46288209606988,0.055768284238608086,0.03144406876453736,0.07774756109286696,False,0.013867164554953501,0.15105019346885531,False
50,136.6812227074236,0.0496374255351991,0.028784531024951057,0.07115457789956624,False,0.01244930332724667,0.15105019346885531,False
50,136.8995633187773,0.043814564276036985,0.02655041759714612,0.06565267047948439,False,0.01244930332724667,0.1346565050268093,False
50,137.117903930131,0.04031728971732055,0.024333730652106627,0.06018872319649366,False,0.01244930332724667,0.1145782949715071,False
50,137.33624454148472,0.03803665453551587,0.02213418468393518,0.05476254860229764,False,0.012496345370679451,0.11440908008316987,False
50,137.55458515283843,0.0364870480265394,0.020538372441882977,0.050823190670866165,False,0.012496345370679451,0.09869733012348646,False
50,137.77292576419214,0.034710624527754017,0.019234066031013162,0.04760195057657983,False,0.012496345370679451,0.09869733012348646,False
50,137.99126637554585,0.033855113760298934,0.019205149130182453,0.04753052023267886,False,0.012496345370679451,0.08710270546387895,False
50,138.20960698689956,0.03588502844308585,0.019571646798463696,0.048435794988559856,False,0.012496345370679451,0.09869733012348646,False
50,138.42794759825327,0.04031728971732055,0.02087750278704738,0.0516605255299184,False,0.012496345370679451,0.09869733012348646,False
50,138.64628820960698,0.04567537071729063,0.02270537885010529,0.05616315318773382,False,0.012496345370679451,0.11838237899731699,False
50,138.8646288209607,0.052177774213438305,0.02493762806484939,0.06157090734281075,False,0.012496345370679451,0.13852322834647884,False
50,139.0829694323144,0.058136765684071695,0.027192035144262237,0.06701159145810315,False,0.012496345370679451,0.13852322834647884,False
50,139.3013100436681,0.06423969468858692,0.029642727313658978,0.072910963303138,False,0.012496345370679451,0.15496748483735373,False
50,139.51965065502182,0.07039524951166014,0.03285639515664451,0.08064854146576222,False,0.013919560785742836,0.15496748483735373,False
50,139.95633187772927,0.08453238481262874,0.040115347805920284,0.09803079785181983,False,0.01534999824269874,0.19305595378906232,False
50,140.17467248908298,0.09034931318292867,0.043945752398848514,0.10713985245866604,False,0.018301133384055847,0.19277670201091965,False
50,140.3930131004367,0.0957665567552959,0.047836647929629786,0.11633991421819012,False,0.018301133384055847,0.20143504240992646,False
50,140.6113537117904,0.10150861218166073,0.051844022324090994,0.1255778744323216,False,0.021224732559606368,0.20143504240992646,False
50,140.8296943231441,0.1067036291674373,0.05632916047990095,0.13586789784306016,False,0.025667767000243227,0.21016857562549154,False
50,141.04803493449782,0.11216451720496469,0.06150441036037835,0.1476874669798631,False,0.025763001979943016,0.218664187853826,False
50,141.26637554585153,0.11692814910553918,0.06526062466089452,0.15624630538546047,False,0.03182064304208311,0.218664187853826,False
50,141.70305676855895,0.12497432773076422,0.07168694914873651,0.1707670312427546,False,0.03815096425477472,0.2272131552913015,False
50,141.92139737991266,0.1281323996186959,0.07500715921018423,0.17806203346160893,False,0.046282823158251545,0.2268913437305627,False
50,142.13973799126637,0.1302819928388237,0.07841008605371398,0.1853707158374589,False,0.046282823158251545,0.2268913437305627,False
50,142.35807860262008,0.1324676483743828,0.08178171474300529,0.1928049169679651,False,0.05303434312002023,0.22657108172815774,False
50,142.5764192139738,0.13357418817652839,0.08516395449536888,0.20032464919438597,False,0.05303434312002023,0.22657108172815774,False
50,142.7947598253275,0.13468997121918416,0.08696536060677286,0.20441730058543855,False,0.059775719691799206,0.22657108172815774,False
50,143.0131004366812,0.13694957651662307,0.08839652388710525,0.2072357189889487,False,0.059988934667344285,0.2262523619894018,False
50,143.23144104803492,0.13581507471375706,0.088562820765503,0.20707530263209317,False,0.06691935158073141,0.2262523619894018,False
50,143.44978165938863,0.13468997121918416,0.0876599029228619,0.20503758036695593,False,0.06365713632522955,0.22593517725233195,False
50,143.66812227074234,0.13357418817652839,0.08606095032452493,0.20114456513353926,False,0.05678646551884574,0.22593517725233195,False
50,143.88646288209608,0.1324676483743828,0.08409157897774291,0.196126928438145,False,0.05678646551884574,0.22593517725233184,False
50,144.1048034934498,0.1302819928388237,0.08189173259782791,0.19107988621937744,False,0.04859469360401449,0.22561952028757534,False
50,144.3231441048035,0.12707094005036126,0.07968579799097147,0.18608116885412512,False,0.04859469360401449,0.22561952028757534,False
50,144.75982532751092,0.120884311749984,0.0730840249984879,0.17073816247362653,False,0.034201178906855166,0.22090017009361623,False
50,144.97816593886463,0.11692814910553918,0.0690877743284379,0.16115278388741916,False,0.034201178906855166,0.21651380525374986,False
50,145.19650655021834,0.11310145919947318,0.06487014016532747,0.15150591429734936,False,0.027956910369975687,0.21651380525374986,False
50,145.41484716157206,0.10759495481680233,0.06071252206737984,0.14196157697485837,False,0.027956910369975687,0.21651380525374986,False
50,145.63318777292577,0.10150861218166073,0.05661318369883678,0.13251923676375058,False,0.023360362544961332,0.20346771509557282,False
50,145.85152838427948,0.0973731694600355,0.052570460924582646,0.1231783187679391,False,0.023441335423715036,0.20318341699321016,False
50,146.2882096069869,0.08313763917422533,0.04383912011757249,0.10291505645796953,False,0.015912341591623108,0.19032354719038616,False
50,146.5065502183406,0.07650160033280329,0.04045971695750191,0.09488772075424022,False,0.015912341591623108,0.1776323809934977,False
50,146.72489082969432,0.06981208934778417,0.03705361056065085,0.08669802493125832,False,0.01442953939114937,0.1776323809934977,False
50,146.94323144104803,0.06370752765825721,0.03326300963232195,0.07786248420530924,False,0.01442953939114937,0.1609720764308921,False
50,147.16157205240174,0.056703872162148235,0.030047585276650177,0.07036790340321661,False,0.01442953939114937,0.14056372210334628,False
50,147.37991266375545,0.05005206101567132,0.027263323076698515,0.0638703661240817,False,0.01442953939114937,0.14056372210334628,False
50,147.59825327510916,0.04345160074283527,0.02490522871226855,0.058362134862543574,False,0.014479166236693205,0.12439097561229079,False
50,147.81659388646287,0.03772155569225442,0.022784713247006844,0.053405122399113054,False,0.014479166236693205,0.12439097561229079,False
50,148.0349344978166,0.034710624527754017,0.021423018889404954,0.050220241789480244,False,0.014479166236693205,0.10483207613424504,False
50,148.25327510917032,0.033020688717551754,0.020719408031644692,0.04857406300476625,False,0.014479166236693205,0.08950790418304419,False
50,148.47161572052403,0.033296519886962764,0.020719408031644692,0.04857406300476625,False,0.014479166236693205,0.1087078018760558,False
50,148.68995633187774,0.03413791511852991,0.022498406780192333,0.05273558532793978,False,0.014479166236693205,0.1087078018760558,False
50,148.90829694323145,0.034710624527754017,0.024698259230304772,0.05787846428535326,False,0.014479166236693205,0.12439097561229079,False
50,149.12663755458516,0.03772155569225442,0.02607511465145589,0.061095421644361894,False,0.01447916623669325,0.12439097561229079,False
50,149.34497816593887,0.04168139029297371,0.028240119843982257,0.0659673380079361,False,0.01447916623669325,0.14440412522852056,False
50,149.56331877729258,0.04761520568864665,0.03160262192092919,0.07347312301139501,False,0.01447916623669325,0.1607453834087887,False
50,149.7816593886463,0.05439376654272289,0.034951739668859845,0.081102703116141,False,0.01596706397312868,0.1607453834087887,False
50,150.2183406113537,0.06809143479465705,0.04233157132875644,0.09762812498637831,False,0.015967063973128727,0.17738325517593773,False
50,150.43668122270742,0.07399794399315483,0.04636950240771889,0.1065551636234062,False,0.01602151685261806,0.1897928172631216,False
50,150.65502183406113,0.08041680619195501,0.05046731936928208,0.11557502267216514,False,0.019030349183915492,0.1897928172631216,False
50,150.87336244541484,0.08666849830844768,0.054900944165715025,0.12542761549917264,False,0.023602085959466904,0.20261894013244355,False
50,151.09170305676855,0.0934062039359237,0.059645756592483445,0.13581586651379443,False,0.023681867545265658,0.21531731241968358,False
50,151.31004366812226,0.09818655513563897,0.06402258439997568,0.14521355681564163,False,0.028341520175029326,0.21531731241968358,False
50,151.52838427947597,0.10235654238211331,0.06825080715964447,0.1543987313322366,False,0.028436490227513135,0.2193800948358084,False
50,151.9650655021834,0.11216451720496469,0.07641604171734251,0.1716691406920261,False,0.04306590729425082,0.21908046489126273,False
50,152.18340611353713,0.11692814910553918,0.0809302466061294,0.18140599255260167,False,0.04320760177764616,0.218782280559555,False
50,152.40174672489084,0.11888977596422079,0.08359500411695549,0.18721290341909066,False,0.05162989136490675,0.218782280559555,False
50,152.62008733624455,0.12189409265911808,0.08580415040277595,0.19201510598120763,False,0.05179814463868846,0.2184855350074913,False
50,152.83842794759826,0.12393902989539408,0.0875260957323763,0.1957506143311243,False,0.05873522850520889,0.2184855350074913,False
50,153.05676855895197,0.12601827370230928,0.089009333928163,0.19896283130264936,False,0.0678591740129415,0.21819022143280195,False
50,153.4934497816594,0.1281323996186959,0.08947780936560226,0.19911341507461172,False,0.06605070105396187,0.21819022143280195,False
50,153.7117903930131,0.1281323996186959,0.08771966335623796,0.1953222884022153,False,0.05716970880277974,0.21819022143280195,False
50,153.9301310043668,0.1281323996186959,0.08541958837787697,0.19035203425385844,False,0.05716970880277974,0.21819022143280195,False
50,154.14847161572052,0.12601827370230928,0.08313692150630671,0.18540781212468357,False,0.04854594165114473,0.21819022143280195,False
50,154.36681222707423,0.12393902989539408,0.08087139733047417,0.18048957132584867,False,0.04870165916359047,0.21789633306401496,False
50,154.80349344978166,0.11988289595077614,0.07366046345347421,0.16476441009266443,False,0.03373263618305918,0.21789633306401482,False
50,155.02183406113537,0.11692814910553918,0.06931294135017432,0.1552341483588695,False,0.03373263618305918,0.21356544682407078,False
50,155.24017467248908,0.11216451720496469,0.06499932084053939,0.14574377658180715,False,0.025728044849233415,0.21356544682407078,False
50,155.4585152838428,0.10759495481680233,0.06074637487111059,0.13635522332211145,False,0.025728044849233415,0.20925341598616606,False
50,155.6768558951965,0.10494306815034328,0.056263278936890766,0.1264266605017491,False,0.021025528100575556,0.200685844164468,False
50,155.8951965065502,0.0973731694600355,0.051617853268507916,0.116106376927348,False,0.01639525168785616,0.200685844164468,False
50,156.11353711790392,0.09263241909146083,0.04704256674442453,0.10591232274870652,False,0.01639525168785616,0.18797537424380176,False
50,156.33187772925766,0.08666849830844768,0.04261629732392639,0.09602468627181959,False,0.01334740738622552,0.18797537424380176,False
50,156.55021834061137,0.07975062661019908,0.038664194253063486,0.08717686448129276,False,0.01334740738622552,0.17128993857081465,False
50,156.76855895196508,0.07399794399315483,0.03476284498413285,0.0784263768001178,False,0.013347407386225476,0.1549018677538154,False
50,156.9868995633188,0.06809143479465705,0.03091092243319498,0.06977243006627025,False,0.013347407386225476,0.1549018677538154,False
50,157.2052401746725,0.061112094365409236,0.027471378453590187,0.06203419377565547,False,0.013347407386225476,0.1388087257008429,False
50,157.4235807860262,0.05394316400873185,0.02431639079348783,0.05492820428725515,False,0.013347407386225476,0.1388087257008429,False
50,157.64192139737992,0.04761520568864665,0.022915001981045242,0.05176964599744296,False,0.013347407386225476,0.11910277694788833,False
50,157.86026200873363,0.04168139029297371,0.02152002582131332,0.048624299784981326,False,0.013347407386225476,0.09984720343465885,False
50,158.07860262008734,0.03740906715429552,0.020136186174761678,0.045487344007115654,False,0.013347407386225476,0.09984720343465885,False
50,158.29694323144105,0.03442307879663917,0.019399554436032102,0.043765289997596706,False,0.013347407386225476,0.08103529473093057,False
50,158.51528384279476,0.033020688717551754,0.01895683249587032,0.04270894383252206,False,0.013347407386225476,0.09604955306043106,False
50,159.3886462882096,0.03413791511852991,0.02575806497615949,0.05756820347345623,False,0.013347407386225476,0.1308718964536681,False
50,159.6069868995633,0.036791834677466086,0.029124413987715,0.06496037623759425,False,0.0133900272352982,0.15064478778267573,False
50,159.82532751091702,0.042734669228930273,0.03296870436173621,0.07338358083752819,False,0.0133900272352982,0.15064478778267573,False
50,160.04366812227073,0.04644163645111667,0.03685035170412972,0.0817587139448664,False,0.0133900272352982,0.17105688145613085,False
50,160.26200873362444,0.0553062950844922,0.04037361477818774,0.08935418260355717,False,0.01343243723188034,0.17082495781600077,False
50,160.48034934497818,0.06010377279422934,0.04443694696035953,0.09814966814518758,False,0.016499682159345417,0.1832787812166643,False
50,160.6986899563319,0.06641318911539201,0.04911335618184825,0.10810745344737539,False,0.016499682159345417,0.19590068871101912,False
50,160.9170305676856,0.07338493880537741,0.0538784777277235,0.11817152615517591,False,0.021159412881717417,0.19590068871101912,False
50,161.1353711790393,0.07975062661019908,0.05867304923757803,0.12821777644860083,False,0.021225860985611474,0.20413549254817234,False
50,161.35371179039302,0.0852385077755813,0.06307567964105756,0.137340251507019,False,0.02605397318101905,0.20386323879631768,False
50,161.57205240174673,0.09034931318292867,0.06754822104482668,0.14655471236570267,False,0.03252116254886489,0.21242549273951647,False
50,162.00873362445415,0.10066770630625965,0.07578850690542688,0.16365186531244794,False,0.03924929379667659,0.21214393830585412,False
50,162.22707423580786,0.10581968733467005,0.07927957056644884,0.17080152327497303,False,0.039369397772350094,0.21186374449735526,False
50,162.44541484716157,0.10940000479699803,0.08338075644615142,0.17919023290961547,False,0.04803267342857698,0.21158490486092915,False
50,162.66375545851528,0.11310145919947318,0.0865666658771399,0.18567629815832795,False,0.05682106040003893,0.21158490486092915,False
50,162.882096069869,0.11595950649020466,0.08774040354717397,0.18812404035208416,False,0.05699171597633601,0.21130741297290084,False
50,163.1004366812227,0.11888977596422079,0.08891857822320094,0.19057828013355993,False,0.06422984471622636,0.21130741297290084,False
50,163.3187772925764,0.11988289595077614,0.09010122379956248,0.19303902481784416,False,0.06058948213166722,0.21130741297290084,False
50,163.53711790393012,0.12189409265911808,0.08797568244265999,0.18861436826461228,False,0.060769889177834,0.21103126243888884,False
50,163.75545851528383,0.12189409265911808,0.0856308478455664,0.1837227776333597,False,0.05359485657102053,0.21103126243888884,False
50,163.97379912663754,0.12393902989539408,0.08330352132347932,0.178857122663229,False,0.05343554130671812,0.21130741297290084,False
50,164.19213973799123,0.12393902989539408,0.08037179262674529,0.17271324097257892,False,0.04300702299214969,0.21130741297290084,False
50,164.6288209606987,0.11988289595077614,0.07355595305993387,0.15836929357451987,False,0.03457825747278924,0.20703795641922743,False
50,164.8471615720524,0.11988289595077614,0.06992176896523081,0.15079494441372465,False,0.026373523155975163,0.20703795641922743,False
50,165.06550218340612,0.11692814910553918,0.06490736485794989,0.1403350979401245,False,0.026373523155975163,0.20278733635551968,False
50,165.28384279475983,0.11404622773594829,0.0599790018605356,0.1299950063710809,False,0.018380908727172806,0.19855552597454043,False
50,165.50218340611357,0.11031385403602635,0.05515004359549976,0.11975799999147647,False,0.01368254783903547,0.19855552597454043,False
50,165.72052401746726,0.10759495481680233,0.05003729394271488,0.10876474255805904,False,0.01368254783903547,0.1901482182872873,False
50,165.93886462882097,0.10150861218166073,0.04488207799522377,0.09764824107258227,False,0.009054346089232022,0.1901482182872873,False
50,166.15720524017468,0.0973731694600355,0.03981071181880464,0.0866843318598323,True,0.009054346089232022,0.17767756072393687,False
50,166.3755458515284,0.0934062039359237,0.035000195433486134,0.07626129064568832,True,0.007526832370515936,0.16131041339446356,False
50,166.5938864628821,0.08739246483270766,0.030573626598475255,0.06665262630313465,True,0.007526832370515936,0.16131041339446356,False
50,166.8122270742358,0.08176590620014167,0.026530127815902197,0.05786261626969376,True,0.007526832370515936,0.14126629872683094,False
50,167.03056768558952,0.07650160033280329,0.022696958263201155,0.04951998237365093,True,0.007526832370515936,0.14126629872683094,False
50,167.24890829694323,0.07039524951166014,0.019824629955394878,0.04326310767987471,True,0.007526832370515936,0.1216777029471108,False
50,167.46724890829694,0.06370752765825721,0.017262574724220638,0.03767869643365562,True,0.007526832370515936,0.1216777029471108,False
50,167.68558951965065,0.05765515583058397,0.015396050294984125,0.03360852589498958,True,0.007526832370515936,0.098763579578789,False
50,167.90393013100436,0.052177774213438305,0.013808070856441697,0.03014421783270078,True,0.007526832370515936,0.08015368652537806,False
50,168.12227074235807,0.044549612480791596,0.0124336694086426,0.027109935701986356,True,0.007526832370515936,0.08015368652537806,False
50,168.34061135371178,0.03803665453551587,0.011468302738414527,0.024973354274759038,True,0.007526832370515936,0.0619768353068111,False
50,168.5589519650655,0.03442307879663917,0.010899047748870147,0.02370322771143639,True,0.007526832370515936,0.0655779392234125,False
50,170.3056768558952,0.033855113760298934,0.028495593014300862,0.06089922655392574,False,0.0075718061279443395,0.1528317520483774,False
50,170.5240174672489,0.034710624527754017,0.03270945159237637,0.06969562527206742,False,0.0075941271057826925,0.1526302509496705,False
50,170.74235807860262,0.043814564276036985,0.03729296619988132,0.07921663452064209,False,0.0075941271057826925,0.16067214690222112,False
50,170.96069868995633,0.05005206101567132,0.04195725214901565,0.08884325908913847,False,0.009135294454806223,0.16067214690222112,False
50,171.17903930131004,0.056703872162148235,0.04672326679012487,0.09855792373124175,False,0.013804852723853199,0.17287332173468445,False
50,171.39737991266375,0.06265638262630553,0.051601097630213505,0.10835401681721026,False,0.013845220214612838,0.17264732828745524,False
50,171.61572052401746,0.06809143479465705,0.05586809947918002,0.11691388591302582,False,0.01865333512581066,0.17651634658454762,False
50,171.83406113537117,0.07399794399315483,0.05976308600697763,0.1247012444801889,False,0.01865333512581066,0.17651634658454762,False
50,172.05240174672488,0.07908996571609268,0.06418479734523387,0.13364161808472705,False,0.02684116144453591,0.1762874795062901,False
50,172.2707423580786,0.08383211143165306,0.06830852888591127,0.14203350592640593,False,0.026993985543962182,0.17583307800939596,False
50,172.4890829694323,0.08739246483270766,0.07113689259032924,0.14781720508494164,False,0.03539107481361245,0.17583307800939596,False
50,172.707423580786,0.09110402659680977,0.07338796921464986,0.15241212360433817,False,0.04414032793792448,0.1756075329314278,False
50,172.92576419213975,0.0934062039359237,0.07513365306144455,0.15589597264610985,False,0.04414032793792448,0.1756075329314278,False
50,173.58078602620088,0.10066770630625965,0.07377387975586078,0.15319909260170114,False,0.04779995530850742,0.17538308456910198,False
50,173.7991266375546,0.10321155558379493,0.07124212619510269,0.14803217469771784,False,0.03892216977792027,0.1756075329314278,False
50,174.0174672489083,0.10494306815034328,0.06841284056161447,0.14224701367867823,False,0.03041135061569444,0.1756075329314278,False
50,174.235807860262,0.10494306815034328,0.06560823692889241,0.13650123921916354,False,0.03041135061569444,0.1756075329314278,False
50,174.45414847161572,0.10321155558379493,0.06275407165034792,0.13064303467274296,False,0.022122485477919056,0.1756075329314278,False
50,174.67248908296943,0.10321155558379493,0.05832506987528206,0.1216257908674475,False,0.022060476365126886,0.17175429377193796,False
50,174.89082969432314,0.10235654238211331,0.05389832425188292,0.112764302939604,False,0.014004712360244288,0.1676940376972843,False
50,175.10917030567686,0.10150861218166073,0.049601769391822544,0.10392958043174653,False,0.014004712360244288,0.1676940376972843,False
50,175.32751091703057,0.09900673525226707,0.04538164669826906,0.09517235136305385,False,0.007704094650015249,0.16365226547091566,False
50,175.54585152838428,0.0973731694600355,0.04115387855970169,0.08657383628343851,True,0.0076823176640507425,0.16386387458582224,False
50,175.9825327510917,0.09110402659680977,0.030434213969028425,0.06419227374727257,True,0.0076823176640507425,0.15183402539080598,False
50,176.2008733624454,0.08885859089023627,0.02647317599532302,0.05585933337426188,True,0.0076823176640507425,0.1399688981319011,False
50,176.41921397379912,0.08453238481262874,0.02309889088318934,0.048782787767792234,True,0.0076823176640507425,0.12826712314270033,False
50,176.63755458515283,0.0810885505605222,0.02015728820713687,0.04268660686534141,True,0.00018210814122115302,0.12826712314270033,False
50,176.85589519650654,0.07714063987743862,0.01809771923329603,0.03836658428970377,True,0.0001822127309514773,0.10534775254536943,False
50,177.07423580786025,0.07277701180410037,0.015382079228185517,0.03261469745985021,True,4.554337264551037e-05,0.10534775254536943,False
50,177.292576419214,0.06866022184349595,0.008812562262283826,0.018690513117833134,True,0.00010624245171614542,0.09042180961969487,False
50,177.5109170305677,0.06317976914433691,0.0023751850145251182,0.005038151114068016,True,3.0361521994244636e-05,0.06855354414375436,False
50,177.7292576419214,0.058622398561131814,0.0039353585107494106,0.008347387342261446,True,0.0001822127309515224,0.06855354414375436,False
50,177.94759825327512,0.05394316400873185,0.005673994766780886,0.01201138099206939,True,0.00012141704097166736,0.05431579944795493,False
50,178.16593886462883,0.04801294899373598,0.006091564253619843,0.012865564224111609,True,0.00012141704097166736,0.05431579944795493,False
50,178.38427947598254,0.04202956675669101,0.006096732913992807,0.01286039622699344,True,0.0015143836958339874,0.025639409944941457,True
50,178.60262008733625,0.0364870480265394,0.006276312626386162,0.013213645685118462,True,0.0015143836958339874,0.025639409944941457,True
50,178.82096069868996,0.03413791511852991,0.006732716870908176,0.014139204978590027,True,0.0015143836958339874,0.025639409944941457,True
50,181.22270742358077,0.03413791511852991,0.02978624595298154,0.06047769560291096,False,0.007811382143337764,0.1234422468912687,False
50,181.4410480349345,0.036184786253847134,0.033437085324711124,0.06765818435292727,False,0.007832523812594555,0.12711557158835105,False
50,181.65938864628825,0.04099366644083611,0.037578572879165224,0.07574003372797382,False,0.007832523812594604,0.12711557158835105,False
50,181.87772925764193,0.04682957659982903,0.041729566040598985,0.08387021432256968,False,0.00787449545597036,0.1267937510950709,False
50,182.09606986899564,0.051745529146163524,0.04498356119624531,0.09020464474688474,False,0.011078495677802485,0.1267937510950709,False
50,182.31441048034935,0.056703872162148235,0.04825399333796341,0.09660753265217208,False,0.017629363964550337,0.12663402052533465,False
50,182.53275109170303,0.06060583663904045,0.05153049202808279,0.10309011261079866,False,0.0177216693346584,0.12631689965508872,False
50,182.75109170305677,0.06423969468858692,0.05322970049601046,0.10646097012474859,False,0.026105260993665277,0.12631689965508872,False
50,182.96943231441048,0.06809143479465705,0.054315555374452464,0.1086136331440191,False,0.026172707446282594,0.12615950177566004,False
50,183.1877729257642,0.0709832809776259,0.05484507370156373,0.10973113375098016,False,0.03305535556876709,0.12615950177566004,False
50,183.4061135371179,0.07338493880537741,0.05425113962784117,0.10867747666293141,False,0.026105260993665277,0.12631689965508872,False
50,183.6244541484716,0.07586785464546869,0.051503006485530245,0.10322600522324503,False,0.026105260993665277,0.12631689965508872,False
50,183.84279475982532,0.07714063987743862,0.04876853994928055,0.0978211533481788,False,0.017675630568203506,0.12647507131153293,False
50,184.06113537117903,0.07908996571609268,0.04603312403825905,0.09247688761771745,False,0.009497604315767481,0.12663402052533454,False
50,184.27947598253272,0.08041680619195501,0.04332355784216659,0.08716604128685201,False,0.009497604315767481,0.12663402052533454,False
50,184.49781659388643,0.08041680619195501,0.04024990527270311,0.08111516392539238,False,0.00787449545597036,0.1267937510950708,False
50,184.71615720524017,0.0810885505605222,0.03600175557313182,0.07275869061495162,True,0.007853561412695604,0.12312836389381354,False
50,184.93449781659388,0.08176590620014167,0.03153787387481692,0.06391594492917367,True,0.007853561412695604,0.11932029965959286,False
50,185.1528384279476,0.08176590620014167,0.026917715889333328,0.05470359190119236,True,0.007853561412695604,0.11932029965959286,False
50,185.3711790393013,0.08041680619195501,0.024071092565752867,0.049045037971885745,True,0.007853561412695604,0.1155300144216333,False
50,185.58951965065503,0.07908996571609268,0.021549940400858114,0.04402014217813221,True,0.0002322363348807104,0.11567711050876142,False
50,185.80786026200877,0.0784347777923635,0.019055198287395176,0.03902297786610867,True,0.0002787036172710326,0.104398225195026,False
50,186.24454148471617,0.07461606978696339,0.005484748796725668,0.011270135261560177,True,6.191338783840138e-05,0.0896050646577987,False
50,186.46288209606988,0.07338493880537741,0.0026273087715749733,0.005405305688655663,True,0.0,0.07508856460201385,False
50,186.6812227074236,0.0709832809776259,0.01012841652118039,0.020859547265515893,True,0.00021660358211397117,0.07508856460201385,False
50,186.8995633187773,0.06866022184349595,0.011901325220300137,0.024538805593146654,True,0.0001238386285989461,0.05878976287925924,True
50,187.117903930131,0.06586301667454225,0.01367885925097073,0.02818313761260105,True,0.0015439959151963502,0.061738432833366566,True
50,187.33624454148472,0.06317976914433691,0.015454042554787523,0.03179974410693987,True,0.0015439959151963502,0.061738432833366566,False
50,187.55458515283843,0.05960586808850849,0.017517594467862444,0.03599878709478686,True,0.0015439959151963502,0.061738432833366566,False
50,187.77292576419217,0.056703872162148235,0.019713428423905676,0.04045751342875501,True,0.0015439959151963502,0.061738432833366566,False
50,187.99126637554585,0.053053126505476396,0.021475265298662453,0.044015633235352083,True,0.0015439959151963502,0.061738432833366566,False
50,188.20960698689956,0.0496374255351991,0.023133943272781347,0.04724910116119088,False,0.0015439959151963502,0.061738432833366566,False
50,188.42794759825327,0.04567537071729063,0.02448504853920081,0.049826680991001474,False,0.004610056431951649,0.061738432833366566,False
50,188.64628820960695,0.04202956675669101,0.024575028718412918,0.04983360755482944,False,0.00614873217640815,0.06165936371823792,False
50,188.8646288209607,0.03835438548869969,0.023752500958788482,0.04803920681507591,False,0.0015481433570723215,0.06165936371823792,False
50,189.0829694323144,0.035292941907068706,0.022532796100212152,0.04546610292534642,False,0.0015481433570723215,0.06165936371823792,False
50,189.3013100436681,0.0335746551522898,0.021101266967198537,0.04243397440577324,False,0.0015522703853313067,0.06158068320963966,False
50,192.5764192139738,0.034710624527754017,0.03135160906290958,0.06044441684082114,False,0.008137442919772662,0.08078777628641762,False
50,192.7947598253275,0.0364870480265394,0.032604303843424616,0.06285270582177757,False,0.00817642005591093,0.08059285387130602,False
50,193.0131004366812,0.03899783185553606,0.033421022934267186,0.064422407246375,False,0.00817642005591093,0.08059285387130602,False
50,193.23144104803492,0.04168139029297371,0.033421022934267186,0.064422407246375,False,0.011475879411142259,0.08069007521860035,False
50,193.44978165938863,0.04345160074283527,0.03200870164728774,0.06170776672996607,False,0.00815697957172102,0.08069007521860035,False
50,193.66812227074232,0.04567537071729063,0.029374563559368363,0.05664684840423405,False,0.00811780962429963,0.0808859594360612,False
50,193.88646288209608,0.04761520568864665,0.02674332675452999,0.05163862802787535,False,0.00811780962429963,0.0808859594360612,False
50,194.1048034934498,0.0492262249298984,0.024200139609085163,0.04681019590544278,True,0.00811780962429963,0.0808859594360612,False
50,194.3231441048035,0.05047016006380066,0.022111770999517028,0.04286916749009506,True,0.008098079207181206,0.08098462704039999,False
50,194.5414847161572,0.050891751611749185,0.020254984699337206,0.039395596283409585,True,0.008098079207181206,0.07742197953682547,False
50,194.75982532751092,0.051745529146163524,0.018699649070204747,0.03647462196469025,True,0.00028720069831743436,0.07751681254476367,False
50,196.0698689956332,0.05005206101567132,0.013829767366073458,0.027301259670249958,True,0.0015845636750404055,0.06674737523046899,False
50,196.2882096069869,0.0492262249298984,0.015621571383223145,0.030905372536058785,True,0.0015845636750404055,0.07247492642828675,False
50,196.5065502183406,0.04761520568864665,0.018694344243262245,0.037055672693553,True,0.0015845636750404055,0.07247492642828675,False
50,196.72489082969432,0.04682957659982903,0.021438919928140968,0.04253704412145302,True,0.0015845636750404055,0.07247492642828675,False
50,196.94323144104803,0.04529699210712349,0.023198650518989006,0.04604715720285523,False,0.0015845636750404055,0.07247492642828675,False
50,197.16157205240177,0.0441805597464788,0.025456155624542183,0.0505199338394275,False,0.0015845636750404055,0.07247492642828675,False
50,197.37991266375545,0.042734669228930273,0.028071882505201984,0.05569960426818924,False,0.0015845636750404055,0.07247492642828675,False
50,197.59825327510916,0.04133609815234701,0.02954235141858977,0.058589574330934875,False,0.0093958810308363,0.07247492642828675,False
80,2.4017467248908297,0.07277701180410037,0.21896852798393465,0.3001638620390267,True,0.20236949953181593,0.3974131267564943,True
80,2.620087336244542,0.06981208934778417,0.2172835287841398,0.30961590602979894,True,0.20180211667321174,0.4056359502553231,True
80,2.8384279475982535,0.06752735962553896,0.2154104666135724,0.3177285303261255,True,0.20027160466125743,0.4056359502553231,True
80,3.056768558951965,0.06641318911539201,0.2146164339396133,0.32813765362075586,True,0.19811134954712503,0.4138565995510454,True
80,3.2751091703056767,0.06586301667454225,0.2131323420844364,0.33959882818317455,True,0.19778814350784074,0.41870363233883334,True
80,3.493449781659389,0.06696795730253387,0.21099022841190354,0.3473767648373988,True,0.19622871724155108,0.41722986173591115,True
80,3.711790393013101,0.06809143479465705,0.209593887932862,0.35474302927924506,True,0.19588734129478927,0.4206001416918055,True
80,3.930131004366812,0.06866022184349595,0.2083010991150124,0.3622456990389196,True,0.19432099315319834,0.4206001416918055,True
80,4.148471615720524,0.0709832809776259,0.20699699192286408,0.36928298564761347,True,0.19121297629687228,0.41913262920026784,True
80,4.366812227074236,0.07399794399315483,0.2057080271294884,0.3754082316032366,True,0.19121297629687228,0.4162177412900829,True
80,4.585152838427947,0.07714063987743862,0.20448923697198118,0.37973964464060966,True,0.18967121574180515,0.4162177412900829,True
80,4.8034934497816595,0.08041680619195501,0.2028341041421797,0.3826582050170724,True,0.18967121574180515,0.4147703091334363,True
80,5.021834061135372,0.08383211143165306,0.2013215615052598,0.38293243184762094,True,0.18813755968126192,0.4147703091334363,True
80,5.240174672489083,0.0881224788544837,0.1998839497755434,0.38201299469550715,True,0.18661196290106002,0.41332951384633754,True
80,5.458515283842795,0.09110402659680977,0.19901939814033612,0.3783011212413237,True,0.18661196290106002,0.411895327303488,True
80,5.676855895196507,0.0957665567552959,0.19825978451105938,0.37386459148079954,True,0.18509438046578877,0.411895327303488,True
80,5.895196506550218,0.09900673525226707,0.1971730135312584,0.36848049718423936,True,0.18358476771682333,0.40904666843555615,True
80,6.11353711790393,0.10321155558379493,0.1964413524634526,0.36215396577057374,True,0.18358476771682333,0.40904666843555615,True
80,6.331877729257642,0.1067036291674373,0.19598736463748345,0.355399621630149,True,0.1820830802703554,0.4076321403457236,True
80,6.550218340611353,0.10940000479699803,0.19572557884369385,0.34638309124082445,True,0.18255698619974997,0.40145844076807674,True
80,6.7685589519650655,0.11216451720496469,0.19548744411135413,0.33741184716121314,True,0.17960562777061223,0.40145844076807674,True
80,6.986899563318778,0.1149988881917128,0.19527241374229615,0.32848711968272065,True,0.17960562777061223,0.39867587762962464,True
80,7.205240174672489,0.11790488306710861,0.1951610617826651,0.3185711551443424,True,0.18010349968321984,0.3925558688980439,True
80,7.423580786026201,0.11988289595077614,0.1950757445633808,0.3082794267419385,True,0.1786533518028947,0.3925558688980439,True
80,7.641921397379913,0.120884311749984,0.194756463441077,0.2964811451943377,True,0.17824842744369787,0.3817448368445797,True
80,7.860262008733624,0.12291230855431186,0.19482511819533127,0.28510749635277427,True,0.1792682598098402,0.3723295369499977,True
80,8.078602620087336,0.12393902989539408,0.1953135104716833,0.274199243345775,True,0.17926825980984015,0.37099681500921905,True
80,8.296943231441048,0.12393902989539408,0.19535849269229522,0.26485359699768424,True,0.18076583858433692,0.35564766809047094,True
80,8.51528384279476,0.12393902989539408,0.1952977130273983,0.25634498709368286,True,0.1794242062209341,0.35564766809047094,True
80,8.733624454148472,0.12393902989539408,0.1950412523703757,0.25044091213861863,True,0.180130970573005,0.3357964831915263,True
80,8.951965065502183,0.12393902989539408,0.19500452400094603,0.24480842949053022,True,0.180130970573005,0.3345357010098121,True
80,9.170305676855897,0.120884311749984,0.1951065667620652,0.23932869235526005,True,0.1808793748883664,0.3161536571529959,True
80,9.388646288209609,0.11888977596422079,0.19488458563423366,0.23354824198895793,True,0.18284280527296848,0.29673151781180584,True
80,9.60698689956332,0.11692814910553918,0.1946759845936165,0.22779716367126177,True,0.18284280527296842,0.29673151781180584,True
80,10.91703056768559,0.0957665567552959,0.1920981283361478,0.22804108746833077,True,0.179852572955855,0.28753443342074664,True
80,11.135371179039302,0.09110402659680977,0.19139801473400334,0.23167765485191325,True,0.17776393809213667,0.3055641872023929,True
80,11.353711790393014,0.08595052918372621,0.19048012831009853,0.23635571616493836,True,0.17776393809213664,0.3055641872023929,True
80,11.572052401746724,0.08041680619195501,0.1893169571455427,0.2408165269279841,True,0.17437049077580818,0.3225329825363924,True
80,11.790393013100436,0.07586785464546869,0.1883662338470141,0.24550801696859548,True,0.17209789063634495,0.3408365163290367,True
80,12.008733624454148,0.0715762244370481,0.18741276144554486,0.2512343233146121,True,0.1708162121459288,0.3408365163290367,True
80,12.22707423580786,0.06696795730253387,0.18640027994106187,0.2573960921598884,True,0.16841798571083447,0.3580069530028023,True
80,12.445414847161572,0.06265638262630553,0.18494255020282943,0.2659524546483527,True,0.16841798571083447,0.3580069530028023,True
80,12.663755458515285,0.058622398561131814,0.18316341719783807,0.27520352637415496,True,0.16646820973649093,0.36135774528673403,True
80,12.882096069868997,0.0553062950844922,0.181446234601354,0.286543787201348,True,0.16646820973649093,0.361357745286734,True
80,13.100436681222709,0.053053126505476396,0.17983509444977497,0.2971714735383056,True,0.16319235905557666,0.3752547874193688,True
80,13.31877729257642,0.053053126505476396,0.17823932389068275,0.3073604137265791,True,0.16253275763315073,0.3786073065389789,True
80,13.537117903930133,0.053053126505476396,0.17680766067859208,0.3136599769458151,True,0.16253275763315073,0.37731835427373994,True
80,13.755458515283843,0.05394316400873185,0.17515138657520546,0.320194356361749,True,0.16047944255969632,0.38195953362301693,True
80,13.973799126637555,0.0553062950844922,0.17360498432992127,0.32913861786776627,True,0.16047944255969632,0.3819595336230169,True
80,14.192139737991264,0.05765515583058397,0.17220924091925127,0.3366692031255678,True,0.15909874062552165,0.3819595336230169,True
80,14.410480349344978,0.06162258100601666,0.1709448282227301,0.342988826951304,True,0.15772524968616705,0.3806698076739882,True
80,14.62882096069869,0.06586301667454225,0.1694899608010425,0.34790053013210787,True,0.15772524968616705,0.37938604433493117,True
80,14.847161572052402,0.0709832809776259,0.16805704912490982,0.352177092034555,True,0.157725249686167,0.37938604433493117,True
80,15.065502183406114,0.07586785464546869,0.16727497010871026,0.3544878618219704,True,0.1563589299860003,0.37938604433493117,True
80,15.283842794759826,0.0810885505605222,0.16651312018347786,0.3547754386628543,True,0.1563589299860003,0.37938604433493117,True
80,15.502183406113538,0.08595052918372621,0.16586160532628796,0.3526792553586501,True,0.15499974200977235,0.37810821787084276,True
80,15.720524017467248,0.09110402659680977,0.1658800604815982,0.3489066442751444,True,0.15499974200977235,0.376836302640329,True
80,15.93886462882096,0.0973731694600355,0.16590432656677565,0.3444081600969412,True,0.1536476464809503,0.376836302640329,True
80,16.157205240174672,0.10150861218166073,0.1656518107098973,0.33966528903809423,True,0.1536476464809503,0.37683630264032897,True
80,16.375545851528383,0.10581968733467005,0.16588994489590309,0.33374238889378927,True,0.1536476464809503,0.37557027309543584,True
80,16.593886462882097,0.11123533691669137,0.16658509938317265,0.3253982930788569,True,0.1523026043600656,0.37557027309543584,True
80,16.812227074235807,0.1149988881917128,0.16692205385661663,0.3167622943119727,True,0.15173189954519592,0.3697091086964969,True
80,17.03056768558952,0.11790488306710861,0.16744303763690538,0.3083340059422219,True,0.15173189954519592,0.3697091086964969,True
80,17.24890829694323,0.12291230855431186,0.1683482694482518,0.29887321272984657,True,0.15041323350250121,0.3684614065142919,True
80,17.467248908296945,0.12497432773076422,0.16895122014881184,0.2891417278116405,True,0.15041323350250121,0.3684614065142918,True
80,17.685589519650655,0.12707094005036126,0.1695061616173771,0.2794205177235084,True,0.1519528403590122,0.3592966309584956,True
80,17.903930131004365,0.12920272585957407,0.1701758985641796,0.26902647686182335,True,0.15220323821463871,0.34895013421228877,True
80,18.12227074235808,0.1302819928388237,0.1711342368355009,0.2583690534378211,True,0.15220323821463871,0.34774105817259965,True
80,18.34061135371179,0.13137027524096603,0.1722185664973336,0.24791404337397122,True,0.15446289555202602,0.3341502135446016,True
80,18.558951965065503,0.1324676483743828,0.17316613180072152,0.23846361918622858,True,0.15446289555202602,0.33296770760936045,True
80,18.777292576419217,0.1324676483743828,0.17342626039450423,0.23303013730976793,True,0.15548076112892187,0.3194806724545846,True
80,18.995633187772924,0.1324676483743828,0.17358427364595921,0.2268249568026934,True,0.15724868422879626,0.3005069385822921,True
80,19.21397379912664,0.13137027524096603,0.17430595875379953,0.22047711611463838,True,0.15724868422879626,0.3005069385822921,True
80,19.43231441048035,0.12920272585957407,0.17480615057702148,0.21616831128445227,True,0.1601088275991666,0.28285162385710944,True
80,21.61572052401747,0.08739246483270766,0.1708879736639897,0.21348167918114547,True,0.15686042244559473,0.2785183113594846,True
80,21.83406113537118,0.08176590620014167,0.17033531310148414,0.21716551223665906,True,0.15198590991506983,0.29935821123890205,True
80,22.05240174672489,0.07461606978696339,0.16943715951340957,0.22312493723732976,True,0.15198590991506983,0.29935821123890205,True
80,22.270742358078603,0.06809143479465705,0.1684047165888406,0.2289020027288219,True,0.14963354677499938,0.31262876137178025,True
80,22.489082969432314,0.061112094365409236,0.16702551645318323,0.23326318762658377,True,0.14963354677499938,0.3115056322671325,True
80,22.707423580786028,0.053053126505476396,0.16530241894015923,0.24109315593411576,True,0.1480343194709525,0.32038853267548617,True
80,22.925764192139734,0.04841401476135499,0.16319625591510772,0.2520520819709388,True,0.14437988724105508,0.3337855589037518,True
80,23.14410480349345,0.04345160074283527,0.1613797932283583,0.2609834941348251,True,0.14437988724105508,0.3337855589037518,True
80,23.36244541484716,0.039323591795227715,0.15975128883460882,0.26947688452671736,True,0.14353948367518313,0.3382700876401862,True
80,23.580786026200872,0.0355877538512244,0.15849043441607633,0.27710755135625864,True,0.14232719828858284,0.337111049745298,True
80,23.799126637554583,0.03194002561654985,0.15685445915328916,0.2850829554672261,True,0.14146851909087152,0.34159810092383414,True
80,24.017467248908297,0.030133268598913514,0.15498056398331175,0.29373542269464353,True,0.14146851909087146,0.34159810092383414,True
80,24.23580786026201,0.03220682970086768,0.15356599193374282,0.2995559849845893,True,0.14025117891140595,0.3404378452987175,True
80,24.45414847161572,0.03588502844308585,0.1523068006728859,0.30438591846492435,True,0.1402511789114059,0.3404378452987176,True
80,24.67248908296943,0.04099366644083611,0.15103165181181707,0.30922564398536573,True,0.13904012048965608,0.3404378452987176,True
80,24.890829694323145,0.04644163645111667,0.149902191439387,0.31317107015972306,True,0.13815165324785755,0.3449274186480386,True
80,25.109170305676855,0.051745529146163524,0.14906664729796468,0.31542811648781527,True,0.13815165324785753,0.3449274186480386,True
80,25.32751091703057,0.058136765684071695,0.14837944618399973,0.3168393315091724,True,0.13693560036585714,0.3437660228272664,True
80,25.54585152838428,0.06423969468858692,0.1475189104688295,0.3175658732307159,True,0.13693560036585714,0.3437660228272664,True
80,25.76419213973799,0.0715762244370481,0.14679334129621371,0.3169664096919779,True,0.13693560036585709,0.3437660228272664,True
80,25.982532751091703,0.0784347777923635,0.14661200848215142,0.3156180404035607,True,0.13693560036585709,0.34261005762101765,True
80,26.200873362445417,0.0852385077755813,0.14696812193155356,0.311394299578247,True,0.13572583067191674,0.34261005762101765,True
80,26.419213973799128,0.09110402659680977,0.1475953570132206,0.3057301802680226,True,0.1345223102072894,0.3426100576210176,True
80,26.63755458515284,0.0973731694600355,0.14842960518925974,0.2989638933856107,True,0.1345223102072894,0.3414594990011089,True
80,26.85589519650655,0.10321155558379493,0.14918382537558095,0.2921552360925499,True,0.1345223102072894,0.3414594990011089,True
80,27.074235807860266,0.10849372596187748,0.14971028963134145,0.28491018842555793,True,0.13332500521180432,0.340314323032586,True
80,27.292576419213972,0.11310145919947318,0.15064189217539212,0.27684647620045405,True,0.1342580299358319,0.33585092190585586,True
80,27.510917030567686,0.11692814910553918,0.15181145166769128,0.26835521928800155,True,0.13401422784481642,0.3313969309696538,True
80,27.729257641921397,0.120884311749984,0.15309257511945543,0.25925496762428013,True,0.13401422784481642,0.3302701531321687,True
80,27.94759825327511,0.12393902989539408,0.1545384241633996,0.24924521727329257,True,0.13586446489934706,0.3214041874808737,True
80,28.16593886462882,0.12707094005036126,0.15600123954180387,0.23913312182132923,True,0.13472265264868385,0.3202959195586441,True
80,28.38427947598253,0.12920272585957407,0.15701984685649623,0.23000155588097157,True,0.13656482298587172,0.311482772624843,True
80,28.602620087336245,0.1302819928388237,0.1577565130831836,0.22231821690835993,True,0.1392746595782193,0.2983393698220894,True
80,28.820960698689955,0.1324676483743828,0.15834223540332973,0.2171661723598569,True,0.1381907208450645,0.2972701314706062,True
80,29.03930131004367,0.1324676483743828,0.15892821053381512,0.212036694918479,True,0.1417488168742022,0.27992053197042316,True
80,29.25764192139738,0.1324676483743828,0.1595144581669209,0.2069298910517272,True,0.1417488168742022,0.2799205319704231,True
80,29.475982532751093,0.1324676483743828,0.16010099734573177,0.20184586103666574,True,0.14434852488600472,0.26600743683474193,True
80,30.78602620087336,0.11888977596422079,0.1530996393626823,0.1669863610355987,True,0.14158012980788084,0.21369113207132986,True
80,31.004366812227076,0.1149988881917128,0.15285486749989324,0.1667427024364539,True,0.14082373665976203,0.2054747485206206,True
80,31.222707423580783,0.11031385403602635,0.15850467669967327,0.16543812960071755,True,0.14082373665976203,0.22102729525169218,True
80,31.441048034934497,0.10494306815034328,0.163077874072287,0.16986631876383618,True,0.14082373665976203,0.2334929347232497,True
80,31.65938864628821,0.09900673525226707,0.160662313679619,0.18132502486154162,True,0.14082373665976203,0.2334929347232497,True
80,31.87772925764192,0.09418645242444765,0.1583481722252312,0.19203621391421247,True,0.14082373665976203,0.24930475610590255,True
80,32.096069868995635,0.08739246483270766,0.15718078674151617,0.19652109662444572,True,0.1400710798503906,0.24930475610590255,True
80,32.314410480349345,0.08041680619195501,0.15609649305441864,0.20051456908444107,True,0.14034365338029414,0.26199515263817463,True
80,32.532751091703055,0.07277701180410037,0.15523696529753836,0.20392767400737852,True,0.13853930678583073,0.2705123634914345,True
80,32.751091703056765,0.06641318911539201,0.15437772885133957,0.20839057079402493,True,0.13853930678583073,0.26950740672875695,True
80,32.96943231441048,0.05765515583058397,0.15322712571900296,0.21302456801601855,True,0.1357824330306148,0.2823463660799797,True
80,33.18777292576419,0.051316864833357484,0.15176456603681376,0.21877615716776525,True,0.13474551759571615,0.2823463660799797,True
80,33.4061135371179,0.039323591795227715,0.1502018544337694,0.22495241357881654,True,0.13285315364798694,0.2899264917996847,True
80,33.624454148471614,0.03220682970086768,0.14860895847005812,0.23211456614684672,True,0.13285315364798694,0.2899264917996847,True
80,33.842794759825324,0.025942829477486003,0.14713572924554316,0.2394479752380552,True,0.1318961607508,0.29424314971634663,True
80,34.06113537117904,0.02309081736944647,0.1450878360981714,0.24628488722703218,True,0.13093181998024972,0.298570523162435,True
80,34.27947598253275,0.020897132923324787,0.14337079014614887,0.25210540617570926,True,0.1298606486290118,0.298570523162435,True
80,34.49781659388646,0.020552339799783447,0.14214821315225265,0.25798794327252655,True,0.1298606486290118,0.29752802759395197,True
80,34.71615720524017,0.020213235604884982,0.14111012580209048,0.26295343493351775,True,0.1298606486290118,0.29752802759395197,True
80,34.93449781659389,0.020897132923324787,0.1400223175467319,0.26789635423218633,True,0.12879493633585257,0.29752802759395197,True
80,35.1528384279476,0.023283701509815263,0.13831907659568574,0.27228314104342016,True,0.12879493633585257,0.29649047972309445,True
80,35.37117903930131,0.02795965394744536,0.1373457237390372,0.27481847763621753,True,0.12879493633585257,0.29649047972309445,True
80,35.58951965065502,0.035000572209838175,0.13688963385992658,0.2769335998856096,True,0.12773465434872477,0.29649047972309445,True
80,35.80786026200873,0.043814564276036985,0.13634801925702478,0.27642393373243634,True,0.12773465434872477,0.29649047972309445,True
80,36.02620087336245,0.052177774213438305,0.13609077459594376,0.2747967551612744,True,0.12773465434872477,0.29649047972309445,True
80,36.24454148471616,0.06162258100601666,0.13663542643849044,0.2722979902304397,True,0.12667977407631537,0.2954578569505929,True
80,36.46288209606987,0.06809143479465705,0.13739845397029604,0.26772129965044866,True,0.12667977407631537,0.2954578569505929,True
80,36.68122270742358,0.07523935896067623,0.13816017946977116,0.26245274860357304,True,0.12667977407631534,0.2954578569505929,True
80,36.89956331877729,0.08244891998335048,0.1389201163101246,0.2572054766288585,True,0.12667977407631534,0.29443013677188495,True
80,37.11790393013101,0.08885859089023627,0.13977674040548224,0.2515238886879892,True,0.12563026708705446,0.29443013677188495,True
80,37.33624454148472,0.09497321854968295,0.14079670895612292,0.24509623605617015,True,0.1256302670870544,0.29443013677188495,True
80,37.55458515283843,0.0998337665658109,0.1418117831412037,0.23870079549372566,True,0.12664389299838968,0.29012908628228123,True
80,37.77292576419214,0.10494306815034328,0.14282210505652082,0.2323378108614008,True,0.12560941505495096,0.29012908628228123,True
80,37.99126637554585,0.10940000479699803,0.14433146160723903,0.22364880836608966,True,0.12662500028375448,0.28482915902819156,True
80,38.209606986899566,0.11404622773594829,0.14569546944017162,0.2156407221829942,True,0.12662500028375448,0.28482915902819156,True
80,38.42794759825328,0.11692814910553918,0.14668641879770655,0.20939658629237987,True,0.12763273772046713,0.2762950668154616,True
80,38.646288209606986,0.11988289595077614,0.14752624081567656,0.20387992423012372,True,0.12963028765264434,0.26682729267918087,True
80,38.8646288209607,0.12291230855431186,0.14826011084282384,0.1988801476400633,True,0.12963028765264434,0.26682729267918087,True
80,39.082969432314414,0.12497432773076422,0.1487713272062182,0.1949492707678644,True,0.12969977462868754,0.2541988463237685,False
80,39.30131004366813,0.12601827370230928,0.14912627113250715,0.19076300885604155,True,0.12221345791454744,0.25324527554775483,False
80,39.519650655021834,0.1281323996186959,0.14963534517113355,0.18560195132666613,True,0.12221345791454744,0.24074175154436947,False
80,39.737991266375545,0.1281323996186959,0.15269295938012206,0.1711677254226866,True,0.12221345791454744,0.22423646601249864,False
80,39.956331877729255,0.1281323996186959,0.14697474747171918,0.15749002523486214,True,0.12151766823229783,0.22423646601249864,False
80,40.17467248908297,0.1281323996186959,0.13998236180120158,0.15838746342842408,True,0.1215176682322978,0.2111038710841992,False
80,40.39301310043668,0.12601827370230928,0.13789559935420997,0.15872875796423655,True,0.1215176682322978,0.210227858268187,False
80,40.61135371179039,0.12497432773076422,0.13784672053175473,0.15868018699894632,True,0.1215176682322978,0.19411904316703696,False
80,40.8296943231441,0.12393902989539408,0.13761976552197047,0.15845466011586687,True,0.12082532120521654,0.1646604931086957,False
80,41.048034934497814,0.120884311749984,0.13739315792300855,0.15822947628846742,True,0.12082532120521654,0.1639444302775638,False
80,41.26637554585153,0.11790488306710861,0.13716689720140263,0.158004634996563,True,0.12082532120521654,0.1639444302775638,False
80,41.48471615720524,0.11404622773594829,0.1371798702864548,0.15799758374616119,True,0.12082532120521654,0.1639444302775638,False
80,41.70305676855895,0.11031385403602635,0.138131305219466,0.15759605872590648,True,0.1201363997111773,0.1639444302775638,True
80,41.92139737991266,0.10581968733467005,0.13844075304245712,0.1569844321375072,True,0.12013639971117725,0.19727674856096558,True
80,42.13973799126637,0.10150861218166073,0.13832908959751497,0.15687339213389975,True,0.12013639971117725,0.19642998218990124,True
80,42.35807860262009,0.0957665567552959,0.1389936605553886,0.1566940776430254,True,0.12013639971117725,0.20848859952029142,True
80,42.5764192139738,0.09034931318292867,0.1398857633683125,0.1562295261527223,True,0.11945088671408162,0.21658932388380162,True
80,42.79475982532751,0.0852385077755813,0.15099570104093263,0.1627538651380813,True,0.12316043911950611,0.21658932388380162,True
80,43.01310043668122,0.0784347777923635,0.1462671880670023,0.18279904519174467,True,0.12316043911950611,0.22793456964796266,True
80,43.23144104803494,0.07277701180410037,0.1454647885120515,0.18625978916918365,True,0.12316043911950611,0.22793456964796266,True
80,43.44978165938865,0.06531740190843605,0.14467161900166298,0.18898462919363967,True,0.12688289476459824,0.23614321351476514,True
80,43.66812227074236,0.05911208806722017,0.14363087469608798,0.19081011332185605,True,0.12618735328350342,0.24026551805336185,True
80,43.88646288209607,0.05261362994623849,0.1427097957623875,0.19395782817337365,True,0.1289797718012326,0.2393524179860629,True
80,44.10480349344978,0.04567537071729063,0.1418323765970332,0.19779962415420108,True,0.12796670955915598,0.2434799828693662,True
80,44.3231441048035,0.039323591795227715,0.14048454391113258,0.20367580159810944,True,0.12796670955915598,0.2434799828693662,True
80,44.54148471615721,0.033296519886962764,0.13912739488008463,0.20829448575461706,True,0.1269464670970788,0.24761942164606376,True
80,44.75982532751092,0.02819320885935583,0.13776245639033946,0.21131793441369068,True,0.12602523527655585,0.24669750892811798,True
80,44.97816593886463,0.025093802408677417,0.13683566867000305,0.214783660011608,True,0.12602523527655585,0.24669750892811798,True
80,45.19650655021834,0.02407148538257966,0.1359962145966077,0.21834898135533448,True,0.12602523527655585,0.24669750892811798,True
80,45.414847161572055,0.025942829477486003,0.13515164429821394,0.22192389459793643,True,0.12602523527655585,0.24669750892811798,True
80,45.633187772925766,0.028428714721624275,0.1340693823108059,0.22476060621960756,True,0.12602523527655585,0.24578003413447766,True
80,45.85152838427947,0.030894729213918667,0.13293888045712662,0.22661298378113984,True,0.125108635099283,0.24578003413447766,True
80,46.069868995633186,0.034710624527754017,0.13273285410242253,0.22741892112704404,True,0.125108635099283,0.24578003413447766,True
80,46.2882096069869,0.03899783185553606,0.13273285410242253,0.22741892112704404,True,0.125108635099283,0.24578003413447766,True
80,46.506550218340614,0.0441805597464788,0.13356257591945053,0.2239654838035218,True,0.125108635099283,0.24578003413447766,True
80,46.72489082969432,0.05047016006380066,0.13392972812839157,0.22030565243319766,True,0.125108635099283,0.24486697638475305,True
80,46.943231441048034,0.056703872162148235,0.13402888738545288,0.21747011307111266,True,0.12419664279695115,0.24486697638475305,True
80,47.161572052401745,0.06317976914433691,0.1347625044944248,0.21442280520507614,True,0.12419664279695115,0.24486697638475305,True
80,47.379912663755455,0.06866022184349595,0.13561395824937383,0.2108751010134324,True,0.12419664279695115,0.24486697638475305,True
80,47.59825327510917,0.07461606978696339,0.13695117332717152,0.2052798686803263,True,0.12434418550408094,0.24074724642854928,True
80,47.81659388646288,0.07975062661019908,0.13782517896499547,0.19916095578314522,True,0.12434418550408094,0.23984510183933183,True
80,48.03493449781659,0.08453238481262874,0.1385719373454598,0.19413340598152148,True,0.12434418550408088,0.23984510183933183,True
80,48.2532751091703,0.08960085187840398,0.13941350062846095,0.19060229906706444,True,0.12450596609854607,0.23574386546497827,True
80,48.47161572052402,0.09418645242444765,0.1397948497310797,0.1881150327903661,True,0.12450596609854607,0.23574386546497827,True
80,48.68995633187773,0.0973731694600355,0.14009448971312022,0.18555340137141935,True,0.1264564144938759,0.22757754649500062,True
80,48.90829694323144,0.10066770630625965,0.14041981896445202,0.1828964640114997,True,0.11907820269443498,0.22669936879214625,True
80,49.12663755458515,0.10494306815034328,0.14099636957294343,0.1792000130773956,True,0.11907820269443498,0.21859479709488255,True
80,49.34497816593886,0.10759495481680233,0.14349208758447798,0.16745402387856012,True,0.11109598754793469,0.21053925922654512,False
80,49.56331877729258,0.10940000479699803,0.14359506083306392,0.14882574557058953,True,0.11109598754793469,0.21053925922654512,False
80,49.78165938864629,0.11123533691669137,0.13480647538933735,0.150662718966687,True,0.11109598754793466,0.20253311376165584,False
80,50.0,0.11310145919947318,0.13260063550283233,0.1511762922097955,True,0.10681269234739979,0.20169881450835261,False
80,50.21834061135371,0.11404622773594829,0.13027053951653572,0.1515601088152368,True,0.10681269234739979,0.18980296008132558,False
80,50.43668122270742,0.11404622773594829,0.1285260427078225,0.15170252728560024,True,0.10681269234739968,0.18980296008132558,False
80,50.65502183406114,0.11404622773594829,0.1283115290229736,0.15148942912917696,True,0.10681269234739968,0.15861086854744375,False
80,50.87336244541485,0.1149988881917128,0.12676694157128693,0.15158883106394688,True,0.10681269234739968,0.15861086854744375,False
80,51.09170305676856,0.11404622773594829,0.12436832708352243,0.15189105541463077,True,0.10617002549616443,0.15861086854744375,False
80,51.31004366812227,0.11310145919947318,0.12296939469289489,0.15196083717215503,True,0.10617002549616443,0.1586108685474437,False
80,51.52838427947598,0.11123533691669137,0.12216587924288444,0.15192656023962323,True,0.10617002549616443,0.1586108685474437,False
80,51.7467248908297,0.10940000479699803,0.12325508209789357,0.1516693478038607,True,0.10553054093409565,0.15794728584464415,False
80,51.96506550218341,0.10759495481680233,0.12469186605350424,0.15106019676116417,True,0.10553054093409565,0.15794728584464415,False
80,52.18340611353712,0.10494306815034328,0.126451376616772,0.15012007831224597,True,0.10553054093409563,0.15794728584464415,False
80,52.40174672489083,0.10150861218166073,0.1276969132707633,0.14977130776631611,True,0.10553054093409563,0.1572869487668064,False
80,52.620087336244545,0.09818655513563897,0.1287293054805236,0.14944845114748567,True,0.10489422280960073,0.1572869487668064,True
80,52.838427947598255,0.09497321854968295,0.12961043785557833,0.14897354622929584,True,0.10489422280960081,0.15728694876680638,True
80,53.056768558951966,0.09110402659680977,0.13049182237343582,0.1484971571785768,True,0.10850587311706678,0.1557915974097516,True
80,53.27510917030568,0.08739246483270766,0.13137346098486036,0.1480192820067947,True,0.10850587311706678,0.18658548332049862,True
80,53.493449781659386,0.08383211143165306,0.1322553556434229,0.1475399187142426,True,0.11213041702194694,0.18658548332049862,True
80,53.7117903930131,0.08041680619195501,0.13352343659278226,0.14696471121370572,True,0.11213041702194694,0.19051177267770408,True
80,53.930131004366814,0.07586785464546869,0.1439009155761896,0.1448834028384055,True,0.11511557219620919,0.19051177267770406,True
80,54.14847161572053,0.07217412092119992,0.14095650357117498,0.15654125559957616,True,0.11875952927338933,0.19364297389000268,True
80,54.366812227074234,0.06752735962553896,0.13799402758023985,0.16836024127706453,True,0.11875952927338933,0.19364297389000268,True
80,54.585152838427945,0.06370752765825721,0.13674164901003039,0.17332405075684446,True,0.12175462754542901,0.19758785456701755,True
80,54.80349344978166,0.06010377279422934,0.1361704680955668,0.17418064807651473,True,0.12175462754542901,0.200728555780631,True
80,55.02183406113537,0.056703872162148235,0.13540405585963528,0.17484635945575341,True,0.12601946152700264,0.200728555780631,True
80,55.24017467248908,0.05439376654272289,0.13510305281676938,0.17597355201853707,True,0.1260194615270026,0.20072855578063117,True
80,55.45851528384279,0.051745529146163524,0.1347244948144294,0.177025889899632,True,0.1260194615270026,0.20072855578063117,True
80,55.6768558951965,0.05005206101567132,0.13402902994842952,0.17856122291831636,True,0.1260194615270026,0.20072855578063117,True
80,55.89519650655022,0.04841401476135499,0.1331991354597342,0.1806049360275497,True,0.1260194615270026,0.19991582802144175,True
80,56.11353711790393,0.04761520568864665,0.13265171581075438,0.1817008794200756,True,0.12522424940835167,0.19991582802144175,True
80,56.33187772925764,0.04841401476135499,0.13240319248708377,0.18265725671456104,True,0.12522424940835167,0.19991582802144175,True
80,56.55021834061135,0.0492262249298984,0.13240319248708377,0.18265725671456104,True,0.12522424940835167,0.19991582802144175,True
80,56.76855895196506,0.050891751611749185,0.13254179881250688,0.18212395999937245,True,0.12522424940835167,0.1999158280214417,True
80,56.98689956331878,0.052177774213438305,0.13240373702636207,0.1805540060170747,True,0.12522424940835167,0.19910705471307452,True
80,57.20524017467249,0.054848133087360515,0.13258785224191186,0.17819993603896903,True,0.12443299460420638,0.19910705471307452,True
80,57.4235807860262,0.05717753567360322,0.13315996585824424,0.1760110603174657,True,0.12443299460420638,0.19910705471307452,True
80,57.64192139737991,0.06010377279422934,0.13345620227096303,0.17487614564761303,True,0.12443299460420638,0.19910705471307452,True
80,57.86026200873363,0.06317976914433691,0.13372604572692048,0.17371682697541418,True,0.12443299460420641,0.19910705471307438,True
80,58.07860262008734,0.06641318911539201,0.13355090425294044,0.1721195048602464,True,0.12443299460420641,0.19830221683741237,True
80,58.29694323144105,0.06981208934778417,0.13358456722873005,0.17072977821358337,True,0.11978891470047526,0.1943705718837999,True
80,58.51528384279476,0.07217412092119992,0.13388082847804808,0.16960115906248108,True,0.1125385240505232,0.1943705718837999,True
80,58.73362445414847,0.07586785464546869,0.13691759291494335,0.15797481887201556,True,0.1125385240505232,0.19045150522758394,True
80,58.951965065502186,0.0784347777923635,0.1398460645578068,0.14622155423921146,True,0.10830256577713046,0.19045150522758394,True
80,59.1703056768559,0.08176590620014167,0.1342611579784626,0.14238909812619846,True,0.10830256577713046,0.18576327631726447,True
80,59.38864628820961,0.08383211143165306,0.12814424360886667,0.14374858950080915,True,0.10114193157624138,0.181875862217532,True
80,59.60698689956332,0.08595052918372621,0.12597623041404066,0.1443055339449447,True,0.1005273413288641,0.181875862217532,True
80,59.82532751091703,0.08885859089023627,0.12437927529783653,0.14421178100680238,True,0.1005273413288641,0.15275415115872293,True
80,60.043668122270745,0.09110402659680977,0.12282201646541877,0.14428597339331056,True,0.09697252468079522,0.15363052685797088,True
80,60.262008733624455,0.09186504434568829,0.12066737442030794,0.1448429175751613,True,0.09697252468079522,0.1530026264841457,True
80,60.480349344978166,0.0934062039359237,0.11890730411370377,0.14510838413603994,True,0.09343057070034061,0.15388100188546938,False
80,60.69868995633187,0.09497321854968295,0.11763219893245559,0.14518580294057842,True,0.09283133850510152,0.15388100188546935,False
80,60.917030567685586,0.0957665567552959,0.11549554104407488,0.1454886774950237,True,0.09283133850510149,0.1532631337811067,False
80,61.1353711790393,0.09656652193973611,0.11326173432514657,0.1459474647354883,True,0.09283133850510149,0.1532631337811067,False
80,61.353711790393014,0.09656652193973611,0.11112940628840269,0.14650058219241274,True,0.09283133850510149,0.1532631337811067,False
80,61.57205240174672,0.09656652193973611,0.10926570080757678,0.14676253711193812,True,0.09283133850510149,0.1532631337811067,False
80,61.790393013100434,0.09656652193973611,0.10800778278463741,0.14684444620525322,True,0.09223507554751272,0.1532631337811067,False
80,62.00873362445415,0.09656652193973611,0.10751389480986454,0.14672884272525044,True,0.09223507554751272,0.15264828555559556,False
80,62.22707423580786,0.09656652193973611,0.10749632930534687,0.14665251664462609,True,0.09223507554751272,0.15264828555559556,False
80,62.44541484716157,0.09497321854968295,0.10959788313129652,0.14607743871402767,True,0.09223507554751272,0.15264828555559556,False
80,62.66375545851528,0.09497321854968295,0.11098407536925371,0.1452216194857528,True,0.09223507554751272,0.1526482855555955,False
80,62.88209606986899,0.0934062039359237,0.11182603013095996,0.14472187360767524,True,0.09223507554751272,0.1526482855555955,False
80,63.10043668122271,0.09263241909146083,0.11289001949995751,0.1444406016661953,True,0.09164176701729164,0.1520364425527221,False
80,63.31877729257642,0.09110402659680977,0.11395512848109698,0.14415884729044176,True,0.09164176701729164,0.1520364425527221,False
80,63.53711790393013,0.08960085187840398,0.11601751408515722,0.14361274805773822,True,0.09516534063998644,0.15113728787506567,True
80,63.75545851528384,0.08885859089023627,0.11815542074475685,0.1430459009766911,True,0.09516534063998644,0.15052157969667743,True
80,63.97379912663755,0.08739246483270766,0.12006022805623562,0.1422409165201584,True,0.09516534063998644,0.15052157969667743,True
80,64.19213973799127,0.08595052918372621,0.12122243786099365,0.14142294336552189,True,0.09456890279998176,0.15052157969667743,True
80,64.41048034934498,0.08453238481262874,0.12228518272473132,0.14112514914496663,True,0.09456890279998176,0.15052157969667743,True
80,64.62882096069869,0.08313763917422533,0.12335897709676523,0.14083672986017373,True,0.09809925391122282,0.14961039573755597,True
80,64.8471615720524,0.08176590620014167,0.12443389124319974,0.14054780751994597,True,0.09809925391122282,0.14961039573755597,True
80,65.06550218340611,0.08041680619195501,0.1252076022268773,0.13995726007153836,True,0.10519852922873349,0.1471389014089914,True
80,70.52401746724891,0.06923376013172201,0.12221033989520044,0.13622414612381253,True,0.1086527631187628,0.1420760904248994,True
80,70.74235807860262,0.06809143479465705,0.12221033989520044,0.13622414612381253,True,0.1086527631187628,0.1420760904248994,True
80,70.96069868995633,0.06809143479465705,0.12209951315823206,0.13611372667407728,True,0.10804728300039572,0.1420760904248994,True
80,71.17903930131004,0.06752735962553896,0.12137379957669711,0.1358151872425238,True,0.10804728300039569,0.14144758264475604,True
80,71.39737991266375,0.06696795730253387,0.12017829850743998,0.13598755638477747,True,0.10804728300039569,0.14144758264475604,True
80,71.61572052401746,0.06696795730253387,0.11975920387736884,0.13609475558533426,True,0.10804728300039569,0.14144758264475604,True
80,71.83406113537117,0.06586301667454225,0.1195635812396191,0.13589996182088612,True,0.10804728300039569,0.14144758264475604,True
80,72.0524017467249,0.06586301667454225,0.11936825774199214,0.13570546466887795,True,0.10744479331312333,0.14144758264475604,True
80,72.2707423580786,0.06586301667454225,0.11917323292608598,0.13551126367861605,True,0.1074447933131233,0.14082215723370595,True
80,72.48908296943232,0.06586301667454225,0.11913783715904756,0.1354760172961061,True,0.1074447933131233,0.14082215723370595,True
80,72.70742358078603,0.06586301667454225,0.11909832923784634,0.13543667606555732,True,0.10391064294682485,0.14180960567912482,True
80,72.92576419213974,0.06586301667454225,0.11890371718538505,0.1352428843625664,True,0.10331696223554362,0.1418096056791248,True
80,73.14410480349345,0.06586301667454225,0.11870940272443858,0.13504938774940128,True,0.10331696223554362,0.14119395992533998,True
80,73.36244541484716,0.06586301667454225,0.11837416718537247,0.13489712979833338,True,0.10331696223554361,0.14119395992533998,True
80,73.58078602620087,0.06696795730253387,0.11731021177858322,0.13519848096507028,True,0.10331696223554361,0.14119395992533998,True
80,73.79912663755458,0.06696795730253387,0.1166460971103244,0.13530257225163989,True,0.10331696223554361,0.14119395992533998,True
80,74.0174672489083,0.06809143479465705,0.11645340964516628,0.1351108023035543,True,0.10331696223554361,0.14119395992533998,True
80,74.23580786026201,0.06809143479465705,0.11626101690928067,0.13491932428673395,True,0.10331696223554361,0.1405813319317439,True
80,74.45414847161572,0.06923376013172201,0.11609295700568122,0.13475206227297218,True,0.10272621510085916,0.1405813319317439,True
80,74.67248908296943,0.07039524951166014,0.11609295700568122,0.13475206227297218,True,0.10272621510085916,0.1405813319317439,True
80,74.89082969432314,0.0709832809776259,0.11646051187657207,0.13464473740811642,True,0.10272621510085916,0.1405813319317439,True
80,75.10917030567686,0.0715762244370481,0.11751700920040326,0.1343361050635505,True,0.10272621510085916,0.1405813319317439,True
80,75.32751091703057,0.07277701180410037,0.1175405787415282,0.13388545692012527,True,0.10272621510085916,0.13997170696665873,True
80,75.54585152838428,0.07399794399315483,0.11726334604568774,0.13360937821203442,True,0.10213838699052301,0.13997170696665873,True
80,75.76419213973799,0.07461606978696339,0.11726334604568774,0.13360937821203442,True,0.10213838699052301,0.13997170696665873,True
80,75.9825327510917,0.07523935896067623,0.11726334604568774,0.13360937821203442,True,0.10213838699052301,0.13997170696665873,True
80,76.20087336244542,0.07650160033280329,0.11724506614757019,0.1335911743152727,True,0.10565511900705399,0.13896422495621708,True
80,76.41921397379913,0.07650160033280329,0.11686180305788417,0.13320950215797545,True,0.10565511900705399,0.13835097912660343,True
80,76.63755458515284,0.07714063987743862,0.11664466913206187,0.13299326740747694,True,0.10506444358155415,0.13835097912660343,True
80,76.85589519650655,0.07778501750046492,0.11664466913206187,0.13299326740747694,True,0.10506444358155412,0.13835097912660343,True
80,77.07423580786026,0.07778501750046492,0.11682425116014745,0.13293994065769527,True,0.10506444358155412,0.13835097912660343,True
80,77.29257641921397,0.07778501750046492,0.11784045140651347,0.13258824028610197,True,0.10506444358155412,0.13835097912660343,True
80,77.51091703056768,0.07778501750046492,0.11820384245146444,0.13223215128079965,True,0.10506444358155412,0.13774074108135945,True
80,77.7292576419214,0.07778501750046492,0.11801242736371123,0.13204141768096803,True,0.10506444358155412,0.13774074108135945,True
80,84.49781659388647,0.06866022184349595,0.11434699470423497,0.12872303062547907,True,0.09463991394280448,0.13625443496382497,True
80,84.71615720524018,0.0715762244370481,0.11311738550802179,0.12886387131400326,True,0.09463991394280448,0.13625443496382497,True
80,84.93449781659389,0.07461606978696339,0.11189021652551377,0.12900558755040611,True,0.09463991394280448,0.13625443496382497,True
80,85.1528384279476,0.07778501750046492,0.11078659886820706,0.12926874588953996,True,0.09463991394280448,0.13625443496382497,True
80,85.37117903930131,0.08041680619195501,0.10974682400109045,0.12959381022720795,True,0.09408048552405812,0.13625443496382497,True
80,85.58951965065502,0.08313763917422533,0.10886966278172873,0.12986787705128086,True,0.09063465674464398,0.1373018150689934,True
80,85.80786026200873,0.08595052918372621,0.10886966278172873,0.12986787705128086,True,0.09063465674464398,0.1373018150689934,False
80,86.02620087336244,0.08885859089023627,0.10839294491016759,0.13001676531540837,True,0.09063465674464398,0.13673115787818188,False
80,86.24454148471615,0.09110402659680977,0.10706016946163364,0.13004661017203326,True,0.09063465674464398,0.13673115787818188,False
80,86.46288209606988,0.09263241909146083,0.10573474824023897,0.13008228264296215,True,0.09008352641317707,0.13673115787818188,False
80,86.68122270742359,0.09418645242444765,0.10477030438612446,0.13038519200449245,True,0.09008352641317705,0.13673115787818188,False
80,86.8995633187773,0.0957665567552959,0.10477030438612446,0.13038519200449245,True,0.09008352641317705,0.13673115787818188,False
80,87.117903930131,0.09656652193973611,0.10553565633509146,0.1301448270127159,True,0.09008352641317705,0.13673115787818188,False
80,87.33624454148472,0.09656652193973611,0.10742986683494629,0.1293199478126901,True,0.09008352641317705,0.13616329577205313,False
80,87.55458515283843,0.09656652193973611,0.10792357383409655,0.12892656887055357,True,0.09008352641317705,0.13616329577205313,False
80,87.77292576419214,0.09656652193973611,0.10774240918588204,0.12874631536383507,True,0.09008352641317705,0.13616329577205313,False
80,87.99126637554585,0.09656652193973611,0.10870700510668223,0.1283776982690985,True,0.09008352641317705,0.13616329577205313,False
80,88.20960698689956,0.0957665567552959,0.10974359826149062,0.12804887254646274,True,0.09008352641317705,0.13616329577205313,False
80,88.42794759825327,0.09418645242444765,0.11078130974446783,0.1277194848419605,True,0.09296991035256566,0.13510338674160144,False
80,88.646288209607,0.09263241909146083,0.11182013983807425,0.1273895332769047,True,0.09296991035256566,0.1592760917618438,False
80,88.8646288209607,0.09110402659680977,0.11286008881829031,0.12705901596386687,True,0.09296991035256566,0.16231418650505808,False
80,89.08296943231441,0.08885859089023627,0.12227002181397531,0.12405858566812229,True,0.09641750227124059,0.16231418650505808,True
80,89.30131004366812,0.08666849830844768,0.12056317061955876,0.1327264092226822,True,0.09641750227124059,0.16977632958683364,True
80,89.51965065502183,0.08313763917422533,0.11671132785535707,0.1430020696012756,True,0.09987791331842086,0.16977632958683364,True
80,89.73799126637554,0.07975062661019908,0.11462876648806787,0.14881251945362303,True,0.10335115889272332,0.17352675445917357,True
80,89.95633187772926,0.07650160033280329,0.11427491098615554,0.1498907003848108,True,0.10278352161576867,0.17729007140668104,True
80,90.17467248908297,0.07277701180410037,0.11363634658317028,0.15183425998450328,True,0.10312168358557647,0.17729007140668104,True
80,90.39301310043668,0.06809143479465705,0.1129613486103369,0.15388573731128388,True,0.10183530346300708,0.18106627127259473,True
80,90.6113537117904,0.06370752765825721,0.11260444878536745,0.15496919963632377,True,0.10114734510069244,0.18036204744050224,True
80,90.82969432314412,0.05911208806722017,0.11191291288409667,0.15572377584695393,True,0.10114734510069244,0.18036204744050224,True
80,91.04803493449782,0.05394316400873185,0.11122250084288654,0.1564815089642896,True,0.1011473451006924,0.18036204744050233,True
80,91.26637554585152,0.04841401476135499,0.11034737443611917,0.1591120372599247,True,0.1011473451006924,0.18036204744050233,True
80,91.48471615720524,0.043091644030050724,0.10914768183612766,0.16222745842620176,True,0.0998460459963732,0.18414550039394006,True
80,91.70305676855897,0.03772155569225442,0.10857372123762565,0.16311238934182776,True,0.09915490169481835,0.18414550039394006,True
80,91.92139737991266,0.0335746551522898,0.10799819412553378,0.16399774990962018,True,0.09915490169481835,0.18343911086227302,True
80,92.13973799126636,0.02963608346634766,0.10749430535021082,0.16495559052640446,True,0.09915490169481832,0.18343911086227302,True
80,92.35807860262008,0.026378055310465706,0.10712587498428697,0.16604860289823842,True,0.09915490169481832,0.18343911086227302,True
80,92.5764192139738,0.02367431689713278,0.10660210464273882,0.16699067409732668,True,0.09915490169481832,0.18343911086227296,True
80,92.79475982532752,0.02107169259592526,0.10704919636451347,0.16484087226278393,True,0.09915490169481832,0.18343911086227296,True
80,93.01310043668124,0.01971504114885443,0.10749385180101266,0.16270479006436292,True,0.09846719677023347,0.18273615843059748,True
80,93.23144104803494,0.02124771041493319,0.10775913106715301,0.16151447193707924,True,0.09846719677023347,0.18273615843059748,True
80,93.44978165938863,0.02467976616046273,0.1083230431209773,0.15984758767973423,True,0.09846719677023347,0.18273615843059748,True
80,93.66812227074236,0.02914710166078673,0.10905618549542878,0.15767736945180605,True,0.09846719677023347,0.18273615843059746,True
80,93.88646288209608,0.03413791511852991,0.1096759614503223,0.15540234116080753,True,0.099781674019344,0.17896387105143352,True
80,94.10480349344978,0.03998329790051914,0.10994872815623916,0.15299373691205664,True,0.09910392702335695,0.17826988553372872,True
80,94.32314410480348,0.044549612480791596,0.11017480000692706,0.1517790496754226,True,0.09910392702335695,0.17826988553372872,True
80,94.5414847161572,0.05005206101567132,0.11053902688086541,0.15070271909645627,True,0.10041653209872493,0.17451605730666778,True
80,94.75982532751092,0.055768284238608086,0.11090259124708701,0.14962751487609352,True,0.10041653209872493,0.17451605730666778,True
80,94.97816593886463,0.061112094365409236,0.11136757654346273,0.14758321520130413,True,0.10172083041384017,0.1707751494672222,True
80,98.68995633187772,0.1067036291674373,0.10945367691596146,0.14634526369075246,False,0.09575042615810966,0.17995839025489715,False
80,98.90829694323143,0.10494306815034328,0.1083795023054138,0.14946020247791858,False,0.09304367732575847,0.18680079695914423,False
80,99.12663755458516,0.10407371095302181,0.10763822191533746,0.1516057745813884,False,0.09304367732575847,0.18680079695914423,False
80,99.34497816593888,0.10150861218166073,0.1068942338497489,0.15375585800015074,False,0.08891712479348478,0.19819036733502926,False
80,99.56331877729258,0.09900673525226707,0.10597711007901642,0.15574229047741367,True,0.08891712479348478,0.19819036733502926,False
80,99.78165938864628,0.09656652193973611,0.10455988438535113,0.15825395121528693,True,0.08752345096503389,0.20201269873101027,False
80,100.0,0.0934062039359237,0.10334567916100983,0.16142209992301085,True,0.08470818300467113,0.20969599342493414,False
80,100.21834061135372,0.09110402659680977,0.10105359008454462,0.1679420354518501,True,0.08470818300467113,0.20969599342493414,False
80,100.43668122270742,0.08739246483270766,0.09908931326720817,0.17350375732090936,True,0.08255656933350163,0.21355692529458672,False
80,100.65502183406112,0.08383211143165306,0.09792248009980858,0.17679619607558916,True,0.08255656933350163,0.21282594234834265,False
80,100.87336244541484,0.0810885505605222,0.09651058049417993,0.18076869957159128,True,0.08255656933350163,0.21282594234834265,False
80,101.09170305676857,0.07650160033280329,0.09493362129683854,0.1851906905336582,True,0.08255656933350163,0.21282594234834265,True
80,101.31004366812228,0.07277701180410037,0.09319310717586997,0.1894834851779495,True,0.08183044426388239,0.21282594234834265,True
80,101.528384279476,0.06809143479465705,0.09140795534990624,0.19279266903654374,True,0.08038558141398464,0.21669441213220372,True
80,101.7467248908297,0.06370752765825721,0.09088537192367861,0.19379236990467022,True,0.08038558141398464,0.21669441213220372,True
80,101.9650655021834,0.058136765684071695,0.09045544077501746,0.19488394797044356,True,0.08038558141398464,0.21669441213220372,True
80,102.18340611353712,0.051745529146163524,0.08982835528263934,0.1957863085655785,True,0.07965644776814863,0.21669441213220372,True
80,102.40174672489084,0.04492174801716677,0.08886399582494209,0.19760877626813012,True,0.07965644776814863,0.21669441213220372,True
80,102.62008733624454,0.03803665453551587,0.08808053557746241,0.19892739235881082,True,0.07965644776814863,0.21596168553784084,True
80,102.83842794759823,0.03220682970086768,0.089281832379483,0.19554759694441867,True,0.07965644776814863,0.21596168553784084,True
80,103.05676855895196,0.026820582641759513,0.0900354911096115,0.19304573399158034,True,0.07893097251635066,0.21596168553784084,True
80,103.27510917030568,0.022150101595931983,0.09000469668546358,0.1915081268171367,True,0.07893097251635066,0.21596168553784084,True
80,103.4934497816594,0.018292928504327278,0.09115267481006298,0.18781011035394932,True,0.07893097251635066,0.21523249366380848,True
80,103.7117903930131,0.015107435594150372,0.09275786220566559,0.1833800476479242,True,0.07820913695849581,0.21523249366380848,True
80,103.9301310043668,0.012685970566285914,0.09414771976558078,0.17876974923122838,True,0.07967383600599225,0.21137454810926884,True
80,104.14847161572052,0.01333521432163324,0.09539521475522415,0.1745542778401148,True,0.07967383600599225,0.21137454810926884,True
80,104.36681222707423,0.016832788605193532,0.09637673265353681,0.17107599032066412,True,0.07967383600599225,0.21065410347318922,True
80,104.58515283842794,0.02309081736944647,0.09786236668795686,0.1662123343728508,True,0.08112874526035427,0.2068142853486488,True
80,105.24017467248908,0.0496374255351991,0.10226027265903612,0.15222403119870115,True,0.08331742982881932,0.19847214978946814,True
80,105.4585152838428,0.055768284238608086,0.1030293936253884,0.15008802986838285,True,0.08475010490105014,0.19467637475417873,True
80,105.67685589519652,0.06213733188618166,0.10379572262137857,0.14795655101576885,True,0.0875875325272194,0.18712371781187126,True
80,105.89519650655022,0.06809143479465705,0.10442715409257719,0.14569884816367543,True,0.0875875325272194,0.18712371781187126,True
80,106.11353711790392,0.07338493880537741,0.10513488627598801,0.1422902247693501,True,0.09177555071904311,0.17522585759465778,True
80,108.29694323144103,0.10581968733467005,0.10394945812985068,0.1428819249188084,False,0.0854973657091105,0.18884148752322968,False
80,108.51528384279476,0.1067036291674373,0.10279564078444206,0.14605927456268353,False,0.08118009467463984,0.2001818144313661,False
80,108.73362445414848,0.1067036291674373,0.10163555196299644,0.14924680226854223,False,0.08118009467463984,0.2001818144313661,False
80,108.95196506550218,0.10849372596187748,0.1003564669602868,0.15275297882377242,False,0.07606528292929354,0.21163897310204313,False
80,109.17030567685588,0.10759495481680233,0.09879043262465943,0.15703375113330317,False,0.07606528292929354,0.21163897310204313,False
80,109.3886462882096,0.1067036291674373,0.09697813405495402,0.16197106099598194,False,0.07155208654851632,0.22321265079907912,False
80,109.60698689956332,0.10494306815034328,0.09498745865309763,0.16737353376417227,False,0.06849151502514512,0.23099296466263622,False
80,109.82532751091703,0.10407371095302181,0.09201695673646963,0.17452738580956503,False,0.06849151502514512,0.23099296466263622,False
80,110.04366812227074,0.10150861218166073,0.08882086974179179,0.1815606758578453,False,0.06382029676429406,0.24275984409666268,False
80,110.26200873362446,0.0998337665658109,0.0863152530434405,0.1881472042571837,False,0.06382029676429406,0.24275984409666268,False
80,110.48034934497817,0.09656652193973611,0.08401080929707659,0.19423242623699605,False,0.05987738783563729,0.25066843498414454,False
80,110.69868995633188,0.0934062039359237,0.08189293350481261,0.19979791853256115,False,0.05987738783563724,0.25066843498414465,False
80,110.9170305676856,0.09034931318292867,0.07905889794358013,0.20720436707795425,False,0.05987738783563724,0.24990990127586757,False
80,111.1353711790393,0.08595052918372621,0.07606577366504053,0.21479627490089523,False,0.05749253623074826,0.25387841879332507,False
80,111.353711790393,0.08244891998335048,0.07340958842948385,0.22002632118205603,False,0.05749253623074826,0.25387841879332507,False
80,111.57205240174672,0.07778501750046492,0.07150664221367371,0.2240768922460592,False,0.05586570384700644,0.2578596718118881,False
80,111.79039301310044,0.07399794399315483,0.07061097288515883,0.22635814287224598,False,0.055086521504659286,0.2578596718118881,False
80,112.00873362445417,0.06923376013172201,0.06885708025200618,0.23009295210754432,False,0.055086521504659286,0.2578596718118881,False
80,112.22707423580786,0.06531740190843605,0.0668237547055047,0.23440751397956106,False,0.055086521504659286,0.2578596718118881,False
80,112.44541484716156,0.06010377279422934,0.06567115427508999,0.2364834171575205,False,0.05431129411639135,0.25709502234935694,False
80,112.66375545851528,0.055768284238608086,0.06481348805568932,0.23781113364849454,True,0.05431129411639135,0.25709502234935694,False
80,112.882096069869,0.051745529146163524,0.0645762810421954,0.23758638834238965,True,0.05431129411639135,0.25709502234935694,False
80,113.1004366812227,0.04841401476135499,0.0652112553753299,0.23518943286235713,True,0.05431129411639135,0.25709502234935694,True
80,113.3187772925764,0.04567537071729063,0.06635543656206673,0.2315252621669909,True,0.053540001011735776,0.25709502234935694,True
80,113.53711790393012,0.043091644030050724,0.06749514377799956,0.22787422948254085,True,0.053540001011735776,0.2563340173020158,True
80,113.75545851528383,0.04099366644083611,0.06873803110145453,0.2239667286300614,True,0.053540001011735776,0.2563340173020158,True
80,113.97379912663756,0.03899783185553606,0.07031964307802502,0.219209998688509,True,0.052772621634202925,0.2563340173020158,True
80,114.19213973799128,0.039323591795227715,0.07237546633394924,0.21325670225159096,True,0.05442620177764758,0.2516099013189708,True
80,114.41048034934498,0.04133609815234701,0.07482091457416669,0.20630937456035006,True,0.05442620177764758,0.2516099013189708,True
80,114.62882096069868,0.04345160074283527,0.07687255146657682,0.20034778929319702,True,0.05531771199061425,0.24765597238971146,True
80,114.8471615720524,0.04567537071729063,0.07890443408244396,0.1944296042970446,True,0.05531771199061425,0.2469118311672099,True
80,115.06550218340612,0.04841401476135499,0.08128665732889497,0.18760997655631756,True,0.05695450284867117,0.24297558560480514,True
80,115.28384279475982,0.050891751611749185,0.08364624971441702,0.18083710855911317,True,0.06019384080848993,0.23514176150988336,True
80,115.50218340611352,0.055768284238608086,0.08598374299099623,0.1741110164923104,True,0.06019384080848993,0.2344157293595356,False
80,115.72052401746726,0.05960586808850849,0.08798429115760695,0.16824584387957622,True,0.0633884909100233,0.22664340394727725,False
80,115.93886462882097,0.06370752765825721,0.08986821600799809,0.16267903832526331,True,0.0633884909100233,0.22664340394727725,False
80,116.15720524017468,0.06752735962553896,0.09183339558533828,0.1572386482811247,True,0.06809913541809302,0.2150822878396988,False
80,116.3755458515284,0.07217412092119992,0.09373037934332797,0.1523082513651885,True,0.07203859353681445,0.20295527359311016,False
80,116.5938864628821,0.07586785464546869,0.09535391324445969,0.14807482555736476,True,0.07203859353681445,0.20295527359311016,False
80,116.8122270742358,0.07975062661019908,0.09669789601880492,0.14456084864710675,True,0.07658234989859942,0.19164380959068236,False
80,117.03056768558952,0.08313763917422533,0.09790059626582596,0.14140904694766324,True,0.07658234989859942,0.19097904391104475,False
80,117.24890829694324,0.08666849830844768,0.09847444905744698,0.13904864138970546,True,0.08103822900619478,0.1798003737650431,False
80,117.46724890829694,0.08885859089023627,0.09859276131810163,0.13746952695111683,True,0.08103822900619478,0.1798003737650431,False
80,117.68558951965063,0.09263241909146083,0.0981931605253963,0.13851388093094755,True,0.08396154704696304,0.17241338688794194,False
80,117.90393013100436,0.09497321854968295,0.09756122630589303,0.14016394372065596,False,0.07956250359145305,0.18351350499669847,False
80,118.12227074235808,0.09656652193973611,0.0967576133702111,0.14225962851860527,False,0.07356314299223664,0.19849693943147262,False
80,118.3406113537118,0.09818655513563897,0.09559472725325298,0.14528694479912022,False,0.07356314299223664,0.19782542907781708,False
80,118.5589519650655,0.09900673525226707,0.0942268448966088,0.1488398531825187,False,0.06671168844593156,0.2129983745880578,False
80,118.7772925764192,0.0998337665658109,0.09218208845694524,0.154134429524718,False,0.06671168844593156,0.2129983745880578,False
80,118.99563318777292,0.10150861218166073,0.08991576286526927,0.1599794425909092,False,0.060358796420123116,0.2283803764262364,False
80,119.21397379912663,0.10150861218166073,0.08741199643359428,0.16640797793927678,False,0.05382841629665048,0.24397066724373695,False
80,119.43231441048034,0.10150861218166073,0.08450070352040291,0.17250682687199242,False,0.05382841629665048,0.24397066724373695,False
80,119.65065502183404,0.0998337665658109,0.0815839551136582,0.17896178353245534,False,0.04880853477641248,0.2557994125637589,False
80,119.86899563318778,0.0998337665658109,0.07810818666666243,0.18769672848091082,False,0.048050096894120174,0.2557994125637589,False
80,120.08733624454148,0.09900673525226707,0.07475626742798637,0.19606265989112467,False,0.04290118224632116,0.2677440803939161,False
80,120.3056768558952,0.0973731694600355,0.07162473445630342,0.20382650813802944,False,0.03940549669154788,0.27577123193071384,False
80,120.52401746724892,0.0957665567552959,0.06844964780933348,0.21164631754888674,False,0.03861808007936538,0.2750075618930837,False
80,120.74235807860262,0.09418645242444765,0.06512048074907915,0.21941748198679015,False,0.0368441416527742,0.2790357364980451,False
80,120.96069868995632,0.09186504434568829,0.06162665036872946,0.22713227157941948,False,0.0368441416527742,0.2790357364980451,False
80,121.17903930131004,0.08960085187840398,0.05822647199794426,0.23454129406889107,False,0.0350569786314531,0.28307664273374283,False
80,121.39737991266377,0.08739246483270766,0.05510846733100851,0.24120330539456036,False,0.03426030925696281,0.28307664273374283,False
80,121.61572052401746,0.08453238481262874,0.05255042460268061,0.24648036854651353,False,0.03245305734206754,0.28713024557276917,False
80,121.83406113537116,0.08176590620014167,0.05034494382099721,0.25088628027178045,False,0.03245305734206754,0.28713024557276917,False
80,122.0524017467249,0.07908996571609268,0.04811823112896591,0.25530730450490413,False,0.03165382036722461,0.28713024557276917,False
80,122.2707423580786,0.07714063987743862,0.045869993042574685,0.25974344449330383,False,0.03165382036722461,0.28635677373348317,False
80,122.48908296943232,0.07399794399315483,0.043599930210872134,0.26419470212910745,False,0.030858677183716113,0.28635677373348317,False
80,122.70742358078604,0.0709832809776259,0.042387546940756686,0.26619061179853587,False,0.030858677183716113,0.28635677373348317,False
80,122.92576419213974,0.06866022184349595,0.04214352641849754,0.2659634614189473,False,0.030858677183716113,0.28558695273165774,False
80,123.14410480349343,0.06696795730253387,0.042280834820341555,0.26472291611131504,False,0.030067606023439282,0.28558695273165774,False
80,123.36244541484716,0.06477630706091278,0.0424457141939127,0.2627893206332509,False,0.030067606023439282,0.28558695273165774,False
80,123.58078602620088,0.06265638262630553,0.043635125899193335,0.2589668930523764,False,0.030067606023439282,0.28482076608450535,False
80,123.79912663755458,0.06162258100601666,0.04514449051159884,0.2547472410725898,False,0.02928058524204677,0.28482076608450535,False
80,124.0174672489083,0.06010377279422934,0.046928942165920376,0.24989327140297418,False,0.02928058524204677,0.28482076608450535,False
80,124.235807860262,0.05960586808850849,0.049440214316283274,0.24335739060873005,False,0.028497593318163567,0.28482076608450535,False
80,124.45414847161572,0.05960586808850849,0.05218233519737108,0.23626841234569707,False,0.028497593318163567,0.2840581973764403,False
80,124.67248908296943,0.06010377279422934,0.05473462509205115,0.22907346965757888,False,0.03033767598422697,0.27926767792796375,False
80,124.89082969432314,0.06060583663904045,0.057226140981614895,0.22189339827297613,False,0.03216416971842502,0.27524897541395904,False
80,125.10917030567686,0.061112094365409236,0.059888241397140655,0.214948810803676,False,0.031398057475456806,0.27524897541395904,False
80,125.32751091703057,0.06265638262630553,0.06283046062912813,0.20732638948924717,False,0.035023756524928576,0.26725023881295373,False
80,125.54585152838428,0.06477630706091278,0.06590117984927212,0.1993768456758444,False,0.035023756524928576,0.2665124794003667,False
80,125.764192139738,0.06696795730253387,0.069112178457661,0.19166122578004563,False,0.03859712079495096,0.2578491460494626,False
80,125.9825327510917,0.06866022184349595,0.07208494473801046,0.1842086187891841,False,0.03859712079495096,0.2578491460494626,False
80,126.20087336244542,0.07039524951166014,0.07440108132089462,0.1773293719145217,False,0.04386200987076779,0.2460533345662639,False
80,126.41921397379912,0.07277701180410037,0.07694670114769649,0.17074338172103654,False,0.04901660422020399,0.23368076233695134,False
80,126.63755458515284,0.07523935896067623,0.07960100569743242,0.16433382077167683,False,0.04831666281813354,0.23368076233695134,False
80,126.85589519650657,0.07714063987743862,0.08147059511471387,0.15980103311592886,True,0.05504917937037087,0.21831260852289444,False
80,127.07423580786026,0.07908996571609268,0.08328383632862757,0.15539070170586602,False,0.05504917937037087,0.21831260852289444,False
80,127.29257641921396,0.0810885505605222,0.08543963286006227,0.15012923308251583,True,0.059980069072884445,0.20626629868221302,False
80,127.51091703056768,0.08244891998335048,0.08648188474445773,0.14659552220934632,False,0.06640361692806293,0.19128654480715215,False
80,127.7292576419214,0.08313763917422533,0.08661695555131532,0.14526275034237332,False,0.06640361692806293,0.19128654480715215,False
80,127.9475982532751,0.08453238481262874,0.0867119738373795,0.14503092315708624,False,0.069553018895714,0.1838759690781637,False
80,128.16593886462883,0.0852385077755813,0.08660745162957281,0.145285936160118,False,0.06321297157402914,0.1987499842323382,False
80,128.38427947598254,0.08595052918372621,0.0853209157065809,0.14842119645156235,False,0.06256990857383271,0.1987499842323382,False
80,128.60262008733625,0.08595052918372621,0.08369406130596305,0.15237614193176147,False,0.05603736027171808,0.21317065626950057,False
80,128.82096069868996,0.08739246483270766,0.08151932007719666,0.15764599434864565,False,0.05603736027171808,0.21317065626950057,False
80,129.03930131004367,0.08739246483270766,0.07932451515104967,0.16294448621880356,False,0.04863988715434465,0.22844898916361955,False
80,129.25764192139738,0.08739246483270766,0.07697300954241836,0.1681384363365095,False,0.041717940716201336,0.24393852799103433,False
80,129.4759825327511,0.08595052918372621,0.07409608093931902,0.1743716713572376,False,0.041717940716201336,0.24393852799103433,False
80,129.6943231441048,0.08595052918372621,0.07090844484509774,0.18129015045785282,False,0.03386660157166808,0.2596385440589167,False
80,129.9126637554585,0.08595052918372621,0.06702296081515444,0.18978691603412115,False,0.03386660157166808,0.2596385440589167,False
80,130.13100436681222,0.08453238481262874,0.06335529000130127,0.1976917264689133,False,0.028372510369685248,0.27155104060639096,False
80,130.34934497816593,0.08383211143165306,0.05982125000796951,0.20521129401297905,False,0.024642321823833625,0.2795578509922241,False
80,130.56768558951964,0.08313763917422533,0.05579359079431419,0.21378906852666854,False,0.02388305788532791,0.2795578509922241,False
80,130.78602620087335,0.08176590620014167,0.05175178834351069,0.22230800472158607,False,0.019316660530220586,0.28687036511254727,False
80,131.00436681222706,0.0810885505605222,0.048039936197943556,0.22999412109329725,False,0.019316660530220586,0.28687036511254727,False
80,131.22270742358077,0.08041680619195501,0.044270088732430636,0.23773151362803188,False,0.017389715893250394,0.2909148977069346,False
80,131.4410480349345,0.07908996571609268,0.04044079707751332,0.24552020642429861,False,0.015448219348925986,0.29422136995325976,False
80,131.65938864628822,0.07778501750046492,0.03731515947669528,0.251392929141091,False,0.014671660219765955,0.29422136995325976,False
80,131.87772925764193,0.07714063987743862,0.03427449887458348,0.2566010748899706,False,0.011930222234957672,0.2982875798811161,False
80,132.09606986899564,0.07586785464546869,0.032040293093291816,0.2611501358479252,False,0.011930222234957672,0.29753604737004075,False
80,132.31441048034935,0.07523935896067623,0.029797360229627416,0.2657271596464833,False,0.011930222234957672,0.29753604737004075,False
80,132.53275109170306,0.07461606978696339,0.02714725231999374,0.2699626812638085,False,0.011155365127181365,0.29753604737004075,False
80,132.75109170305677,0.07399794399315483,0.024872222915597358,0.27336011051522363,False,0.011155365127181365,0.2967880474949492,False
80,132.96943231441048,0.07277701180410037,0.02281380216274833,0.27626985146559546,False,0.011155365127181365,0.2967880474949492,False
80,133.1877729257642,0.07277701180410037,0.02390281718135165,0.27389902430864177,False,0.011155365127181365,0.2967880474949492,False
80,133.4061135371179,0.07277701180410037,0.02522320732830055,0.27062992641069106,False,0.010384490877599125,0.2967880474949492,False
80,133.6244541484716,0.07277701180410037,0.026960154750920003,0.2655288783659103,False,0.010384490877599125,0.29604356444726426,False
80,133.84279475982532,0.07277701180410037,0.028852839226871287,0.2606067917868497,False,0.010384490877599125,0.29530258248149527,False
80,134.06113537117903,0.07277701180410037,0.030797023896386028,0.255767359398353,False,0.010384490877599125,0.29530258248149527,False
80,134.27947598253274,0.07277701180410037,0.03272762066143743,0.2509498588639065,False,0.01160509304371777,0.29125266906409064,False
80,134.49781659388643,0.07399794399315483,0.034905274820080795,0.24559510829881648,False,0.01160509304371777,0.29125266906409064,False
80,134.71615720524017,0.07461606978696339,0.037862310060433474,0.23854930968617133,False,0.013577721524078329,0.28648640680665577,False
80,134.93449781659388,0.07523935896067623,0.041257985202683,0.2311081531526426,False,0.01553566376951104,0.2817448392151587,False
80,135.1528384279476,0.07586785464546869,0.04476014452521064,0.22313489235599626,False,0.01553566376951104,0.2817448392151587,False
80,135.3711790393013,0.07714063987743862,0.04790949673602841,0.21492926402972887,False,0.01674055711109781,0.2777423735783343,False
80,135.58951965065503,0.07778501750046492,0.05136057071641433,0.2068687549195235,False,0.01674055711109781,0.2770280209476888,False
80,135.80786026200877,0.07908996571609268,0.05532418798150558,0.198085478980493,False,0.020596811850775613,0.2690709246009175,False
80,136.02620087336246,0.07975062661019908,0.05922645053841624,0.1893767577469985,False,0.026277036223053534,0.2572346506730811,False
80,136.24454148471617,0.08041680619195501,0.06291460098866113,0.18059243614667123,False,0.026277036223053534,0.2572346506730811,False
80,136.46288209606988,0.08176590620014167,0.06561423273047279,0.17330098161213656,False,0.03183655676586889,0.2448406358511666,False
80,136.6812227074236,0.08176590620014167,0.0683259470260169,0.16692328898504405,False,0.03183655676586889,0.2448406358511666,False
80,136.8995633187773,0.08313763917422533,0.07065157117942857,0.16164306119194555,False,0.03906938664252975,0.22942236606952832,False
80,137.117903930131,0.08313763917422533,0.07295583362527071,0.15639171113927064,False,0.04783561373855432,0.21045038200927443,False
80,137.33624454148472,0.08313763917422533,0.07523909660432734,0.1511691826011859,False,0.04783561373855432,0.20981552854237434,False
80,137.55458515283843,0.08313763917422533,0.076893658314974,0.14737298067396873,False,0.05464027561710055,0.19489653191489056,False
80,137.77292576419214,0.08383211143165306,0.07824473771732791,0.1442658588533819,False,0.05464027561710055,0.19489653191489056,False
80,137.99126637554585,0.08383211143165306,0.07827467888897743,0.14419692901059852,False,0.059030396796505034,0.18384767470875868,False
80,138.20960698689956,0.08383211143165306,0.07789515866186564,0.14507041708633067,False,0.054026259797482046,0.19489653191489056,False
80,138.42794759825327,0.08313763917422533,0.07654218311023768,0.14818021771619957,False,0.054026259797482046,0.19489653191489056,False
80,138.64628820960698,0.08244891998335048,0.07463154298849103,0.15250312709786942,False,0.04482566973609671,0.21357874139242142,False
80,138.8646288209607,0.08176590620014167,0.07216532649802011,0.15755911707039344,False,0.03594305194947797,0.232595692719154,False
80,139.0829694323144,0.08176590620014167,0.06967337858523168,0.16264011695385158,False,0.03594305194947797,0.232595692719154,False
80,139.3013100436681,0.08041680619195501,0.06697421457914293,0.1681542671312822,False,0.0279271445819208,0.24805020030486857,False
80,139.51965065502182,0.07908996571609268,0.06347549636783749,0.17541993788668928,False,0.0279271445819208,0.24805020030486857,False
80,139.73799126637556,0.0784347777923635,0.05968579851773996,0.18327082316505028,False,0.019658351091175717,0.26371844316207016,False
80,139.95633187772927,0.07778501750046492,0.0555891129974063,0.19172753236376974,False,0.009130731416712713,0.2836031032055019,False
80,140.17467248908298,0.07650160033280329,0.05142378491529079,0.20025280901061993,False,0.009130731416712713,0.2828907631944556,False
80,140.3930131004367,0.07523935896067623,0.04718336046573822,0.20884246171095938,False,0.005098115768960664,0.29092933956391354,False
80,140.6113537117904,0.07461606978696339,0.04267161637488675,0.21731129063472707,False,0.005098115768960664,0.29092933956391354,False
80,140.8296943231441,0.07338493880537741,0.037647634599979246,0.226756622896659,False,0.0002528328378101357,0.29902072374311484,False
80,141.04803493449782,0.07277701180410037,0.03188298630471203,0.23762120180488136,False,1.4102569688333537e-05,0.30643230746690275,False
80,141.26637554585153,0.07277701180410037,0.027725525904603834,0.24550408856446373,False,1.5261735093872303e-05,0.30643230746690275,False
80,141.48471615720524,0.07217412092119992,0.024190298610874263,0.2521583687925041,False,7.497500354878916e-07,0.3146211083785774,False
80,141.70305676855895,0.07217412092119992,0.020606637813489,0.25885082772387685,False,3.205442697354194e-06,0.31388463140506856,False
80,141.92139737991266,0.0715762244370481,0.01684806355305814,0.26546487865537005,False,7.889159981824077e-06,0.3131515965698194,False
80,142.13973799126637,0.07277701180410037,0.012936469275828283,0.2720232126096032,False,1.4411770671453638e-05,0.3131515965698194,False
80,142.35807860262008,0.07461606978696339,0.009184036028273264,0.27881601122290406,False,3.505401002598969e-06,0.3124219886579761,False
80,142.5764192139738,0.07586785464546869,0.0054676219716241975,0.28572883951921735,False,3.505401002598969e-06,0.3124219886579761,False
80,143.0131004366812,0.07975062661019908,0.0018039493170992505,0.29196504845773497,False,2.5183688708643584e-05,0.3116957925135706,False
80,143.66812227074234,0.08313763917422533,0.0039363333990487005,0.2859369605193859,False,7.377223517045114e-06,0.3109729930393744,False
80,143.88646288209608,0.08453238481262874,0.005776840653483877,0.28100129623532255,False,6.594805190572007e-06,0.31097299303937426,False
80,144.1048034934498,0.08595052918372621,0.0080959111776946,0.2762607989319852,False,1.983206881020159e-05,0.31025357519675145,False
80,144.3231441048035,0.08666849830844768,0.010454592553781138,0.2715947443075101,False,1.983206881020159e-05,0.31025357519675145,False
80,144.5414847161572,0.08739246483270766,0.013567803784766441,0.2654027038038998,False,5.772502937916575e-06,0.3061748675333534,False
80,144.75982532751092,0.08885859089023627,0.017323773196212495,0.25706853291505083,False,1.271354243467137e-06,0.30546247885117794,False
80,144.97816593886463,0.08960085187840398,0.021306992339923232,0.2478100462884655,False,1.4684270547956889e-06,0.3014007711109105,False
80,145.19650655021834,0.09034931318292867,0.02578268010821111,0.23873396641911568,False,1.4411770671453638e-05,0.3014007711109105,False
80,145.41484716157206,0.09034931318292867,0.030184930156687054,0.22973370644581573,False,1.4411770671453638e-05,0.3014007711109105,False
80,145.63318777292577,0.09034931318292867,0.034515905121516165,0.22080923088837942,False,4.733654355759802e-05,0.289295909145848,False
80,145.85152838427948,0.09186504434568829,0.03877768046884061,0.2119604697491983,False,9.536694251965688e-06,0.2886017872001239,False
80,146.0698689956332,0.09110402659680977,0.04331497479547108,0.20246771598241317,False,0.004818591817510745,0.2766292601622109,False
80,146.2882096069869,0.09110402659680977,0.04794996189322329,0.1926951228688685,False,0.004818591817510745,0.2766292601622109,False
80,146.5065502183406,0.09034931318292867,0.05133181541888442,0.18488204441570888,False,0.010860572660741046,0.2647782477118505,False
80,146.72489082969432,0.09034931318292867,0.05461124776569321,0.1767757415566596,False,0.010860572660741046,0.2647782477118505,False
80,146.94323144104803,0.08960085187840398,0.05854746025275206,0.16829377889594477,False,0.01871577815892008,0.24916643214222106,False
80,147.16157205240174,0.08885859089023627,0.0618931203828249,0.16109762623980822,False,0.028228299876238,0.22995680118330608,False
80,147.37991266375545,0.08739246483270766,0.0647852064088991,0.15484782853980905,False,0.028228299876238,0.22995680118330608,False
80,147.59825327510916,0.08595052918372621,0.06723101472283614,0.14954158194206632,False,0.03560619697721141,0.2142186442905221,False
80,147.81659388646287,0.08453238481262874,0.0694275736878906,0.14476000982195952,False,0.03560619697721141,0.2142186442905221,False
80,148.0349344978166,0.08244891998335048,0.07083668146702976,0.14168467338898702,False,0.044554691459494276,0.19564015182554767,False
80,148.25327510917032,0.0810885505605222,0.07156435630566735,0.1400941384011151,False,0.05150558409428407,0.1810206793754998,False
80,148.47161572052403,0.0784347777923635,0.07156435630566735,0.1400941384011151,False,0.04159822101139884,0.19932877578614705,False
80,148.68995633187774,0.07586785464546869,0.06972394135550229,0.1441137081124445,False,0.04159822101139884,0.19932877578614705,False
80,148.90829694323145,0.07399794399315483,0.06744552459073251,0.1490752940898523,False,0.033762143381829826,0.2142186442905221,False
80,149.12663755458516,0.0715762244370481,0.06601802668826598,0.1521755639728942,False,0.033153631555413586,0.2142186442905221,False
80,149.34497816593887,0.06923376013172201,0.06350433365193818,0.15660147730446933,False,0.023792826125359,0.2331361831758816,False
80,149.56331877729258,0.06641318911539201,0.05959716992578288,0.16340857073482187,False,0.015416289302789536,0.24851472564454286,False
80,149.7816593886463,0.06423969468858692,0.05597197272754194,0.17059336080245624,False,0.015416289302789536,0.24851472564454286,False
80,150.0,0.06213733188618166,0.052223058770200254,0.17776044885927272,False,0.007450885614483265,0.2641105829937564,False
80,150.2183406113537,0.06060583663904045,0.04779899095582553,0.18594381742936594,False,0.006779331401562712,0.2641105829937564,False
80,150.43668122270742,0.05960586808850849,0.04329820287261602,0.1941915061895329,False,0.0006370657130491038,0.2752737161506844,False
80,150.65502183406113,0.058622398561131814,0.03875123680001425,0.20253508585632388,False,0.0006370657130491038,0.2752737161506844,False
80,150.87336244541484,0.05765515583058397,0.033955325687353224,0.21176283781499505,False,6.106028865247946e-06,0.2872233429161943,False
80,151.09170305676855,0.05717753567360322,0.028746889996035176,0.2214037816664647,False,1.2670427266700703e-06,0.2985991176626193,False
80,151.31004366812226,0.058622398561131814,0.023858546761606203,0.23002960261929345,False,1.623989136338805e-05,0.2985991176626193,False
80,151.52838427947597,0.06060583663904045,0.019244803075408105,0.23856102535775178,False,3.1552676917964324e-06,0.3019503267550521,False
80,151.74672489082968,0.06213733188618166,0.014951734874633449,0.2462166897140735,False,2.1498599789875088e-05,0.3019503267550521,False
80,151.9650655021834,0.06370752765825721,0.010144690897841863,0.25438562882671373,False,1.0190197721093198e-05,0.30125775145035705,False
80,152.18340611353713,0.06641318911539201,0.00526649168661665,0.2634483255192028,False,1.1126521185194262e-05,0.3005684270717604,False
80,152.40174672489084,0.06923376013172201,0.002426598813585808,0.2688876761620993,False,9.60218325241403e-06,0.3005684270717604,False
80,152.62008733624455,0.07217412092119992,6.95546737409332e-05,0.27338054044968024,False,7.081126851988604e-06,0.2998823391152671,False
80,153.05676855895197,0.07975062661019908,0.0033545400445283563,0.2798721683674874,False,1.1291925882075954e-06,0.29919947313433426,False
80,153.9301310043668,0.08960085187840398,6.347035833815556e-05,0.271418171164601,False,1.1291925882075954e-06,0.29919947313433426,False
80,154.14847161572052,0.09263241909146083,0.0024974141184591282,0.2667893626880502,False,1.5051878613040679e-05,0.29919947313433426,False
80,154.36681222707423,0.09418645242444765,0.004910506293189272,0.26217977317451663,False,9.703289137163392e-07,0.29851981473971434,False
80,154.58515283842794,0.0957665567552959,0.008452202654927092,0.25537761810054754,False,1.8553028792236614e-05,0.29851981473971423,False
80,154.80349344978166,0.0973731694600355,0.012573898057350444,0.24740698221065172,False,1.129192588151057e-06,0.29851981473971423,False
80,155.02183406113537,0.09900673525226707,0.017181389378712386,0.23842806059791732,False,2.9952778960788645e-06,0.2944943685714669,False
80,155.24017467248908,0.0998337665658109,0.02174329945197287,0.22946710239329624,False,7.981610130052868e-06,0.2944943685714669,False
80,155.4585152838428,0.10150861218166073,0.0262315382509711,0.22058283345102067,False,2.5087950139561832e-05,0.29048260032486917,False
80,155.6768558951965,0.10150861218166073,0.030952347350813,0.21116631422735932,False,2.995277896135414e-06,0.28250015033146714,False
80,155.8951965065502,0.10235654238211331,0.03583282547618538,0.20135490540437725,False,1.9624579597154204e-05,0.28250015033146714,False
80,156.11353711790392,0.10150861218166073,0.04062830607776659,0.19163988994375594,False,1.330391567373517e-05,0.27062935114568537,False
80,156.33187772925766,0.10150861218166073,0.04525682781347784,0.18219426475031375,False,1.330391567373517e-05,0.27062935114568537,False
80,156.55021834061137,0.10150861218166073,0.04938049952117591,0.17372291622765873,False,0.007475366310164371,0.25499395418494636,False
80,156.76855895196508,0.0998337665658109,0.05344281472046909,0.16532691677521996,False,0.015448916237566335,0.23957853751665617,False
80,156.9868995633188,0.09900673525226707,0.05744542775257709,0.15700596421755456,False,0.015448916237566335,0.23957853751665617,False
80,157.2052401746725,0.0973731694600355,0.06101257598328548,0.1495505743400563,False,0.0225896791404605,0.2243829901575652,False
80,157.4235807860262,0.09497321854968295,0.06427881505704894,0.14269184095896528,False,0.0225896791404605,0.2243829901575652,False
80,157.64192139737992,0.0934062039359237,0.0657278348223959,0.13963933152077496,False,0.03201699333867308,0.20569711006162916,False
80,157.86026200873363,0.09110402659680977,0.06716913086093194,0.13659722478947156,False,0.04113761026703572,0.1873527662921356,False
80,158.07860262008734,0.0881224788544837,0.06856441725210957,0.13352764539976508,False,0.04057725363169306,0.1873527662921356,False
80,158.29694323144105,0.0852385077755813,0.06918920184024696,0.1317252691967631,False,0.048900121141473844,0.1693480139097295,False
80,158.51528384279476,0.08176590620014167,0.06951073341516595,0.13056740816287696,False,0.04181844299111709,0.18372472025625955,False
80,158.73362445414847,0.07714063987743862,0.06795426801460466,0.13337490430338728,False,0.04126855768687155,0.18372472025625955,False
80,158.95196506550218,0.07399794399315483,0.06635967415953742,0.13625029477801257,False,0.03213290092245078,0.20200097267433578,False
80,159.1703056768559,0.07039524951166014,0.06469225032804488,0.13907222337637437,False,0.031561296257053124,0.20200097267433578,False
80,159.3886462882096,0.06531740190843605,0.061760343407069256,0.14422212934184564,False,0.024014442375692197,0.2168675527244571,False
80,159.6069868995633,0.061112094365409236,0.05811241630127821,0.1511944467659528,False,0.014291661640461872,0.23514262715965212,False
80,159.82532751091702,0.05623413251903491,0.05396903604602488,0.15915334508969228,False,0.013677879155935239,0.23514262715965212,False
80,160.04366812227073,0.05349629430400681,0.04967024196014626,0.16694247043847849,False,0.002952795463203585,0.25435812391361284,False
80,160.26200873362444,0.0488184307449746,0.04581156670683948,0.174042424698698,False,0.002952795463203585,0.2537253206864353,False
80,160.48034934497818,0.04567537071729063,0.04144205785675901,0.18233672210613677,False,4.0987797205474065e-05,0.2654085160143507,False
80,160.6986899563319,0.04238065163706705,0.03630142901506568,0.19160410620326893,False,4.764680341384022e-05,0.2772158219003271,False
80,160.9170305676856,0.03965207290000108,0.03105094778756256,0.20094573269474528,False,1.3012079271403374e-05,0.2772158219003271,False
80,161.1353711790393,0.03835438548869969,0.025760610299348025,0.21025128755300052,False,2.4360522451961502e-05,0.28449680911733155,False
80,161.35371179039302,0.03998329790051914,0.020874193936344328,0.21866194661625804,False,5.3107046224175846e-05,0.2838404804489948,False
80,161.57205240174673,0.04202956675669101,0.015918693689071443,0.22715627564117238,False,2.819329598831617e-06,0.29182167368563233,False
80,161.79039301310044,0.0441805597464788,0.011051020531120706,0.23588480783863833,False,9.943930105774981e-05,0.2911613449605234,False
80,162.00873362445415,0.04722075732252816,0.006959317721482261,0.2430662407815368,False,1.395626091317218e-06,0.2911613449605234,False
80,162.22707423580786,0.05005206101567132,0.00313619986213254,0.24968295901376894,False,7.068424798939806e-06,0.29050412608861526,False
80,162.44541484716157,0.05439376654272289,0.0013394575586925708,0.25745542084167383,False,5.918994181465211e-06,0.2898500030962602,False
80,162.66375545851528,0.058622398561131814,0.004818128589476589,0.26345830557712246,False,7.92995021747322e-06,0.2898500030962602,False
80,162.882096069869,0.06370752765825721,0.006066532427746677,0.2657559415395496,False,2.1224763892805553e-06,0.28919896206613255,False
80,163.1004366812227,0.06809143479465705,0.007320295058434689,0.26805845628669217,False,9.775723743135596e-06,0.28919896206613255,False
80,163.3187772925764,0.07277701180410037,0.008579457814777926,0.27036585041733624,False,2.3942803854320184e-05,0.28919896206613255,False
80,163.53711790393012,0.07650160033280329,0.006316854934142383,0.2662160541649452,False,4.854398975051189e-06,0.28855098913706495,False
80,163.75545851528383,0.08041680619195501,0.0038232363519481796,0.2616237090373972,False,4.331508857301506e-06,0.28855098913706495,False
80,163.97379912663754,0.08453238481262874,0.0013507601450161932,0.25705087314284336,False,9.775723743135596e-06,0.28919896206613255,False
80,164.19213973799123,0.0881224788544837,0.001760212159926996,0.2512697986140703,False,8.187537534347925e-06,0.28919896206613255,False
80,164.41048034934497,0.09034931318292867,0.005391123002935541,0.24448423511813153,False,9.775723743022656e-06,0.28919896206613255,False
80,164.6288209606987,0.0934062039359237,0.008977094418554073,0.23774246886919106,False,1.2833782384677277e-05,0.28521552421109914,False
80,164.8471615720524,0.09656652193973611,0.01288520830414223,0.23064987997325634,False,3.0495485511616023e-05,0.28521552421109914,False
80,165.06550218340612,0.09900673525226707,0.018297996764062036,0.2208658458957095,False,1.0537908217099557e-05,0.2812460056945289,False
80,165.28384279475983,0.10066770630625965,0.023609371746551682,0.21117379591610122,False,1.043478313590308e-05,0.2772904116433055,False
80,165.50218340611357,0.10150861218166073,0.028764808422601,0.20151799947870397,False,3.178179031295192e-05,0.2772904116433055,False
80,165.72052401746726,0.10321155558379493,0.034119300551709364,0.1910323163338226,False,9.096019748412746e-06,0.2694210107630804,False
80,165.93886462882097,0.10494306815034328,0.03950489467189596,0.1804019312252662,False,2.8193295987469046e-06,0.2694210107630804,False
80,166.15720524017468,0.10494306815034328,0.04478967467795515,0.1698904563661359,False,4.371657598616624e-05,0.2577213954077112,False
80,166.3755458515284,0.10494306815034328,0.04979041508042126,0.15987242053265946,False,0.006418092531437869,0.24231686921022944,False
80,166.5938864628821,0.10494306815034328,0.05438144533079456,0.15061524319395814,False,0.006418092531437869,0.24231686921022944,False
80,166.8122270742358,0.10494306815034328,0.05856625627040752,0.14212824574008148,False,0.016418659229302933,0.2233740060652176,False
80,167.03056768558952,0.10494306815034328,0.06252548428580615,0.13405670764279792,False,0.016418659229302933,0.2233740060652176,False
80,167.24890829694323,0.10321155558379493,0.06548720894378902,0.12799254381287536,False,0.025515799290418778,0.2047774691012845,False
80,167.46724890829694,0.10150861218166073,0.06812533026694008,0.12257241200786734,False,0.025515799290418778,0.2047774691012845,False
80,167.68558951965065,0.0998337665658109,0.070045084098773,0.1186173694766136,False,0.03673243989171165,0.18291608208851975,False
80,167.90393013100436,0.0973731694600355,0.07167528410757369,0.11524637721836344,False,0.04524123467453533,0.16507406898822355,False
80,168.12227074235807,0.09497321854968295,0.07295608003462477,0.1121628855578601,False,0.04524123467453533,0.16507406898822355,False
80,168.34061135371178,0.09186504434568829,0.07381638295090914,0.10995192096234106,False,0.05352181113892458,0.14757052991712347,False
80,168.5589519650655,0.0881224788544837,0.07427013293229957,0.10858449055587374,False,0.05129311745110901,0.15104431790101544,False
80,168.77729257641923,0.08453238481262874,0.07318468021839049,0.11039539580501477,False,0.05129311745110901,0.15104431790101544,False
80,168.99563318777294,0.08041680619195501,0.07183854323758088,0.11266462666184314,False,0.041911323010878195,0.1686152915401099,False
80,169.21397379912665,0.07461606978696339,0.07012190425196975,0.11532292559946834,False,0.03406756316798032,0.18291608208851975,False
80,169.43231441048036,0.06866022184349595,0.06762779494905266,0.11954918517900974,False,0.03406756316798032,0.18237351273273822,False
80,169.65065502183407,0.06317976914433691,0.06485968881022175,0.12430009454025837,False,0.02215579050533316,0.204211266926697,False
80,169.86899563318778,0.058136765684071695,0.061752822979362264,0.13011096790525575,False,0.02215579050533316,0.204211266926697,False
80,170.0873362445415,0.051745529146163524,0.05837148053589937,0.13632332209979875,False,0.013743758389957231,0.21904532546356872,False
80,170.3056768558952,0.04644163645111667,0.05453916831744227,0.1430827303810114,True,0.0050834161489367105,0.2335069270613977,False
80,170.5240174672489,0.04133609815234701,0.04992573756749149,0.15132597513985244,True,0.0050834161489367105,0.23291562885423808,False
80,170.74235807860262,0.03588502844308585,0.04492173176531093,0.16025189299348463,True,0.0003610598695283773,0.24051190610469814,False
80,170.96069868995633,0.033855113760298934,0.03982549475934065,0.16926179903745295,True,0.0003610598695283773,0.24051190610469814,False
80,172.4890829694323,0.03442307879663917,0.007973549212441434,0.22426179497738769,False,1.36768907156593e-05,0.25284808499922756,False
80,172.707423580786,0.03709916729765057,0.0056025219219556135,0.22861891382349875,False,6.474281463384379e-06,0.25225189844724283,False
80,172.92576419213975,0.04202956675669101,0.003715121786555173,0.2318733053513214,False,6.474281463384379e-06,0.25225189844724283,False
80,173.14410480349346,0.04722075732252816,0.0027150860110145905,0.23318675391185129,False,3.8590029429228395e-06,0.25165855164630696,False
80,173.36244541484717,0.05349629430400681,0.0026157381889052272,0.23365514501025744,False,1.3880449926609341e-06,0.25165855164630696,False
80,173.58078602620088,0.058136765684071695,0.005195819837861642,0.2293647224952946,False,1.3880449926609341e-06,0.25165855164630696,False
80,173.7991266375546,0.06423969468858692,0.007862758814104732,0.2244657356463836,False,1.0810965497664788e-06,0.25225189844724283,False
80,174.0174672489083,0.06866022184349595,0.010839707359120498,0.21897407203456282,False,5.94256054161046e-06,0.25225189844724283,False
80,174.235807860262,0.07399794399315483,0.013787113389835692,0.21351296832042302,False,5.94256054161046e-06,0.25225189844724283,False
80,174.45414847161572,0.07778501750046492,0.016782931730374054,0.2079379571917886,False,5.5594833036201126e-05,0.25225189844724283,False
80,174.67248908296943,0.0810885505605222,0.021501279543127434,0.19941844109852472,False,6.798874668277746e-06,0.24900511293044078,False
80,174.89082969432314,0.08453238481262874,0.02637515819225186,0.19119558999720768,False,5.411925518543736e-06,0.24517622838077477,False
80,175.10917030567686,0.08739246483270766,0.0309342706996985,0.18281440941345112,False,5.411925518543736e-06,0.24517622838077477,False
80,175.32751091703057,0.08960085187840398,0.03535357514913609,0.17444004029511817,False,5.607672088506797e-05,0.24136142066675217,False
80,175.54585152838428,0.09263241909146083,0.03999794236622154,0.1664249772143599,False,1.3360699766819375e-06,0.24194966088026304,False
80,175.764192139738,0.09418645242444765,0.04592732232579149,0.15539086517679027,False,0.004501047152296185,0.23057861193692314,False
80,175.9825327510917,0.0957665567552959,0.051242959716935696,0.14498329693407283,False,0.0050834161489367105,0.23057861193692314,False
80,176.2008733624454,0.09656652193973611,0.055335574505040945,0.13692362098342886,False,0.011174407027888378,0.21933362587371505,False
80,176.41921397379912,0.09818655513563897,0.05887583285440439,0.1301265166083123,False,0.017143877623205597,0.20821427334226286,False
80,176.63755458515283,0.09818655513563897,0.06215617095392256,0.12446029783914841,False,0.01770068448190998,0.20821427334226286,False
80,176.85589519650654,0.09818655513563897,0.0643694490934764,0.1203574292556984,False,0.029264163515546286,0.18635039464748315,False
80,177.07423580786025,0.09818655513563897,0.06716000614419342,0.11476296701851373,False,0.029264163515546286,0.18635039464748315,False
80,177.292576419214,0.0973731694600355,0.07389542672187643,0.10118835634086727,False,0.03672879310657404,0.17205018137901584,False
80,177.5109170305677,0.09656652193973611,0.08047422461033073,0.08783507179037212,True,0.047097126862620665,0.15100928457155863,False
80,177.7292576419214,0.09497321854968295,0.07470037079463016,0.08690298007740653,True,0.046615643962444636,0.15100928457155863,False
80,177.94759825327512,0.09418645242444765,0.07090046764197167,0.08847370843239838,True,0.053667343979961736,0.1372522574261083,False
80,178.16593886462883,0.09186504434568829,0.06982766958068332,0.08866595170889298,False,0.052746127639288466,0.1372522574261083,False
80,178.38427947598254,0.08885859089023627,0.06970656272401397,0.0885452079416433,False,0.05427461697970484,0.09645252892646836,False
80,178.60262008733625,0.08595052918372621,0.06916412247149535,0.08853313127346839,False,0.05427461697970484,0.09645252892646836,False
80,178.82096069868996,0.08313763917422533,0.06800186093318357,0.08874584845021011,False,0.053556274864784946,0.09645252892646836,False
80,179.03930131004367,0.07908996571609268,0.06799884107274735,0.0882250014648248,False,0.053556274864784946,0.12660888146920318,False
80,179.25764192139738,0.07586785464546869,0.06859871267184599,0.08745082592374176,False,0.047375199936852345,0.14361829527656522,False
80,179.4759825327511,0.07039524951166014,0.06928074962499857,0.08675663391891444,False,0.046918648593056306,0.14361829527656522,False
80,179.6943231441048,0.06586301667454225,0.076457219428815,0.08269716535116223,True,0.039660653560161005,0.1569686462926539,False
80,179.9126637554585,0.061112094365409236,0.07047632686714571,0.09964799724700106,True,0.03918952892870618,0.1569686462926539,False
80,180.13100436681222,0.0553062950844922,0.06383709176001813,0.11190149062309256,True,0.029352151360404526,0.1740504862835036,False
80,180.34934497816593,0.0492262249298984,0.06107285839231459,0.11649497623043585,True,0.023589296071611823,0.18476175913439846,False
80,180.56768558951964,0.042734669228930273,0.05873744431015224,0.12022601799647446,True,0.023088747667550317,0.18423733126843858,False
80,180.78602620087335,0.03740906715429552,0.05599530350571939,0.12437190477068447,True,0.017202068028696105,0.19452833058177393,False
80,181.00436681222703,0.035000572209838175,0.052009527411593016,0.1308998822490898,True,0.016691038837882515,0.19452833058177393,False
80,182.96943231441048,0.033020688717551754,0.021414897412821886,0.18275462542721252,False,0.01067642672518159,0.20120517640295782,False
80,183.1877729257642,0.035000572209838175,0.02092582032735027,0.1838879964102068,False,0.01067642672518159,0.20120517640295782,False
80,183.4061135371179,0.03709916729765057,0.02166011204515237,0.18299174943722366,False,0.01067642672518159,0.20172884704587796,False
80,183.6244541484716,0.04168139029297371,0.024530502423565116,0.17777008298096966,False,0.01067642672518159,0.20172884704587796,False
80,183.84279475982532,0.04644163645111667,0.027411658762154668,0.17261503236894002,False,0.010676426725181645,0.20225505484742548,False
80,184.06113537117903,0.05047016006380066,0.03037045175024905,0.1675913225481376,False,0.010676426725181645,0.2027838118389335,False
80,184.27947598253272,0.0553062950844922,0.03329974032397446,0.16259456063088826,False,0.010676426725181645,0.2027838118389335,False
80,184.49781659388643,0.058136765684071695,0.03661338943040486,0.15688862650412985,False,0.010676426725181645,0.20331513010622593,False
80,184.71615720524017,0.06213733188618166,0.04124667984886462,0.14905605920180692,False,0.01269431749347928,0.20020014525827526,False
80,184.93449781659388,0.06531740190843605,0.04609649911379597,0.14074026815606502,False,0.01469913781908063,0.1965652449608374,False
80,185.1528384279476,0.06866022184349595,0.05110018499125725,0.13205152334524206,False,0.015214526566623067,0.1965652449608374,False
80,185.3711790393013,0.07039524951166014,0.05427085747037865,0.12679821969233385,False,0.017202068028696105,0.19294429527578322,False
80,185.58951965065503,0.07277701180410037,0.057104453652221866,0.12215543488706318,False,0.017202068028696105,0.19346975241029193,False
80,185.80786026200877,0.07523935896067623,0.05990921734987307,0.11753558762876165,False,0.023589296071611823,0.18267922970631853,False
80,186.02620087336248,0.07714063987743862,0.06545146754122391,0.10730407036698697,False,0.028603030175576975,0.16848538384979092,False
80,186.24454148471617,0.07908996571609268,0.07409571062470804,0.09073691931240609,False,0.0227517629014136,0.16848538384979092,False
80,186.46288209606988,0.07975062661019908,0.07450119600234939,0.08248433521598841,False,0.02306934818777879,0.15451096684272778,False
80,186.6812227074236,0.0810885505605222,0.05940744075646669,0.09022280148820157,False,0.02015810255327066,0.15451096684272778,False
80,186.8995633187773,0.08176590620014167,0.055899551494267376,0.09214140723428167,False,0.020473744200084142,0.13734841021111005,False
80,187.117903930131,0.08313763917422533,0.052232921323172386,0.09387360353796984,False,0.017570857966407994,0.11137741221228271,False
80,187.33624454148472,0.08176590620014167,0.04853515253483697,0.09554670262276035,False,0.01694815098286207,0.11137741221228271,False
80,187.55458515283843,0.08176590620014167,0.044257841997686925,0.09750968869369424,False,0.016331593652673372,0.11137741221228271,False
80,187.77292576419217,0.08176590620014167,0.03971909995366736,0.09960423233588436,False,0.016331593652673372,0.11137741221228271,False
80,187.99126637554585,0.0810885505605222,0.0360690808713805,0.10125916460238363,False,0.016025601998589694,0.11137741221228271,False
80,188.20960698689956,0.07975062661019908,0.03251192321235609,0.10258363428685059,False,0.016025601998589694,0.11137741221228271,False
80,188.42794759825327,0.0784347777923635,0.02958752720087798,0.10358123965330034,False,0.015418154830461288,0.11137741221228271,False
80,188.64628820960695,0.07650160033280329,0.02921731809670769,0.10331061567217015,False,0.014816705783623778,0.11105493202108666,False
80,188.8646288209607,0.07461606978696339,0.030721623314829565,0.10220634136406144,False,0.014816705783623778,0.11105493202108666,False
80,189.0829694323144,0.07217412092119992,0.033025786406987875,0.10072911573304351,False,0.014518211922658786,0.11105493202108666,False
80,189.3013100436681,0.06866022184349595,0.03567487688319745,0.09892924541639381,False,0.013925648587045184,0.11073402958845922,False
80,189.51965065502185,0.06586301667454225,0.039700926046956166,0.09634650731770089,False,0.013925648587045184,0.11073402958845922,False
80,189.73799126637556,0.06265638262630553,0.04412636294626539,0.09345638355429718,False,0.013631564448314051,0.1104146972413701,False
80,189.95633187772927,0.05960586808850849,0.04911071946202928,0.0903923919157249,False,0.013631564448314051,0.11009692734365185,False
80,190.17467248908295,0.05623413251903491,0.05199534781551334,0.08841756300536475,False,0.01333893561433071,0.11009692734365185,False
80,191.48471615720524,0.03772155569225442,0.05441515610503784,0.11065387624647464,True,0.029015608709219796,0.15665802482274502,False
80,191.70305676855895,0.035292941907068706,0.05302194874407187,0.11222636787380094,True,0.029015608709219796,0.15572329517230543,False
80,191.92139737991263,0.03413791511852991,0.05113159366700334,0.11473242932754153,True,0.029015608709219796,0.15572329517230543,False
80,192.13973799126637,0.033020688717551754,0.0483617188625121,0.11943689748511005,True,0.029015608709219796,0.1547976383811512,False
80,192.35807860262008,0.033020688717551754,0.044969137196205315,0.12545092231252175,True,0.029015608709219796,0.1547976383811512,False
80,192.5764192139738,0.033296519886962764,0.041189095460606465,0.13231216874695406,True,0.029015608709219796,0.15433818507560843,False
80,192.7947598253275,0.0335746551522898,0.039898560480869275,0.13464857968224103,True,0.029015608709219796,0.15342597462676472,False
80,193.0131004366812,0.03442307879663917,0.03905682546715005,0.13617079279198316,True,0.029015608709219796,0.15342597462676472,False
80,193.23144104803492,0.0355877538512244,0.03905682546715005,0.13617079279198316,True,0.029015608709219796,0.15388096740841345,False
80,193.44978165938863,0.03740906715429552,0.04051223405044271,0.1335379606605979,True,0.029015608709219796,0.15388096740841345,False
80,193.66812227074232,0.039323591795227715,0.04323334414598955,0.12863426103926762,True,0.029015608709219796,0.1547976383811512,False
80,193.88646288209608,0.04133609815234701,0.04605081832886894,0.12387814967930996,True,0.029015608709219796,0.1547976383811512,False
80,194.1048034934498,0.04345160074283527,0.04882710750886334,0.11934376860386715,True,0.029015608709219796,0.1547976383811512,False
80,194.3231441048035,0.04567537071729063,0.05119464136876685,0.11572941225632444,True,0.029015608709219796,0.15525933812856182,False
80,194.5414847161572,0.04761520568864665,0.053419237765676336,0.11266354323572414,True,0.0309308677278795,0.1518201887529763,False
80,194.75982532751092,0.0492262249298984,0.055299764121858684,0.1101007264800832,True,0.027119376388851497,0.15228058100300432,False
80,196.0698689956332,0.061112094365409236,0.04870424852244099,0.08964024700955132,False,0.007949756145869255,0.11111863798936726,False
80,196.2882096069869,0.06213733188618166,0.045372440532797834,0.09168347834230807,False,0.002595422689422555,0.1139857969817027,False
80,196.5065502183406,0.06317976914433691,0.03949870050590532,0.09500107178549091,False,0.002595422689422555,0.1139857969817027,False
80,196.72489082969432,0.06423969468858692,0.03418189431676025,0.09788570540198113,False,0.002877714278978655,0.1139857969817027,False
80,196.94323144104803,0.06586301667454225,0.03075263271286336,0.0997124386398121,False,0.002877714278978655,0.1139857969817027,False
80,197.16157205240177,0.06696795730253387,0.026310024689779575,0.10198493192201255,False,0.003161410885642737,0.1139857969817027,False
80,197.37991266375545,0.06752735962553896,0.021159582538526126,0.10461514117752946,False,0.003161410885642737,0.1139857969817027,False
80,197.59825327510916,0.06809143479465705,0.018246981018061926,0.1060563661521262,False,0.0023145291159653897,0.1139857969817027,False
