x_pixel,y_pixel,x_value,value,uncertainty_x,uncertainty_value,panel,series,x_quantity,unit,provenance,source
866,165.0,0.08712871287128712,2.2859523809523807,0.015841584158415842,0.0011904761904761862,fig2b,nm_at_100GHz,BCB_thickness_um,1,digitized_paper_calculation,p2_2.jpeg
867,166.0,0.09504950495049505,2.2857142857142856,0.015841584158415842,0.0011904761904761862,fig2b,nm_at_100GHz,BCB_thickness_um,1,digitized_paper_calculation,p2_2.jpeg
868,167.5,0.10297029702970296,2.285357142857143,0.015841584158415842,0.0010714285714285676,fig2b,nm_at_100GHz,BCB_thickness_um,1,digitized_paper_calculation,p2_2.jpeg
869,168.5,0.11089108910891089,2.2851190476190473,0.015841584158415842,0.0010714285714285676,fig2b,nm_at_100GHz,BCB_thickness_um,1,digitized_paper_calculation,p2_2.jpeg
870,170.0,0.1188118811881188,2.2847619047619045,0.015841584158415842,0.0011904761904761862,fig2b,nm_at_100GHz,BCB_thickness_um,1,digitized_paper_calculation,p2_2.jpeg
871,171.0,0.12673267326732673,2.2845238095238094,0.015841584158415842,0.0011904761904761862,fig2b,nm_at_100GHz,BCB_thickness_um,1,digitized_paper_calculation,p2_2.jpeg
872,172.0,0.13465346534653466,2.2842857142857143,0.015841584158415842,0.0011904761904761862,fig2b,nm_at_100GHz,BCB_thickness_um,1,digitized_paper_calculation,p2_2.jpeg
873,173.0,0.14257425742574256,2.284047619047619,0.015841584158415842,0.0011904761904761862,fig2b,nm_at_100GHz,BCB_thickness_um,1,digitized_paper_calculation,p2_2.jpeg
874,174.0,0.1504950495049505,2.2838095238095235,0.015841584158415842,0.0011904761904761862,fig2b,nm_at_100GHz,BCB_thickness_um,1,digitized_paper_calculation,p2_2.jpeg
875,175.0,0.15841584158415842,2.2835714285714284,0.015841584158415842,0.0011904761904761862,fig2b,nm_at_100GHz,BCB_thickness_um,1,digitized_paper_calculation,p2_2.jpeg
876,176.0,0.16633663366336635,2.283333333333333,0.015841584158415842,0.0011904761904761862,fig2b,nm_at_100GHz,BCB_thickness_um,1,digitized_paper_calculation,p2_2.jpeg
877,177.5,0.17425742574257425,2.2829761904761905,0.015841584158415842,0.0010714285714285676,fig2b,nm_at_100GHz,BCB_thickness_um,1,digitized_paper_calculation,p2_2.jpeg
878,178.5,0.18217821782178217,2.282738095238095,0.015841584158415842,0.0010714285714285676,fig2b,nm_at_100GHz,BCB_thickness_um,1,digitized_paper_calculation,p2_2.jpeg
879,179.5,0.1900990099009901,2.2824999999999998,0.015841584158415842,0.0010714285714285676,fig2b,nm_at_100GHz,BCB_thickness_um,1,digitized_paper_calculation,p2_2.jpeg
880,180.5,0.19801980198019803,2.2822619047619046,0.015841584158415842,0.0010714285714285676,fig2b,nm_at_100GHz,BCB_thickness_um,1,digitized_paper_calculation,p2_2.jpeg
881,182.0,0.20594059405940593,2.281904761904762,0.015841584158415842,0.0011904761904761862,fig2b,nm_at_100GHz,BCB_thickness_um,1,digitized_paper_calculation,p2_2.jpeg
882,183.0,0.21386138613861386,2.2816666666666667,0.015841584158415842,0.0011904761904761862,fig2b,nm_at_100GHz,BCB_thickness_um,1,digitized_paper_calculation,p2_2.jpeg
883,184.0,0.22178217821782178,2.281428571428571,0.015841584158415842,0.0011904761904761862,fig2b,nm_at_100GHz,BCB_thickness_um,1,digitized_paper_calculation,p2_2.jpeg
884,185.0,0.2297029702970297,2.281190476190476,0.015841584158415842,0.0011904761904761862,fig2b,nm_at_100GHz,BCB_thickness_um,1,digitized_paper_calculation,p2_2.jpeg
885,186.0,0.2376237623762376,2.280952380952381,0.015841584158415842,0.0011904761904761862,fig2b,nm_at_100GHz,BCB_thickness_um,1,digitized_paper_calculation,p2_2.jpeg
886,187.0,0.24554455445544554,2.2807142857142857,0.015841584158415842,0.0011904761904761862,fig2b,nm_at_100GHz,BCB_thickness_um,1,digitized_paper_calculation,p2_2.jpeg
887,188.0,0.25346534653465347,2.2804761904761905,0.015841584158415842,0.0011904761904761862,fig2b,nm_at_100GHz,BCB_thickness_um,1,digitized_paper_calculation,p2_2.jpeg
888,189.0,0.2613861386138614,2.280238095238095,0.015841584158415842,0.0011904761904761862,fig2b,nm_at_100GHz,BCB_thickness_um,1,digitized_paper_calculation,p2_2.jpeg
889,190.5,0.2693069306930693,2.2798809523809522,0.015841584158415842,0.0010714285714285676,fig2b,nm_at_100GHz,BCB_thickness_um,1,digitized_paper_calculation,p2_2.jpeg
890,191.0,0.27722772277227725,2.2797619047619047,0.015841584158415842,0.0011904761904761862,fig2b,nm_at_100GHz,BCB_thickness_um,1,digitized_paper_calculation,p2_2.jpeg
891,192.5,0.2851485148514851,2.279404761904762,0.015841584158415842,0.0010714285714285676,fig2b,nm_at_100GHz,BCB_thickness_um,1,digitized_paper_calculation,p2_2.jpeg
892,193.5,0.29306930693069305,2.279166666666667,0.015841584158415842,0.0010714285714285676,fig2b,nm_at_100GHz,BCB_thickness_um,1,digitized_paper_calculation,p2_2.jpeg
893,194.5,0.300990099009901,2.278928571428571,0.015841584158415842,0.0010714285714285676,fig2b,nm_at_100GHz,BCB_thickness_um,1,digitized_paper_calculation,p2_2.jpeg
894,195.5,0.3089108910891089,2.278690476190476,0.015841584158415842,0.0010714285714285676,fig2b,nm_at_100GHz,BCB_thickness_um,1,digitized_paper_calculation,p2_2.jpeg
895,196.5,0.31683168316831684,2.278452380952381,0.015841584158415842,0.0010714285714285676,fig2b,nm_at_100GHz,BCB_thickness_um,1,digitized_paper_calculation,p2_2.jpeg
896,198.0,0.32475247524752476,2.278095238095238,0.015841584158415842,0.0011904761904761862,fig2b,nm_at_100GHz,BCB_thickness_um,1,digitized_paper_calculation,p2_2.jpeg
897,198.5,0.3326732673267327,2.27797619047619,0.015841584158415842,0.0010714285714285676,fig2b,nm_at_100GHz,BCB_thickness_um,1,digitized_paper_calculation,p2_2.jpeg
898,200.0,0.3405940594059406,2.2776190476190474,0.015841584158415842,0.0011904761904761862,fig2b,nm_at_100GHz,BCB_thickness_um,1,digitized_paper_calculation,p2_2.jpeg
899,201.0,0.3485148514851485,2.2773809523809523,0.015841584158415842,0.0011904761904761862,fig2b,nm_at_100GHz,BCB_thickness_um,1,digitized_paper_calculation,p2_2.jpeg
900,202.0,0.3564356435643564,2.277142857142857,0.015841584158415842,0.0011904761904761862,fig2b,nm_at_100GHz,BCB_thickness_um,1,digitized_paper_calculation,p2_2.jpeg
901,203.0,0.36435643564356435,2.276904761904762,0.015841584158415842,0.0011904761904761862,fig2b,nm_at_100GHz,BCB_thickness_um,1,digitized_paper_calculation,p2_2.jpeg
902,204.0,0.3722772277227723,2.2766666666666664,0.015841584158415842,0.0011904761904761862,fig2b,nm_at_100GHz,BCB_thickness_um,1,digitized_paper_calculation,p2_2.jpeg
903,205.0,0.3801980198019802,2.2764285714285712,0.015841584158415842,0.0011904761904761862,fig2b,nm_at_100GHz,BCB_thickness_um,1,digitized_paper_calculation,p2_2.jpeg
904,206.0,0.38811881188118813,2.276190476190476,0.015841584158415842,0.0011904761904761862,fig2b,nm_at_100GHz,BCB_thickness_um,1,digitized_paper_calculation,p2_2.jpeg
905,207.0,0.39603960396039606,2.275952380952381,0.015841584158415842,0.0011904761904761862,fig2b,nm_at_100GHz,BCB_thickness_um,1,digitized_paper_calculation,p2_2.jpeg
906,208.0,0.403960396039604,2.275714285714286,0.015841584158415842,0.0011904761904761862,fig2b,nm_at_100GHz,BCB_thickness_um,1,digitized_paper_calculation,p2_2.jpeg
907,209.0,0.41188118811881186,2.27547619047619,0.015841584158415842,0.0011904761904761862,fig2b,nm_at_100GHz,BCB_thickness_um,1,digitized_paper_calculation,p2_2.jpeg
908,210.0,0.4198019801980198,2.275238095238095,0.015841584158415842,0.0011904761904761862,fig2b,nm_at_100GHz,BCB_thickness_um,1,digitized_paper_calculation,p2_2.jpeg
909,211.0,0.4277227722772277,2.275,0.015841584158415842,0.0011904761904761862,fig2b,nm_at_100GHz,BCB_thickness_um,1,digitized_paper_calculation,p2_2.jpeg
910,212.0,0.43564356435643564,2.2747619047619048,0.015841584158415842,0.0011904761904761862,fig2b,nm_at_100GHz,BCB_thickness_um,1,digitized_paper_calculation,p2_2.jpeg
911,212.5,0.44356435643564357,2.274642857142857,0.015841584158415842,0.0010714285714285676,fig2b,nm_at_100GHz,BCB_thickness_um,1,digitized_paper_calculation,p2_2.jpeg
912,214.0,0.4514851485148515,2.274285714285714,0.015841584158415842,0.0011904761904761862,fig2b,nm_at_100GHz,BCB_thickness_um,1,digitized_paper_calculation,p2_2.jpeg
913,215.0,0.4594059405940594,2.274047619047619,0.015841584158415842,0.0011904761904761862,fig2b,nm_at_100GHz,BCB_thickness_um,1,digitized_paper_calculation,p2_2.jpeg
914,216.0,0.46732673267326735,2.2738095238095237,0.015841584158415842,0.0011904761904761862,fig2b,nm_at_100GHz,BCB_thickness_um,1,digitized_paper_calculation,p2_2.jpeg
915,217.0,0.4752475247524752,2.2735714285714286,0.015841584158415842,0.0011904761904761862,fig2b,nm_at_100GHz,BCB_thickness_um,1,digitized_paper_calculation,p2_2.jpeg
916,218.0,0.48316831683168315,2.2733333333333334,0.015841584158415842,0.0011904761904761862,fig2b,nm_at_100GHz,BCB_thickness_um,1,digitized_paper_calculation,p2_2.jpeg
917,219.0,0.4910891089108911,2.273095238095238,0.015841584158415842,0.0011904761904761862,fig2b,nm_at_100GHz,BCB_thickness_um,1,digitized_paper_calculation,p2_2.jpeg
918,220.0,0.499009900990099,2.2728571428571427,0.015841584158415842,0.0011904761904761862,fig2b,nm_at_100GHz,BCB_thickness_um,1,digitized_paper_calculation,p2_2.jpeg
919,220.5,0.5069306930693069,2.272738095238095,0.015841584158415842,0.0010714285714285676,fig2b,nm_at_100GHz,BCB_thickness_um,1,digitized_paper_calculation,p2_2.jpeg
920,221.5,0.5148514851485149,2.2725,0.015841584158415842,0.0010714285714285676,fig2b,nm_at_100GHz,BCB_thickness_um,1,digitized_paper_calculation,p2_2.jpeg
921,222.5,0.5227722772277228,2.272261904761905,0.015841584158415842,0.0010714285714285676,fig2b,nm_at_100GHz,BCB_thickness_um,1,digitized_paper_calculation,p2_2.jpeg
922,223.5,0.5306930693069307,2.2720238095238097,0.015841584158415842,0.0010714285714285676,fig2b,nm_at_100GHz,BCB_thickness_um,1,digitized_paper_calculation,p2_2.jpeg
923,224.5,0.5386138613861386,2.271785714285714,0.015841584158415842,0.0010714285714285676,fig2b,nm_at_100GHz,BCB_thickness_um,1,digitized_paper_calculation,p2_2.jpeg
924,225.5,0.5465346534653466,2.271547619047619,0.015841584158415842,0.0010714285714285676,fig2b,nm_at_100GHz,BCB_thickness_um,1,digitized_paper_calculation,p2_2.jpeg
925,226.5,0.5544554455445545,2.271309523809524,0.015841584158415842,0.0010714285714285676,fig2b,nm_at_100GHz,BCB_thickness_um,1,digitized_paper_calculation,p2_2.jpeg
926,227.5,0.5623762376237624,2.2710714285714286,0.015841584158415842,0.0010714285714285676,fig2b,nm_at_100GHz,BCB_thickness_um,1,digitized_paper_calculation,p2_2.jpeg
927,228.5,0.5702970297029702,2.270833333333333,0.015841584158415842,0.0010714285714285676,fig2b,nm_at_100GHz,BCB_thickness_um,1,digitized_paper_calculation,p2_2.jpeg
928,229.5,0.5782178217821782,2.270595238095238,0.015841584158415842,0.0010714285714285676,fig2b,nm_at_100GHz,BCB_thickness_um,1,digitized_paper_calculation,p2_2.jpeg
929,230.5,0.5861386138613861,2.2703571428571427,0.015841584158415842,0.0010714285714285676,fig2b,nm_at_100GHz,BCB_thickness_um,1,digitized_paper_calculation,p2_2.jpeg
930,231.0,0.594059405940594,2.270238095238095,0.015841584158415842,0.0011904761904761862,fig2b,nm_at_100GHz,BCB_thickness_um,1,digitized_paper_calculation,p2_2.jpeg
931,232.0,0.601980198019802,2.27,0.015841584158415842,0.0011904761904761862,fig2b,nm_at_100GHz,BCB_thickness_um,1,digitized_paper_calculation,p2_2.jpeg
932,232.5,0.6099009900990099,2.2698809523809524,0.015841584158415842,0.0010714285714285676,fig2b,nm_at_100GHz,BCB_thickness_um,1,digitized_paper_calculation,p2_2.jpeg
933,233.5,0.6178217821782178,2.2696428571428573,0.015841584158415842,0.0010714285714285676,fig2b,nm_at_100GHz,BCB_thickness_um,1,digitized_paper_calculation,p2_2.jpeg
934,234.5,0.6257425742574257,2.2694047619047617,0.015841584158415842,0.0010714285714285676,fig2b,nm_at_100GHz,BCB_thickness_um,1,digitized_paper_calculation,p2_2.jpeg
935,235.5,0.6336633663366337,2.2691666666666666,0.015841584158415842,0.0010714285714285676,fig2b,nm_at_100GHz,BCB_thickness_um,1,digitized_paper_calculation,p2_2.jpeg
936,236.5,0.6415841584158416,2.2689285714285714,0.015841584158415842,0.0010714285714285676,fig2b,nm_at_100GHz,BCB_thickness_um,1,digitized_paper_calculation,p2_2.jpeg
937,237.5,0.6495049504950495,2.2686904761904763,0.015841584158415842,0.0010714285714285676,fig2b,nm_at_100GHz,BCB_thickness_um,1,digitized_paper_calculation,p2_2.jpeg
938,238.5,0.6574257425742575,2.2684523809523807,0.015841584158415842,0.0010714285714285676,fig2b,nm_at_100GHz,BCB_thickness_um,1,digitized_paper_calculation,p2_2.jpeg
939,239.5,0.6653465346534654,2.2682142857142855,0.015841584158415842,0.0010714285714285676,fig2b,nm_at_100GHz,BCB_thickness_um,1,digitized_paper_calculation,p2_2.jpeg
940,240.5,0.6732673267326733,2.2679761904761904,0.015841584158415842,0.0010714285714285676,fig2b,nm_at_100GHz,BCB_thickness_um,1,digitized_paper_calculation,p2_2.jpeg
941,241.0,0.6811881188118812,2.267857142857143,0.015841584158415842,0.0011904761904761862,fig2b,nm_at_100GHz,BCB_thickness_um,1,digitized_paper_calculation,p2_2.jpeg
942,241.5,0.689108910891089,2.267738095238095,0.015841584158415842,0.0010714285714285676,fig2b,nm_at_100GHz,BCB_thickness_um,1,digitized_paper_calculation,p2_2.jpeg
943,242.5,0.697029702970297,2.2675,0.015841584158415842,0.0010714285714285676,fig2b,nm_at_100GHz,BCB_thickness_um,1,digitized_paper_calculation,p2_2.jpeg
944,243.5,0.7049504950495049,2.267261904761905,0.015841584158415842,0.0010714285714285676,fig2b,nm_at_100GHz,BCB_thickness_um,1,digitized_paper_calculation,p2_2.jpeg
945,244.5,0.7128712871287128,2.2670238095238093,0.015841584158415842,0.0010714285714285676,fig2b,nm_at_100GHz,BCB_thickness_um,1,digitized_paper_calculation,p2_2.jpeg
946,245.5,0.7207920792079208,2.266785714285714,0.015841584158415842,0.0010714285714285676,fig2b,nm_at_100GHz,BCB_thickness_um,1,digitized_paper_calculation,p2_2.jpeg
947,246.5,0.7287128712871287,2.266547619047619,0.015841584158415842,0.0010714285714285676,fig2b,nm_at_100GHz,BCB_thickness_um,1,digitized_paper_calculation,p2_2.jpeg
948,247.5,0.7366336633663366,2.266309523809524,0.015841584158415842,0.0010714285714285676,fig2b,nm_at_100GHz,BCB_thickness_um,1,digitized_paper_calculation,p2_2.jpeg
949,248.5,0.7445544554455445,2.2660714285714283,0.015841584158415842,0.0010714285714285676,fig2b,nm_at_100GHz,BCB_thickness_um,1,digitized_paper_calculation,p2_2.jpeg
950,249.0,0.7524752475247525,2.2659523809523807,0.015841584158415842,0.000952380952380949,fig2b,nm_at_100GHz,BCB_thickness_um,1,digitized_paper_calculation,p2_2.jpeg
951,249.5,0.7603960396039604,2.265833333333333,0.015841584158415842,0.0010714285714285676,fig2b,nm_at_100GHz,BCB_thickness_um,1,digitized_paper_calculation,p2_2.jpeg
952,250.5,0.7683168316831683,2.265595238095238,0.015841584158415842,0.0010714285714285676,fig2b,nm_at_100GHz,BCB_thickness_um,1,digitized_paper_calculation,p2_2.jpeg
953,251.5,0.7762376237623763,2.265357142857143,0.015841584158415842,0.0010714285714285676,fig2b,nm_at_100GHz,BCB_thickness_um,1,digitized_paper_calculation,p2_2.jpeg
954,252.5,0.7841584158415842,2.2651190476190477,0.015841584158415842,0.0010714285714285676,fig2b,nm_at_100GHz,BCB_thickness_um,1,digitized_paper_calculation,p2_2.jpeg
955,253.5,0.7920792079207921,2.2648809523809526,0.015841584158415842,0.0010714285714285676,fig2b,nm_at_100GHz,BCB_thickness_um,1,digitized_paper_calculation,p2_2.jpeg
956,254.0,0.8,2.2647619047619045,0.015841584158415842,0.000952380952380949,fig2b,nm_at_100GHz,BCB_thickness_um,1,digitized_paper_calculation,p2_2.jpeg
957,254.0,0.807920792079208,2.2647619047619045,0.015841584158415842,0.0007142857142857118,fig2b,nm_at_100GHz,BCB_thickness_um,1,digitized_paper_calculation,p2_2.jpeg
958,254.0,0.8158415841584158,2.2647619047619045,0.015841584158415842,0.0007142857142857118,fig2b,nm_at_100GHz,BCB_thickness_um,1,digitized_paper_calculation,p2_2.jpeg
959,254.0,0.8237623762376237,2.2647619047619045,0.015841584158415842,0.0004761904761904745,fig2b,nm_at_100GHz,BCB_thickness_um,1,digitized_paper_calculation,p2_2.jpeg
962,261.0,0.8475247524752475,2.263095238095238,0.015841584158415842,0.0007142857142857118,fig2b,nm_at_100GHz,BCB_thickness_um,1,digitized_paper_calculation,p2_2.jpeg
963,261.0,0.8554455445544554,2.263095238095238,0.015841584158415842,0.0007142857142857118,fig2b,nm_at_100GHz,BCB_thickness_um,1,digitized_paper_calculation,p2_2.jpeg
964,261.0,0.8633663366336634,2.263095238095238,0.015841584158415842,0.000952380952380949,fig2b,nm_at_100GHz,BCB_thickness_um,1,digitized_paper_calculation,p2_2.jpeg
965,261.5,0.8712871287128713,2.2629761904761905,0.015841584158415842,0.0010714285714285676,fig2b,nm_at_100GHz,BCB_thickness_um,1,digitized_paper_calculation,p2_2.jpeg
966,262.5,0.8792079207920792,2.2627380952380953,0.015841584158415842,0.0010714285714285676,fig2b,nm_at_100GHz,BCB_thickness_um,1,digitized_paper_calculation,p2_2.jpeg
967,263.5,0.8871287128712871,2.2625,0.015841584158415842,0.0010714285714285676,fig2b,nm_at_100GHz,BCB_thickness_um,1,digitized_paper_calculation,p2_2.jpeg
968,264.0,0.8950495049504951,2.262380952380952,0.015841584158415842,0.000952380952380949,fig2b,nm_at_100GHz,BCB_thickness_um,1,digitized_paper_calculation,p2_2.jpeg
969,264.5,0.902970297029703,2.2622619047619046,0.015841584158415842,0.0010714285714285676,fig2b,nm_at_100GHz,BCB_thickness_um,1,digitized_paper_calculation,p2_2.jpeg
970,265.5,0.9108910891089109,2.2620238095238094,0.015841584158415842,0.0010714285714285676,fig2b,nm_at_100GHz,BCB_thickness_um,1,digitized_paper_calculation,p2_2.jpeg
971,266.5,0.9188118811881189,2.2617857142857143,0.015841584158415842,0.0010714285714285676,fig2b,nm_at_100GHz,BCB_thickness_um,1,digitized_paper_calculation,p2_2.jpeg
972,267.5,0.9267326732673268,2.261547619047619,0.015841584158415842,0.0010714285714285676,fig2b,nm_at_100GHz,BCB_thickness_um,1,digitized_paper_calculation,p2_2.jpeg
973,268.0,0.9346534653465347,2.2614285714285716,0.015841584158415842,0.000952380952380949,fig2b,nm_at_100GHz,BCB_thickness_um,1,digitized_paper_calculation,p2_2.jpeg
974,268.5,0.9425742574257425,2.2613095238095235,0.015841584158415842,0.0010714285714285676,fig2b,nm_at_100GHz,BCB_thickness_um,1,digitized_paper_calculation,p2_2.jpeg
975,269.5,0.9504950495049505,2.2610714285714284,0.015841584158415842,0.0010714285714285676,fig2b,nm_at_100GHz,BCB_thickness_um,1,digitized_paper_calculation,p2_2.jpeg
976,270.5,0.9584158415841584,2.2608333333333333,0.015841584158415842,0.0010714285714285676,fig2b,nm_at_100GHz,BCB_thickness_um,1,digitized_paper_calculation,p2_2.jpeg
977,271.5,0.9663366336633663,2.260595238095238,0.015841584158415842,0.0010714285714285676,fig2b,nm_at_100GHz,BCB_thickness_um,1,digitized_paper_calculation,p2_2.jpeg
978,271.5,0.9742574257425742,2.260595238095238,0.015841584158415842,0.0010714285714285676,fig2b,nm_at_100GHz,BCB_thickness_um,1,digitized_paper_calculation,p2_2.jpeg
979,272.5,0.9821782178217822,2.260357142857143,0.015841584158415842,0.0010714285714285676,fig2b,nm_at_100GHz,BCB_thickness_um,1,digitized_paper_calculation,p2_2.jpeg
980,273.5,0.9900990099009901,2.260119047619048,0.015841584158415842,0.0010714285714285676,fig2b,nm_at_100GHz,BCB_thickness_um,1,digitized_paper_calculation,p2_2.jpeg
981,274.5,0.998019801980198,2.259880952380952,0.015841584158415842,0.0010714285714285676,fig2b,nm_at_100GHz,BCB_thickness_um,1,digitized_paper_calculation,p2_2.jpeg
982,275.0,1.005940594059406,2.2597619047619046,0.015841584158415842,0.000952380952380949,fig2b,nm_at_100GHz,BCB_thickness_um,1,digitized_paper_calculation,p2_2.jpeg
983,275.5,1.0138613861386139,2.259642857142857,0.015841584158415842,0.0010714285714285676,fig2b,nm_at_100GHz,BCB_thickness_um,1,digitized_paper_calculation,p2_2.jpeg
984,276.5,1.0217821782178218,2.259404761904762,0.015841584158415842,0.0010714285714285676,fig2b,nm_at_100GHz,BCB_thickness_um,1,digitized_paper_calculation,p2_2.jpeg
985,277.5,1.0297029702970297,2.2591666666666668,0.015841584158415842,0.0010714285714285676,fig2b,nm_at_100GHz,BCB_thickness_um,1,digitized_paper_calculation,p2_2.jpeg
986,278.0,1.0376237623762377,2.259047619047619,0.015841584158415842,0.000952380952380949,fig2b,nm_at_100GHz,BCB_thickness_um,1,digitized_paper_calculation,p2_2.jpeg
987,278.5,1.0455445544554456,2.258928571428571,0.015841584158415842,0.0010714285714285676,fig2b,nm_at_100GHz,BCB_thickness_um,1,digitized_paper_calculation,p2_2.jpeg
988,279.5,1.0534653465346535,2.258690476190476,0.015841584158415842,0.0010714285714285676,fig2b,nm_at_100GHz,BCB_thickness_um,1,digitized_paper_calculation,p2_2.jpeg
989,280.5,1.0613861386138614,2.258452380952381,0.015841584158415842,0.0010714285714285676,fig2b,nm_at_100GHz,BCB_thickness_um,1,digitized_paper_calculation,p2_2.jpeg
990,281.0,1.0693069306930694,2.2583333333333333,0.015841584158415842,0.000952380952380949,fig2b,nm_at_100GHz,BCB_thickness_um,1,digitized_paper_calculation,p2_2.jpeg
991,281.5,1.0772277227722773,2.2582142857142857,0.015841584158415842,0.0010714285714285676,fig2b,nm_at_100GHz,BCB_thickness_um,1,digitized_paper_calculation,p2_2.jpeg
992,282.5,1.0851485148514852,2.2579761904761906,0.015841584158415842,0.0010714285714285676,fig2b,nm_at_100GHz,BCB_thickness_um,1,digitized_paper_calculation,p2_2.jpeg
993,283.0,1.0930693069306932,2.257857142857143,0.015841584158415842,0.000952380952380949,fig2b,nm_at_100GHz,BCB_thickness_um,1,digitized_paper_calculation,p2_2.jpeg
994,284.0,1.100990099009901,2.2576190476190474,0.015841584158415842,0.000952380952380949,fig2b,nm_at_100GHz,BCB_thickness_um,1,digitized_paper_calculation,p2_2.jpeg
995,284.5,1.108910891089109,2.2575,0.015841584158415842,0.0010714285714285676,fig2b,nm_at_100GHz,BCB_thickness_um,1,digitized_paper_calculation,p2_2.jpeg
996,285.5,1.116831683168317,2.2572619047619047,0.015841584158415842,0.0010714285714285676,fig2b,nm_at_100GHz,BCB_thickness_um,1,digitized_paper_calculation,p2_2.jpeg
997,286.0,1.1247524752475249,2.257142857142857,0.015841584158415842,0.000952380952380949,fig2b,nm_at_100GHz,BCB_thickness_um,1,digitized_paper_calculation,p2_2.jpeg
998,286.5,1.1326732673267326,2.2570238095238095,0.015841584158415842,0.0010714285714285676,fig2b,nm_at_100GHz,BCB_thickness_um,1,digitized_paper_calculation,p2_2.jpeg
999,287.5,1.1405940594059405,2.2567857142857144,0.015841584158415842,0.0010714285714285676,fig2b,nm_at_100GHz,BCB_thickness_um,1,digitized_paper_calculation,p2_2.jpeg
1000,288.5,1.1485148514851484,2.256547619047619,0.015841584158415842,0.0010714285714285676,fig2b,nm_at_100GHz,BCB_thickness_um,1,digitized_paper_calculation,p2_2.jpeg
1001,288.5,1.1564356435643564,2.256547619047619,0.015841584158415842,0.0010714285714285676,fig2b,nm_at_100GHz,BCB_thickness_um,1,digitized_paper_calculation,p2_2.jpeg
1002,289.5,1.1643564356435643,2.2563095238095237,0.015841584158415842,0.0010714285714285676,fig2b,nm_at_100GHz,BCB_thickness_um,1,digitized_paper_calculation,p2_2.jpeg
1003,290.5,1.1722772277227722,2.2560714285714285,0.015841584158415842,0.0010714285714285676,fig2b,nm_at_100GHz,BCB_thickness_um,1,digitized_paper_calculation,p2_2.jpeg
1004,291.0,1.1801980198019801,2.255952380952381,0.015841584158415842,0.000952380952380949,fig2b,nm_at_100GHz,BCB_thickness_um,1,digitized_paper_calculation,p2_2.jpeg
1005,292.0,1.188118811881188,2.255714285714286,0.015841584158415842,0.000952380952380949,fig2b,nm_at_100GHz,BCB_thickness_um,1,digitized_paper_calculation,p2_2.jpeg
1006,292.5,1.196039603960396,2.255595238095238,0.015841584158415842,0.0010714285714285676,fig2b,nm_at_100GHz,BCB_thickness_um,1,digitized_paper_calculation,p2_2.jpeg
1007,293.0,1.203960396039604,2.2554761904761906,0.015841584158415842,0.000952380952380949,fig2b,nm_at_100GHz,BCB_thickness_um,1,digitized_paper_calculation,p2_2.jpeg
1008,294.0,1.2118811881188118,2.255238095238095,0.015841584158415842,0.000952380952380949,fig2b,nm_at_100GHz,BCB_thickness_um,1,digitized_paper_calculation,p2_2.jpeg
1009,294.5,1.2198019801980198,2.2551190476190475,0.015841584158415842,0.0010714285714285676,fig2b,nm_at_100GHz,BCB_thickness_um,1,digitized_paper_calculation,p2_2.jpeg
1010,295.5,1.2277227722772277,2.2548809523809523,0.015841584158415842,0.0010714285714285676,fig2b,nm_at_100GHz,BCB_thickness_um,1,digitized_paper_calculation,p2_2.jpeg
1011,296.0,1.2356435643564356,2.2547619047619047,0.015841584158415842,0.000952380952380949,fig2b,nm_at_100GHz,BCB_thickness_um,1,digitized_paper_calculation,p2_2.jpeg
1012,296.5,1.2435643564356436,2.254642857142857,0.015841584158415842,0.0010714285714285676,fig2b,nm_at_100GHz,BCB_thickness_um,1,digitized_paper_calculation,p2_2.jpeg
1013,297.5,1.2514851485148515,2.254404761904762,0.015841584158415842,0.0010714285714285676,fig2b,nm_at_100GHz,BCB_thickness_um,1,digitized_paper_calculation,p2_2.jpeg
1014,298.0,1.2594059405940594,2.2542857142857144,0.015841584158415842,0.000952380952380949,fig2b,nm_at_100GHz,BCB_thickness_um,1,digitized_paper_calculation,p2_2.jpeg
1015,298.5,1.2673267326732673,2.2541666666666664,0.015841584158415842,0.0010714285714285676,fig2b,nm_at_100GHz,BCB_thickness_um,1,digitized_paper_calculation,p2_2.jpeg
1016,299.0,1.2752475247524753,2.254047619047619,0.015841584158415842,0.000952380952380949,fig2b,nm_at_100GHz,BCB_thickness_um,1,digitized_paper_calculation,p2_2.jpeg
1017,300.0,1.2831683168316832,2.2538095238095237,0.015841584158415842,0.000952380952380949,fig2b,nm_at_100GHz,BCB_thickness_um,1,digitized_paper_calculation,p2_2.jpeg
1018,300.5,1.2910891089108911,2.253690476190476,0.015841584158415842,0.0010714285714285676,fig2b,nm_at_100GHz,BCB_thickness_um,1,digitized_paper_calculation,p2_2.jpeg
1019,301.5,1.299009900990099,2.253452380952381,0.015841584158415842,0.0010714285714285676,fig2b,nm_at_100GHz,BCB_thickness_um,1,digitized_paper_calculation,p2_2.jpeg
1020,302.0,1.306930693069307,2.2533333333333334,0.015841584158415842,0.000952380952380949,fig2b,nm_at_100GHz,BCB_thickness_um,1,digitized_paper_calculation,p2_2.jpeg
1021,303.0,1.314851485148515,2.2530952380952383,0.015841584158415842,0.000952380952380949,fig2b,nm_at_100GHz,BCB_thickness_um,1,digitized_paper_calculation,p2_2.jpeg
1022,303.5,1.3227722772277228,2.2529761904761907,0.015841584158415842,0.0010714285714285676,fig2b,nm_at_100GHz,BCB_thickness_um,1,digitized_paper_calculation,p2_2.jpeg
1023,304.0,1.3306930693069308,2.2528571428571427,0.015841584158415842,0.000952380952380949,fig2b,nm_at_100GHz,BCB_thickness_um,1,digitized_paper_calculation,p2_2.jpeg
1024,304.5,1.3386138613861387,2.252738095238095,0.015841584158415842,0.0010714285714285676,fig2b,nm_at_100GHz,BCB_thickness_um,1,digitized_paper_calculation,p2_2.jpeg
1025,305.0,1.3465346534653466,2.2526190476190475,0.015841584158415842,0.000952380952380949,fig2b,nm_at_100GHz,BCB_thickness_um,1,digitized_paper_calculation,p2_2.jpeg
1026,306.0,1.3544554455445545,2.2523809523809524,0.015841584158415842,0.000952380952380949,fig2b,nm_at_100GHz,BCB_thickness_um,1,digitized_paper_calculation,p2_2.jpeg
1027,307.0,1.3623762376237625,2.2521428571428572,0.015841584158415842,0.000952380952380949,fig2b,nm_at_100GHz,BCB_thickness_um,1,digitized_paper_calculation,p2_2.jpeg
1028,307.5,1.3702970297029704,2.2520238095238096,0.015841584158415842,0.0010714285714285676,fig2b,nm_at_100GHz,BCB_thickness_um,1,digitized_paper_calculation,p2_2.jpeg
1029,308.0,1.378217821782178,2.251904761904762,0.015841584158415842,0.000952380952380949,fig2b,nm_at_100GHz,BCB_thickness_um,1,digitized_paper_calculation,p2_2.jpeg
1030,309.0,1.386138613861386,2.2516666666666665,0.015841584158415842,0.000952380952380949,fig2b,nm_at_100GHz,BCB_thickness_um,1,digitized_paper_calculation,p2_2.jpeg
1060,327.0,1.6237623762376239,2.2473809523809525,0.015841584158415842,0.000952380952380949,fig2b,nm_at_100GHz,BCB_thickness_um,1,digitized_paper_calculation,p2_2.jpeg
1061,328.0,1.6316831683168316,2.2471428571428573,0.015841584158415842,0.000952380952380949,fig2b,nm_at_100GHz,BCB_thickness_um,1,digitized_paper_calculation,p2_2.jpeg
1062,328.5,1.6396039603960395,2.2470238095238093,0.015841584158415842,0.0010714285714285676,fig2b,nm_at_100GHz,BCB_thickness_um,1,digitized_paper_calculation,p2_2.jpeg
1063,329.0,1.6475247524752474,2.2469047619047617,0.015841584158415842,0.000952380952380949,fig2b,nm_at_100GHz,BCB_thickness_um,1,digitized_paper_calculation,p2_2.jpeg
1064,330.0,1.6554455445544554,2.2466666666666666,0.015841584158415842,0.000952380952380949,fig2b,nm_at_100GHz,BCB_thickness_um,1,digitized_paper_calculation,p2_2.jpeg
1065,330.0,1.6633663366336633,2.2466666666666666,0.015841584158415842,0.000952380952380949,fig2b,nm_at_100GHz,BCB_thickness_um,1,digitized_paper_calculation,p2_2.jpeg
1066,330.5,1.6712871287128712,2.246547619047619,0.015841584158415842,0.0010714285714285676,fig2b,nm_at_100GHz,BCB_thickness_um,1,digitized_paper_calculation,p2_2.jpeg
1067,331.0,1.6792079207920791,2.2464285714285714,0.015841584158415842,0.000952380952380949,fig2b,nm_at_100GHz,BCB_thickness_um,1,digitized_paper_calculation,p2_2.jpeg
1068,332.0,1.687128712871287,2.2461904761904763,0.015841584158415842,0.000952380952380949,fig2b,nm_at_100GHz,BCB_thickness_um,1,digitized_paper_calculation,p2_2.jpeg
1069,332.0,1.695049504950495,2.2461904761904763,0.015841584158415842,0.000952380952380949,fig2b,nm_at_100GHz,BCB_thickness_um,1,digitized_paper_calculation,p2_2.jpeg
1070,333.0,1.702970297029703,2.245952380952381,0.015841584158415842,0.000952380952380949,fig2b,nm_at_100GHz,BCB_thickness_um,1,digitized_paper_calculation,p2_2.jpeg
1071,333.0,1.7108910891089109,2.245952380952381,0.015841584158415842,0.000952380952380949,fig2b,nm_at_100GHz,BCB_thickness_um,1,digitized_paper_calculation,p2_2.jpeg
1072,334.0,1.7188118811881188,2.2457142857142856,0.015841584158415842,0.000952380952380949,fig2b,nm_at_100GHz,BCB_thickness_um,1,digitized_paper_calculation,p2_2.jpeg
1073,334.5,1.7267326732673267,2.245595238095238,0.015841584158415842,0.0010714285714285676,fig2b,nm_at_100GHz,BCB_thickness_um,1,digitized_paper_calculation,p2_2.jpeg
1074,335.0,1.7346534653465346,2.2454761904761904,0.015841584158415842,0.000952380952380949,fig2b,nm_at_100GHz,BCB_thickness_um,1,digitized_paper_calculation,p2_2.jpeg
1075,336.0,1.7425742574257426,2.2452380952380953,0.015841584158415842,0.000952380952380949,fig2b,nm_at_100GHz,BCB_thickness_um,1,digitized_paper_calculation,p2_2.jpeg
1076,336.5,1.7504950495049505,2.2451190476190477,0.015841584158415842,0.0010714285714285676,fig2b,nm_at_100GHz,BCB_thickness_um,1,digitized_paper_calculation,p2_2.jpeg
1077,337.0,1.7584158415841584,2.245,0.015841584158415842,0.000952380952380949,fig2b,nm_at_100GHz,BCB_thickness_um,1,digitized_paper_calculation,p2_2.jpeg
1078,337.5,1.7663366336633664,2.2448809523809525,0.015841584158415842,0.0010714285714285676,fig2b,nm_at_100GHz,BCB_thickness_um,1,digitized_paper_calculation,p2_2.jpeg
1079,338.0,1.7742574257425743,2.244761904761905,0.015841584158415842,0.000952380952380949,fig2b,nm_at_100GHz,BCB_thickness_um,1,digitized_paper_calculation,p2_2.jpeg
1080,339.0,1.7821782178217822,2.2445238095238094,0.015841584158415842,0.000952380952380949,fig2b,nm_at_100GHz,BCB_thickness_um,1,digitized_paper_calculation,p2_2.jpeg
1081,339.0,1.7900990099009901,2.2445238095238094,0.015841584158415842,0.000952380952380949,fig2b,nm_at_100GHz,BCB_thickness_um,1,digitized_paper_calculation,p2_2.jpeg
1082,340.0,1.798019801980198,2.244285714285714,0.015841584158415842,0.000952380952380949,fig2b,nm_at_100GHz,BCB_thickness_um,1,digitized_paper_calculation,p2_2.jpeg
1083,340.0,1.805940594059406,2.244285714285714,0.015841584158415842,0.000952380952380949,fig2b,nm_at_100GHz,BCB_thickness_um,1,digitized_paper_calculation,p2_2.jpeg
1084,341.0,1.813861386138614,2.244047619047619,0.015841584158415842,0.000952380952380949,fig2b,nm_at_100GHz,BCB_thickness_um,1,digitized_paper_calculation,p2_2.jpeg
1085,341.0,1.8217821782178218,2.244047619047619,0.015841584158415842,0.000952380952380949,fig2b,nm_at_100GHz,BCB_thickness_um,1,digitized_paper_calculation,p2_2.jpeg
1086,342.0,1.8297029702970298,2.243809523809524,0.015841584158415842,0.000952380952380949,fig2b,nm_at_100GHz,BCB_thickness_um,1,digitized_paper_calculation,p2_2.jpeg
1087,342.0,1.8376237623762377,2.243809523809524,0.015841584158415842,0.000952380952380949,fig2b,nm_at_100GHz,BCB_thickness_um,1,digitized_paper_calculation,p2_2.jpeg
1088,343.0,1.8455445544554456,2.2435714285714288,0.015841584158415842,0.000952380952380949,fig2b,nm_at_100GHz,BCB_thickness_um,1,digitized_paper_calculation,p2_2.jpeg
1089,343.0,1.8534653465346536,2.2435714285714288,0.015841584158415842,0.000952380952380949,fig2b,nm_at_100GHz,BCB_thickness_um,1,digitized_paper_calculation,p2_2.jpeg
1090,344.0,1.8613861386138615,2.243333333333333,0.015841584158415842,0.000952380952380949,fig2b,nm_at_100GHz,BCB_thickness_um,1,digitized_paper_calculation,p2_2.jpeg
1091,344.0,1.8693069306930694,2.243333333333333,0.015841584158415842,0.000952380952380949,fig2b,nm_at_100GHz,BCB_thickness_um,1,digitized_paper_calculation,p2_2.jpeg
1092,345.0,1.8772277227722771,2.243095238095238,0.015841584158415842,0.000952380952380949,fig2b,nm_at_100GHz,BCB_thickness_um,1,digitized_paper_calculation,p2_2.jpeg
1093,345.0,1.885148514851485,2.243095238095238,0.015841584158415842,0.000952380952380949,fig2b,nm_at_100GHz,BCB_thickness_um,1,digitized_paper_calculation,p2_2.jpeg
1094,346.0,1.893069306930693,2.242857142857143,0.015841584158415842,0.000952380952380949,fig2b,nm_at_100GHz,BCB_thickness_um,1,digitized_paper_calculation,p2_2.jpeg
1095,346.0,1.900990099009901,2.242857142857143,0.015841584158415842,0.000952380952380949,fig2b,nm_at_100GHz,BCB_thickness_um,1,digitized_paper_calculation,p2_2.jpeg
1096,347.0,1.9089108910891088,2.2426190476190477,0.015841584158415842,0.000952380952380949,fig2b,nm_at_100GHz,BCB_thickness_um,1,digitized_paper_calculation,p2_2.jpeg
1097,347.0,1.9168316831683168,2.2426190476190477,0.015841584158415842,0.000952380952380949,fig2b,nm_at_100GHz,BCB_thickness_um,1,digitized_paper_calculation,p2_2.jpeg
1098,348.0,1.9247524752475247,2.2423809523809526,0.015841584158415842,0.000952380952380949,fig2b,nm_at_100GHz,BCB_thickness_um,1,digitized_paper_calculation,p2_2.jpeg
1099,348.0,1.9326732673267326,2.2423809523809526,0.015841584158415842,0.000952380952380949,fig2b,nm_at_100GHz,BCB_thickness_um,1,digitized_paper_calculation,p2_2.jpeg
1100,349.0,1.9405940594059405,2.242142857142857,0.015841584158415842,0.000952380952380949,fig2b,nm_at_100GHz,BCB_thickness_um,1,digitized_paper_calculation,p2_2.jpeg
1101,349.0,1.9485148514851485,2.242142857142857,0.015841584158415842,0.000952380952380949,fig2b,nm_at_100GHz,BCB_thickness_um,1,digitized_paper_calculation,p2_2.jpeg
1102,350.0,1.9564356435643564,2.241904761904762,0.015841584158415842,0.000952380952380949,fig2b,nm_at_100GHz,BCB_thickness_um,1,digitized_paper_calculation,p2_2.jpeg
1103,350.0,1.9643564356435643,2.241904761904762,0.015841584158415842,0.000952380952380949,fig2b,nm_at_100GHz,BCB_thickness_um,1,digitized_paper_calculation,p2_2.jpeg
1104,351.0,1.9722772277227723,2.2416666666666667,0.015841584158415842,0.000952380952380949,fig2b,nm_at_100GHz,BCB_thickness_um,1,digitized_paper_calculation,p2_2.jpeg
1105,351.0,1.9801980198019802,2.2416666666666667,0.015841584158415842,0.000952380952380949,fig2b,nm_at_100GHz,BCB_thickness_um,1,digitized_paper_calculation,p2_2.jpeg
1106,352.0,1.988118811881188,2.2414285714285715,0.015841584158415842,0.000952380952380949,fig2b,nm_at_100GHz,BCB_thickness_um,1,digitized_paper_calculation,p2_2.jpeg
1107,352.0,1.996039603960396,2.2414285714285715,0.015841584158415842,0.000952380952380949,fig2b,nm_at_100GHz,BCB_thickness_um,1,digitized_paper_calculation,p2_2.jpeg
1108,353.0,2.003960396039604,2.2411904761904764,0.015841584158415842,0.000952380952380949,fig2b,nm_at_100GHz,BCB_thickness_um,1,digitized_paper_calculation,p2_2.jpeg
1109,353.0,2.011881188118812,2.2411904761904764,0.015841584158415842,0.000952380952380949,fig2b,nm_at_100GHz,BCB_thickness_um,1,digitized_paper_calculation,p2_2.jpeg
1110,354.0,2.01980198019802,2.240952380952381,0.015841584158415842,0.000952380952380949,fig2b,nm_at_100GHz,BCB_thickness_um,1,digitized_paper_calculation,p2_2.jpeg
1111,354.0,2.0277227722772277,2.240952380952381,0.015841584158415842,0.000952380952380949,fig2b,nm_at_100GHz,BCB_thickness_um,1,digitized_paper_calculation,p2_2.jpeg
1112,355.0,2.0356435643564357,2.2407142857142857,0.015841584158415842,0.000952380952380949,fig2b,nm_at_100GHz,BCB_thickness_um,1,digitized_paper_calculation,p2_2.jpeg
1113,355.0,2.0435643564356436,2.2407142857142857,0.015841584158415842,0.000952380952380949,fig2b,nm_at_100GHz,BCB_thickness_um,1,digitized_paper_calculation,p2_2.jpeg
1114,356.0,2.0514851485148515,2.2404761904761905,0.015841584158415842,0.000952380952380949,fig2b,nm_at_100GHz,BCB_thickness_um,1,digitized_paper_calculation,p2_2.jpeg
1115,356.0,2.0594059405940595,2.2404761904761905,0.015841584158415842,0.000952380952380949,fig2b,nm_at_100GHz,BCB_thickness_um,1,digitized_paper_calculation,p2_2.jpeg
1116,357.0,2.0673267326732674,2.2402380952380954,0.015841584158415842,0.000952380952380949,fig2b,nm_at_100GHz,BCB_thickness_um,1,digitized_paper_calculation,p2_2.jpeg
1117,357.0,2.0752475247524753,2.2402380952380954,0.015841584158415842,0.000952380952380949,fig2b,nm_at_100GHz,BCB_thickness_um,1,digitized_paper_calculation,p2_2.jpeg
1118,358.0,2.0831683168316832,2.24,0.015841584158415842,0.000952380952380949,fig2b,nm_at_100GHz,BCB_thickness_um,1,digitized_paper_calculation,p2_2.jpeg
1119,358.0,2.091089108910891,2.24,0.015841584158415842,0.000952380952380949,fig2b,nm_at_100GHz,BCB_thickness_um,1,digitized_paper_calculation,p2_2.jpeg
1120,359.0,2.099009900990099,2.2397619047619046,0.015841584158415842,0.000952380952380949,fig2b,nm_at_100GHz,BCB_thickness_um,1,digitized_paper_calculation,p2_2.jpeg
1121,359.0,2.106930693069307,2.2397619047619046,0.015841584158415842,0.000952380952380949,fig2b,nm_at_100GHz,BCB_thickness_um,1,digitized_paper_calculation,p2_2.jpeg
1122,360.0,2.114851485148515,2.2395238095238095,0.015841584158415842,0.000952380952380949,fig2b,nm_at_100GHz,BCB_thickness_um,1,digitized_paper_calculation,p2_2.jpeg
1123,360.0,2.122772277227723,2.2395238095238095,0.015841584158415842,0.000952380952380949,fig2b,nm_at_100GHz,BCB_thickness_um,1,digitized_paper_calculation,p2_2.jpeg
1124,361.0,2.130693069306931,2.2392857142857143,0.015841584158415842,0.000952380952380949,fig2b,nm_at_100GHz,BCB_thickness_um,1,digitized_paper_calculation,p2_2.jpeg
1125,361.0,2.1386138613861387,2.2392857142857143,0.015841584158415842,0.000952380952380949,fig2b,nm_at_100GHz,BCB_thickness_um,1,digitized_paper_calculation,p2_2.jpeg
1126,361.0,2.1465346534653467,2.2392857142857143,0.015841584158415842,0.000952380952380949,fig2b,nm_at_100GHz,BCB_thickness_um,1,digitized_paper_calculation,p2_2.jpeg
1127,362.0,2.1544554455445546,2.239047619047619,0.015841584158415842,0.000952380952380949,fig2b,nm_at_100GHz,BCB_thickness_um,1,digitized_paper_calculation,p2_2.jpeg
1128,362.0,2.1623762376237625,2.239047619047619,0.015841584158415842,0.000952380952380949,fig2b,nm_at_100GHz,BCB_thickness_um,1,digitized_paper_calculation,p2_2.jpeg
1129,363.0,2.1702970297029704,2.238809523809524,0.015841584158415842,0.000952380952380949,fig2b,nm_at_100GHz,BCB_thickness_um,1,digitized_paper_calculation,p2_2.jpeg
1130,363.0,2.1782178217821784,2.238809523809524,0.015841584158415842,0.000952380952380949,fig2b,nm_at_100GHz,BCB_thickness_um,1,digitized_paper_calculation,p2_2.jpeg
1131,364.0,2.1861386138613863,2.2385714285714284,0.015841584158415842,0.000952380952380949,fig2b,nm_at_100GHz,BCB_thickness_um,1,digitized_paper_calculation,p2_2.jpeg
1132,364.0,2.1940594059405942,2.2385714285714284,0.015841584158415842,0.000952380952380949,fig2b,nm_at_100GHz,BCB_thickness_um,1,digitized_paper_calculation,p2_2.jpeg
1133,365.0,2.201980198019802,2.2383333333333333,0.015841584158415842,0.000952380952380949,fig2b,nm_at_100GHz,BCB_thickness_um,1,digitized_paper_calculation,p2_2.jpeg
1134,365.0,2.20990099009901,2.2383333333333333,0.015841584158415842,0.000952380952380949,fig2b,nm_at_100GHz,BCB_thickness_um,1,digitized_paper_calculation,p2_2.jpeg
1135,365.5,2.217821782178218,2.2382142857142857,0.015841584158415842,0.0008333333333333304,fig2b,nm_at_100GHz,BCB_thickness_um,1,digitized_paper_calculation,p2_2.jpeg
1136,366.0,2.225742574257426,2.238095238095238,0.015841584158415842,0.000952380952380949,fig2b,nm_at_100GHz,BCB_thickness_um,1,digitized_paper_calculation,p2_2.jpeg
1137,366.5,2.233663366336634,2.2379761904761906,0.015841584158415842,0.0010714285714285676,fig2b,nm_at_100GHz,BCB_thickness_um,1,digitized_paper_calculation,p2_2.jpeg
1138,367.0,2.241584158415842,2.237857142857143,0.015841584158415842,0.000952380952380949,fig2b,nm_at_100GHz,BCB_thickness_um,1,digitized_paper_calculation,p2_2.jpeg
1139,367.0,2.2495049504950497,2.237857142857143,0.015841584158415842,0.000952380952380949,fig2b,nm_at_100GHz,BCB_thickness_um,1,digitized_paper_calculation,p2_2.jpeg
1140,368.0,2.257425742574257,2.237619047619048,0.015841584158415842,0.000952380952380949,fig2b,nm_at_100GHz,BCB_thickness_um,1,digitized_paper_calculation,p2_2.jpeg
1141,368.0,2.265346534653465,2.237619047619048,0.015841584158415842,0.000952380952380949,fig2b,nm_at_100GHz,BCB_thickness_um,1,digitized_paper_calculation,p2_2.jpeg
1142,369.0,2.273267326732673,2.2373809523809522,0.015841584158415842,0.000952380952380949,fig2b,nm_at_100GHz,BCB_thickness_um,1,digitized_paper_calculation,p2_2.jpeg
1143,369.0,2.281188118811881,2.2373809523809522,0.015841584158415842,0.000952380952380949,fig2b,nm_at_100GHz,BCB_thickness_um,1,digitized_paper_calculation,p2_2.jpeg
1144,370.0,2.289108910891089,2.237142857142857,0.015841584158415842,0.000952380952380949,fig2b,nm_at_100GHz,BCB_thickness_um,1,digitized_paper_calculation,p2_2.jpeg
1145,370.0,2.297029702970297,2.237142857142857,0.015841584158415842,0.000952380952380949,fig2b,nm_at_100GHz,BCB_thickness_um,1,digitized_paper_calculation,p2_2.jpeg
1146,370.0,2.3049504950495048,2.237142857142857,0.015841584158415842,0.000952380952380949,fig2b,nm_at_100GHz,BCB_thickness_um,1,digitized_paper_calculation,p2_2.jpeg
1147,371.0,2.3128712871287127,2.236904761904762,0.015841584158415842,0.000952380952380949,fig2b,nm_at_100GHz,BCB_thickness_um,1,digitized_paper_calculation,p2_2.jpeg
1148,371.0,2.3207920792079206,2.236904761904762,0.015841584158415842,0.000952380952380949,fig2b,nm_at_100GHz,BCB_thickness_um,1,digitized_paper_calculation,p2_2.jpeg
1149,372.0,2.3287128712871286,2.236666666666667,0.015841584158415842,0.000952380952380949,fig2b,nm_at_100GHz,BCB_thickness_um,1,digitized_paper_calculation,p2_2.jpeg
1150,372.0,2.3366336633663365,2.236666666666667,0.015841584158415842,0.000952380952380949,fig2b,nm_at_100GHz,BCB_thickness_um,1,digitized_paper_calculation,p2_2.jpeg
1151,372.5,2.3445544554455444,2.2365476190476192,0.015841584158415842,0.0008333333333333304,fig2b,nm_at_100GHz,BCB_thickness_um,1,digitized_paper_calculation,p2_2.jpeg
1152,373.0,2.3524752475247523,2.2364285714285717,0.015841584158415842,0.000952380952380949,fig2b,nm_at_100GHz,BCB_thickness_um,1,digitized_paper_calculation,p2_2.jpeg
1153,373.0,2.3603960396039603,2.2364285714285717,0.015841584158415842,0.000952380952380949,fig2b,nm_at_100GHz,BCB_thickness_um,1,digitized_paper_calculation,p2_2.jpeg
1154,374.0,2.368316831683168,2.236190476190476,0.015841584158415842,0.000952380952380949,fig2b,nm_at_100GHz,BCB_thickness_um,1,digitized_paper_calculation,p2_2.jpeg
1155,374.0,2.376237623762376,2.236190476190476,0.015841584158415842,0.000952380952380949,fig2b,nm_at_100GHz,BCB_thickness_um,1,digitized_paper_calculation,p2_2.jpeg
1156,375.0,2.384158415841584,2.235952380952381,0.015841584158415842,0.000952380952380949,fig2b,nm_at_100GHz,BCB_thickness_um,1,digitized_paper_calculation,p2_2.jpeg
1157,375.0,2.392079207920792,2.235952380952381,0.015841584158415842,0.000952380952380949,fig2b,nm_at_100GHz,BCB_thickness_um,1,digitized_paper_calculation,p2_2.jpeg
1158,375.0,2.4,2.235952380952381,0.015841584158415842,0.000952380952380949,fig2b,nm_at_100GHz,BCB_thickness_um,1,digitized_paper_calculation,p2_2.jpeg
1159,376.0,2.407920792079208,2.2357142857142858,0.015841584158415842,0.000952380952380949,fig2b,nm_at_100GHz,BCB_thickness_um,1,digitized_paper_calculation,p2_2.jpeg
1160,376.0,2.4158415841584158,2.2357142857142858,0.015841584158415842,0.000952380952380949,fig2b,nm_at_100GHz,BCB_thickness_um,1,digitized_paper_calculation,p2_2.jpeg
1161,376.5,2.4237623762376237,2.235595238095238,0.015841584158415842,0.0010714285714285676,fig2b,nm_at_100GHz,BCB_thickness_um,1,digitized_paper_calculation,p2_2.jpeg
1162,377.0,2.4316831683168316,2.2354761904761906,0.015841584158415842,0.000952380952380949,fig2b,nm_at_100GHz,BCB_thickness_um,1,digitized_paper_calculation,p2_2.jpeg
1163,377.5,2.4396039603960396,2.235357142857143,0.015841584158415842,0.0008333333333333304,fig2b,nm_at_100GHz,BCB_thickness_um,1,digitized_paper_calculation,p2_2.jpeg
1164,378.0,2.4475247524752475,2.2352380952380955,0.015841584158415842,0.000952380952380949,fig2b,nm_at_100GHz,BCB_thickness_um,1,digitized_paper_calculation,p2_2.jpeg
1245,406.0,3.089108910891089,2.2285714285714286,0.015841584158415842,0.000952380952380949,fig2b,nm_at_100GHz,BCB_thickness_um,1,digitized_paper_calculation,p2_2.jpeg
1246,406.5,3.097029702970297,2.228452380952381,0.015841584158415842,0.0008333333333333304,fig2b,nm_at_100GHz,BCB_thickness_um,1,digitized_paper_calculation,p2_2.jpeg
1247,407.0,3.104950495049505,2.2283333333333335,0.015841584158415842,0.000952380952380949,fig2b,nm_at_100GHz,BCB_thickness_um,1,digitized_paper_calculation,p2_2.jpeg
1248,407.0,3.112871287128713,2.2283333333333335,0.015841584158415842,0.000952380952380949,fig2b,nm_at_100GHz,BCB_thickness_um,1,digitized_paper_calculation,p2_2.jpeg
1249,407.5,3.120792079207921,2.228214285714286,0.015841584158415842,0.0008333333333333304,fig2b,nm_at_100GHz,BCB_thickness_um,1,digitized_paper_calculation,p2_2.jpeg
1250,408.0,3.128712871287129,2.2280952380952384,0.015841584158415842,0.000952380952380949,fig2b,nm_at_100GHz,BCB_thickness_um,1,digitized_paper_calculation,p2_2.jpeg
1251,408.0,3.1366336633663368,2.2280952380952384,0.015841584158415842,0.000952380952380949,fig2b,nm_at_100GHz,BCB_thickness_um,1,digitized_paper_calculation,p2_2.jpeg
1252,408.0,3.1445544554455447,2.2280952380952384,0.015841584158415842,0.000952380952380949,fig2b,nm_at_100GHz,BCB_thickness_um,1,digitized_paper_calculation,p2_2.jpeg
1253,408.5,3.1524752475247526,2.2279761904761903,0.015841584158415842,0.0008333333333333304,fig2b,nm_at_100GHz,BCB_thickness_um,1,digitized_paper_calculation,p2_2.jpeg
1254,409.0,3.1603960396039605,2.2278571428571428,0.015841584158415842,0.000952380952380949,fig2b,nm_at_100GHz,BCB_thickness_um,1,digitized_paper_calculation,p2_2.jpeg
1255,409.0,3.1683168316831685,2.2278571428571428,0.015841584158415842,0.000952380952380949,fig2b,nm_at_100GHz,BCB_thickness_um,1,digitized_paper_calculation,p2_2.jpeg
1256,409.5,3.1762376237623764,2.227738095238095,0.015841584158415842,0.0008333333333333304,fig2b,nm_at_100GHz,BCB_thickness_um,1,digitized_paper_calculation,p2_2.jpeg
1257,410.0,3.1841584158415843,2.2276190476190476,0.015841584158415842,0.000952380952380949,fig2b,nm_at_100GHz,BCB_thickness_um,1,digitized_paper_calculation,p2_2.jpeg
1258,410.0,3.1920792079207922,2.2276190476190476,0.015841584158415842,0.000952380952380949,fig2b,nm_at_100GHz,BCB_thickness_um,1,digitized_paper_calculation,p2_2.jpeg
1259,410.0,3.2,2.2276190476190476,0.015841584158415842,0.000952380952380949,fig2b,nm_at_100GHz,BCB_thickness_um,1,digitized_paper_calculation,p2_2.jpeg
1260,410.5,3.207920792079208,2.2275,0.015841584158415842,0.0008333333333333304,fig2b,nm_at_100GHz,BCB_thickness_um,1,digitized_paper_calculation,p2_2.jpeg
1261,411.0,3.215841584158416,2.2273809523809525,0.015841584158415842,0.000952380952380949,fig2b,nm_at_100GHz,BCB_thickness_um,1,digitized_paper_calculation,p2_2.jpeg
1262,411.0,3.223762376237624,2.2273809523809525,0.015841584158415842,0.000952380952380949,fig2b,nm_at_100GHz,BCB_thickness_um,1,digitized_paper_calculation,p2_2.jpeg
1263,411.5,3.231683168316832,2.227261904761905,0.015841584158415842,0.0008333333333333304,fig2b,nm_at_100GHz,BCB_thickness_um,1,digitized_paper_calculation,p2_2.jpeg
1264,412.0,3.23960396039604,2.2271428571428573,0.015841584158415842,0.000952380952380949,fig2b,nm_at_100GHz,BCB_thickness_um,1,digitized_paper_calculation,p2_2.jpeg
1265,412.0,3.2475247524752477,2.2271428571428573,0.015841584158415842,0.000952380952380949,fig2b,nm_at_100GHz,BCB_thickness_um,1,digitized_paper_calculation,p2_2.jpeg
1266,412.5,3.2554455445544552,2.2270238095238097,0.015841584158415842,0.0008333333333333304,fig2b,nm_at_100GHz,BCB_thickness_um,1,digitized_paper_calculation,p2_2.jpeg
1267,412.5,3.263366336633663,2.2270238095238097,0.015841584158415842,0.0008333333333333304,fig2b,nm_at_100GHz,BCB_thickness_um,1,digitized_paper_calculation,p2_2.jpeg
1268,413.0,3.271287128712871,2.226904761904762,0.015841584158415842,0.000952380952380949,fig2b,nm_at_100GHz,BCB_thickness_um,1,digitized_paper_calculation,p2_2.jpeg
1269,413.0,3.279207920792079,2.226904761904762,0.015841584158415842,0.000952380952380949,fig2b,nm_at_100GHz,BCB_thickness_um,1,digitized_paper_calculation,p2_2.jpeg
1270,413.5,3.287128712871287,2.2267857142857146,0.015841584158415842,0.0008333333333333304,fig2b,nm_at_100GHz,BCB_thickness_um,1,digitized_paper_calculation,p2_2.jpeg
1271,414.0,3.295049504950495,2.2266666666666666,0.015841584158415842,0.000952380952380949,fig2b,nm_at_100GHz,BCB_thickness_um,1,digitized_paper_calculation,p2_2.jpeg
1272,414.0,3.302970297029703,2.2266666666666666,0.015841584158415842,0.000952380952380949,fig2b,nm_at_100GHz,BCB_thickness_um,1,digitized_paper_calculation,p2_2.jpeg
1273,414.0,3.3108910891089107,2.2266666666666666,0.015841584158415842,0.000952380952380949,fig2b,nm_at_100GHz,BCB_thickness_um,1,digitized_paper_calculation,p2_2.jpeg
1274,414.5,3.3188118811881187,2.226547619047619,0.015841584158415842,0.0008333333333333304,fig2b,nm_at_100GHz,BCB_thickness_um,1,digitized_paper_calculation,p2_2.jpeg
1275,415.0,3.3267326732673266,2.2264285714285714,0.015841584158415842,0.000952380952380949,fig2b,nm_at_100GHz,BCB_thickness_um,1,digitized_paper_calculation,p2_2.jpeg
1276,415.0,3.3346534653465345,2.2264285714285714,0.015841584158415842,0.000952380952380949,fig2b,nm_at_100GHz,BCB_thickness_um,1,digitized_paper_calculation,p2_2.jpeg
1277,415.5,3.3425742574257424,2.226309523809524,0.015841584158415842,0.0008333333333333304,fig2b,nm_at_100GHz,BCB_thickness_um,1,digitized_paper_calculation,p2_2.jpeg
1278,416.0,3.3504950495049504,2.2261904761904763,0.015841584158415842,0.000952380952380949,fig2b,nm_at_100GHz,BCB_thickness_um,1,digitized_paper_calculation,p2_2.jpeg
1279,416.0,3.3584158415841583,2.2261904761904763,0.015841584158415842,0.000952380952380949,fig2b,nm_at_100GHz,BCB_thickness_um,1,digitized_paper_calculation,p2_2.jpeg
1280,416.0,3.366336633663366,2.2261904761904763,0.015841584158415842,0.000952380952380949,fig2b,nm_at_100GHz,BCB_thickness_um,1,digitized_paper_calculation,p2_2.jpeg
1281,416.5,3.374257425742574,2.2260714285714287,0.015841584158415842,0.0008333333333333304,fig2b,nm_at_100GHz,BCB_thickness_um,1,digitized_paper_calculation,p2_2.jpeg
1282,417.0,3.382178217821782,2.225952380952381,0.015841584158415842,0.000952380952380949,fig2b,nm_at_100GHz,BCB_thickness_um,1,digitized_paper_calculation,p2_2.jpeg
1283,417.0,3.39009900990099,2.225952380952381,0.015841584158415842,0.000952380952380949,fig2b,nm_at_100GHz,BCB_thickness_um,1,digitized_paper_calculation,p2_2.jpeg
1284,417.0,3.398019801980198,2.225952380952381,0.015841584158415842,0.000952380952380949,fig2b,nm_at_100GHz,BCB_thickness_um,1,digitized_paper_calculation,p2_2.jpeg
1285,417.5,3.405940594059406,2.2258333333333336,0.015841584158415842,0.0008333333333333304,fig2b,nm_at_100GHz,BCB_thickness_um,1,digitized_paper_calculation,p2_2.jpeg
1286,418.0,3.413861386138614,2.225714285714286,0.015841584158415842,0.000952380952380949,fig2b,nm_at_100GHz,BCB_thickness_um,1,digitized_paper_calculation,p2_2.jpeg
1287,418.0,3.4217821782178217,2.225714285714286,0.015841584158415842,0.000952380952380949,fig2b,nm_at_100GHz,BCB_thickness_um,1,digitized_paper_calculation,p2_2.jpeg
1288,418.5,3.4297029702970296,2.225595238095238,0.015841584158415842,0.0008333333333333304,fig2b,nm_at_100GHz,BCB_thickness_um,1,digitized_paper_calculation,p2_2.jpeg
1289,418.5,3.4376237623762376,2.225595238095238,0.015841584158415842,0.0008333333333333304,fig2b,nm_at_100GHz,BCB_thickness_um,1,digitized_paper_calculation,p2_2.jpeg
1290,419.0,3.4455445544554455,2.2254761904761904,0.015841584158415842,0.000952380952380949,fig2b,nm_at_100GHz,BCB_thickness_um,1,digitized_paper_calculation,p2_2.jpeg
1291,419.0,3.4534653465346534,2.2254761904761904,0.015841584158415842,0.000952380952380949,fig2b,nm_at_100GHz,BCB_thickness_um,1,digitized_paper_calculation,p2_2.jpeg
1292,419.5,3.4613861386138614,2.225357142857143,0.015841584158415842,0.0008333333333333304,fig2b,nm_at_100GHz,BCB_thickness_um,1,digitized_paper_calculation,p2_2.jpeg
1293,419.5,3.4693069306930693,2.225357142857143,0.015841584158415842,0.0008333333333333304,fig2b,nm_at_100GHz,BCB_thickness_um,1,digitized_paper_calculation,p2_2.jpeg
1294,420.0,3.477227722772277,2.2252380952380952,0.015841584158415842,0.000952380952380949,fig2b,nm_at_100GHz,BCB_thickness_um,1,digitized_paper_calculation,p2_2.jpeg
1295,420.0,3.485148514851485,2.2252380952380952,0.015841584158415842,0.000952380952380949,fig2b,nm_at_100GHz,BCB_thickness_um,1,digitized_paper_calculation,p2_2.jpeg
1296,420.5,3.493069306930693,2.2251190476190477,0.015841584158415842,0.0008333333333333304,fig2b,nm_at_100GHz,BCB_thickness_um,1,digitized_paper_calculation,p2_2.jpeg
1297,420.5,3.500990099009901,2.2251190476190477,0.015841584158415842,0.0008333333333333304,fig2b,nm_at_100GHz,BCB_thickness_um,1,digitized_paper_calculation,p2_2.jpeg
1298,421.0,3.508910891089109,2.225,0.015841584158415842,0.000952380952380949,fig2b,nm_at_100GHz,BCB_thickness_um,1,digitized_paper_calculation,p2_2.jpeg
1299,421.0,3.516831683168317,2.225,0.015841584158415842,0.000952380952380949,fig2b,nm_at_100GHz,BCB_thickness_um,1,digitized_paper_calculation,p2_2.jpeg
1300,421.5,3.5247524752475248,2.2248809523809525,0.015841584158415842,0.0008333333333333304,fig2b,nm_at_100GHz,BCB_thickness_um,1,digitized_paper_calculation,p2_2.jpeg
1301,421.5,3.5326732673267327,2.2248809523809525,0.015841584158415842,0.0008333333333333304,fig2b,nm_at_100GHz,BCB_thickness_um,1,digitized_paper_calculation,p2_2.jpeg
1302,422.0,3.5405940594059406,2.224761904761905,0.015841584158415842,0.000952380952380949,fig2b,nm_at_100GHz,BCB_thickness_um,1,digitized_paper_calculation,p2_2.jpeg
1303,422.0,3.5485148514851486,2.224761904761905,0.015841584158415842,0.000952380952380949,fig2b,nm_at_100GHz,BCB_thickness_um,1,digitized_paper_calculation,p2_2.jpeg
1304,422.5,3.5564356435643565,2.2246428571428574,0.015841584158415842,0.0008333333333333304,fig2b,nm_at_100GHz,BCB_thickness_um,1,digitized_paper_calculation,p2_2.jpeg
1305,422.5,3.5643564356435644,2.2246428571428574,0.015841584158415842,0.0008333333333333304,fig2b,nm_at_100GHz,BCB_thickness_um,1,digitized_paper_calculation,p2_2.jpeg
1306,423.0,3.5722772277227723,2.22452380952381,0.015841584158415842,0.000952380952380949,fig2b,nm_at_100GHz,BCB_thickness_um,1,digitized_paper_calculation,p2_2.jpeg
1307,423.0,3.5801980198019803,2.22452380952381,0.015841584158415842,0.000952380952380949,fig2b,nm_at_100GHz,BCB_thickness_um,1,digitized_paper_calculation,p2_2.jpeg
1308,423.5,3.588118811881188,2.224404761904762,0.015841584158415842,0.0008333333333333304,fig2b,nm_at_100GHz,BCB_thickness_um,1,digitized_paper_calculation,p2_2.jpeg
1309,424.0,3.596039603960396,2.224285714285714,0.015841584158415842,0.000952380952380949,fig2b,nm_at_100GHz,BCB_thickness_um,1,digitized_paper_calculation,p2_2.jpeg
1310,424.0,3.603960396039604,2.224285714285714,0.015841584158415842,0.000952380952380949,fig2b,nm_at_100GHz,BCB_thickness_um,1,digitized_paper_calculation,p2_2.jpeg
1311,424.0,3.611881188118812,2.224285714285714,0.015841584158415842,0.000952380952380949,fig2b,nm_at_100GHz,BCB_thickness_um,1,digitized_paper_calculation,p2_2.jpeg
1312,424.5,3.61980198019802,2.2241666666666666,0.015841584158415842,0.0008333333333333304,fig2b,nm_at_100GHz,BCB_thickness_um,1,digitized_paper_calculation,p2_2.jpeg
1313,424.5,3.627722772277228,2.2241666666666666,0.015841584158415842,0.0008333333333333304,fig2b,nm_at_100GHz,BCB_thickness_um,1,digitized_paper_calculation,p2_2.jpeg
1314,425.0,3.6356435643564358,2.224047619047619,0.015841584158415842,0.000952380952380949,fig2b,nm_at_100GHz,BCB_thickness_um,1,digitized_paper_calculation,p2_2.jpeg
1315,425.0,3.6435643564356437,2.224047619047619,0.015841584158415842,0.000952380952380949,fig2b,nm_at_100GHz,BCB_thickness_um,1,digitized_paper_calculation,p2_2.jpeg
1316,425.0,3.6514851485148516,2.224047619047619,0.015841584158415842,0.000952380952380949,fig2b,nm_at_100GHz,BCB_thickness_um,1,digitized_paper_calculation,p2_2.jpeg
1317,425.5,3.6594059405940595,2.2239285714285715,0.015841584158415842,0.0008333333333333304,fig2b,nm_at_100GHz,BCB_thickness_um,1,digitized_paper_calculation,p2_2.jpeg
1318,426.0,3.6673267326732675,2.223809523809524,0.015841584158415842,0.000952380952380949,fig2b,nm_at_100GHz,BCB_thickness_um,1,digitized_paper_calculation,p2_2.jpeg
1319,426.0,3.6752475247524754,2.223809523809524,0.015841584158415842,0.000952380952380949,fig2b,nm_at_100GHz,BCB_thickness_um,1,digitized_paper_calculation,p2_2.jpeg
1320,426.0,3.6831683168316833,2.223809523809524,0.015841584158415842,0.000952380952380949,fig2b,nm_at_100GHz,BCB_thickness_um,1,digitized_paper_calculation,p2_2.jpeg
1321,426.5,3.6910891089108913,2.2236904761904763,0.015841584158415842,0.0008333333333333304,fig2b,nm_at_100GHz,BCB_thickness_um,1,digitized_paper_calculation,p2_2.jpeg
1322,426.5,3.699009900990099,2.2236904761904763,0.015841584158415842,0.0008333333333333304,fig2b,nm_at_100GHz,BCB_thickness_um,1,digitized_paper_calculation,p2_2.jpeg
1323,427.0,3.706930693069307,2.2235714285714288,0.015841584158415842,0.000952380952380949,fig2b,nm_at_100GHz,BCB_thickness_um,1,digitized_paper_calculation,p2_2.jpeg
1324,427.0,3.714851485148515,2.2235714285714288,0.015841584158415842,0.000952380952380949,fig2b,nm_at_100GHz,BCB_thickness_um,1,digitized_paper_calculation,p2_2.jpeg
1325,427.5,3.722772277227723,2.223452380952381,0.015841584158415842,0.0008333333333333304,fig2b,nm_at_100GHz,BCB_thickness_um,1,digitized_paper_calculation,p2_2.jpeg
1326,427.5,3.730693069306931,2.223452380952381,0.015841584158415842,0.0008333333333333304,fig2b,nm_at_100GHz,BCB_thickness_um,1,digitized_paper_calculation,p2_2.jpeg
1327,428.0,3.738613861386139,2.2233333333333336,0.015841584158415842,0.000952380952380949,fig2b,nm_at_100GHz,BCB_thickness_um,1,digitized_paper_calculation,p2_2.jpeg
1328,428.0,3.7465346534653468,2.2233333333333336,0.015841584158415842,0.000952380952380949,fig2b,nm_at_100GHz,BCB_thickness_um,1,digitized_paper_calculation,p2_2.jpeg
1329,428.0,3.7544554455445542,2.2233333333333336,0.015841584158415842,0.000952380952380949,fig2b,nm_at_100GHz,BCB_thickness_um,1,digitized_paper_calculation,p2_2.jpeg
1330,428.5,3.762376237623762,2.2232142857142856,0.015841584158415842,0.0008333333333333304,fig2b,nm_at_100GHz,BCB_thickness_um,1,digitized_paper_calculation,p2_2.jpeg
1331,428.5,3.77029702970297,2.2232142857142856,0.015841584158415842,0.0008333333333333304,fig2b,nm_at_100GHz,BCB_thickness_um,1,digitized_paper_calculation,p2_2.jpeg
1332,429.0,3.778217821782178,2.223095238095238,0.015841584158415842,0.000952380952380949,fig2b,nm_at_100GHz,BCB_thickness_um,1,digitized_paper_calculation,p2_2.jpeg
1333,429.0,3.786138613861386,2.223095238095238,0.015841584158415842,0.000952380952380949,fig2b,nm_at_100GHz,BCB_thickness_um,1,digitized_paper_calculation,p2_2.jpeg
1334,429.5,3.794059405940594,2.2229761904761904,0.015841584158415842,0.0008333333333333304,fig2b,nm_at_100GHz,BCB_thickness_um,1,digitized_paper_calculation,p2_2.jpeg
1335,429.5,3.801980198019802,2.2229761904761904,0.015841584158415842,0.0008333333333333304,fig2b,nm_at_100GHz,BCB_thickness_um,1,digitized_paper_calculation,p2_2.jpeg
1336,430.0,3.8099009900990097,2.222857142857143,0.015841584158415842,0.000952380952380949,fig2b,nm_at_100GHz,BCB_thickness_um,1,digitized_paper_calculation,p2_2.jpeg
1337,430.0,3.8178217821782177,2.222857142857143,0.015841584158415842,0.000952380952380949,fig2b,nm_at_100GHz,BCB_thickness_um,1,digitized_paper_calculation,p2_2.jpeg
1338,430.0,3.8257425742574256,2.222857142857143,0.015841584158415842,0.000952380952380949,fig2b,nm_at_100GHz,BCB_thickness_um,1,digitized_paper_calculation,p2_2.jpeg
1339,430.5,3.8336633663366335,2.2227380952380953,0.015841584158415842,0.0008333333333333304,fig2b,nm_at_100GHz,BCB_thickness_um,1,digitized_paper_calculation,p2_2.jpeg
1340,430.5,3.8415841584158414,2.2227380952380953,0.015841584158415842,0.0008333333333333304,fig2b,nm_at_100GHz,BCB_thickness_um,1,digitized_paper_calculation,p2_2.jpeg
1341,431.0,3.8495049504950494,2.2226190476190477,0.015841584158415842,0.000952380952380949,fig2b,nm_at_100GHz,BCB_thickness_um,1,digitized_paper_calculation,p2_2.jpeg
1342,431.0,3.8574257425742573,2.2226190476190477,0.015841584158415842,0.000952380952380949,fig2b,nm_at_100GHz,BCB_thickness_um,1,digitized_paper_calculation,p2_2.jpeg
1343,431.0,3.8653465346534652,2.2226190476190477,0.015841584158415842,0.000952380952380949,fig2b,nm_at_100GHz,BCB_thickness_um,1,digitized_paper_calculation,p2_2.jpeg
1344,431.5,3.873267326732673,2.2225,0.015841584158415842,0.0008333333333333304,fig2b,nm_at_100GHz,BCB_thickness_um,1,digitized_paper_calculation,p2_2.jpeg
1345,431.5,3.881188118811881,2.2225,0.015841584158415842,0.0008333333333333304,fig2b,nm_at_100GHz,BCB_thickness_um,1,digitized_paper_calculation,p2_2.jpeg
1346,432.0,3.889108910891089,2.2223809523809526,0.015841584158415842,0.000952380952380949,fig2b,nm_at_100GHz,BCB_thickness_um,1,digitized_paper_calculation,p2_2.jpeg
1347,432.0,3.897029702970297,2.2223809523809526,0.015841584158415842,0.000952380952380949,fig2b,nm_at_100GHz,BCB_thickness_um,1,digitized_paper_calculation,p2_2.jpeg
1348,432.0,3.904950495049505,2.2223809523809526,0.015841584158415842,0.000952380952380949,fig2b,nm_at_100GHz,BCB_thickness_um,1,digitized_paper_calculation,p2_2.jpeg
1349,432.5,3.912871287128713,2.222261904761905,0.015841584158415842,0.0008333333333333304,fig2b,nm_at_100GHz,BCB_thickness_um,1,digitized_paper_calculation,p2_2.jpeg
1350,433.0,3.9207920792079207,2.2221428571428574,0.015841584158415842,0.000952380952380949,fig2b,nm_at_100GHz,BCB_thickness_um,1,digitized_paper_calculation,p2_2.jpeg
1351,433.0,3.9287128712871286,2.2221428571428574,0.015841584158415842,0.000952380952380949,fig2b,nm_at_100GHz,BCB_thickness_um,1,digitized_paper_calculation,p2_2.jpeg
1352,433.0,3.9366336633663366,2.2221428571428574,0.015841584158415842,0.000952380952380949,fig2b,nm_at_100GHz,BCB_thickness_um,1,digitized_paper_calculation,p2_2.jpeg
1353,433.0,3.9445544554455445,2.2221428571428574,0.015841584158415842,0.000952380952380949,fig2b,nm_at_100GHz,BCB_thickness_um,1,digitized_paper_calculation,p2_2.jpeg
1354,433.5,3.9524752475247524,2.22202380952381,0.015841584158415842,0.0008333333333333304,fig2b,nm_at_100GHz,BCB_thickness_um,1,digitized_paper_calculation,p2_2.jpeg
1355,434.0,3.9603960396039604,2.221904761904762,0.015841584158415842,0.000952380952380949,fig2b,nm_at_100GHz,BCB_thickness_um,1,digitized_paper_calculation,p2_2.jpeg
1356,434.0,3.9683168316831683,2.221904761904762,0.015841584158415842,0.000952380952380949,fig2b,nm_at_100GHz,BCB_thickness_um,1,digitized_paper_calculation,p2_2.jpeg
859,366.0,0.031683168316831684,182.85714285714286,0.015841584158415842,0.7142857142857142,fig2b,bw3dB_50ohm_GHz,BCB_thickness_um,GHz,digitized_paper_calculation,p2_2.jpeg
860,364.0,0.039603960396039604,183.14285714285714,0.015841584158415842,0.7142857142857142,fig2b,bw3dB_50ohm_GHz,BCB_thickness_um,GHz,digitized_paper_calculation,p2_2.jpeg
861,363.0,0.047524752475247525,183.28571428571428,0.015841584158415842,0.7142857142857142,fig2b,bw3dB_50ohm_GHz,BCB_thickness_um,GHz,digitized_paper_calculation,p2_2.jpeg
862,361.0,0.055445544554455446,183.57142857142858,0.015841584158415842,0.7142857142857142,fig2b,bw3dB_50ohm_GHz,BCB_thickness_um,GHz,digitized_paper_calculation,p2_2.jpeg
863,360.0,0.06336633663366337,183.71428571428572,0.015841584158415842,0.7142857142857142,fig2b,bw3dB_50ohm_GHz,BCB_thickness_um,GHz,digitized_paper_calculation,p2_2.jpeg
864,358.0,0.07128712871287128,184.0,0.015841584158415842,0.7142857142857142,fig2b,bw3dB_50ohm_GHz,BCB_thickness_um,GHz,digitized_paper_calculation,p2_2.jpeg
865,356.0,0.07920792079207921,184.28571428571428,0.015841584158415842,0.7142857142857142,fig2b,bw3dB_50ohm_GHz,BCB_thickness_um,GHz,digitized_paper_calculation,p2_2.jpeg
866,355.0,0.08712871287128712,184.42857142857142,0.015841584158415842,0.7142857142857142,fig2b,bw3dB_50ohm_GHz,BCB_thickness_um,GHz,digitized_paper_calculation,p2_2.jpeg
867,353.5,0.09504950495049505,184.64285714285714,0.015841584158415842,0.6428571428571428,fig2b,bw3dB_50ohm_GHz,BCB_thickness_um,GHz,digitized_paper_calculation,p2_2.jpeg
868,352.0,0.10297029702970296,184.85714285714286,0.015841584158415842,0.7142857142857142,fig2b,bw3dB_50ohm_GHz,BCB_thickness_um,GHz,digitized_paper_calculation,p2_2.jpeg
869,350.5,0.11089108910891089,185.07142857142858,0.015841584158415842,0.6428571428571428,fig2b,bw3dB_50ohm_GHz,BCB_thickness_um,GHz,digitized_paper_calculation,p2_2.jpeg
870,349.5,0.1188118811881188,185.21428571428572,0.015841584158415842,0.6428571428571428,fig2b,bw3dB_50ohm_GHz,BCB_thickness_um,GHz,digitized_paper_calculation,p2_2.jpeg
871,348.0,0.12673267326732673,185.42857142857142,0.015841584158415842,0.7142857142857142,fig2b,bw3dB_50ohm_GHz,BCB_thickness_um,GHz,digitized_paper_calculation,p2_2.jpeg
872,346.5,0.13465346534653466,185.64285714285714,0.015841584158415842,0.6428571428571428,fig2b,bw3dB_50ohm_GHz,BCB_thickness_um,GHz,digitized_paper_calculation,p2_2.jpeg
873,345.0,0.14257425742574256,185.85714285714286,0.015841584158415842,0.7142857142857142,fig2b,bw3dB_50ohm_GHz,BCB_thickness_um,GHz,digitized_paper_calculation,p2_2.jpeg
874,343.5,0.1504950495049505,186.07142857142858,0.015841584158415842,0.6428571428571428,fig2b,bw3dB_50ohm_GHz,BCB_thickness_um,GHz,digitized_paper_calculation,p2_2.jpeg
875,342.0,0.15841584158415842,186.28571428571428,0.015841584158415842,0.7142857142857142,fig2b,bw3dB_50ohm_GHz,BCB_thickness_um,GHz,digitized_paper_calculation,p2_2.jpeg
876,341.0,0.16633663366336635,186.42857142857142,0.015841584158415842,0.7142857142857142,fig2b,bw3dB_50ohm_GHz,BCB_thickness_um,GHz,digitized_paper_calculation,p2_2.jpeg
877,339.5,0.17425742574257425,186.64285714285714,0.015841584158415842,0.6428571428571428,fig2b,bw3dB_50ohm_GHz,BCB_thickness_um,GHz,digitized_paper_calculation,p2_2.jpeg
878,338.0,0.18217821782178217,186.85714285714286,0.015841584158415842,0.7142857142857142,fig2b,bw3dB_50ohm_GHz,BCB_thickness_um,GHz,digitized_paper_calculation,p2_2.jpeg
879,337.0,0.1900990099009901,187.0,0.015841584158415842,0.7142857142857142,fig2b,bw3dB_50ohm_GHz,BCB_thickness_um,GHz,digitized_paper_calculation,p2_2.jpeg
880,335.5,0.19801980198019803,187.21428571428572,0.015841584158415842,0.6428571428571428,fig2b,bw3dB_50ohm_GHz,BCB_thickness_um,GHz,digitized_paper_calculation,p2_2.jpeg
881,334.0,0.20594059405940593,187.42857142857142,0.015841584158415842,0.7142857142857142,fig2b,bw3dB_50ohm_GHz,BCB_thickness_um,GHz,digitized_paper_calculation,p2_2.jpeg
882,332.5,0.21386138613861386,187.64285714285714,0.015841584158415842,0.6428571428571428,fig2b,bw3dB_50ohm_GHz,BCB_thickness_um,GHz,digitized_paper_calculation,p2_2.jpeg
883,331.5,0.22178217821782178,187.78571428571428,0.015841584158415842,0.6428571428571428,fig2b,bw3dB_50ohm_GHz,BCB_thickness_um,GHz,digitized_paper_calculation,p2_2.jpeg
884,330.5,0.2297029702970297,187.92857142857142,0.015841584158415842,0.6428571428571428,fig2b,bw3dB_50ohm_GHz,BCB_thickness_um,GHz,digitized_paper_calculation,p2_2.jpeg
885,329.0,0.2376237623762376,188.14285714285714,0.015841584158415842,0.7142857142857142,fig2b,bw3dB_50ohm_GHz,BCB_thickness_um,GHz,digitized_paper_calculation,p2_2.jpeg
886,327.5,0.24554455445544554,188.35714285714286,0.015841584158415842,0.6428571428571428,fig2b,bw3dB_50ohm_GHz,BCB_thickness_um,GHz,digitized_paper_calculation,p2_2.jpeg
887,326.5,0.25346534653465347,188.5,0.015841584158415842,0.6428571428571428,fig2b,bw3dB_50ohm_GHz,BCB_thickness_um,GHz,digitized_paper_calculation,p2_2.jpeg
888,325.5,0.2613861386138614,188.64285714285714,0.015841584158415842,0.6428571428571428,fig2b,bw3dB_50ohm_GHz,BCB_thickness_um,GHz,digitized_paper_calculation,p2_2.jpeg
889,324.0,0.2693069306930693,188.85714285714286,0.015841584158415842,0.7142857142857142,fig2b,bw3dB_50ohm_GHz,BCB_thickness_um,GHz,digitized_paper_calculation,p2_2.jpeg
890,322.5,0.27722772277227725,189.07142857142858,0.015841584158415842,0.6428571428571428,fig2b,bw3dB_50ohm_GHz,BCB_thickness_um,GHz,digitized_paper_calculation,p2_2.jpeg
891,321.5,0.2851485148514851,189.21428571428572,0.015841584158415842,0.6428571428571428,fig2b,bw3dB_50ohm_GHz,BCB_thickness_um,GHz,digitized_paper_calculation,p2_2.jpeg
892,320.5,0.29306930693069305,189.35714285714286,0.015841584158415842,0.6428571428571428,fig2b,bw3dB_50ohm_GHz,BCB_thickness_um,GHz,digitized_paper_calculation,p2_2.jpeg
893,319.5,0.300990099009901,189.5,0.015841584158415842,0.6428571428571428,fig2b,bw3dB_50ohm_GHz,BCB_thickness_um,GHz,digitized_paper_calculation,p2_2.jpeg
894,318.0,0.3089108910891089,189.71428571428572,0.015841584158415842,0.5714285714285714,fig2b,bw3dB_50ohm_GHz,BCB_thickness_um,GHz,digitized_paper_calculation,p2_2.jpeg
895,317.0,0.31683168316831684,189.85714285714286,0.015841584158415842,0.5714285714285714,fig2b,bw3dB_50ohm_GHz,BCB_thickness_um,GHz,digitized_paper_calculation,p2_2.jpeg
896,315.5,0.32475247524752476,190.07142857142858,0.015841584158415842,0.6428571428571428,fig2b,bw3dB_50ohm_GHz,BCB_thickness_um,GHz,digitized_paper_calculation,p2_2.jpeg
897,314.5,0.3326732673267327,190.21428571428572,0.015841584158415842,0.6428571428571428,fig2b,bw3dB_50ohm_GHz,BCB_thickness_um,GHz,digitized_paper_calculation,p2_2.jpeg
898,313.0,0.3405940594059406,190.42857142857142,0.015841584158415842,0.5714285714285714,fig2b,bw3dB_50ohm_GHz,BCB_thickness_um,GHz,digitized_paper_calculation,p2_2.jpeg
899,312.5,0.3485148514851485,190.5,0.015841584158415842,0.6428571428571428,fig2b,bw3dB_50ohm_GHz,BCB_thickness_um,GHz,digitized_paper_calculation,p2_2.jpeg
900,310.5,0.3564356435643564,190.78571428571428,0.015841584158415842,0.6428571428571428,fig2b,bw3dB_50ohm_GHz,BCB_thickness_um,GHz,digitized_paper_calculation,p2_2.jpeg
901,309.5,0.36435643564356435,190.92857142857142,0.015841584158415842,0.6428571428571428,fig2b,bw3dB_50ohm_GHz,BCB_thickness_um,GHz,digitized_paper_calculation,p2_2.jpeg
902,308.5,0.3722772277227723,191.07142857142858,0.015841584158415842,0.6428571428571428,fig2b,bw3dB_50ohm_GHz,BCB_thickness_um,GHz,digitized_paper_calculation,p2_2.jpeg
903,307.5,0.3801980198019802,191.21428571428572,0.015841584158415842,0.6428571428571428,fig2b,bw3dB_50ohm_GHz,BCB_thickness_um,GHz,digitized_paper_calculation,p2_2.jpeg
904,306.5,0.38811881188118813,191.35714285714286,0.015841584158415842,0.6428571428571428,fig2b,bw3dB_50ohm_GHz,BCB_thickness_um,GHz,digitized_paper_calculation,p2_2.jpeg
905,305.5,0.39603960396039606,191.5,0.015841584158415842,0.6428571428571428,fig2b,bw3dB_50ohm_GHz,BCB_thickness_um,GHz,digitized_paper_calculation,p2_2.jpeg
906,304.0,0.403960396039604,191.71428571428572,0.015841584158415842,0.5714285714285714,fig2b,bw3dB_50ohm_GHz,BCB_thickness_um,GHz,digitized_paper_calculation,p2_2.jpeg
907,303.0,0.41188118811881186,191.85714285714286,0.015841584158415842,0.5714285714285714,fig2b,bw3dB_50ohm_GHz,BCB_thickness_um,GHz,digitized_paper_calculation,p2_2.jpeg
908,302.0,0.4198019801980198,192.0,0.015841584158415842,0.5714285714285714,fig2b,bw3dB_50ohm_GHz,BCB_thickness_um,GHz,digitized_paper_calculation,p2_2.jpeg
909,301.0,0.4277227722772277,192.14285714285714,0.015841584158415842,0.5714285714285714,fig2b,bw3dB_50ohm_GHz,BCB_thickness_um,GHz,digitized_paper_calculation,p2_2.jpeg
910,300.0,0.43564356435643564,192.28571428571428,0.015841584158415842,0.5714285714285714,fig2b,bw3dB_50ohm_GHz,BCB_thickness_um,GHz,digitized_paper_calculation,p2_2.jpeg
911,299.0,0.44356435643564357,192.42857142857144,0.015841584158415842,0.5714285714285714,fig2b,bw3dB_50ohm_GHz,BCB_thickness_um,GHz,digitized_paper_calculation,p2_2.jpeg
912,298.0,0.4514851485148515,192.57142857142856,0.015841584158415842,0.5714285714285714,fig2b,bw3dB_50ohm_GHz,BCB_thickness_um,GHz,digitized_paper_calculation,p2_2.jpeg
913,297.0,0.4594059405940594,192.71428571428572,0.015841584158415842,0.5714285714285714,fig2b,bw3dB_50ohm_GHz,BCB_thickness_um,GHz,digitized_paper_calculation,p2_2.jpeg
914,295.5,0.46732673267326735,192.92857142857144,0.015841584158415842,0.6428571428571428,fig2b,bw3dB_50ohm_GHz,BCB_thickness_um,GHz,digitized_paper_calculation,p2_2.jpeg
915,294.5,0.4752475247524752,193.07142857142856,0.015841584158415842,0.6428571428571428,fig2b,bw3dB_50ohm_GHz,BCB_thickness_um,GHz,digitized_paper_calculation,p2_2.jpeg
916,293.5,0.48316831683168315,193.21428571428572,0.015841584158415842,0.6428571428571428,fig2b,bw3dB_50ohm_GHz,BCB_thickness_um,GHz,digitized_paper_calculation,p2_2.jpeg
917,292.5,0.4910891089108911,193.35714285714286,0.015841584158415842,0.6428571428571428,fig2b,bw3dB_50ohm_GHz,BCB_thickness_um,GHz,digitized_paper_calculation,p2_2.jpeg
918,292.0,0.499009900990099,193.42857142857144,0.015841584158415842,0.5714285714285714,fig2b,bw3dB_50ohm_GHz,BCB_thickness_um,GHz,digitized_paper_calculation,p2_2.jpeg
919,291.0,0.5069306930693069,193.57142857142856,0.015841584158415842,0.5714285714285714,fig2b,bw3dB_50ohm_GHz,BCB_thickness_um,GHz,digitized_paper_calculation,p2_2.jpeg
920,290.0,0.5148514851485149,193.71428571428572,0.015841584158415842,0.5714285714285714,fig2b,bw3dB_50ohm_GHz,BCB_thickness_um,GHz,digitized_paper_calculation,p2_2.jpeg
921,289.0,0.5227722772277228,193.85714285714286,0.015841584158415842,0.5714285714285714,fig2b,bw3dB_50ohm_GHz,BCB_thickness_um,GHz,digitized_paper_calculation,p2_2.jpeg
922,288.0,0.5306930693069307,194.0,0.015841584158415842,0.5714285714285714,fig2b,bw3dB_50ohm_GHz,BCB_thickness_um,GHz,digitized_paper_calculation,p2_2.jpeg
923,287.0,0.5386138613861386,194.14285714285714,0.015841584158415842,0.5714285714285714,fig2b,bw3dB_50ohm_GHz,BCB_thickness_um,GHz,digitized_paper_calculation,p2_2.jpeg
924,286.0,0.5465346534653466,194.28571428571428,0.015841584158415842,0.5714285714285714,fig2b,bw3dB_50ohm_GHz,BCB_thickness_um,GHz,digitized_paper_calculation,p2_2.jpeg
925,285.0,0.5544554455445545,194.42857142857144,0.015841584158415842,0.5714285714285714,fig2b,bw3dB_50ohm_GHz,BCB_thickness_um,GHz,digitized_paper_calculation,p2_2.jpeg
926,284.0,0.5623762376237624,194.57142857142856,0.015841584158415842,0.5714285714285714,fig2b,bw3dB_50ohm_GHz,BCB_thickness_um,GHz,digitized_paper_calculation,p2_2.jpeg
927,283.0,0.5702970297029702,194.71428571428572,0.015841584158415842,0.5714285714285714,fig2b,bw3dB_50ohm_GHz,BCB_thickness_um,GHz,digitized_paper_calculation,p2_2.jpeg
928,282.5,0.5782178217821782,194.78571428571428,0.015841584158415842,0.6428571428571428,fig2b,bw3dB_50ohm_GHz,BCB_thickness_um,GHz,digitized_paper_calculation,p2_2.jpeg
929,281.5,0.5861386138613861,194.92857142857144,0.015841584158415842,0.6428571428571428,fig2b,bw3dB_50ohm_GHz,BCB_thickness_um,GHz,digitized_paper_calculation,p2_2.jpeg
930,280.5,0.594059405940594,195.07142857142856,0.015841584158415842,0.6428571428571428,fig2b,bw3dB_50ohm_GHz,BCB_thickness_um,GHz,digitized_paper_calculation,p2_2.jpeg
931,280.0,0.601980198019802,195.14285714285714,0.015841584158415842,0.5714285714285714,fig2b,bw3dB_50ohm_GHz,BCB_thickness_um,GHz,digitized_paper_calculation,p2_2.jpeg
932,279.0,0.6099009900990099,195.28571428571428,0.015841584158415842,0.5714285714285714,fig2b,bw3dB_50ohm_GHz,BCB_thickness_um,GHz,digitized_paper_calculation,p2_2.jpeg
933,278.0,0.6178217821782178,195.42857142857144,0.015841584158415842,0.5714285714285714,fig2b,bw3dB_50ohm_GHz,BCB_thickness_um,GHz,digitized_paper_calculation,p2_2.jpeg
934,277.0,0.6257425742574257,195.57142857142856,0.015841584158415842,0.5714285714285714,fig2b,bw3dB_50ohm_GHz,BCB_thickness_um,GHz,digitized_paper_calculation,p2_2.jpeg
935,276.5,0.6336633663366337,195.64285714285714,0.015841584158415842,0.6428571428571428,fig2b,bw3dB_50ohm_GHz,BCB_thickness_um,GHz,digitized_paper_calculation,p2_2.jpeg
936,276.0,0.6415841584158416,195.71428571428572,0.015841584158415842,0.5714285714285714,fig2b,bw3dB_50ohm_GHz,BCB_thickness_um,GHz,digitized_paper_calculation,p2_2.jpeg
937,275.0,0.6495049504950495,195.85714285714286,0.015841584158415842,0.5714285714285714,fig2b,bw3dB_50ohm_GHz,BCB_thickness_um,GHz,digitized_paper_calculation,p2_2.jpeg
938,274.0,0.6574257425742575,196.0,0.015841584158415842,0.5714285714285714,fig2b,bw3dB_50ohm_GHz,BCB_thickness_um,GHz,digitized_paper_calculation,p2_2.jpeg
939,273.0,0.6653465346534654,196.14285714285714,0.015841584158415842,0.5714285714285714,fig2b,bw3dB_50ohm_GHz,BCB_thickness_um,GHz,digitized_paper_calculation,p2_2.jpeg
940,272.5,0.6732673267326733,196.21428571428572,0.015841584158415842,0.6428571428571428,fig2b,bw3dB_50ohm_GHz,BCB_thickness_um,GHz,digitized_paper_calculation,p2_2.jpeg
941,271.5,0.6811881188118812,196.35714285714286,0.015841584158415842,0.6428571428571428,fig2b,bw3dB_50ohm_GHz,BCB_thickness_um,GHz,digitized_paper_calculation,p2_2.jpeg
942,271.0,0.689108910891089,196.42857142857144,0.015841584158415842,0.5714285714285714,fig2b,bw3dB_50ohm_GHz,BCB_thickness_um,GHz,digitized_paper_calculation,p2_2.jpeg
943,270.0,0.697029702970297,196.57142857142856,0.015841584158415842,0.5714285714285714,fig2b,bw3dB_50ohm_GHz,BCB_thickness_um,GHz,digitized_paper_calculation,p2_2.jpeg
944,269.0,0.7049504950495049,196.71428571428572,0.015841584158415842,0.5714285714285714,fig2b,bw3dB_50ohm_GHz,BCB_thickness_um,GHz,digitized_paper_calculation,p2_2.jpeg
945,268.0,0.7128712871287128,196.85714285714286,0.015841584158415842,0.5714285714285714,fig2b,bw3dB_50ohm_GHz,BCB_thickness_um,GHz,digitized_paper_calculation,p2_2.jpeg
946,268.0,0.7207920792079208,196.85714285714286,0.015841584158415842,0.5714285714285714,fig2b,bw3dB_50ohm_GHz,BCB_thickness_um,GHz,digitized_paper_calculation,p2_2.jpeg
947,267.0,0.7287128712871287,197.0,0.015841584158415842,0.5714285714285714,fig2b,bw3dB_50ohm_GHz,BCB_thickness_um,GHz,digitized_paper_calculation,p2_2.jpeg
948,266.0,0.7366336633663366,197.14285714285714,0.015841584158415842,0.5714285714285714,fig2b,bw3dB_50ohm_GHz,BCB_thickness_um,GHz,digitized_paper_calculation,p2_2.jpeg
949,266.0,0.7445544554455445,197.14285714285714,0.015841584158415842,0.5714285714285714,fig2b,bw3dB_50ohm_GHz,BCB_thickness_um,GHz,digitized_paper_calculation,p2_2.jpeg
950,265.0,0.7524752475247525,197.28571428571428,0.015841584158415842,0.5714285714285714,fig2b,bw3dB_50ohm_GHz,BCB_thickness_um,GHz,digitized_paper_calculation,p2_2.jpeg
951,264.0,0.7603960396039604,197.42857142857144,0.015841584158415842,0.5714285714285714,fig2b,bw3dB_50ohm_GHz,BCB_thickness_um,GHz,digitized_paper_calculation,p2_2.jpeg
952,263.0,0.7683168316831683,197.57142857142856,0.015841584158415842,0.5714285714285714,fig2b,bw3dB_50ohm_GHz,BCB_thickness_um,GHz,digitized_paper_calculation,p2_2.jpeg
953,263.0,0.7762376237623763,197.57142857142856,0.015841584158415842,0.5714285714285714,fig2b,bw3dB_50ohm_GHz,BCB_thickness_um,GHz,digitized_paper_calculation,p2_2.jpeg
954,262.0,0.7841584158415842,197.71428571428572,0.015841584158415842,0.5714285714285714,fig2b,bw3dB_50ohm_GHz,BCB_thickness_um,GHz,digitized_paper_calculation,p2_2.jpeg
955,261.0,0.7920792079207921,197.85714285714286,0.015841584158415842,0.5714285714285714,fig2b,bw3dB_50ohm_GHz,BCB_thickness_um,GHz,digitized_paper_calculation,p2_2.jpeg
956,260.5,0.8,197.92857142857144,0.015841584158415842,0.5,fig2b,bw3dB_50ohm_GHz,BCB_thickness_um,GHz,digitized_paper_calculation,p2_2.jpeg
957,260.0,0.807920792079208,198.0,0.015841584158415842,0.5714285714285714,fig2b,bw3dB_50ohm_GHz,BCB_thickness_um,GHz,digitized_paper_calculation,p2_2.jpeg
958,259.5,0.8158415841584158,198.07142857142856,0.015841584158415842,0.5,fig2b,bw3dB_50ohm_GHz,BCB_thickness_um,GHz,digitized_paper_calculation,p2_2.jpeg
959,258.5,0.8237623762376237,198.21428571428572,0.015841584158415842,0.5,fig2b,bw3dB_50ohm_GHz,BCB_thickness_um,GHz,digitized_paper_calculation,p2_2.jpeg
960,258.0,0.8316831683168316,198.28571428571428,0.015841584158415842,0.5714285714285714,fig2b,bw3dB_50ohm_GHz,BCB_thickness_um,GHz,digitized_paper_calculation,p2_2.jpeg
961,257.0,0.8396039603960396,198.42857142857144,0.015841584158415842,0.5714285714285714,fig2b,bw3dB_50ohm_GHz,BCB_thickness_um,GHz,digitized_paper_calculation,p2_2.jpeg
962,256.5,0.8475247524752475,198.5,0.015841584158415842,0.5,fig2b,bw3dB_50ohm_GHz,BCB_thickness_um,GHz,digitized_paper_calculation,p2_2.jpeg
963,256.0,0.8554455445544554,198.57142857142856,0.015841584158415842,0.5714285714285714,fig2b,bw3dB_50ohm_GHz,BCB_thickness_um,GHz,digitized_paper_calculation,p2_2.jpeg
964,255.5,0.8633663366336634,198.64285714285714,0.015841584158415842,0.5,fig2b,bw3dB_50ohm_GHz,BCB_thickness_um,GHz,digitized_paper_calculation,p2_2.jpeg
965,255.0,0.8712871287128713,198.71428571428572,0.015841584158415842,0.5714285714285714,fig2b,bw3dB_50ohm_GHz,BCB_thickness_um,GHz,digitized_paper_calculation,p2_2.jpeg
966,254.0,0.8792079207920792,198.85714285714286,0.015841584158415842,0.5714285714285714,fig2b,bw3dB_50ohm_GHz,BCB_thickness_um,GHz,digitized_paper_calculation,p2_2.jpeg
967,253.5,0.8871287128712871,198.92857142857144,0.015841584158415842,0.5,fig2b,bw3dB_50ohm_GHz,BCB_thickness_um,GHz,digitized_paper_calculation,p2_2.jpeg
968,253.0,0.8950495049504951,199.0,0.015841584158415842,0.5714285714285714,fig2b,bw3dB_50ohm_GHz,BCB_thickness_um,GHz,digitized_paper_calculation,p2_2.jpeg
969,252.5,0.902970297029703,199.07142857142856,0.015841584158415842,0.5,fig2b,bw3dB_50ohm_GHz,BCB_thickness_um,GHz,digitized_paper_calculation,p2_2.jpeg
970,252.0,0.9108910891089109,199.14285714285714,0.015841584158415842,0.5714285714285714,fig2b,bw3dB_50ohm_GHz,BCB_thickness_um,GHz,digitized_paper_calculation,p2_2.jpeg
971,251.5,0.9188118811881189,199.21428571428572,0.015841584158415842,0.5,fig2b,bw3dB_50ohm_GHz,BCB_thickness_um,GHz,digitized_paper_calculation,p2_2.jpeg
972,251.0,0.9267326732673268,199.28571428571428,0.015841584158415842,0.5714285714285714,fig2b,bw3dB_50ohm_GHz,BCB_thickness_um,GHz,digitized_paper_calculation,p2_2.jpeg
973,250.0,0.9346534653465347,199.42857142857144,0.015841584158415842,0.5714285714285714,fig2b,bw3dB_50ohm_GHz,BCB_thickness_um,GHz,digitized_paper_calculation,p2_2.jpeg
974,249.5,0.9425742574257425,199.5,0.015841584158415842,0.5,fig2b,bw3dB_50ohm_GHz,BCB_thickness_um,GHz,digitized_paper_calculation,p2_2.jpeg
975,249.0,0.9504950495049505,199.57142857142856,0.015841584158415842,0.5714285714285714,fig2b,bw3dB_50ohm_GHz,BCB_thickness_um,GHz,digitized_paper_calculation,p2_2.jpeg
976,248.5,0.9584158415841584,199.64285714285714,0.015841584158415842,0.5,fig2b,bw3dB_50ohm_GHz,BCB_thickness_um,GHz,digitized_paper_calculation,p2_2.jpeg
977,248.0,0.9663366336633663,199.71428571428572,0.015841584158415842,0.5714285714285714,fig2b,bw3dB_50ohm_GHz,BCB_thickness_um,GHz,digitized_paper_calculation,p2_2.jpeg
978,247.5,0.9742574257425742,199.78571428571428,0.015841584158415842,0.5,fig2b,bw3dB_50ohm_GHz,BCB_thickness_um,GHz,digitized_paper_calculation,p2_2.jpeg
979,247.0,0.9821782178217822,199.85714285714286,0.015841584158415842,0.5714285714285714,fig2b,bw3dB_50ohm_GHz,BCB_thickness_um,GHz,digitized_paper_calculation,p2_2.jpeg
980,246.5,0.9900990099009901,199.92857142857144,0.015841584158415842,0.5,fig2b,bw3dB_50ohm_GHz,BCB_thickness_um,GHz,digitized_paper_calculation,p2_2.jpeg
981,246.0,0.998019801980198,200.0,0.015841584158415842,0.5714285714285714,fig2b,bw3dB_50ohm_GHz,BCB_thickness_um,GHz,digitized_paper_calculation,p2_2.jpeg
982,245.5,1.005940594059406,200.07142857142856,0.015841584158415842,0.5,fig2b,bw3dB_50ohm_GHz,BCB_thickness_um,GHz,digitized_paper_calculation,p2_2.jpeg
983,245.0,1.0138613861386139,200.14285714285714,0.015841584158415842,0.5714285714285714,fig2b,bw3dB_50ohm_GHz,BCB_thickness_um,GHz,digitized_paper_calculation,p2_2.jpeg
984,244.5,1.0217821782178218,200.21428571428572,0.015841584158415842,0.5,fig2b,bw3dB_50ohm_GHz,BCB_thickness_um,GHz,digitized_paper_calculation,p2_2.jpeg
985,244.5,1.0297029702970297,200.21428571428572,0.015841584158415842,0.5,fig2b,bw3dB_50ohm_GHz,BCB_thickness_um,GHz,digitized_paper_calculation,p2_2.jpeg
986,243.5,1.0376237623762377,200.35714285714286,0.015841584158415842,0.5,fig2b,bw3dB_50ohm_GHz,BCB_thickness_um,GHz,digitized_paper_calculation,p2_2.jpeg
987,243.5,1.0455445544554456,200.35714285714286,0.015841584158415842,0.5,fig2b,bw3dB_50ohm_GHz,BCB_thickness_um,GHz,digitized_paper_calculation,p2_2.jpeg
988,243.0,1.0534653465346535,200.42857142857144,0.015841584158415842,0.5714285714285714,fig2b,bw3dB_50ohm_GHz,BCB_thickness_um,GHz,digitized_paper_calculation,p2_2.jpeg
989,242.5,1.0613861386138614,200.5,0.015841584158415842,0.5,fig2b,bw3dB_50ohm_GHz,BCB_thickness_um,GHz,digitized_paper_calculation,p2_2.jpeg
990,242.0,1.0693069306930694,200.57142857142856,0.015841584158415842,0.5714285714285714,fig2b,bw3dB_50ohm_GHz,BCB_thickness_um,GHz,digitized_paper_calculation,p2_2.jpeg
991,241.5,1.0772277227722773,200.64285714285714,0.015841584158415842,0.5,fig2b,bw3dB_50ohm_GHz,BCB_thickness_um,GHz,digitized_paper_calculation,p2_2.jpeg
992,241.5,1.0851485148514852,200.64285714285714,0.015841584158415842,0.5,fig2b,bw3dB_50ohm_GHz,BCB_thickness_um,GHz,digitized_paper_calculation,p2_2.jpeg
993,240.5,1.0930693069306932,200.78571428571428,0.015841584158415842,0.5,fig2b,bw3dB_50ohm_GHz,BCB_thickness_um,GHz,digitized_paper_calculation,p2_2.jpeg
994,240.5,1.100990099009901,200.78571428571428,0.015841584158415842,0.5,fig2b,bw3dB_50ohm_GHz,BCB_thickness_um,GHz,digitized_paper_calculation,p2_2.jpeg
995,240.0,1.108910891089109,200.85714285714286,0.015841584158415842,0.5714285714285714,fig2b,bw3dB_50ohm_GHz,BCB_thickness_um,GHz,digitized_paper_calculation,p2_2.jpeg
996,239.5,1.116831683168317,200.92857142857144,0.015841584158415842,0.5,fig2b,bw3dB_50ohm_GHz,BCB_thickness_um,GHz,digitized_paper_calculation,p2_2.jpeg
997,239.5,1.1247524752475249,200.92857142857144,0.015841584158415842,0.5,fig2b,bw3dB_50ohm_GHz,BCB_thickness_um,GHz,digitized_paper_calculation,p2_2.jpeg
998,238.5,1.1326732673267326,201.07142857142856,0.015841584158415842,0.5,fig2b,bw3dB_50ohm_GHz,BCB_thickness_um,GHz,digitized_paper_calculation,p2_2.jpeg
999,238.5,1.1405940594059405,201.07142857142856,0.015841584158415842,0.5,fig2b,bw3dB_50ohm_GHz,BCB_thickness_um,GHz,digitized_paper_calculation,p2_2.jpeg
1000,238.5,1.1485148514851484,201.07142857142856,0.015841584158415842,0.5,fig2b,bw3dB_50ohm_GHz,BCB_thickness_um,GHz,digitized_paper_calculation,p2_2.jpeg
1001,237.5,1.1564356435643564,201.21428571428572,0.015841584158415842,0.5,fig2b,bw3dB_50ohm_GHz,BCB_thickness_um,GHz,digitized_paper_calculation,p2_2.jpeg
1002,237.5,1.1643564356435643,201.21428571428572,0.015841584158415842,0.5,fig2b,bw3dB_50ohm_GHz,BCB_thickness_um,GHz,digitized_paper_calculation,p2_2.jpeg
1003,237.0,1.1722772277227722,201.28571428571428,0.015841584158415842,0.5714285714285714,fig2b,bw3dB_50ohm_GHz,BCB_thickness_um,GHz,digitized_paper_calculation,p2_2.jpeg
1004,236.5,1.1801980198019801,201.35714285714286,0.015841584158415842,0.5,fig2b,bw3dB_50ohm_GHz,BCB_thickness_um,GHz,digitized_paper_calculation,p2_2.jpeg
1005,236.5,1.188118811881188,201.35714285714286,0.015841584158415842,0.5,fig2b,bw3dB_50ohm_GHz,BCB_thickness_um,GHz,digitized_paper_calculation,p2_2.jpeg
1006,236.0,1.196039603960396,201.42857142857144,0.015841584158415842,0.5714285714285714,fig2b,bw3dB_50ohm_GHz,BCB_thickness_um,GHz,digitized_paper_calculation,p2_2.jpeg
1007,235.5,1.203960396039604,201.5,0.015841584158415842,0.5,fig2b,bw3dB_50ohm_GHz,BCB_thickness_um,GHz,digitized_paper_calculation,p2_2.jpeg
1008,235.5,1.2118811881188118,201.5,0.015841584158415842,0.5,fig2b,bw3dB_50ohm_GHz,BCB_thickness_um,GHz,digitized_paper_calculation,p2_2.jpeg
1009,235.5,1.2198019801980198,201.5,0.015841584158415842,0.5,fig2b,bw3dB_50ohm_GHz,BCB_thickness_um,GHz,digitized_paper_calculation,p2_2.jpeg
1010,234.5,1.2277227722772277,201.64285714285714,0.015841584158415842,0.5,fig2b,bw3dB_50ohm_GHz,BCB_thickness_um,GHz,digitized_paper_calculation,p2_2.jpeg
1011,234.5,1.2356435643564356,201.64285714285714,0.015841584158415842,0.5,fig2b,bw3dB_50ohm_GHz,BCB_thickness_um,GHz,digitized_paper_calculation,p2_2.jpeg
1012,234.5,1.2435643564356436,201.64285714285714,0.015841584158415842,0.5,fig2b,bw3dB_50ohm_GHz,BCB_thickness_um,GHz,digitized_paper_calculation,p2_2.jpeg
1013,234.5,1.2514851485148515,201.64285714285714,0.015841584158415842,0.5,fig2b,bw3dB_50ohm_GHz,BCB_thickness_um,GHz,digitized_paper_calculation,p2_2.jpeg
1014,233.5,1.2594059405940594,201.78571428571428,0.015841584158415842,0.5,fig2b,bw3dB_50ohm_GHz,BCB_thickness_um,GHz,digitized_paper_calculation,p2_2.jpeg
1015,233.5,1.2673267326732673,201.78571428571428,0.015841584158415842,0.5,fig2b,bw3dB_50ohm_GHz,BCB_thickness_um,GHz,digitized_paper_calculation,p2_2.jpeg
1016,233.5,1.2752475247524753,201.78571428571428,0.015841584158415842,0.5,fig2b,bw3dB_50ohm_GHz,BCB_thickness_um,GHz,digitized_paper_calculation,p2_2.jpeg
1017,233.5,1.2831683168316832,201.78571428571428,0.015841584158415842,0.5,fig2b,bw3dB_50ohm_GHz,BCB_thickness_um,GHz,digitized_paper_calculation,p2_2.jpeg
1018,232.5,1.2910891089108911,201.92857142857144,0.015841584158415842,0.5,fig2b,bw3dB_50ohm_GHz,BCB_thickness_um,GHz,digitized_paper_calculation,p2_2.jpeg
1019,232.5,1.299009900990099,201.92857142857144,0.015841584158415842,0.5,fig2b,bw3dB_50ohm_GHz,BCB_thickness_um,GHz,digitized_paper_calculation,p2_2.jpeg
1020,232.5,1.306930693069307,201.92857142857144,0.015841584158415842,0.5,fig2b,bw3dB_50ohm_GHz,BCB_thickness_um,GHz,digitized_paper_calculation,p2_2.jpeg
1021,232.5,1.314851485148515,201.92857142857144,0.015841584158415842,0.5,fig2b,bw3dB_50ohm_GHz,BCB_thickness_um,GHz,digitized_paper_calculation,p2_2.jpeg
1022,231.5,1.3227722772277228,202.07142857142856,0.015841584158415842,0.5,fig2b,bw3dB_50ohm_GHz,BCB_thickness_um,GHz,digitized_paper_calculation,p2_2.jpeg
1023,231.5,1.3306930693069308,202.07142857142856,0.015841584158415842,0.5,fig2b,bw3dB_50ohm_GHz,BCB_thickness_um,GHz,digitized_paper_calculation,p2_2.jpeg
1024,231.5,1.3386138613861387,202.07142857142856,0.015841584158415842,0.5,fig2b,bw3dB_50ohm_GHz,BCB_thickness_um,GHz,digitized_paper_calculation,p2_2.jpeg
1025,231.5,1.3465346534653466,202.07142857142856,0.015841584158415842,0.5,fig2b,bw3dB_50ohm_GHz,BCB_thickness_um,GHz,digitized_paper_calculation,p2_2.jpeg
1026,231.5,1.3544554455445545,202.07142857142856,0.015841584158415842,0.5,fig2b,bw3dB_50ohm_GHz,BCB_thickness_um,GHz,digitized_paper_calculation,p2_2.jpeg
1027,230.5,1.3623762376237625,202.21428571428572,0.015841584158415842,0.5,fig2b,bw3dB_50ohm_GHz,BCB_thickness_um,GHz,digitized_paper_calculation,p2_2.jpeg
1058,227.5,1.607920792079208,202.64285714285714,0.015841584158415842,0.5,fig2b,bw3dB_50ohm_GHz,BCB_thickness_um,GHz,digitized_paper_calculation,p2_2.jpeg
1059,227.5,1.615841584158416,202.64285714285714,0.015841584158415842,0.5,fig2b,bw3dB_50ohm_GHz,BCB_thickness_um,GHz,digitized_paper_calculation,p2_2.jpeg
1060,227.5,1.6237623762376239,202.64285714285714,0.015841584158415842,0.5,fig2b,bw3dB_50ohm_GHz,BCB_thickness_um,GHz,digitized_paper_calculation,p2_2.jpeg
1061,227.5,1.6316831683168316,202.64285714285714,0.015841584158415842,0.5,fig2b,bw3dB_50ohm_GHz,BCB_thickness_um,GHz,digitized_paper_calculation,p2_2.jpeg
1062,227.5,1.6396039603960395,202.64285714285714,0.015841584158415842,0.5,fig2b,bw3dB_50ohm_GHz,BCB_thickness_um,GHz,digitized_paper_calculation,p2_2.jpeg
1063,227.5,1.6475247524752474,202.64285714285714,0.015841584158415842,0.5,fig2b,bw3dB_50ohm_GHz,BCB_thickness_um,GHz,digitized_paper_calculation,p2_2.jpeg
1064,227.5,1.6554455445544554,202.64285714285714,0.015841584158415842,0.5,fig2b,bw3dB_50ohm_GHz,BCB_thickness_um,GHz,digitized_paper_calculation,p2_2.jpeg
1065,227.5,1.6633663366336633,202.64285714285714,0.015841584158415842,0.5,fig2b,bw3dB_50ohm_GHz,BCB_thickness_um,GHz,digitized_paper_calculation,p2_2.jpeg
1066,227.5,1.6712871287128712,202.64285714285714,0.015841584158415842,0.5,fig2b,bw3dB_50ohm_GHz,BCB_thickness_um,GHz,digitized_paper_calculation,p2_2.jpeg
1067,227.5,1.6792079207920791,202.64285714285714,0.015841584158415842,0.5,fig2b,bw3dB_50ohm_GHz,BCB_thickness_um,GHz,digitized_paper_calculation,p2_2.jpeg
1068,227.5,1.687128712871287,202.64285714285714,0.015841584158415842,0.5,fig2b,bw3dB_50ohm_GHz,BCB_thickness_um,GHz,digitized_paper_calculation,p2_2.jpeg
1069,227.5,1.695049504950495,202.64285714285714,0.015841584158415842,0.5,fig2b,bw3dB_50ohm_GHz,BCB_thickness_um,GHz,digitized_paper_calculation,p2_2.jpeg
1070,227.5,1.702970297029703,202.64285714285714,0.015841584158415842,0.5,fig2b,bw3dB_50ohm_GHz,BCB_thickness_um,GHz,digitized_paper_calculation,p2_2.jpeg
1071,227.5,1.7108910891089109,202.64285714285714,0.015841584158415842,0.5,fig2b,bw3dB_50ohm_GHz,BCB_thickness_um,GHz,digitized_paper_calculation,p2_2.jpeg
1072,227.5,1.7188118811881188,202.64285714285714,0.015841584158415842,0.5,fig2b,bw3dB_50ohm_GHz,BCB_thickness_um,GHz,digitized_paper_calculation,p2_2.jpeg
1073,227.5,1.7267326732673267,202.64285714285714,0.015841584158415842,0.5,fig2b,bw3dB_50ohm_GHz,BCB_thickness_um,GHz,digitized_paper_calculation,p2_2.jpeg
1074,227.5,1.7346534653465346,202.64285714285714,0.015841584158415842,0.5,fig2b,bw3dB_50ohm_GHz,BCB_thickness_um,GHz,digitized_paper_calculation,p2_2.jpeg
1075,227.5,1.7425742574257426,202.64285714285714,0.015841584158415842,0.5,fig2b,bw3dB_50ohm_GHz,BCB_thickness_um,GHz,digitized_paper_calculation,p2_2.jpeg
1076,227.5,1.7504950495049505,202.64285714285714,0.015841584158415842,0.5,fig2b,bw3dB_50ohm_GHz,BCB_thickness_um,GHz,digitized_paper_calculation,p2_2.jpeg
1077,227.5,1.7584158415841584,202.64285714285714,0.015841584158415842,0.5,fig2b,bw3dB_50ohm_GHz,BCB_thickness_um,GHz,digitized_paper_calculation,p2_2.jpeg
1078,227.5,1.7663366336633664,202.64285714285714,0.015841584158415842,0.5,fig2b,bw3dB_50ohm_GHz,BCB_thickness_um,GHz,digitized_paper_calculation,p2_2.jpeg
1079,228.5,1.7742574257425743,202.5,0.015841584158415842,0.5,fig2b,bw3dB_50ohm_GHz,BCB_thickness_um,GHz,digitized_paper_calculation,p2_2.jpeg
1080,228.5,1.7821782178217822,202.5,0.015841584158415842,0.5,fig2b,bw3dB_50ohm_GHz,BCB_thickness_um,GHz,digitized_paper_calculation,p2_2.jpeg
1081,228.5,1.7900990099009901,202.5,0.015841584158415842,0.5,fig2b,bw3dB_50ohm_GHz,BCB_thickness_um,GHz,digitized_paper_calculation,p2_2.jpeg
1082,228.5,1.798019801980198,202.5,0.015841584158415842,0.5,fig2b,bw3dB_50ohm_GHz,BCB_thickness_um,GHz,digitized_paper_calculation,p2_2.jpeg
1083,228.5,1.805940594059406,202.5,0.015841584158415842,0.5,fig2b,bw3dB_50ohm_GHz,BCB_thickness_um,GHz,digitized_paper_calculation,p2_2.jpeg
1084,228.5,1.813861386138614,202.5,0.015841584158415842,0.5,fig2b,bw3dB_50ohm_GHz,BCB_thickness_um,GHz,digitized_paper_calculation,p2_2.jpeg
1085,228.5,1.8217821782178218,202.5,0.015841584158415842,0.5,fig2b,bw3dB_50ohm_GHz,BCB_thickness_um,GHz,digitized_paper_calculation,p2_2.jpeg
1086,228.5,1.8297029702970298,202.5,0.015841584158415842,0.5,fig2b,bw3dB_50ohm_GHz,BCB_thickness_um,GHz,digitized_paper_calculation,p2_2.jpeg
1087,228.5,1.8376237623762377,202.5,0.015841584158415842,0.5,fig2b,bw3dB_50ohm_GHz,BCB_thickness_um,GHz,digitized_paper_calculation,p2_2.jpeg
1088,229.0,1.8455445544554456,202.42857142857144,0.015841584158415842,0.42857142857142855,fig2b,bw3dB_50ohm_GHz,BCB_thickness_um,GHz,digitized_paper_calculation,p2_2.jpeg
1089,229.5,1.8534653465346536,202.35714285714286,0.015841584158415842,0.5,fig2b,bw3dB_50ohm_GHz,BCB_thickness_um,GHz,digitized_paper_calculation,p2_2.jpeg
1090,229.5,1.8613861386138615,202.35714285714286,0.015841584158415842,0.5,fig2b,bw3dB_50ohm_GHz,BCB_thickness_um,GHz,digitized_paper_calculation,p2_2.jpeg
1091,229.5,1.8693069306930694,202.35714285714286,0.015841584158415842,0.5,fig2b,bw3dB_50ohm_GHz,BCB_thickness_um,GHz,digitized_paper_calculation,p2_2.jpeg
1092,229.5,1.8772277227722771,202.35714285714286,0.015841584158415842,0.5,fig2b,bw3dB_50ohm_GHz,BCB_thickness_um,GHz,digitized_paper_calculation,p2_2.jpeg
1093,229.5,1.885148514851485,202.35714285714286,0.015841584158415842,0.5,fig2b,bw3dB_50ohm_GHz,BCB_thickness_um,GHz,digitized_paper_calculation,p2_2.jpeg
1094,229.5,1.893069306930693,202.35714285714286,0.015841584158415842,0.5,fig2b,bw3dB_50ohm_GHz,BCB_thickness_um,GHz,digitized_paper_calculation,p2_2.jpeg
1095,229.5,1.900990099009901,202.35714285714286,0.015841584158415842,0.5,fig2b,bw3dB_50ohm_GHz,BCB_thickness_um,GHz,digitized_paper_calculation,p2_2.jpeg
1096,229.5,1.9089108910891088,202.35714285714286,0.015841584158415842,0.5,fig2b,bw3dB_50ohm_GHz,BCB_thickness_um,GHz,digitized_paper_calculation,p2_2.jpeg
1097,230.5,1.9168316831683168,202.21428571428572,0.015841584158415842,0.5,fig2b,bw3dB_50ohm_GHz,BCB_thickness_um,GHz,digitized_paper_calculation,p2_2.jpeg
1098,230.5,1.9247524752475247,202.21428571428572,0.015841584158415842,0.5,fig2b,bw3dB_50ohm_GHz,BCB_thickness_um,GHz,digitized_paper_calculation,p2_2.jpeg
1099,230.5,1.9326732673267326,202.21428571428572,0.015841584158415842,0.5,fig2b,bw3dB_50ohm_GHz,BCB_thickness_um,GHz,digitized_paper_calculation,p2_2.jpeg
1100,230.5,1.9405940594059405,202.21428571428572,0.015841584158415842,0.5,fig2b,bw3dB_50ohm_GHz,BCB_thickness_um,GHz,digitized_paper_calculation,p2_2.jpeg
1101,230.5,1.9485148514851485,202.21428571428572,0.015841584158415842,0.5,fig2b,bw3dB_50ohm_GHz,BCB_thickness_um,GHz,digitized_paper_calculation,p2_2.jpeg
1102,231.0,1.9564356435643564,202.14285714285714,0.015841584158415842,0.42857142857142855,fig2b,bw3dB_50ohm_GHz,BCB_thickness_um,GHz,digitized_paper_calculation,p2_2.jpeg
1103,231.5,1.9643564356435643,202.07142857142856,0.015841584158415842,0.5,fig2b,bw3dB_50ohm_GHz,BCB_thickness_um,GHz,digitized_paper_calculation,p2_2.jpeg
1104,231.5,1.9722772277227723,202.07142857142856,0.015841584158415842,0.5,fig2b,bw3dB_50ohm_GHz,BCB_thickness_um,GHz,digitized_paper_calculation,p2_2.jpeg
1105,231.5,1.9801980198019802,202.07142857142856,0.015841584158415842,0.5,fig2b,bw3dB_50ohm_GHz,BCB_thickness_um,GHz,digitized_paper_calculation,p2_2.jpeg
1106,231.5,1.988118811881188,202.07142857142856,0.015841584158415842,0.5,fig2b,bw3dB_50ohm_GHz,BCB_thickness_um,GHz,digitized_paper_calculation,p2_2.jpeg
1107,231.5,1.996039603960396,202.07142857142856,0.015841584158415842,0.5,fig2b,bw3dB_50ohm_GHz,BCB_thickness_um,GHz,digitized_paper_calculation,p2_2.jpeg
1108,232.5,2.003960396039604,201.92857142857144,0.015841584158415842,0.5,fig2b,bw3dB_50ohm_GHz,BCB_thickness_um,GHz,digitized_paper_calculation,p2_2.jpeg
1109,232.5,2.011881188118812,201.92857142857144,0.015841584158415842,0.5,fig2b,bw3dB_50ohm_GHz,BCB_thickness_um,GHz,digitized_paper_calculation,p2_2.jpeg
1110,232.5,2.01980198019802,201.92857142857144,0.015841584158415842,0.5,fig2b,bw3dB_50ohm_GHz,BCB_thickness_um,GHz,digitized_paper_calculation,p2_2.jpeg
1111,232.5,2.0277227722772277,201.92857142857144,0.015841584158415842,0.5,fig2b,bw3dB_50ohm_GHz,BCB_thickness_um,GHz,digitized_paper_calculation,p2_2.jpeg
1112,232.5,2.0356435643564357,201.92857142857144,0.015841584158415842,0.5,fig2b,bw3dB_50ohm_GHz,BCB_thickness_um,GHz,digitized_paper_calculation,p2_2.jpeg
1113,233.0,2.0435643564356436,201.85714285714286,0.015841584158415842,0.5714285714285714,fig2b,bw3dB_50ohm_GHz,BCB_thickness_um,GHz,digitized_paper_calculation,p2_2.jpeg
1114,233.5,2.0514851485148515,201.78571428571428,0.015841584158415842,0.5,fig2b,bw3dB_50ohm_GHz,BCB_thickness_um,GHz,digitized_paper_calculation,p2_2.jpeg
1115,233.5,2.0594059405940595,201.78571428571428,0.015841584158415842,0.5,fig2b,bw3dB_50ohm_GHz,BCB_thickness_um,GHz,digitized_paper_calculation,p2_2.jpeg
1116,233.5,2.0673267326732674,201.78571428571428,0.015841584158415842,0.5,fig2b,bw3dB_50ohm_GHz,BCB_thickness_um,GHz,digitized_paper_calculation,p2_2.jpeg
1117,233.5,2.0752475247524753,201.78571428571428,0.015841584158415842,0.5,fig2b,bw3dB_50ohm_GHz,BCB_thickness_um,GHz,digitized_paper_calculation,p2_2.jpeg
1118,234.5,2.0831683168316832,201.64285714285714,0.015841584158415842,0.5,fig2b,bw3dB_50ohm_GHz,BCB_thickness_um,GHz,digitized_paper_calculation,p2_2.jpeg
1119,234.5,2.091089108910891,201.64285714285714,0.015841584158415842,0.5,fig2b,bw3dB_50ohm_GHz,BCB_thickness_um,GHz,digitized_paper_calculation,p2_2.jpeg
1120,234.5,2.099009900990099,201.64285714285714,0.015841584158415842,0.5,fig2b,bw3dB_50ohm_GHz,BCB_thickness_um,GHz,digitized_paper_calculation,p2_2.jpeg
1121,234.5,2.106930693069307,201.64285714285714,0.015841584158415842,0.5,fig2b,bw3dB_50ohm_GHz,BCB_thickness_um,GHz,digitized_paper_calculation,p2_2.jpeg
1122,235.0,2.114851485148515,201.57142857142856,0.015841584158415842,0.5714285714285714,fig2b,bw3dB_50ohm_GHz,BCB_thickness_um,GHz,digitized_paper_calculation,p2_2.jpeg
1123,235.5,2.122772277227723,201.5,0.015841584158415842,0.5,fig2b,bw3dB_50ohm_GHz,BCB_thickness_um,GHz,digitized_paper_calculation,p2_2.jpeg
1124,235.5,2.130693069306931,201.5,0.015841584158415842,0.5,fig2b,bw3dB_50ohm_GHz,BCB_thickness_um,GHz,digitized_paper_calculation,p2_2.jpeg
1125,235.5,2.1386138613861387,201.5,0.015841584158415842,0.5,fig2b,bw3dB_50ohm_GHz,BCB_thickness_um,GHz,digitized_paper_calculation,p2_2.jpeg
1126,236.0,2.1465346534653467,201.42857142857144,0.015841584158415842,0.5714285714285714,fig2b,bw3dB_50ohm_GHz,BCB_thickness_um,GHz,digitized_paper_calculation,p2_2.jpeg
1127,236.5,2.1544554455445546,201.35714285714286,0.015841584158415842,0.5,fig2b,bw3dB_50ohm_GHz,BCB_thickness_um,GHz,digitized_paper_calculation,p2_2.jpeg
1128,236.5,2.1623762376237625,201.35714285714286,0.015841584158415842,0.5,fig2b,bw3dB_50ohm_GHz,BCB_thickness_um,GHz,digitized_paper_calculation,p2_2.jpeg
1129,236.5,2.1702970297029704,201.35714285714286,0.015841584158415842,0.5,fig2b,bw3dB_50ohm_GHz,BCB_thickness_um,GHz,digitized_paper_calculation,p2_2.jpeg
1130,237.5,2.1782178217821784,201.21428571428572,0.015841584158415842,0.5,fig2b,bw3dB_50ohm_GHz,BCB_thickness_um,GHz,digitized_paper_calculation,p2_2.jpeg
1131,237.5,2.1861386138613863,201.21428571428572,0.015841584158415842,0.5,fig2b,bw3dB_50ohm_GHz,BCB_thickness_um,GHz,digitized_paper_calculation,p2_2.jpeg
1132,237.5,2.1940594059405942,201.21428571428572,0.015841584158415842,0.5,fig2b,bw3dB_50ohm_GHz,BCB_thickness_um,GHz,digitized_paper_calculation,p2_2.jpeg
1133,237.5,2.201980198019802,201.21428571428572,0.015841584158415842,0.5,fig2b,bw3dB_50ohm_GHz,BCB_thickness_um,GHz,digitized_paper_calculation,p2_2.jpeg
1134,238.5,2.20990099009901,201.07142857142856,0.015841584158415842,0.5,fig2b,bw3dB_50ohm_GHz,BCB_thickness_um,GHz,digitized_paper_calculation,p2_2.jpeg
1135,238.5,2.217821782178218,201.07142857142856,0.015841584158415842,0.5,fig2b,bw3dB_50ohm_GHz,BCB_thickness_um,GHz,digitized_paper_calculation,p2_2.jpeg
1136,238.5,2.225742574257426,201.07142857142856,0.015841584158415842,0.5,fig2b,bw3dB_50ohm_GHz,BCB_thickness_um,GHz,digitized_paper_calculation,p2_2.jpeg
1137,238.5,2.233663366336634,201.07142857142856,0.015841584158415842,0.5,fig2b,bw3dB_50ohm_GHz,BCB_thickness_um,GHz,digitized_paper_calculation,p2_2.jpeg
1138,239.5,2.241584158415842,200.92857142857144,0.015841584158415842,0.5,fig2b,bw3dB_50ohm_GHz,BCB_thickness_um,GHz,digitized_paper_calculation,p2_2.jpeg
1139,239.5,2.2495049504950497,200.92857142857144,0.015841584158415842,0.5,fig2b,bw3dB_50ohm_GHz,BCB_thickness_um,GHz,digitized_paper_calculation,p2_2.jpeg
1140,239.5,2.257425742574257,200.92857142857144,0.015841584158415842,0.5,fig2b,bw3dB_50ohm_GHz,BCB_thickness_um,GHz,digitized_paper_calculation,p2_2.jpeg
1141,239.5,2.265346534653465,200.92857142857144,0.015841584158415842,0.5,fig2b,bw3dB_50ohm_GHz,BCB_thickness_um,GHz,digitized_paper_calculation,p2_2.jpeg
1142,240.5,2.273267326732673,200.78571428571428,0.015841584158415842,0.5,fig2b,bw3dB_50ohm_GHz,BCB_thickness_um,GHz,digitized_paper_calculation,p2_2.jpeg
1143,240.5,2.281188118811881,200.78571428571428,0.015841584158415842,0.5,fig2b,bw3dB_50ohm_GHz,BCB_thickness_um,GHz,digitized_paper_calculation,p2_2.jpeg
1144,240.5,2.289108910891089,200.78571428571428,0.015841584158415842,0.5,fig2b,bw3dB_50ohm_GHz,BCB_thickness_um,GHz,digitized_paper_calculation,p2_2.jpeg
1145,241.5,2.297029702970297,200.64285714285714,0.015841584158415842,0.5,fig2b,bw3dB_50ohm_GHz,BCB_thickness_um,GHz,digitized_paper_calculation,p2_2.jpeg
1146,241.5,2.3049504950495048,200.64285714285714,0.015841584158415842,0.5,fig2b,bw3dB_50ohm_GHz,BCB_thickness_um,GHz,digitized_paper_calculation,p2_2.jpeg
1147,241.5,2.3128712871287127,200.64285714285714,0.015841584158415842,0.5,fig2b,bw3dB_50ohm_GHz,BCB_thickness_um,GHz,digitized_paper_calculation,p2_2.jpeg
1148,242.0,2.3207920792079206,200.57142857142856,0.015841584158415842,0.5714285714285714,fig2b,bw3dB_50ohm_GHz,BCB_thickness_um,GHz,digitized_paper_calculation,p2_2.jpeg
1149,242.5,2.3287128712871286,200.5,0.015841584158415842,0.5,fig2b,bw3dB_50ohm_GHz,BCB_thickness_um,GHz,digitized_paper_calculation,p2_2.jpeg
1150,242.5,2.3366336633663365,200.5,0.015841584158415842,0.5,fig2b,bw3dB_50ohm_GHz,BCB_thickness_um,GHz,digitized_paper_calculation,p2_2.jpeg
1151,243.0,2.3445544554455444,200.42857142857144,0.015841584158415842,0.5714285714285714,fig2b,bw3dB_50ohm_GHz,BCB_thickness_um,GHz,digitized_paper_calculation,p2_2.jpeg
1152,243.5,2.3524752475247523,200.35714285714286,0.015841584158415842,0.5,fig2b,bw3dB_50ohm_GHz,BCB_thickness_um,GHz,digitized_paper_calculation,p2_2.jpeg
1153,243.5,2.3603960396039603,200.35714285714286,0.015841584158415842,0.5,fig2b,bw3dB_50ohm_GHz,BCB_thickness_um,GHz,digitized_paper_calculation,p2_2.jpeg
1154,244.5,2.368316831683168,200.21428571428572,0.015841584158415842,0.5,fig2b,bw3dB_50ohm_GHz,BCB_thickness_um,GHz,digitized_paper_calculation,p2_2.jpeg
1155,244.5,2.376237623762376,200.21428571428572,0.015841584158415842,0.5,fig2b,bw3dB_50ohm_GHz,BCB_thickness_um,GHz,digitized_paper_calculation,p2_2.jpeg
1156,244.5,2.384158415841584,200.21428571428572,0.015841584158415842,0.5,fig2b,bw3dB_50ohm_GHz,BCB_thickness_um,GHz,digitized_paper_calculation,p2_2.jpeg
1157,245.0,2.392079207920792,200.14285714285714,0.015841584158415842,0.5714285714285714,fig2b,bw3dB_50ohm_GHz,BCB_thickness_um,GHz,digitized_paper_calculation,p2_2.jpeg
1158,245.5,2.4,200.07142857142856,0.015841584158415842,0.5,fig2b,bw3dB_50ohm_GHz,BCB_thickness_um,GHz,digitized_paper_calculation,p2_2.jpeg
1159,245.5,2.407920792079208,200.07142857142856,0.015841584158415842,0.5,fig2b,bw3dB_50ohm_GHz,BCB_thickness_um,GHz,digitized_paper_calculation,p2_2.jpeg
1160,246.0,2.4158415841584158,200.0,0.015841584158415842,0.5714285714285714,fig2b,bw3dB_50ohm_GHz,BCB_thickness_um,GHz,digitized_paper_calculation,p2_2.jpeg
1161,246.5,2.4237623762376237,199.92857142857144,0.015841584158415842,0.5,fig2b,bw3dB_50ohm_GHz,BCB_thickness_um,GHz,digitized_paper_calculation,p2_2.jpeg
1162,246.5,2.4316831683168316,199.92857142857144,0.015841584158415842,0.5,fig2b,bw3dB_50ohm_GHz,BCB_thickness_um,GHz,digitized_paper_calculation,p2_2.jpeg
1163,247.5,2.4396039603960396,199.78571428571428,0.015841584158415842,0.5,fig2b,bw3dB_50ohm_GHz,BCB_thickness_um,GHz,digitized_paper_calculation,p2_2.jpeg
1164,247.5,2.4475247524752475,199.78571428571428,0.015841584158415842,0.5,fig2b,bw3dB_50ohm_GHz,BCB_thickness_um,GHz,digitized_paper_calculation,p2_2.jpeg
1165,247.5,2.4554455445544554,199.78571428571428,0.015841584158415842,0.5,fig2b,bw3dB_50ohm_GHz,BCB_thickness_um,GHz,digitized_paper_calculation,p2_2.jpeg
1166,248.5,2.4633663366336633,199.64285714285714,0.015841584158415842,0.5,fig2b,bw3dB_50ohm_GHz,BCB_thickness_um,GHz,digitized_paper_calculation,p2_2.jpeg
1167,248.5,2.4712871287128713,199.64285714285714,0.015841584158415842,0.5,fig2b,bw3dB_50ohm_GHz,BCB_thickness_um,GHz,digitized_paper_calculation,p2_2.jpeg
1168,249.0,2.479207920792079,199.57142857142856,0.015841584158415842,0.5714285714285714,fig2b,bw3dB_50ohm_GHz,BCB_thickness_um,GHz,digitized_paper_calculation,p2_2.jpeg
1169,249.5,2.487128712871287,199.5,0.015841584158415842,0.5,fig2b,bw3dB_50ohm_GHz,BCB_thickness_um,GHz,digitized_paper_calculation,p2_2.jpeg
1170,249.5,2.495049504950495,199.5,0.015841584158415842,0.5,fig2b,bw3dB_50ohm_GHz,BCB_thickness_um,GHz,digitized_paper_calculation,p2_2.jpeg
1171,250.0,2.502970297029703,199.42857142857144,0.015841584158415842,0.5714285714285714,fig2b,bw3dB_50ohm_GHz,BCB_thickness_um,GHz,digitized_paper_calculation,p2_2.jpeg
1172,250.5,2.510891089108911,199.35714285714286,0.015841584158415842,0.5,fig2b,bw3dB_50ohm_GHz,BCB_thickness_um,GHz,digitized_paper_calculation,p2_2.jpeg
1173,250.5,2.518811881188119,199.35714285714286,0.015841584158415842,0.5,fig2b,bw3dB_50ohm_GHz,BCB_thickness_um,GHz,digitized_paper_calculation,p2_2.jpeg
1174,251.5,2.5267326732673268,199.21428571428572,0.015841584158415842,0.5,fig2b,bw3dB_50ohm_GHz,BCB_thickness_um,GHz,digitized_paper_calculation,p2_2.jpeg
1175,251.5,2.5346534653465347,199.21428571428572,0.015841584158415842,0.5,fig2b,bw3dB_50ohm_GHz,BCB_thickness_um,GHz,digitized_paper_calculation,p2_2.jpeg
1176,251.5,2.5425742574257426,199.21428571428572,0.015841584158415842,0.5,fig2b,bw3dB_50ohm_GHz,BCB_thickness_um,GHz,digitized_paper_calculation,p2_2.jpeg
1177,252.5,2.5504950495049505,199.07142857142856,0.015841584158415842,0.5,fig2b,bw3dB_50ohm_GHz,BCB_thickness_um,GHz,digitized_paper_calculation,p2_2.jpeg
1178,252.5,2.5584158415841585,199.07142857142856,0.015841584158415842,0.5,fig2b,bw3dB_50ohm_GHz,BCB_thickness_um,GHz,digitized_paper_calculation,p2_2.jpeg
1179,253.0,2.5663366336633664,199.0,0.015841584158415842,0.5714285714285714,fig2b,bw3dB_50ohm_GHz,BCB_thickness_um,GHz,digitized_paper_calculation,p2_2.jpeg
1180,253.5,2.5742574257425743,198.92857142857144,0.015841584158415842,0.5,fig2b,bw3dB_50ohm_GHz,BCB_thickness_um,GHz,digitized_paper_calculation,p2_2.jpeg
1181,253.5,2.5821782178217823,198.92857142857144,0.015841584158415842,0.5,fig2b,bw3dB_50ohm_GHz,BCB_thickness_um,GHz,digitized_paper_calculation,p2_2.jpeg
1182,254.0,2.59009900990099,198.85714285714286,0.015841584158415842,0.5714285714285714,fig2b,bw3dB_50ohm_GHz,BCB_thickness_um,GHz,digitized_paper_calculation,p2_2.jpeg
1183,254.5,2.598019801980198,198.78571428571428,0.015841584158415842,0.5,fig2b,bw3dB_50ohm_GHz,BCB_thickness_um,GHz,digitized_paper_calculation,p2_2.jpeg
1184,254.5,2.605940594059406,198.78571428571428,0.015841584158415842,0.5,fig2b,bw3dB_50ohm_GHz,BCB_thickness_um,GHz,digitized_paper_calculation,p2_2.jpeg
1185,255.5,2.613861386138614,198.64285714285714,0.015841584158415842,0.5,fig2b,bw3dB_50ohm_GHz,BCB_thickness_um,GHz,digitized_paper_calculation,p2_2.jpeg
1265,289.0,3.2475247524752477,193.85714285714286,0.015841584158415842,0.5714285714285714,fig2b,bw3dB_50ohm_GHz,BCB_thickness_um,GHz,digitized_paper_calculation,p2_2.jpeg
1266,289.5,3.2554455445544552,193.78571428571428,0.015841584158415842,0.5,fig2b,bw3dB_50ohm_GHz,BCB_thickness_um,GHz,digitized_paper_calculation,p2_2.jpeg
1267,290.0,3.263366336633663,193.71428571428572,0.015841584158415842,0.5714285714285714,fig2b,bw3dB_50ohm_GHz,BCB_thickness_um,GHz,digitized_paper_calculation,p2_2.jpeg
1268,290.5,3.271287128712871,193.64285714285714,0.015841584158415842,0.5,fig2b,bw3dB_50ohm_GHz,BCB_thickness_um,GHz,digitized_paper_calculation,p2_2.jpeg
1269,290.5,3.279207920792079,193.64285714285714,0.015841584158415842,0.5,fig2b,bw3dB_50ohm_GHz,BCB_thickness_um,GHz,digitized_paper_calculation,p2_2.jpeg
1270,291.0,3.287128712871287,193.57142857142856,0.015841584158415842,0.5714285714285714,fig2b,bw3dB_50ohm_GHz,BCB_thickness_um,GHz,digitized_paper_calculation,p2_2.jpeg
1271,291.5,3.295049504950495,193.5,0.015841584158415842,0.5,fig2b,bw3dB_50ohm_GHz,BCB_thickness_um,GHz,digitized_paper_calculation,p2_2.jpeg
1272,292.0,3.302970297029703,193.42857142857144,0.015841584158415842,0.5714285714285714,fig2b,bw3dB_50ohm_GHz,BCB_thickness_um,GHz,digitized_paper_calculation,p2_2.jpeg
1273,292.5,3.3108910891089107,193.35714285714286,0.015841584158415842,0.5,fig2b,bw3dB_50ohm_GHz,BCB_thickness_um,GHz,digitized_paper_calculation,p2_2.jpeg
1274,292.5,3.3188118811881187,193.35714285714286,0.015841584158415842,0.5,fig2b,bw3dB_50ohm_GHz,BCB_thickness_um,GHz,digitized_paper_calculation,p2_2.jpeg
1275,293.0,3.3267326732673266,193.28571428571428,0.015841584158415842,0.5714285714285714,fig2b,bw3dB_50ohm_GHz,BCB_thickness_um,GHz,digitized_paper_calculation,p2_2.jpeg
1276,293.5,3.3346534653465345,193.21428571428572,0.015841584158415842,0.5,fig2b,bw3dB_50ohm_GHz,BCB_thickness_um,GHz,digitized_paper_calculation,p2_2.jpeg
1277,294.0,3.3425742574257424,193.14285714285714,0.015841584158415842,0.5714285714285714,fig2b,bw3dB_50ohm_GHz,BCB_thickness_um,GHz,digitized_paper_calculation,p2_2.jpeg
1278,294.5,3.3504950495049504,193.07142857142856,0.015841584158415842,0.5,fig2b,bw3dB_50ohm_GHz,BCB_thickness_um,GHz,digitized_paper_calculation,p2_2.jpeg
1279,294.5,3.3584158415841583,193.07142857142856,0.015841584158415842,0.5,fig2b,bw3dB_50ohm_GHz,BCB_thickness_um,GHz,digitized_paper_calculation,p2_2.jpeg
1280,295.5,3.366336633663366,192.92857142857144,0.015841584158415842,0.5,fig2b,bw3dB_50ohm_GHz,BCB_thickness_um,GHz,digitized_paper_calculation,p2_2.jpeg
1281,295.5,3.374257425742574,192.92857142857144,0.015841584158415842,0.5,fig2b,bw3dB_50ohm_GHz,BCB_thickness_um,GHz,digitized_paper_calculation,p2_2.jpeg
1282,296.0,3.382178217821782,192.85714285714286,0.015841584158415842,0.5714285714285714,fig2b,bw3dB_50ohm_GHz,BCB_thickness_um,GHz,digitized_paper_calculation,p2_2.jpeg
1283,296.5,3.39009900990099,192.78571428571428,0.015841584158415842,0.5,fig2b,bw3dB_50ohm_GHz,BCB_thickness_um,GHz,digitized_paper_calculation,p2_2.jpeg
1284,296.5,3.398019801980198,192.78571428571428,0.015841584158415842,0.5,fig2b,bw3dB_50ohm_GHz,BCB_thickness_um,GHz,digitized_paper_calculation,p2_2.jpeg
1285,297.5,3.405940594059406,192.64285714285714,0.015841584158415842,0.5,fig2b,bw3dB_50ohm_GHz,BCB_thickness_um,GHz,digitized_paper_calculation,p2_2.jpeg
1286,297.5,3.413861386138614,192.64285714285714,0.015841584158415842,0.5,fig2b,bw3dB_50ohm_GHz,BCB_thickness_um,GHz,digitized_paper_calculation,p2_2.jpeg
1287,298.0,3.4217821782178217,192.57142857142856,0.015841584158415842,0.5714285714285714,fig2b,bw3dB_50ohm_GHz,BCB_thickness_um,GHz,digitized_paper_calculation,p2_2.jpeg
1288,298.5,3.4297029702970296,192.5,0.015841584158415842,0.5,fig2b,bw3dB_50ohm_GHz,BCB_thickness_um,GHz,digitized_paper_calculation,p2_2.jpeg
1289,298.5,3.4376237623762376,192.5,0.015841584158415842,0.5,fig2b,bw3dB_50ohm_GHz,BCB_thickness_um,GHz,digitized_paper_calculation,p2_2.jpeg
1290,299.5,3.4455445544554455,192.35714285714286,0.015841584158415842,0.5,fig2b,bw3dB_50ohm_GHz,BCB_thickness_um,GHz,digitized_paper_calculation,p2_2.jpeg
1291,299.5,3.4534653465346534,192.35714285714286,0.015841584158415842,0.5,fig2b,bw3dB_50ohm_GHz,BCB_thickness_um,GHz,digitized_paper_calculation,p2_2.jpeg
1292,300.0,3.4613861386138614,192.28571428571428,0.015841584158415842,0.5714285714285714,fig2b,bw3dB_50ohm_GHz,BCB_thickness_um,GHz,digitized_paper_calculation,p2_2.jpeg
1293,300.5,3.4693069306930693,192.21428571428572,0.015841584158415842,0.5,fig2b,bw3dB_50ohm_GHz,BCB_thickness_um,GHz,digitized_paper_calculation,p2_2.jpeg
1294,300.5,3.477227722772277,192.21428571428572,0.015841584158415842,0.5,fig2b,bw3dB_50ohm_GHz,BCB_thickness_um,GHz,digitized_paper_calculation,p2_2.jpeg
1295,301.5,3.485148514851485,192.07142857142856,0.015841584158415842,0.5,fig2b,bw3dB_50ohm_GHz,BCB_thickness_um,GHz,digitized_paper_calculation,p2_2.jpeg
1296,301.5,3.493069306930693,192.07142857142856,0.015841584158415842,0.5,fig2b,bw3dB_50ohm_GHz,BCB_thickness_um,GHz,digitized_paper_calculation,p2_2.jpeg
1297,302.0,3.500990099009901,192.0,0.015841584158415842,0.5714285714285714,fig2b,bw3dB_50ohm_GHz,BCB_thickness_um,GHz,digitized_paper_calculation,p2_2.jpeg
1298,302.5,3.508910891089109,191.92857142857142,0.015841584158415842,0.5,fig2b,bw3dB_50ohm_GHz,BCB_thickness_um,GHz,digitized_paper_calculation,p2_2.jpeg
1299,302.5,3.516831683168317,191.92857142857142,0.015841584158415842,0.5,fig2b,bw3dB_50ohm_GHz,BCB_thickness_um,GHz,digitized_paper_calculation,p2_2.jpeg
1300,303.5,3.5247524752475248,191.78571428571428,0.015841584158415842,0.5,fig2b,bw3dB_50ohm_GHz,BCB_thickness_um,GHz,digitized_paper_calculation,p2_2.jpeg
1301,303.5,3.5326732673267327,191.78571428571428,0.015841584158415842,0.5,fig2b,bw3dB_50ohm_GHz,BCB_thickness_um,GHz,digitized_paper_calculation,p2_2.jpeg
1302,303.5,3.5405940594059406,191.78571428571428,0.015841584158415842,0.5,fig2b,bw3dB_50ohm_GHz,BCB_thickness_um,GHz,digitized_paper_calculation,p2_2.jpeg
1303,304.5,3.5485148514851486,191.64285714285714,0.015841584158415842,0.5,fig2b,bw3dB_50ohm_GHz,BCB_thickness_um,GHz,digitized_paper_calculation,p2_2.jpeg
1304,304.5,3.5564356435643565,191.64285714285714,0.015841584158415842,0.5,fig2b,bw3dB_50ohm_GHz,BCB_thickness_um,GHz,digitized_paper_calculation,p2_2.jpeg
1305,305.0,3.5643564356435644,191.57142857142858,0.015841584158415842,0.5714285714285714,fig2b,bw3dB_50ohm_GHz,BCB_thickness_um,GHz,digitized_paper_calculation,p2_2.jpeg
1306,305.5,3.5722772277227723,191.5,0.015841584158415842,0.5,fig2b,bw3dB_50ohm_GHz,BCB_thickness_um,GHz,digitized_paper_calculation,p2_2.jpeg
1307,305.5,3.5801980198019803,191.5,0.015841584158415842,0.5,fig2b,bw3dB_50ohm_GHz,BCB_thickness_um,GHz,digitized_paper_calculation,p2_2.jpeg
1308,306.5,3.588118811881188,191.35714285714286,0.015841584158415842,0.5,fig2b,bw3dB_50ohm_GHz,BCB_thickness_um,GHz,digitized_paper_calculation,p2_2.jpeg
1309,306.5,3.596039603960396,191.35714285714286,0.015841584158415842,0.5,fig2b,bw3dB_50ohm_GHz,BCB_thickness_um,GHz,digitized_paper_calculation,p2_2.jpeg
1310,307.0,3.603960396039604,191.28571428571428,0.015841584158415842,0.5714285714285714,fig2b,bw3dB_50ohm_GHz,BCB_thickness_um,GHz,digitized_paper_calculation,p2_2.jpeg
1311,307.5,3.611881188118812,191.21428571428572,0.015841584158415842,0.5,fig2b,bw3dB_50ohm_GHz,BCB_thickness_um,GHz,digitized_paper_calculation,p2_2.jpeg
1312,307.5,3.61980198019802,191.21428571428572,0.015841584158415842,0.5,fig2b,bw3dB_50ohm_GHz,BCB_thickness_um,GHz,digitized_paper_calculation,p2_2.jpeg
1313,308.0,3.627722772277228,191.14285714285714,0.015841584158415842,0.5714285714285714,fig2b,bw3dB_50ohm_GHz,BCB_thickness_um,GHz,digitized_paper_calculation,p2_2.jpeg
1314,308.5,3.6356435643564358,191.07142857142858,0.015841584158415842,0.5,fig2b,bw3dB_50ohm_GHz,BCB_thickness_um,GHz,digitized_paper_calculation,p2_2.jpeg
1315,308.5,3.6435643564356437,191.07142857142858,0.015841584158415842,0.5,fig2b,bw3dB_50ohm_GHz,BCB_thickness_um,GHz,digitized_paper_calculation,p2_2.jpeg
1316,309.5,3.6514851485148516,190.92857142857142,0.015841584158415842,0.5,fig2b,bw3dB_50ohm_GHz,BCB_thickness_um,GHz,digitized_paper_calculation,p2_2.jpeg
1317,309.5,3.6594059405940595,190.92857142857142,0.015841584158415842,0.5,fig2b,bw3dB_50ohm_GHz,BCB_thickness_um,GHz,digitized_paper_calculation,p2_2.jpeg
1318,310.0,3.6673267326732675,190.85714285714286,0.015841584158415842,0.5714285714285714,fig2b,bw3dB_50ohm_GHz,BCB_thickness_um,GHz,digitized_paper_calculation,p2_2.jpeg
1319,310.5,3.6752475247524754,190.78571428571428,0.015841584158415842,0.5,fig2b,bw3dB_50ohm_GHz,BCB_thickness_um,GHz,digitized_paper_calculation,p2_2.jpeg
1320,310.5,3.6831683168316833,190.78571428571428,0.015841584158415842,0.5,fig2b,bw3dB_50ohm_GHz,BCB_thickness_um,GHz,digitized_paper_calculation,p2_2.jpeg
1321,311.5,3.6910891089108913,190.64285714285714,0.015841584158415842,0.5,fig2b,bw3dB_50ohm_GHz,BCB_thickness_um,GHz,digitized_paper_calculation,p2_2.jpeg
1322,311.5,3.699009900990099,190.64285714285714,0.015841584158415842,0.5,fig2b,bw3dB_50ohm_GHz,BCB_thickness_um,GHz,digitized_paper_calculation,p2_2.jpeg
1323,311.5,3.706930693069307,190.64285714285714,0.015841584158415842,0.5,fig2b,bw3dB_50ohm_GHz,BCB_thickness_um,GHz,digitized_paper_calculation,p2_2.jpeg
1324,312.5,3.714851485148515,190.5,0.015841584158415842,0.5,fig2b,bw3dB_50ohm_GHz,BCB_thickness_um,GHz,digitized_paper_calculation,p2_2.jpeg
1325,312.5,3.722772277227723,190.5,0.015841584158415842,0.5,fig2b,bw3dB_50ohm_GHz,BCB_thickness_um,GHz,digitized_paper_calculation,p2_2.jpeg
1326,312.5,3.730693069306931,190.5,0.015841584158415842,0.5,fig2b,bw3dB_50ohm_GHz,BCB_thickness_um,GHz,digitized_paper_calculation,p2_2.jpeg
1327,313.0,3.738613861386139,190.42857142857142,0.015841584158415842,0.5714285714285714,fig2b,bw3dB_50ohm_GHz,BCB_thickness_um,GHz,digitized_paper_calculation,p2_2.jpeg
1328,313.5,3.7465346534653468,190.35714285714286,0.015841584158415842,0.5,fig2b,bw3dB_50ohm_GHz,BCB_thickness_um,GHz,digitized_paper_calculation,p2_2.jpeg
1329,313.5,3.7544554455445542,190.35714285714286,0.015841584158415842,0.5,fig2b,bw3dB_50ohm_GHz,BCB_thickness_um,GHz,digitized_paper_calculation,p2_2.jpeg
1330,314.0,3.762376237623762,190.28571428571428,0.015841584158415842,0.5714285714285714,fig2b,bw3dB_50ohm_GHz,BCB_thickness_um,GHz,digitized_paper_calculation,p2_2.jpeg
1331,314.0,3.77029702970297,190.28571428571428,0.015841584158415842,0.42857142857142855,fig2b,bw3dB_50ohm_GHz,BCB_thickness_um,GHz,digitized_paper_calculation,p2_2.jpeg
1332,314.5,3.778217821782178,190.21428571428572,0.015841584158415842,0.5,fig2b,bw3dB_50ohm_GHz,BCB_thickness_um,GHz,digitized_paper_calculation,p2_2.jpeg
1333,314.5,3.786138613861386,190.21428571428572,0.015841584158415842,0.5,fig2b,bw3dB_50ohm_GHz,BCB_thickness_um,GHz,digitized_paper_calculation,p2_2.jpeg
1334,315.5,3.794059405940594,190.07142857142858,0.015841584158415842,0.5,fig2b,bw3dB_50ohm_GHz,BCB_thickness_um,GHz,digitized_paper_calculation,p2_2.jpeg
1335,315.5,3.801980198019802,190.07142857142858,0.015841584158415842,0.5,fig2b,bw3dB_50ohm_GHz,BCB_thickness_um,GHz,digitized_paper_calculation,p2_2.jpeg
1336,316.0,3.8099009900990097,190.0,0.015841584158415842,0.42857142857142855,fig2b,bw3dB_50ohm_GHz,BCB_thickness_um,GHz,digitized_paper_calculation,p2_2.jpeg
1337,316.5,3.8178217821782177,189.92857142857142,0.015841584158415842,0.5,fig2b,bw3dB_50ohm_GHz,BCB_thickness_um,GHz,digitized_paper_calculation,p2_2.jpeg
1338,316.5,3.8257425742574256,189.92857142857142,0.015841584158415842,0.5,fig2b,bw3dB_50ohm_GHz,BCB_thickness_um,GHz,digitized_paper_calculation,p2_2.jpeg
1339,317.0,3.8336633663366335,189.85714285714286,0.015841584158415842,0.42857142857142855,fig2b,bw3dB_50ohm_GHz,BCB_thickness_um,GHz,digitized_paper_calculation,p2_2.jpeg
1340,317.5,3.8415841584158414,189.78571428571428,0.015841584158415842,0.5,fig2b,bw3dB_50ohm_GHz,BCB_thickness_um,GHz,digitized_paper_calculation,p2_2.jpeg
1341,317.5,3.8495049504950494,189.78571428571428,0.015841584158415842,0.5,fig2b,bw3dB_50ohm_GHz,BCB_thickness_um,GHz,digitized_paper_calculation,p2_2.jpeg
1342,317.5,3.8574257425742573,189.78571428571428,0.015841584158415842,0.5,fig2b,bw3dB_50ohm_GHz,BCB_thickness_um,GHz,digitized_paper_calculation,p2_2.jpeg
1343,318.0,3.8653465346534652,189.71428571428572,0.015841584158415842,0.42857142857142855,fig2b,bw3dB_50ohm_GHz,BCB_thickness_um,GHz,digitized_paper_calculation,p2_2.jpeg
1344,318.5,3.873267326732673,189.64285714285714,0.015841584158415842,0.5,fig2b,bw3dB_50ohm_GHz,BCB_thickness_um,GHz,digitized_paper_calculation,p2_2.jpeg
1345,318.5,3.881188118811881,189.64285714285714,0.015841584158415842,0.5,fig2b,bw3dB_50ohm_GHz,BCB_thickness_um,GHz,digitized_paper_calculation,p2_2.jpeg
1346,319.0,3.889108910891089,189.57142857142858,0.015841584158415842,0.42857142857142855,fig2b,bw3dB_50ohm_GHz,BCB_thickness_um,GHz,digitized_paper_calculation,p2_2.jpeg
1347,319.5,3.897029702970297,189.5,0.015841584158415842,0.5,fig2b,bw3dB_50ohm_GHz,BCB_thickness_um,GHz,digitized_paper_calculation,p2_2.jpeg
1348,319.5,3.904950495049505,189.5,0.015841584158415842,0.5,fig2b,bw3dB_50ohm_GHz,BCB_thickness_um,GHz,digitized_paper_calculation,p2_2.jpeg
1349,319.5,3.912871287128713,189.5,0.015841584158415842,0.5,fig2b,bw3dB_50ohm_GHz,BCB_thickness_um,GHz,digitized_paper_calculation,p2_2.jpeg
432,312.5,51.7467248908297,0.4389632107023411,0.4366812227074236,0.01254180602006689,fig3a_main,20,frequency_GHz,V,digitized_paper_calculation,p3_0.png
433,313.0,51.96506550218341,0.43645484949832775,0.4366812227074236,0.015050167224080268,fig3a_main,20,frequency_GHz,V,digitized_paper_calculation,p3_0.png
434,313.0,52.18340611353712,0.43645484949832775,0.4366812227074236,0.015050167224080268,fig3a_main,20,frequency_GHz,V,digitized_paper_calculation,p3_0.png
435,313.5,52.40174672489083,0.43394648829431437,0.4366812227074236,0.01254180602006689,fig3a_main,20,frequency_GHz,V,digitized_paper_calculation,p3_0.png
436,313.5,52.620087336244545,0.43394648829431437,0.4366812227074236,0.01254180602006689,fig3a_main,20,frequency_GHz,V,digitized_paper_calculation,p3_0.png
437,313.5,52.838427947598255,0.43394648829431437,0.4366812227074236,0.01254180602006689,fig3a_main,20,frequency_GHz,V,digitized_paper_calculation,p3_0.png
438,313.5,53.056768558951966,0.43394648829431437,0.4366812227074236,0.01254180602006689,fig3a_main,20,frequency_GHz,V,digitized_paper_calculation,p3_0.png
439,313.5,53.275109170305676,0.43394648829431437,0.4366812227074236,0.01254180602006689,fig3a_main,20,frequency_GHz,V,digitized_paper_calculation,p3_0.png
440,314.0,53.493449781659386,0.431438127090301,0.4366812227074236,0.010033444816053512,fig3a_main,20,frequency_GHz,V,digitized_paper_calculation,p3_0.png
441,314.0,53.7117903930131,0.431438127090301,0.4366812227074236,0.010033444816053512,fig3a_main,20,frequency_GHz,V,digitized_paper_calculation,p3_0.png
442,314.0,53.930131004366814,0.431438127090301,0.4366812227074236,0.015050167224080268,fig3a_main,20,frequency_GHz,V,digitized_paper_calculation,p3_0.png
443,314.5,54.148471615720524,0.4289297658862876,0.4366812227074236,0.01254180602006689,fig3a_main,20,frequency_GHz,V,digitized_paper_calculation,p3_0.png
444,314.5,54.366812227074234,0.4289297658862876,0.4366812227074236,0.01254180602006689,fig3a_main,20,frequency_GHz,V,digitized_paper_calculation,p3_0.png
445,314.5,54.585152838427945,0.4289297658862876,0.4366812227074236,0.01254180602006689,fig3a_main,20,frequency_GHz,V,digitized_paper_calculation,p3_0.png
446,314.5,54.80349344978166,0.4289297658862876,0.4366812227074236,0.01254180602006689,fig3a_main,20,frequency_GHz,V,digitized_paper_calculation,p3_0.png
447,314.5,55.02183406113537,0.4289297658862876,0.4366812227074236,0.01254180602006689,fig3a_main,20,frequency_GHz,V,digitized_paper_calculation,p3_0.png
448,315.0,55.24017467248908,0.42642140468227424,0.4366812227074236,0.010033444816053512,fig3a_main,20,frequency_GHz,V,digitized_paper_calculation,p3_0.png
449,315.0,55.45851528384279,0.42642140468227424,0.4366812227074236,0.010033444816053512,fig3a_main,20,frequency_GHz,V,digitized_paper_calculation,p3_0.png
450,315.0,55.6768558951965,0.42642140468227424,0.4366812227074236,0.010033444816053512,fig3a_main,20,frequency_GHz,V,digitized_paper_calculation,p3_0.png
451,315.5,55.89519650655022,0.42391304347826086,0.4366812227074236,0.01254180602006689,fig3a_main,20,frequency_GHz,V,digitized_paper_calculation,p3_0.png
452,315.5,56.11353711790393,0.42391304347826086,0.4366812227074236,0.01254180602006689,fig3a_main,20,frequency_GHz,V,digitized_paper_calculation,p3_0.png
453,315.5,56.33187772925764,0.42391304347826086,0.4366812227074236,0.01254180602006689,fig3a_main,20,frequency_GHz,V,digitized_paper_calculation,p3_0.png
454,315.5,56.55021834061135,0.42391304347826086,0.4366812227074236,0.01254180602006689,fig3a_main,20,frequency_GHz,V,digitized_paper_calculation,p3_0.png
455,315.5,56.76855895196506,0.42391304347826086,0.4366812227074236,0.01254180602006689,fig3a_main,20,frequency_GHz,V,digitized_paper_calculation,p3_0.png
456,315.5,56.98689956331878,0.42391304347826086,0.4366812227074236,0.01254180602006689,fig3a_main,20,frequency_GHz,V,digitized_paper_calculation,p3_0.png
457,315.5,57.20524017467249,0.42391304347826086,0.4366812227074236,0.01254180602006689,fig3a_main,20,frequency_GHz,V,digitized_paper_calculation,p3_0.png
458,315.0,57.4235807860262,0.42642140468227424,0.4366812227074236,0.010033444816053512,fig3a_main,20,frequency_GHz,V,digitized_paper_calculation,p3_0.png
459,315.0,57.64192139737991,0.42642140468227424,0.4366812227074236,0.010033444816053512,fig3a_main,20,frequency_GHz,V,digitized_paper_calculation,p3_0.png
460,315.0,57.86026200873363,0.42642140468227424,0.4366812227074236,0.010033444816053512,fig3a_main,20,frequency_GHz,V,digitized_paper_calculation,p3_0.png
461,314.5,58.07860262008734,0.4289297658862876,0.4366812227074236,0.01254180602006689,fig3a_main,20,frequency_GHz,V,digitized_paper_calculation,p3_0.png
462,314.5,58.29694323144105,0.4289297658862876,0.4366812227074236,0.01254180602006689,fig3a_main,20,frequency_GHz,V,digitized_paper_calculation,p3_0.png
463,315.0,58.51528384279476,0.42642140468227424,0.4366812227074236,0.010033444816053512,fig3a_main,20,frequency_GHz,V,digitized_paper_calculation,p3_0.png
464,315.0,58.73362445414847,0.42642140468227424,0.4366812227074236,0.010033444816053512,fig3a_main,20,frequency_GHz,V,digitized_paper_calculation,p3_0.png
465,314.5,58.951965065502186,0.4289297658862876,0.4366812227074236,0.01254180602006689,fig3a_main,20,frequency_GHz,V,digitized_paper_calculation,p3_0.png
466,314.5,59.1703056768559,0.4289297658862876,0.4366812227074236,0.01254180602006689,fig3a_main,20,frequency_GHz,V,digitized_paper_calculation,p3_0.png
467,314.5,59.38864628820961,0.4289297658862876,0.4366812227074236,0.01254180602006689,fig3a_main,20,frequency_GHz,V,digitized_paper_calculation,p3_0.png
468,314.5,59.60698689956332,0.4289297658862876,0.4366812227074236,0.01254180602006689,fig3a_main,20,frequency_GHz,V,digitized_paper_calculation,p3_0.png
469,314.5,59.82532751091703,0.4289297658862876,0.4366812227074236,0.01254180602006689,fig3a_main,20,frequency_GHz,V,digitized_paper_calculation,p3_0.png
470,314.5,60.043668122270745,0.4289297658862876,0.4366812227074236,0.01254180602006689,fig3a_main,20,frequency_GHz,V,digitized_paper_calculation,p3_0.png
471,314.5,60.262008733624455,0.4289297658862876,0.4366812227074236,0.01254180602006689,fig3a_main,20,frequency_GHz,V,digitized_paper_calculation,p3_0.png
472,314.5,60.480349344978166,0.4289297658862876,0.4366812227074236,0.01254180602006689,fig3a_main,20,frequency_GHz,V,digitized_paper_calculation,p3_0.png
473,314.0,60.698689956331876,0.431438127090301,0.4366812227074236,0.015050167224080268,fig3a_main,20,frequency_GHz,V,digitized_paper_calculation,p3_0.png
474,314.5,60.917030567685586,0.4289297658862876,0.4366812227074236,0.01254180602006689,fig3a_main,20,frequency_GHz,V,digitized_paper_calculation,p3_0.png
475,314.0,61.1353711790393,0.431438127090301,0.4366812227074236,0.010033444816053512,fig3a_main,20,frequency_GHz,V,digitized_paper_calculation,p3_0.png
476,314.0,61.353711790393014,0.431438127090301,0.4366812227074236,0.010033444816053512,fig3a_main,20,frequency_GHz,V,digitized_paper_calculation,p3_0.png
477,314.0,61.572052401746724,0.431438127090301,0.4366812227074236,0.010033444816053512,fig3a_main,20,frequency_GHz,V,digitized_paper_calculation,p3_0.png
478,314.0,61.790393013100434,0.431438127090301,0.4366812227074236,0.010033444816053512,fig3a_main,20,frequency_GHz,V,digitized_paper_calculation,p3_0.png
479,314.0,62.00873362445415,0.431438127090301,0.4366812227074236,0.010033444816053512,fig3a_main,20,frequency_GHz,V,digitized_paper_calculation,p3_0.png
480,314.0,62.22707423580786,0.431438127090301,0.4366812227074236,0.010033444816053512,fig3a_main,20,frequency_GHz,V,digitized_paper_calculation,p3_0.png
481,314.0,62.44541484716157,0.431438127090301,0.4366812227074236,0.010033444816053512,fig3a_main,20,frequency_GHz,V,digitized_paper_calculation,p3_0.png
482,314.0,62.66375545851528,0.431438127090301,0.4366812227074236,0.010033444816053512,fig3a_main,20,frequency_GHz,V,digitized_paper_calculation,p3_0.png
483,313.5,62.88209606986899,0.43394648829431437,0.4366812227074236,0.01254180602006689,fig3a_main,20,frequency_GHz,V,digitized_paper_calculation,p3_0.png
484,314.0,63.10043668122271,0.431438127090301,0.4366812227074236,0.015050167224080268,fig3a_main,20,frequency_GHz,V,digitized_paper_calculation,p3_0.png
485,314.5,63.31877729257642,0.4289297658862876,0.4366812227074236,0.01254180602006689,fig3a_main,20,frequency_GHz,V,digitized_paper_calculation,p3_0.png
486,314.5,63.53711790393013,0.4289297658862876,0.4366812227074236,0.01254180602006689,fig3a_main,20,frequency_GHz,V,digitized_paper_calculation,p3_0.png
487,314.5,63.75545851528384,0.4289297658862876,0.4366812227074236,0.01254180602006689,fig3a_main,20,frequency_GHz,V,digitized_paper_calculation,p3_0.png
488,314.5,63.97379912663755,0.4289297658862876,0.4366812227074236,0.01254180602006689,fig3a_main,20,frequency_GHz,V,digitized_paper_calculation,p3_0.png
489,314.5,64.19213973799127,0.4289297658862876,0.4366812227074236,0.01254180602006689,fig3a_main,20,frequency_GHz,V,digitized_paper_calculation,p3_0.png
490,314.5,64.41048034934498,0.4289297658862876,0.4366812227074236,0.01254180602006689,fig3a_main,20,frequency_GHz,V,digitized_paper_calculation,p3_0.png
491,314.5,64.62882096069869,0.4289297658862876,0.4366812227074236,0.01254180602006689,fig3a_main,20,frequency_GHz,V,digitized_paper_calculation,p3_0.png
492,314.5,64.8471615720524,0.4289297658862876,0.4366812227074236,0.01254180602006689,fig3a_main,20,frequency_GHz,V,digitized_paper_calculation,p3_0.png
493,314.5,65.06550218340611,0.4289297658862876,0.4366812227074236,0.01254180602006689,fig3a_main,20,frequency_GHz,V,digitized_paper_calculation,p3_0.png
494,315.0,65.28384279475982,0.42642140468227424,0.4366812227074236,0.010033444816053512,fig3a_main,20,frequency_GHz,V,digitized_paper_calculation,p3_0.png
495,315.0,65.50218340611353,0.42642140468227424,0.4366812227074236,0.010033444816053512,fig3a_main,20,frequency_GHz,V,digitized_paper_calculation,p3_0.png
496,315.0,65.72052401746726,0.42642140468227424,0.4366812227074236,0.010033444816053512,fig3a_main,20,frequency_GHz,V,digitized_paper_calculation,p3_0.png
497,315.0,65.93886462882097,0.42642140468227424,0.4366812227074236,0.010033444816053512,fig3a_main,20,frequency_GHz,V,digitized_paper_calculation,p3_0.png
498,315.0,66.15720524017468,0.42642140468227424,0.4366812227074236,0.010033444816053512,fig3a_main,20,frequency_GHz,V,digitized_paper_calculation,p3_0.png
499,314.5,66.37554585152839,0.4289297658862876,0.4366812227074236,0.01254180602006689,fig3a_main,20,frequency_GHz,V,digitized_paper_calculation,p3_0.png
500,314.5,66.5938864628821,0.4289297658862876,0.4366812227074236,0.01254180602006689,fig3a_main,20,frequency_GHz,V,digitized_paper_calculation,p3_0.png
501,314.5,66.8122270742358,0.4289297658862876,0.4366812227074236,0.01254180602006689,fig3a_main,20,frequency_GHz,V,digitized_paper_calculation,p3_0.png
502,314.5,67.03056768558952,0.4289297658862876,0.4366812227074236,0.01254180602006689,fig3a_main,20,frequency_GHz,V,digitized_paper_calculation,p3_0.png
503,315.0,67.24890829694323,0.42642140468227424,0.4366812227074236,0.010033444816053512,fig3a_main,20,frequency_GHz,V,digitized_paper_calculation,p3_0.png
504,315.5,67.46724890829694,0.42391304347826086,0.4366812227074236,0.01254180602006689,fig3a_main,20,frequency_GHz,V,digitized_paper_calculation,p3_0.png
505,315.5,67.68558951965065,0.42391304347826086,0.4366812227074236,0.01254180602006689,fig3a_main,20,frequency_GHz,V,digitized_paper_calculation,p3_0.png
506,315.5,67.90393013100437,0.42391304347826086,0.4366812227074236,0.01254180602006689,fig3a_main,20,frequency_GHz,V,digitized_paper_calculation,p3_0.png
507,315.5,68.12227074235808,0.42391304347826086,0.4366812227074236,0.01254180602006689,fig3a_main,20,frequency_GHz,V,digitized_paper_calculation,p3_0.png
508,315.5,68.3406113537118,0.42391304347826086,0.4366812227074236,0.01254180602006689,fig3a_main,20,frequency_GHz,V,digitized_paper_calculation,p3_0.png
509,315.5,68.5589519650655,0.42391304347826086,0.4366812227074236,0.01254180602006689,fig3a_main,20,frequency_GHz,V,digitized_paper_calculation,p3_0.png
510,315.5,68.77729257641921,0.42391304347826086,0.4366812227074236,0.01254180602006689,fig3a_main,20,frequency_GHz,V,digitized_paper_calculation,p3_0.png
511,315.5,68.99563318777292,0.42391304347826086,0.4366812227074236,0.01254180602006689,fig3a_main,20,frequency_GHz,V,digitized_paper_calculation,p3_0.png
512,315.5,69.21397379912663,0.42391304347826086,0.4366812227074236,0.01254180602006689,fig3a_main,20,frequency_GHz,V,digitized_paper_calculation,p3_0.png
513,315.5,69.43231441048034,0.42391304347826086,0.4366812227074236,0.01254180602006689,fig3a_main,20,frequency_GHz,V,digitized_paper_calculation,p3_0.png
514,315.5,69.65065502183405,0.42391304347826086,0.4366812227074236,0.01254180602006689,fig3a_main,20,frequency_GHz,V,digitized_paper_calculation,p3_0.png
515,315.5,69.86899563318778,0.42391304347826086,0.4366812227074236,0.01254180602006689,fig3a_main,20,frequency_GHz,V,digitized_paper_calculation,p3_0.png
516,315.5,70.08733624454149,0.42391304347826086,0.4366812227074236,0.01254180602006689,fig3a_main,20,frequency_GHz,V,digitized_paper_calculation,p3_0.png
517,315.5,70.3056768558952,0.42391304347826086,0.4366812227074236,0.01254180602006689,fig3a_main,20,frequency_GHz,V,digitized_paper_calculation,p3_0.png
518,315.5,70.52401746724891,0.42391304347826086,0.4366812227074236,0.01254180602006689,fig3a_main,20,frequency_GHz,V,digitized_paper_calculation,p3_0.png
519,316.0,70.74235807860262,0.4214046822742475,0.4366812227074236,0.015050167224080268,fig3a_main,20,frequency_GHz,V,digitized_paper_calculation,p3_0.png
520,316.0,70.96069868995633,0.4214046822742475,0.4366812227074236,0.015050167224080268,fig3a_main,20,frequency_GHz,V,digitized_paper_calculation,p3_0.png
521,316.0,71.17903930131004,0.4214046822742475,0.4366812227074236,0.015050167224080268,fig3a_main,20,frequency_GHz,V,digitized_paper_calculation,p3_0.png
522,316.0,71.39737991266375,0.4214046822742475,0.4366812227074236,0.015050167224080268,fig3a_main,20,frequency_GHz,V,digitized_paper_calculation,p3_0.png
523,316.0,71.61572052401746,0.4214046822742475,0.4366812227074236,0.015050167224080268,fig3a_main,20,frequency_GHz,V,digitized_paper_calculation,p3_0.png
524,316.0,71.83406113537117,0.4214046822742475,0.4366812227074236,0.015050167224080268,fig3a_main,20,frequency_GHz,V,digitized_paper_calculation,p3_0.png
525,316.0,72.0524017467249,0.4214046822742475,0.4366812227074236,0.015050167224080268,fig3a_main,20,frequency_GHz,V,digitized_paper_calculation,p3_0.png
526,316.0,72.2707423580786,0.4214046822742475,0.4366812227074236,0.015050167224080268,fig3a_main,20,frequency_GHz,V,digitized_paper_calculation,p3_0.png
527,316.0,72.48908296943232,0.4214046822742475,0.4366812227074236,0.015050167224080268,fig3a_main,20,frequency_GHz,V,digitized_paper_calculation,p3_0.png
528,316.0,72.70742358078603,0.4214046822742475,0.4366812227074236,0.015050167224080268,fig3a_main,20,frequency_GHz,V,digitized_paper_calculation,p3_0.png
529,316.0,72.92576419213974,0.4214046822742475,0.4366812227074236,0.015050167224080268,fig3a_main,20,frequency_GHz,V,digitized_paper_calculation,p3_0.png
530,316.0,73.14410480349345,0.4214046822742475,0.4366812227074236,0.015050167224080268,fig3a_main,20,frequency_GHz,V,digitized_paper_calculation,p3_0.png
531,315.5,73.36244541484716,0.42391304347826086,0.4366812227074236,0.01254180602006689,fig3a_main,20,frequency_GHz,V,digitized_paper_calculation,p3_0.png
532,315.5,73.58078602620087,0.42391304347826086,0.4366812227074236,0.01254180602006689,fig3a_main,20,frequency_GHz,V,digitized_paper_calculation,p3_0.png
533,315.5,73.79912663755458,0.42391304347826086,0.4366812227074236,0.01254180602006689,fig3a_main,20,frequency_GHz,V,digitized_paper_calculation,p3_0.png
534,315.5,74.0174672489083,0.42391304347826086,0.4366812227074236,0.01254180602006689,fig3a_main,20,frequency_GHz,V,digitized_paper_calculation,p3_0.png
535,315.5,74.23580786026201,0.42391304347826086,0.4366812227074236,0.01254180602006689,fig3a_main,20,frequency_GHz,V,digitized_paper_calculation,p3_0.png
536,315.5,74.45414847161572,0.42391304347826086,0.4366812227074236,0.01254180602006689,fig3a_main,20,frequency_GHz,V,digitized_paper_calculation,p3_0.png
537,315.5,74.67248908296943,0.42391304347826086,0.4366812227074236,0.01254180602006689,fig3a_main,20,frequency_GHz,V,digitized_paper_calculation,p3_0.png
538,315.5,74.89082969432314,0.42391304347826086,0.4366812227074236,0.01254180602006689,fig3a_main,20,frequency_GHz,V,digitized_paper_calculation,p3_0.png
539,315.5,75.10917030567686,0.42391304347826086,0.4366812227074236,0.01254180602006689,fig3a_main,20,frequency_GHz,V,digitized_paper_calculation,p3_0.png
540,315.5,75.32751091703057,0.42391304347826086,0.4366812227074236,0.01254180602006689,fig3a_main,20,frequency_GHz,V,digitized_paper_calculation,p3_0.png
541,315.5,75.54585152838428,0.42391304347826086,0.4366812227074236,0.01254180602006689,fig3a_main,20,frequency_GHz,V,digitized_paper_calculation,p3_0.png
542,315.5,75.76419213973799,0.42391304347826086,0.4366812227074236,0.01254180602006689,fig3a_main,20,frequency_GHz,V,digitized_paper_calculation,p3_0.png
543,315.5,75.9825327510917,0.42391304347826086,0.4366812227074236,0.01254180602006689,fig3a_main,20,frequency_GHz,V,digitized_paper_calculation,p3_0.png
544,315.5,76.20087336244542,0.42391304347826086,0.4366812227074236,0.01254180602006689,fig3a_main,20,frequency_GHz,V,digitized_paper_calculation,p3_0.png
545,315.5,76.41921397379913,0.42391304347826086,0.4366812227074236,0.01254180602006689,fig3a_main,20,frequency_GHz,V,digitized_paper_calculation,p3_0.png
546,315.5,76.63755458515284,0.42391304347826086,0.4366812227074236,0.01254180602006689,fig3a_main,20,frequency_GHz,V,digitized_paper_calculation,p3_0.png
547,315.5,76.85589519650655,0.42391304347826086,0.4366812227074236,0.01254180602006689,fig3a_main,20,frequency_GHz,V,digitized_paper_calculation,p3_0.png
548,316.0,77.07423580786026,0.4214046822742475,0.4366812227074236,0.010033444816053512,fig3a_main,20,frequency_GHz,V,digitized_paper_calculation,p3_0.png
549,315.5,77.29257641921397,0.42391304347826086,0.4366812227074236,0.01254180602006689,fig3a_main,20,frequency_GHz,V,digitized_paper_calculation,p3_0.png
550,315.5,77.51091703056768,0.42391304347826086,0.4366812227074236,0.01254180602006689,fig3a_main,20,frequency_GHz,V,digitized_paper_calculation,p3_0.png
551,316.0,77.7292576419214,0.4214046822742475,0.4366812227074236,0.010033444816053512,fig3a_main,20,frequency_GHz,V,digitized_paper_calculation,p3_0.png
552,316.5,77.9475982532751,0.4188963210702341,0.4366812227074236,0.01254180602006689,fig3a_main,20,frequency_GHz,V,digitized_paper_calculation,p3_0.png
553,316.5,78.16593886462883,0.4188963210702341,0.4366812227074236,0.01254180602006689,fig3a_main,20,frequency_GHz,V,digitized_paper_calculation,p3_0.png
554,316.5,78.38427947598254,0.4188963210702341,0.4366812227074236,0.01254180602006689,fig3a_main,20,frequency_GHz,V,digitized_paper_calculation,p3_0.png
555,316.5,78.60262008733625,0.4188963210702341,0.4366812227074236,0.01254180602006689,fig3a_main,20,frequency_GHz,V,digitized_paper_calculation,p3_0.png
556,316.5,78.82096069868996,0.4188963210702341,0.4366812227074236,0.01254180602006689,fig3a_main,20,frequency_GHz,V,digitized_paper_calculation,p3_0.png
557,316.5,79.03930131004367,0.4188963210702341,0.4366812227074236,0.01254180602006689,fig3a_main,20,frequency_GHz,V,digitized_paper_calculation,p3_0.png
558,317.0,79.25764192139738,0.41638795986622074,0.4366812227074236,0.010033444816053512,fig3a_main,20,frequency_GHz,V,digitized_paper_calculation,p3_0.png
559,317.0,79.47598253275109,0.41638795986622074,0.4366812227074236,0.010033444816053512,fig3a_main,20,frequency_GHz,V,digitized_paper_calculation,p3_0.png
560,317.5,79.6943231441048,0.41387959866220736,0.4366812227074236,0.01254180602006689,fig3a_main,20,frequency_GHz,V,digitized_paper_calculation,p3_0.png
561,317.5,79.91266375545851,0.41387959866220736,0.4366812227074236,0.01254180602006689,fig3a_main,20,frequency_GHz,V,digitized_paper_calculation,p3_0.png
562,317.5,80.13100436681222,0.41387959866220736,0.4366812227074236,0.01254180602006689,fig3a_main,20,frequency_GHz,V,digitized_paper_calculation,p3_0.png
563,317.5,80.34934497816595,0.41387959866220736,0.4366812227074236,0.01254180602006689,fig3a_main,20,frequency_GHz,V,digitized_paper_calculation,p3_0.png
564,317.5,80.56768558951966,0.41387959866220736,0.4366812227074236,0.01254180602006689,fig3a_main,20,frequency_GHz,V,digitized_paper_calculation,p3_0.png
565,317.5,80.78602620087337,0.41387959866220736,0.4366812227074236,0.01254180602006689,fig3a_main,20,frequency_GHz,V,digitized_paper_calculation,p3_0.png
566,317.5,81.00436681222708,0.41387959866220736,0.4366812227074236,0.01254180602006689,fig3a_main,20,frequency_GHz,V,digitized_paper_calculation,p3_0.png
567,317.5,81.22270742358079,0.41387959866220736,0.4366812227074236,0.01254180602006689,fig3a_main,20,frequency_GHz,V,digitized_paper_calculation,p3_0.png
568,318.0,81.4410480349345,0.411371237458194,0.4366812227074236,0.010033444816053512,fig3a_main,20,frequency_GHz,V,digitized_paper_calculation,p3_0.png
569,317.5,81.6593886462882,0.41387959866220736,0.4366812227074236,0.01254180602006689,fig3a_main,20,frequency_GHz,V,digitized_paper_calculation,p3_0.png
570,317.5,81.87772925764192,0.41387959866220736,0.4366812227074236,0.01254180602006689,fig3a_main,20,frequency_GHz,V,digitized_paper_calculation,p3_0.png
571,317.5,82.09606986899563,0.41387959866220736,0.4366812227074236,0.01254180602006689,fig3a_main,20,frequency_GHz,V,digitized_paper_calculation,p3_0.png
572,317.5,82.31441048034935,0.41387959866220736,0.4366812227074236,0.01254180602006689,fig3a_main,20,frequency_GHz,V,digitized_paper_calculation,p3_0.png
573,317.5,82.53275109170306,0.41387959866220736,0.4366812227074236,0.01254180602006689,fig3a_main,20,frequency_GHz,V,digitized_paper_calculation,p3_0.png
574,317.5,82.75109170305677,0.41387959866220736,0.4366812227074236,0.01254180602006689,fig3a_main,20,frequency_GHz,V,digitized_paper_calculation,p3_0.png
575,317.5,82.96943231441048,0.41387959866220736,0.4366812227074236,0.01254180602006689,fig3a_main,20,frequency_GHz,V,digitized_paper_calculation,p3_0.png
576,317.5,83.1877729257642,0.41387959866220736,0.4366812227074236,0.01254180602006689,fig3a_main,20,frequency_GHz,V,digitized_paper_calculation,p3_0.png
577,317.5,83.4061135371179,0.41387959866220736,0.4366812227074236,0.01254180602006689,fig3a_main,20,frequency_GHz,V,digitized_paper_calculation,p3_0.png
578,317.5,83.62445414847161,0.41387959866220736,0.4366812227074236,0.01254180602006689,fig3a_main,20,frequency_GHz,V,digitized_paper_calculation,p3_0.png
579,317.5,83.84279475982532,0.41387959866220736,0.4366812227074236,0.01254180602006689,fig3a_main,20,frequency_GHz,V,digitized_paper_calculation,p3_0.png
580,317.0,84.06113537117903,0.41638795986622074,0.4366812227074236,0.015050167224080268,fig3a_main,20,frequency_GHz,V,digitized_paper_calculation,p3_0.png
581,316.5,84.27947598253274,0.4188963210702341,0.4366812227074236,0.01254180602006689,fig3a_main,20,frequency_GHz,V,digitized_paper_calculation,p3_0.png
582,316.5,84.49781659388647,0.4188963210702341,0.4366812227074236,0.01254180602006689,fig3a_main,20,frequency_GHz,V,digitized_paper_calculation,p3_0.png
583,316.5,84.71615720524018,0.4188963210702341,0.4366812227074236,0.01254180602006689,fig3a_main,20,frequency_GHz,V,digitized_paper_calculation,p3_0.png
584,316.5,84.93449781659389,0.4188963210702341,0.4366812227074236,0.01254180602006689,fig3a_main,20,frequency_GHz,V,digitized_paper_calculation,p3_0.png
585,316.5,85.1528384279476,0.4188963210702341,0.4366812227074236,0.01254180602006689,fig3a_main,20,frequency_GHz,V,digitized_paper_calculation,p3_0.png
586,316.5,85.37117903930131,0.4188963210702341,0.4366812227074236,0.01254180602006689,fig3a_main,20,frequency_GHz,V,digitized_paper_calculation,p3_0.png
587,316.5,85.58951965065502,0.4188963210702341,0.4366812227074236,0.01254180602006689,fig3a_main,20,frequency_GHz,V,digitized_paper_calculation,p3_0.png
588,316.0,85.80786026200873,0.4214046822742475,0.4366812227074236,0.015050167224080268,fig3a_main,20,frequency_GHz,V,digitized_paper_calculation,p3_0.png
589,316.0,86.02620087336244,0.4214046822742475,0.4366812227074236,0.015050167224080268,fig3a_main,20,frequency_GHz,V,digitized_paper_calculation,p3_0.png
590,316.0,86.24454148471615,0.4214046822742475,0.4366812227074236,0.015050167224080268,fig3a_main,20,frequency_GHz,V,digitized_paper_calculation,p3_0.png
591,316.5,86.46288209606988,0.4188963210702341,0.4366812227074236,0.01254180602006689,fig3a_main,20,frequency_GHz,V,digitized_paper_calculation,p3_0.png
592,316.5,86.68122270742359,0.4188963210702341,0.4366812227074236,0.01254180602006689,fig3a_main,20,frequency_GHz,V,digitized_paper_calculation,p3_0.png
593,316.5,86.8995633187773,0.4188963210702341,0.4366812227074236,0.01254180602006689,fig3a_main,20,frequency_GHz,V,digitized_paper_calculation,p3_0.png
594,316.5,87.117903930131,0.4188963210702341,0.4366812227074236,0.01254180602006689,fig3a_main,20,frequency_GHz,V,digitized_paper_calculation,p3_0.png
595,316.5,87.33624454148472,0.4188963210702341,0.4366812227074236,0.01254180602006689,fig3a_main,20,frequency_GHz,V,digitized_paper_calculation,p3_0.png
596,316.5,87.55458515283843,0.4188963210702341,0.4366812227074236,0.01254180602006689,fig3a_main,20,frequency_GHz,V,digitized_paper_calculation,p3_0.png
597,316.5,87.77292576419214,0.4188963210702341,0.4366812227074236,0.01254180602006689,fig3a_main,20,frequency_GHz,V,digitized_paper_calculation,p3_0.png
598,316.5,87.99126637554585,0.4188963210702341,0.4366812227074236,0.01254180602006689,fig3a_main,20,frequency_GHz,V,digitized_paper_calculation,p3_0.png
599,317.0,88.20960698689956,0.41638795986622074,0.4366812227074236,0.010033444816053512,fig3a_main,20,frequency_GHz,V,digitized_paper_calculation,p3_0.png
600,317.5,88.42794759825327,0.41387959866220736,0.4366812227074236,0.01254180602006689,fig3a_main,20,frequency_GHz,V,digitized_paper_calculation,p3_0.png
601,317.5,88.646288209607,0.41387959866220736,0.4366812227074236,0.01254180602006689,fig3a_main,20,frequency_GHz,V,digitized_paper_calculation,p3_0.png
602,317.5,88.8646288209607,0.41387959866220736,0.4366812227074236,0.01254180602006689,fig3a_main,20,frequency_GHz,V,digitized_paper_calculation,p3_0.png
603,317.5,89.08296943231441,0.41387959866220736,0.4366812227074236,0.01254180602006689,fig3a_main,20,frequency_GHz,V,digitized_paper_calculation,p3_0.png
604,318.5,89.30131004366812,0.4088628762541806,0.4366812227074236,0.01254180602006689,fig3a_main,20,frequency_GHz,V,digitized_paper_calculation,p3_0.png
605,318.5,89.51965065502183,0.4088628762541806,0.4366812227074236,0.01254180602006689,fig3a_main,20,frequency_GHz,V,digitized_paper_calculation,p3_0.png
606,318.5,89.73799126637554,0.4088628762541806,0.4366812227074236,0.01254180602006689,fig3a_main,20,frequency_GHz,V,digitized_paper_calculation,p3_0.png
607,318.5,89.95633187772926,0.4088628762541806,0.4366812227074236,0.01254180602006689,fig3a_main,20,frequency_GHz,V,digitized_paper_calculation,p3_0.png
608,318.5,90.17467248908297,0.4088628762541806,0.4366812227074236,0.01254180602006689,fig3a_main,20,frequency_GHz,V,digitized_paper_calculation,p3_0.png
609,319.5,90.39301310043668,0.40384615384615385,0.4366812227074236,0.01254180602006689,fig3a_main,20,frequency_GHz,V,digitized_paper_calculation,p3_0.png
610,319.5,90.61135371179039,0.40384615384615385,0.4366812227074236,0.01254180602006689,fig3a_main,20,frequency_GHz,V,digitized_paper_calculation,p3_0.png
611,319.5,90.82969432314411,0.40384615384615385,0.4366812227074236,0.01254180602006689,fig3a_main,20,frequency_GHz,V,digitized_paper_calculation,p3_0.png
612,320.0,91.04803493449782,0.4013377926421405,0.4366812227074236,0.010033444816053512,fig3a_main,20,frequency_GHz,V,digitized_paper_calculation,p3_0.png
613,320.0,91.26637554585153,0.4013377926421405,0.4366812227074236,0.010033444816053512,fig3a_main,20,frequency_GHz,V,digitized_paper_calculation,p3_0.png
614,320.5,91.48471615720524,0.3988294314381271,0.4366812227074236,0.01254180602006689,fig3a_main,20,frequency_GHz,V,digitized_paper_calculation,p3_0.png
615,320.5,91.70305676855895,0.3988294314381271,0.4366812227074236,0.01254180602006689,fig3a_main,20,frequency_GHz,V,digitized_paper_calculation,p3_0.png
616,320.5,91.92139737991266,0.3988294314381271,0.4366812227074236,0.01254180602006689,fig3a_main,20,frequency_GHz,V,digitized_paper_calculation,p3_0.png
617,320.5,92.13973799126637,0.3988294314381271,0.4366812227074236,0.01254180602006689,fig3a_main,20,frequency_GHz,V,digitized_paper_calculation,p3_0.png
618,320.5,92.35807860262008,0.3988294314381271,0.4366812227074236,0.01254180602006689,fig3a_main,20,frequency_GHz,V,digitized_paper_calculation,p3_0.png
619,320.5,92.5764192139738,0.3988294314381271,0.4366812227074236,0.01254180602006689,fig3a_main,20,frequency_GHz,V,digitized_paper_calculation,p3_0.png
620,320.5,92.79475982532752,0.3988294314381271,0.4366812227074236,0.01254180602006689,fig3a_main,20,frequency_GHz,V,digitized_paper_calculation,p3_0.png
621,320.5,93.01310043668123,0.3988294314381271,0.4366812227074236,0.01254180602006689,fig3a_main,20,frequency_GHz,V,digitized_paper_calculation,p3_0.png
622,320.5,93.23144104803494,0.3988294314381271,0.4366812227074236,0.01254180602006689,fig3a_main,20,frequency_GHz,V,digitized_paper_calculation,p3_0.png
623,320.0,93.44978165938865,0.4013377926421405,0.4366812227074236,0.010033444816053512,fig3a_main,20,frequency_GHz,V,digitized_paper_calculation,p3_0.png
624,320.0,93.66812227074236,0.4013377926421405,0.4366812227074236,0.010033444816053512,fig3a_main,20,frequency_GHz,V,digitized_paper_calculation,p3_0.png
625,320.0,93.88646288209607,0.4013377926421405,0.4366812227074236,0.010033444816053512,fig3a_main,20,frequency_GHz,V,digitized_paper_calculation,p3_0.png
626,320.0,94.10480349344978,0.4013377926421405,0.4366812227074236,0.010033444816053512,fig3a_main,20,frequency_GHz,V,digitized_paper_calculation,p3_0.png
627,319.5,94.32314410480349,0.40384615384615385,0.4366812227074236,0.01254180602006689,fig3a_main,20,frequency_GHz,V,digitized_paper_calculation,p3_0.png
628,319.5,94.5414847161572,0.40384615384615385,0.4366812227074236,0.01254180602006689,fig3a_main,20,frequency_GHz,V,digitized_paper_calculation,p3_0.png
629,319.0,94.75982532751091,0.40635451505016723,0.4366812227074236,0.010033444816053512,fig3a_main,20,frequency_GHz,V,digitized_paper_calculation,p3_0.png
630,319.0,94.97816593886463,0.40635451505016723,0.4366812227074236,0.010033444816053512,fig3a_main,20,frequency_GHz,V,digitized_paper_calculation,p3_0.png
631,318.5,95.19650655021834,0.4088628762541806,0.4366812227074236,0.01254180602006689,fig3a_main,20,frequency_GHz,V,digitized_paper_calculation,p3_0.png
632,318.5,95.41484716157206,0.4088628762541806,0.4366812227074236,0.01254180602006689,fig3a_main,20,frequency_GHz,V,digitized_paper_calculation,p3_0.png
633,318.5,95.63318777292577,0.4088628762541806,0.4366812227074236,0.01254180602006689,fig3a_main,20,frequency_GHz,V,digitized_paper_calculation,p3_0.png
634,318.0,95.85152838427948,0.411371237458194,0.4366812227074236,0.015050167224080268,fig3a_main,20,frequency_GHz,V,digitized_paper_calculation,p3_0.png
635,318.5,96.06986899563319,0.4088628762541806,0.4366812227074236,0.01254180602006689,fig3a_main,20,frequency_GHz,V,digitized_paper_calculation,p3_0.png
636,318.0,96.2882096069869,0.411371237458194,0.4366812227074236,0.010033444816053512,fig3a_main,20,frequency_GHz,V,digitized_paper_calculation,p3_0.png
637,318.0,96.5065502183406,0.411371237458194,0.4366812227074236,0.010033444816053512,fig3a_main,20,frequency_GHz,V,digitized_paper_calculation,p3_0.png
638,318.0,96.72489082969432,0.411371237458194,0.4366812227074236,0.010033444816053512,fig3a_main,20,frequency_GHz,V,digitized_paper_calculation,p3_0.png
639,318.0,96.94323144104804,0.411371237458194,0.4366812227074236,0.010033444816053512,fig3a_main,20,frequency_GHz,V,digitized_paper_calculation,p3_0.png
640,318.0,97.16157205240175,0.411371237458194,0.4366812227074236,0.010033444816053512,fig3a_main,20,frequency_GHz,V,digitized_paper_calculation,p3_0.png
641,318.5,97.37991266375546,0.4088628762541806,0.4366812227074236,0.01254180602006689,fig3a_main,20,frequency_GHz,V,digitized_paper_calculation,p3_0.png
642,318.5,97.59825327510917,0.4088628762541806,0.4366812227074236,0.01254180602006689,fig3a_main,20,frequency_GHz,V,digitized_paper_calculation,p3_0.png
643,318.5,97.81659388646288,0.4088628762541806,0.4366812227074236,0.01254180602006689,fig3a_main,20,frequency_GHz,V,digitized_paper_calculation,p3_0.png
644,318.5,98.0349344978166,0.4088628762541806,0.4366812227074236,0.01254180602006689,fig3a_main,20,frequency_GHz,V,digitized_paper_calculation,p3_0.png
645,318.5,98.2532751091703,0.4088628762541806,0.4366812227074236,0.01254180602006689,fig3a_main,20,frequency_GHz,V,digitized_paper_calculation,p3_0.png
646,319.0,98.47161572052401,0.40635451505016723,0.4366812227074236,0.010033444816053512,fig3a_main,20,frequency_GHz,V,digitized_paper_calculation,p3_0.png
647,319.5,98.68995633187772,0.40384615384615385,0.4366812227074236,0.01254180602006689,fig3a_main,20,frequency_GHz,V,digitized_paper_calculation,p3_0.png
648,319.5,98.90829694323143,0.40384615384615385,0.4366812227074236,0.01254180602006689,fig3a_main,20,frequency_GHz,V,digitized_paper_calculation,p3_0.png
649,319.5,99.12663755458516,0.40384615384615385,0.4366812227074236,0.01254180602006689,fig3a_main,20,frequency_GHz,V,digitized_paper_calculation,p3_0.png
650,320.5,99.34497816593887,0.3988294314381271,0.4366812227074236,0.01254180602006689,fig3a_main,20,frequency_GHz,V,digitized_paper_calculation,p3_0.png
651,320.5,99.56331877729258,0.3988294314381271,0.4366812227074236,0.01254180602006689,fig3a_main,20,frequency_GHz,V,digitized_paper_calculation,p3_0.png
652,320.5,99.78165938864629,0.3988294314381271,0.4366812227074236,0.01254180602006689,fig3a_main,20,frequency_GHz,V,digitized_paper_calculation,p3_0.png
653,321.5,100.0,0.39381270903010035,0.4366812227074236,0.01254180602006689,fig3a_main,20,frequency_GHz,V,digitized_paper_calculation,p3_0.png
654,321.5,100.21834061135371,0.39381270903010035,0.4366812227074236,0.01254180602006689,fig3a_main,20,frequency_GHz,V,digitized_paper_calculation,p3_0.png
655,321.5,100.43668122270742,0.39381270903010035,0.4366812227074236,0.01254180602006689,fig3a_main,20,frequency_GHz,V,digitized_paper_calculation,p3_0.png
656,322.0,100.65502183406113,0.391304347826087,0.4366812227074236,0.010033444816053512,fig3a_main,20,frequency_GHz,V,digitized_paper_calculation,p3_0.png
657,322.5,100.87336244541484,0.3887959866220736,0.4366812227074236,0.01254180602006689,fig3a_main,20,frequency_GHz,V,digitized_paper_calculation,p3_0.png
658,322.5,101.09170305676857,0.3887959866220736,0.4366812227074236,0.01254180602006689,fig3a_main,20,frequency_GHz,V,digitized_paper_calculation,p3_0.png
659,323.0,101.31004366812228,0.3862876254180602,0.4366812227074236,0.010033444816053512,fig3a_main,20,frequency_GHz,V,digitized_paper_calculation,p3_0.png
660,323.0,101.52838427947599,0.3862876254180602,0.4366812227074236,0.010033444816053512,fig3a_main,20,frequency_GHz,V,digitized_paper_calculation,p3_0.png
661,323.0,101.7467248908297,0.3862876254180602,0.4366812227074236,0.010033444816053512,fig3a_main,20,frequency_GHz,V,digitized_paper_calculation,p3_0.png
662,323.5,101.9650655021834,0.38377926421404684,0.4366812227074236,0.01254180602006689,fig3a_main,20,frequency_GHz,V,digitized_paper_calculation,p3_0.png
663,323.5,102.18340611353712,0.38377926421404684,0.4366812227074236,0.01254180602006689,fig3a_main,20,frequency_GHz,V,digitized_paper_calculation,p3_0.png
664,323.5,102.40174672489083,0.38377926421404684,0.4366812227074236,0.01254180602006689,fig3a_main,20,frequency_GHz,V,digitized_paper_calculation,p3_0.png
665,323.0,102.62008733624454,0.3862876254180602,0.4366812227074236,0.010033444816053512,fig3a_main,20,frequency_GHz,V,digitized_paper_calculation,p3_0.png
666,323.0,102.83842794759825,0.3862876254180602,0.4366812227074236,0.010033444816053512,fig3a_main,20,frequency_GHz,V,digitized_paper_calculation,p3_0.png
667,323.0,103.05676855895196,0.3862876254180602,0.4366812227074236,0.010033444816053512,fig3a_main,20,frequency_GHz,V,digitized_paper_calculation,p3_0.png
668,322.5,103.27510917030568,0.3887959866220736,0.4366812227074236,0.01254180602006689,fig3a_main,20,frequency_GHz,V,digitized_paper_calculation,p3_0.png
669,322.5,103.4934497816594,0.3887959866220736,0.4366812227074236,0.01254180602006689,fig3a_main,20,frequency_GHz,V,digitized_paper_calculation,p3_0.png
670,322.5,103.7117903930131,0.3887959866220736,0.4366812227074236,0.01254180602006689,fig3a_main,20,frequency_GHz,V,digitized_paper_calculation,p3_0.png
671,322.5,103.93013100436681,0.3887959866220736,0.4366812227074236,0.01254180602006689,fig3a_main,20,frequency_GHz,V,digitized_paper_calculation,p3_0.png
672,321.5,104.14847161572052,0.39381270903010035,0.4366812227074236,0.01254180602006689,fig3a_main,20,frequency_GHz,V,digitized_paper_calculation,p3_0.png
673,322.0,104.36681222707423,0.391304347826087,0.4366812227074236,0.010033444816053512,fig3a_main,20,frequency_GHz,V,digitized_paper_calculation,p3_0.png
674,321.5,104.58515283842794,0.39381270903010035,0.4366812227074236,0.01254180602006689,fig3a_main,20,frequency_GHz,V,digitized_paper_calculation,p3_0.png
675,321.5,104.80349344978166,0.39381270903010035,0.4366812227074236,0.01254180602006689,fig3a_main,20,frequency_GHz,V,digitized_paper_calculation,p3_0.png
676,321.0,105.02183406113537,0.3963210702341137,0.4366812227074236,0.010033444816053512,fig3a_main,20,frequency_GHz,V,digitized_paper_calculation,p3_0.png
677,320.5,105.24017467248909,0.3988294314381271,0.4366812227074236,0.01254180602006689,fig3a_main,20,frequency_GHz,V,digitized_paper_calculation,p3_0.png
678,320.5,105.4585152838428,0.3988294314381271,0.4366812227074236,0.01254180602006689,fig3a_main,20,frequency_GHz,V,digitized_paper_calculation,p3_0.png
679,320.0,105.67685589519651,0.4013377926421405,0.4366812227074236,0.010033444816053512,fig3a_main,20,frequency_GHz,V,digitized_paper_calculation,p3_0.png
680,319.5,105.89519650655022,0.40384615384615385,0.4366812227074236,0.01254180602006689,fig3a_main,20,frequency_GHz,V,digitized_paper_calculation,p3_0.png
681,319.5,106.11353711790393,0.40384615384615385,0.4366812227074236,0.01254180602006689,fig3a_main,20,frequency_GHz,V,digitized_paper_calculation,p3_0.png
682,319.5,106.33187772925764,0.40384615384615385,0.4366812227074236,0.01254180602006689,fig3a_main,20,frequency_GHz,V,digitized_paper_calculation,p3_0.png
683,319.5,106.55021834061135,0.40384615384615385,0.4366812227074236,0.01254180602006689,fig3a_main,20,frequency_GHz,V,digitized_paper_calculation,p3_0.png
684,319.5,106.76855895196506,0.40384615384615385,0.4366812227074236,0.01254180602006689,fig3a_main,20,frequency_GHz,V,digitized_paper_calculation,p3_0.png
685,319.5,106.98689956331877,0.40384615384615385,0.4366812227074236,0.01254180602006689,fig3a_main,20,frequency_GHz,V,digitized_paper_calculation,p3_0.png
686,319.5,107.20524017467248,0.40384615384615385,0.4366812227074236,0.01254180602006689,fig3a_main,20,frequency_GHz,V,digitized_paper_calculation,p3_0.png
687,319.5,107.4235807860262,0.40384615384615385,0.4366812227074236,0.01254180602006689,fig3a_main,20,frequency_GHz,V,digitized_paper_calculation,p3_0.png
688,319.5,107.64192139737992,0.40384615384615385,0.4366812227074236,0.01254180602006689,fig3a_main,20,frequency_GHz,V,digitized_paper_calculation,p3_0.png
689,319.5,107.86026200873363,0.40384615384615385,0.4366812227074236,0.01254180602006689,fig3a_main,20,frequency_GHz,V,digitized_paper_calculation,p3_0.png
690,319.5,108.07860262008734,0.40384615384615385,0.4366812227074236,0.01254180602006689,fig3a_main,20,frequency_GHz,V,digitized_paper_calculation,p3_0.png
691,320.0,108.29694323144105,0.4013377926421405,0.4366812227074236,0.010033444816053512,fig3a_main,20,frequency_GHz,V,digitized_paper_calculation,p3_0.png
692,320.5,108.51528384279476,0.3988294314381271,0.4366812227074236,0.01254180602006689,fig3a_main,20,frequency_GHz,V,digitized_paper_calculation,p3_0.png
693,320.5,108.73362445414847,0.3988294314381271,0.4366812227074236,0.01254180602006689,fig3a_main,20,frequency_GHz,V,digitized_paper_calculation,p3_0.png
694,321.0,108.95196506550218,0.3963210702341137,0.4366812227074236,0.010033444816053512,fig3a_main,20,frequency_GHz,V,digitized_paper_calculation,p3_0.png
695,321.0,109.17030567685589,0.3963210702341137,0.4366812227074236,0.015050167224080268,fig3a_main,20,frequency_GHz,V,digitized_paper_calculation,p3_0.png
696,321.5,109.38864628820961,0.39381270903010035,0.4366812227074236,0.01254180602006689,fig3a_main,20,frequency_GHz,V,digitized_paper_calculation,p3_0.png
697,322.5,109.60698689956332,0.3887959866220736,0.4366812227074236,0.01254180602006689,fig3a_main,20,frequency_GHz,V,digitized_paper_calculation,p3_0.png
698,322.5,109.82532751091703,0.3887959866220736,0.4366812227074236,0.01254180602006689,fig3a_main,20,frequency_GHz,V,digitized_paper_calculation,p3_0.png
699,323.5,110.04366812227074,0.38377926421404684,0.4366812227074236,0.01254180602006689,fig3a_main,20,frequency_GHz,V,digitized_paper_calculation,p3_0.png
700,323.5,110.26200873362446,0.38377926421404684,0.4366812227074236,0.01254180602006689,fig3a_main,20,frequency_GHz,V,digitized_paper_calculation,p3_0.png
701,324.0,110.48034934497817,0.38127090301003347,0.4366812227074236,0.010033444816053512,fig3a_main,20,frequency_GHz,V,digitized_paper_calculation,p3_0.png
702,324.5,110.69868995633188,0.3787625418060201,0.4366812227074236,0.01254180602006689,fig3a_main,20,frequency_GHz,V,digitized_paper_calculation,p3_0.png
703,325.0,110.91703056768559,0.3762541806020067,0.4366812227074236,0.010033444816053512,fig3a_main,20,frequency_GHz,V,digitized_paper_calculation,p3_0.png
704,324.5,111.1353711790393,0.3787625418060201,0.4366812227074236,0.01254180602006689,fig3a_main,20,frequency_GHz,V,digitized_paper_calculation,p3_0.png
705,325.5,111.353711790393,0.3737458193979933,0.4366812227074236,0.01254180602006689,fig3a_main,20,frequency_GHz,V,digitized_paper_calculation,p3_0.png
706,325.5,111.57205240174673,0.3737458193979933,0.4366812227074236,0.01254180602006689,fig3a_main,20,frequency_GHz,V,digitized_paper_calculation,p3_0.png
707,326.0,111.79039301310044,0.3712374581939799,0.4366812227074236,0.010033444816053512,fig3a_main,20,frequency_GHz,V,digitized_paper_calculation,p3_0.png
708,326.0,112.00873362445415,0.3712374581939799,0.4366812227074236,0.010033444816053512,fig3a_main,20,frequency_GHz,V,digitized_paper_calculation,p3_0.png
709,326.0,112.22707423580786,0.3712374581939799,0.4366812227074236,0.010033444816053512,fig3a_main,20,frequency_GHz,V,digitized_paper_calculation,p3_0.png
710,326.5,112.44541484716157,0.36872909698996653,0.4366812227074236,0.01254180602006689,fig3a_main,20,frequency_GHz,V,digitized_paper_calculation,p3_0.png
711,326.5,112.66375545851528,0.36872909698996653,0.4366812227074236,0.01254180602006689,fig3a_main,20,frequency_GHz,V,digitized_paper_calculation,p3_0.png
712,326.5,112.882096069869,0.36872909698996653,0.4366812227074236,0.01254180602006689,fig3a_main,20,frequency_GHz,V,digitized_paper_calculation,p3_0.png
713,326.5,113.1004366812227,0.36872909698996653,0.4366812227074236,0.01254180602006689,fig3a_main,20,frequency_GHz,V,digitized_paper_calculation,p3_0.png
714,326.0,113.31877729257641,0.3712374581939799,0.4366812227074236,0.010033444816053512,fig3a_main,20,frequency_GHz,V,digitized_paper_calculation,p3_0.png
715,326.0,113.53711790393012,0.3712374581939799,0.4366812227074236,0.010033444816053512,fig3a_main,20,frequency_GHz,V,digitized_paper_calculation,p3_0.png
716,325.5,113.75545851528385,0.3737458193979933,0.4366812227074236,0.01254180602006689,fig3a_main,20,frequency_GHz,V,digitized_paper_calculation,p3_0.png
717,325.5,113.97379912663756,0.3737458193979933,0.4366812227074236,0.01254180602006689,fig3a_main,20,frequency_GHz,V,digitized_paper_calculation,p3_0.png
718,325.0,114.19213973799127,0.3762541806020067,0.4366812227074236,0.010033444816053512,fig3a_main,20,frequency_GHz,V,digitized_paper_calculation,p3_0.png
719,324.5,114.41048034934498,0.3787625418060201,0.4366812227074236,0.01254180602006689,fig3a_main,20,frequency_GHz,V,digitized_paper_calculation,p3_0.png
720,324.5,114.62882096069869,0.3787625418060201,0.4366812227074236,0.01254180602006689,fig3a_main,20,frequency_GHz,V,digitized_paper_calculation,p3_0.png
721,323.5,114.8471615720524,0.38377926421404684,0.4366812227074236,0.01254180602006689,fig3a_main,20,frequency_GHz,V,digitized_paper_calculation,p3_0.png
722,323.5,115.06550218340611,0.38377926421404684,0.4366812227074236,0.01254180602006689,fig3a_main,20,frequency_GHz,V,digitized_paper_calculation,p3_0.png
723,323.0,115.28384279475982,0.3862876254180602,0.4366812227074236,0.015050167224080268,fig3a_main,20,frequency_GHz,V,digitized_paper_calculation,p3_0.png
724,323.0,115.50218340611353,0.3862876254180602,0.4366812227074236,0.010033444816053512,fig3a_main,20,frequency_GHz,V,digitized_paper_calculation,p3_0.png
725,322.5,115.72052401746726,0.3887959866220736,0.4366812227074236,0.01254180602006689,fig3a_main,20,frequency_GHz,V,digitized_paper_calculation,p3_0.png
726,322.5,115.93886462882097,0.3887959866220736,0.4366812227074236,0.01254180602006689,fig3a_main,20,frequency_GHz,V,digitized_paper_calculation,p3_0.png
727,322.0,116.15720524017468,0.391304347826087,0.4366812227074236,0.010033444816053512,fig3a_main,20,frequency_GHz,V,digitized_paper_calculation,p3_0.png
728,321.5,116.37554585152839,0.39381270903010035,0.4366812227074236,0.01254180602006689,fig3a_main,20,frequency_GHz,V,digitized_paper_calculation,p3_0.png
729,321.5,116.5938864628821,0.39381270903010035,0.4366812227074236,0.01254180602006689,fig3a_main,20,frequency_GHz,V,digitized_paper_calculation,p3_0.png
730,321.0,116.8122270742358,0.3963210702341137,0.4366812227074236,0.015050167224080268,fig3a_main,20,frequency_GHz,V,digitized_paper_calculation,p3_0.png
731,321.5,117.03056768558952,0.39381270903010035,0.4366812227074236,0.01254180602006689,fig3a_main,20,frequency_GHz,V,digitized_paper_calculation,p3_0.png
732,321.5,117.24890829694323,0.39381270903010035,0.4366812227074236,0.01254180602006689,fig3a_main,20,frequency_GHz,V,digitized_paper_calculation,p3_0.png
733,321.5,117.46724890829694,0.39381270903010035,0.4366812227074236,0.01254180602006689,fig3a_main,20,frequency_GHz,V,digitized_paper_calculation,p3_0.png
734,321.5,117.68558951965065,0.39381270903010035,0.4366812227074236,0.01254180602006689,fig3a_main,20,frequency_GHz,V,digitized_paper_calculation,p3_0.png
735,321.5,117.90393013100437,0.39381270903010035,0.4366812227074236,0.01254180602006689,fig3a_main,20,frequency_GHz,V,digitized_paper_calculation,p3_0.png
736,321.5,118.12227074235808,0.39381270903010035,0.4366812227074236,0.01254180602006689,fig3a_main,20,frequency_GHz,V,digitized_paper_calculation,p3_0.png
737,321.5,118.3406113537118,0.39381270903010035,0.4366812227074236,0.01254180602006689,fig3a_main,20,frequency_GHz,V,digitized_paper_calculation,p3_0.png
738,322.0,118.5589519650655,0.391304347826087,0.4366812227074236,0.010033444816053512,fig3a_main,20,frequency_GHz,V,digitized_paper_calculation,p3_0.png
739,322.5,118.77729257641921,0.3887959866220736,0.4366812227074236,0.01254180602006689,fig3a_main,20,frequency_GHz,V,digitized_paper_calculation,p3_0.png
740,322.5,118.99563318777292,0.3887959866220736,0.4366812227074236,0.01254180602006689,fig3a_main,20,frequency_GHz,V,digitized_paper_calculation,p3_0.png
741,323.0,119.21397379912663,0.3862876254180602,0.4366812227074236,0.015050167224080268,fig3a_main,20,frequency_GHz,V,digitized_paper_calculation,p3_0.png
742,323.5,119.43231441048034,0.38377926421404684,0.4366812227074236,0.01254180602006689,fig3a_main,20,frequency_GHz,V,digitized_paper_calculation,p3_0.png
743,324.0,119.65065502183405,0.38127090301003347,0.4366812227074236,0.010033444816053512,fig3a_main,20,frequency_GHz,V,digitized_paper_calculation,p3_0.png
744,324.5,119.86899563318778,0.3787625418060201,0.4366812227074236,0.01254180602006689,fig3a_main,20,frequency_GHz,V,digitized_paper_calculation,p3_0.png
745,325.0,120.08733624454149,0.3762541806020067,0.4366812227074236,0.010033444816053512,fig3a_main,20,frequency_GHz,V,digitized_paper_calculation,p3_0.png
746,325.5,120.3056768558952,0.3737458193979933,0.4366812227074236,0.01254180602006689,fig3a_main,20,frequency_GHz,V,digitized_paper_calculation,p3_0.png
747,326.0,120.52401746724891,0.3712374581939799,0.4366812227074236,0.010033444816053512,fig3a_main,20,frequency_GHz,V,digitized_paper_calculation,p3_0.png
748,326.5,120.74235807860262,0.36872909698996653,0.4366812227074236,0.01254180602006689,fig3a_main,20,frequency_GHz,V,digitized_paper_calculation,p3_0.png
749,326.5,120.96069868995633,0.36872909698996653,0.4366812227074236,0.01254180602006689,fig3a_main,20,frequency_GHz,V,digitized_paper_calculation,p3_0.png
750,327.5,121.17903930131004,0.3637123745819398,0.4366812227074236,0.01254180602006689,fig3a_main,20,frequency_GHz,V,digitized_paper_calculation,p3_0.png
751,327.5,121.39737991266375,0.3637123745819398,0.4366812227074236,0.01254180602006689,fig3a_main,20,frequency_GHz,V,digitized_paper_calculation,p3_0.png
752,328.5,121.61572052401746,0.358695652173913,0.4366812227074236,0.01254180602006689,fig3a_main,20,frequency_GHz,V,digitized_paper_calculation,p3_0.png
753,328.5,121.83406113537117,0.358695652173913,0.4366812227074236,0.01254180602006689,fig3a_main,20,frequency_GHz,V,digitized_paper_calculation,p3_0.png
754,329.0,122.0524017467249,0.35618729096989965,0.4366812227074236,0.010033444816053512,fig3a_main,20,frequency_GHz,V,digitized_paper_calculation,p3_0.png
755,329.0,122.2707423580786,0.35618729096989965,0.4366812227074236,0.010033444816053512,fig3a_main,20,frequency_GHz,V,digitized_paper_calculation,p3_0.png
756,329.5,122.48908296943232,0.3536789297658863,0.4366812227074236,0.01254180602006689,fig3a_main,20,frequency_GHz,V,digitized_paper_calculation,p3_0.png
757,329.5,122.70742358078603,0.3536789297658863,0.4366812227074236,0.01254180602006689,fig3a_main,20,frequency_GHz,V,digitized_paper_calculation,p3_0.png
758,329.5,122.92576419213974,0.3536789297658863,0.4366812227074236,0.01254180602006689,fig3a_main,20,frequency_GHz,V,digitized_paper_calculation,p3_0.png
759,329.5,123.14410480349345,0.3536789297658863,0.4366812227074236,0.01254180602006689,fig3a_main,20,frequency_GHz,V,digitized_paper_calculation,p3_0.png
760,329.0,123.36244541484716,0.35618729096989965,0.4366812227074236,0.010033444816053512,fig3a_main,20,frequency_GHz,V,digitized_paper_calculation,p3_0.png
761,329.0,123.58078602620087,0.35618729096989965,0.4366812227074236,0.010033444816053512,fig3a_main,20,frequency_GHz,V,digitized_paper_calculation,p3_0.png
762,328.5,123.79912663755458,0.358695652173913,0.4366812227074236,0.01254180602006689,fig3a_main,20,frequency_GHz,V,digitized_paper_calculation,p3_0.png
763,328.5,124.0174672489083,0.358695652173913,0.4366812227074236,0.01254180602006689,fig3a_main,20,frequency_GHz,V,digitized_paper_calculation,p3_0.png
764,328.0,124.23580786026201,0.3612040133779264,0.4366812227074236,0.010033444816053512,fig3a_main,20,frequency_GHz,V,digitized_paper_calculation,p3_0.png
765,327.5,124.45414847161572,0.3637123745819398,0.4366812227074236,0.01254180602006689,fig3a_main,20,frequency_GHz,V,digitized_paper_calculation,p3_0.png
766,327.5,124.67248908296943,0.3637123745819398,0.4366812227074236,0.01254180602006689,fig3a_main,20,frequency_GHz,V,digitized_paper_calculation,p3_0.png
767,326.5,124.89082969432314,0.36872909698996653,0.4366812227074236,0.01254180602006689,fig3a_main,20,frequency_GHz,V,digitized_paper_calculation,p3_0.png
768,326.5,125.10917030567686,0.36872909698996653,0.4366812227074236,0.01254180602006689,fig3a_main,20,frequency_GHz,V,digitized_paper_calculation,p3_0.png
769,325.5,125.32751091703057,0.3737458193979933,0.4366812227074236,0.01254180602006689,fig3a_main,20,frequency_GHz,V,digitized_paper_calculation,p3_0.png
770,325.5,125.54585152838428,0.3737458193979933,0.4366812227074236,0.01254180602006689,fig3a_main,20,frequency_GHz,V,digitized_paper_calculation,p3_0.png
771,325.0,125.76419213973799,0.3762541806020067,0.4366812227074236,0.010033444816053512,fig3a_main,20,frequency_GHz,V,digitized_paper_calculation,p3_0.png
772,324.5,125.9825327510917,0.3787625418060201,0.4366812227074236,0.01254180602006689,fig3a_main,20,frequency_GHz,V,digitized_paper_calculation,p3_0.png
773,324.5,126.20087336244542,0.3787625418060201,0.4366812227074236,0.01254180602006689,fig3a_main,20,frequency_GHz,V,digitized_paper_calculation,p3_0.png
774,324.0,126.41921397379913,0.38127090301003347,0.4366812227074236,0.010033444816053512,fig3a_main,20,frequency_GHz,V,digitized_paper_calculation,p3_0.png
775,323.5,126.63755458515284,0.38377926421404684,0.4366812227074236,0.01254180602006689,fig3a_main,20,frequency_GHz,V,digitized_paper_calculation,p3_0.png
776,323.5,126.85589519650655,0.38377926421404684,0.4366812227074236,0.01254180602006689,fig3a_main,20,frequency_GHz,V,digitized_paper_calculation,p3_0.png
777,323.0,127.07423580786026,0.3862876254180602,0.4366812227074236,0.015050167224080268,fig3a_main,20,frequency_GHz,V,digitized_paper_calculation,p3_0.png
778,323.5,127.29257641921397,0.38377926421404684,0.4366812227074236,0.01254180602006689,fig3a_main,20,frequency_GHz,V,digitized_paper_calculation,p3_0.png
779,323.5,127.51091703056768,0.38377926421404684,0.4366812227074236,0.01254180602006689,fig3a_main,20,frequency_GHz,V,digitized_paper_calculation,p3_0.png
780,323.0,127.7292576419214,0.3862876254180602,0.4366812227074236,0.010033444816053512,fig3a_main,20,frequency_GHz,V,digitized_paper_calculation,p3_0.png
781,323.0,127.9475982532751,0.3862876254180602,0.4366812227074236,0.010033444816053512,fig3a_main,20,frequency_GHz,V,digitized_paper_calculation,p3_0.png
782,323.5,128.16593886462883,0.38377926421404684,0.4366812227074236,0.01254180602006689,fig3a_main,20,frequency_GHz,V,digitized_paper_calculation,p3_0.png
783,323.5,128.38427947598254,0.38377926421404684,0.4366812227074236,0.01254180602006689,fig3a_main,20,frequency_GHz,V,digitized_paper_calculation,p3_0.png
784,323.5,128.60262008733625,0.38377926421404684,0.4366812227074236,0.01254180602006689,fig3a_main,20,frequency_GHz,V,digitized_paper_calculation,p3_0.png
785,324.0,128.82096069868996,0.38127090301003347,0.4366812227074236,0.010033444816053512,fig3a_main,20,frequency_GHz,V,digitized_paper_calculation,p3_0.png
786,324.0,129.03930131004367,0.38127090301003347,0.4366812227074236,0.015050167224080268,fig3a_main,20,frequency_GHz,V,digitized_paper_calculation,p3_0.png
787,324.5,129.25764192139738,0.3787625418060201,0.4366812227074236,0.01254180602006689,fig3a_main,20,frequency_GHz,V,digitized_paper_calculation,p3_0.png
788,325.5,129.4759825327511,0.3737458193979933,0.4366812227074236,0.01254180602006689,fig3a_main,20,frequency_GHz,V,digitized_paper_calculation,p3_0.png
789,325.5,129.6943231441048,0.3737458193979933,0.4366812227074236,0.01254180602006689,fig3a_main,20,frequency_GHz,V,digitized_paper_calculation,p3_0.png
790,326.0,129.9126637554585,0.3712374581939799,0.4366812227074236,0.010033444816053512,fig3a_main,20,frequency_GHz,V,digitized_paper_calculation,p3_0.png
791,326.5,130.13100436681222,0.36872909698996653,0.4366812227074236,0.01254180602006689,fig3a_main,20,frequency_GHz,V,digitized_paper_calculation,p3_0.png
792,327.5,130.34934497816593,0.3637123745819398,0.4366812227074236,0.01254180602006689,fig3a_main,20,frequency_GHz,V,digitized_paper_calculation,p3_0.png
793,327.5,130.56768558951964,0.3637123745819398,0.4366812227074236,0.01254180602006689,fig3a_main,20,frequency_GHz,V,digitized_paper_calculation,p3_0.png
794,328.0,130.78602620087335,0.3612040133779264,0.4366812227074236,0.015050167224080268,fig3a_main,20,frequency_GHz,V,digitized_paper_calculation,p3_0.png
795,328.5,131.00436681222706,0.358695652173913,0.4366812227074236,0.01254180602006689,fig3a_main,20,frequency_GHz,V,digitized_paper_calculation,p3_0.png
796,329.0,131.22270742358077,0.35618729096989965,0.4366812227074236,0.010033444816053512,fig3a_main,20,frequency_GHz,V,digitized_paper_calculation,p3_0.png
797,329.5,131.4410480349345,0.3536789297658863,0.4366812227074236,0.01254180602006689,fig3a_main,20,frequency_GHz,V,digitized_paper_calculation,p3_0.png
798,330.0,131.65938864628822,0.3511705685618729,0.4366812227074236,0.010033444816053512,fig3a_main,20,frequency_GHz,V,digitized_paper_calculation,p3_0.png
799,330.5,131.87772925764193,0.3486622073578595,0.4366812227074236,0.01254180602006689,fig3a_main,20,frequency_GHz,V,digitized_paper_calculation,p3_0.png
800,330.5,132.09606986899564,0.3486622073578595,0.4366812227074236,0.01254180602006689,fig3a_main,20,frequency_GHz,V,digitized_paper_calculation,p3_0.png
801,331.0,132.31441048034935,0.34615384615384615,0.4366812227074236,0.010033444816053512,fig3a_main,20,frequency_GHz,V,digitized_paper_calculation,p3_0.png
802,331.5,132.53275109170306,0.34364548494983277,0.4366812227074236,0.01254180602006689,fig3a_main,20,frequency_GHz,V,digitized_paper_calculation,p3_0.png
803,331.5,132.75109170305677,0.34364548494983277,0.4366812227074236,0.01254180602006689,fig3a_main,20,frequency_GHz,V,digitized_paper_calculation,p3_0.png
804,331.5,132.96943231441048,0.34364548494983277,0.4366812227074236,0.01254180602006689,fig3a_main,20,frequency_GHz,V,digitized_paper_calculation,p3_0.png
805,331.5,133.1877729257642,0.34364548494983277,0.4366812227074236,0.01254180602006689,fig3a_main,20,frequency_GHz,V,digitized_paper_calculation,p3_0.png
806,331.5,133.4061135371179,0.34364548494983277,0.4366812227074236,0.01254180602006689,fig3a_main,20,frequency_GHz,V,digitized_paper_calculation,p3_0.png
807,331.0,133.6244541484716,0.34615384615384615,0.4366812227074236,0.010033444816053512,fig3a_main,20,frequency_GHz,V,digitized_paper_calculation,p3_0.png
809,330.5,134.06113537117903,0.3486622073578595,0.4366812227074236,0.01254180602006689,fig3a_main,20,frequency_GHz,V,digitized_paper_calculation,p3_0.png
810,330.5,134.27947598253274,0.3486622073578595,0.4366812227074236,0.01254180602006689,fig3a_main,20,frequency_GHz,V,digitized_paper_calculation,p3_0.png
811,329.5,134.49781659388645,0.3536789297658863,0.4366812227074236,0.01254180602006689,fig3a_main,20,frequency_GHz,V,digitized_paper_calculation,p3_0.png
812,329.5,134.71615720524017,0.3536789297658863,0.4366812227074236,0.01254180602006689,fig3a_main,20,frequency_GHz,V,digitized_paper_calculation,p3_0.png
813,328.5,134.93449781659388,0.358695652173913,0.4366812227074236,0.01254180602006689,fig3a_main,20,frequency_GHz,V,digitized_paper_calculation,p3_0.png
814,328.5,135.1528384279476,0.358695652173913,0.4366812227074236,0.01254180602006689,fig3a_main,20,frequency_GHz,V,digitized_paper_calculation,p3_0.png
815,327.5,135.3711790393013,0.3637123745819398,0.4366812227074236,0.01254180602006689,fig3a_main,20,frequency_GHz,V,digitized_paper_calculation,p3_0.png
816,327.5,135.58951965065503,0.3637123745819398,0.4366812227074236,0.01254180602006689,fig3a_main,20,frequency_GHz,V,digitized_paper_calculation,p3_0.png
817,327.0,135.80786026200875,0.36622073578595316,0.4366812227074236,0.010033444816053512,fig3a_main,20,frequency_GHz,V,digitized_paper_calculation,p3_0.png
818,326.5,136.02620087336246,0.36872909698996653,0.4366812227074236,0.01254180602006689,fig3a_main,20,frequency_GHz,V,digitized_paper_calculation,p3_0.png
819,326.0,136.24454148471617,0.3712374581939799,0.4366812227074236,0.010033444816053512,fig3a_main,20,frequency_GHz,V,digitized_paper_calculation,p3_0.png
820,325.5,136.46288209606988,0.3737458193979933,0.4366812227074236,0.01254180602006689,fig3a_main,20,frequency_GHz,V,digitized_paper_calculation,p3_0.png
821,325.5,136.6812227074236,0.3737458193979933,0.4366812227074236,0.01254180602006689,fig3a_main,20,frequency_GHz,V,digitized_paper_calculation,p3_0.png
822,324.5,136.8995633187773,0.3787625418060201,0.4366812227074236,0.01254180602006689,fig3a_main,20,frequency_GHz,V,digitized_paper_calculation,p3_0.png
823,324.5,137.117903930131,0.3787625418060201,0.4366812227074236,0.01254180602006689,fig3a_main,20,frequency_GHz,V,digitized_paper_calculation,p3_0.png
824,324.5,137.33624454148472,0.3787625418060201,0.4366812227074236,0.01254180602006689,fig3a_main,20,frequency_GHz,V,digitized_paper_calculation,p3_0.png
825,324.5,137.55458515283843,0.3787625418060201,0.4366812227074236,0.01254180602006689,fig3a_main,20,frequency_GHz,V,digitized_paper_calculation,p3_0.png
826,324.5,137.77292576419214,0.3787625418060201,0.4366812227074236,0.01254180602006689,fig3a_main,20,frequency_GHz,V,digitized_paper_calculation,p3_0.png
827,324.5,137.99126637554585,0.3787625418060201,0.4366812227074236,0.01254180602006689,fig3a_main,20,frequency_GHz,V,digitized_paper_calculation,p3_0.png
828,324.5,138.20960698689956,0.3787625418060201,0.4366812227074236,0.01254180602006689,fig3a_main,20,frequency_GHz,V,digitized_paper_calculation,p3_0.png
829,324.5,138.42794759825327,0.3787625418060201,0.4366812227074236,0.01254180602006689,fig3a_main,20,frequency_GHz,V,digitized_paper_calculation,p3_0.png
830,325.0,138.64628820960698,0.3762541806020067,0.4366812227074236,0.010033444816053512,fig3a_main,20,frequency_GHz,V,digitized_paper_calculation,p3_0.png
831,325.5,138.8646288209607,0.3737458193979933,0.4366812227074236,0.01254180602006689,fig3a_main,20,frequency_GHz,V,digitized_paper_calculation,p3_0.png
832,325.5,139.0829694323144,0.3737458193979933,0.4366812227074236,0.01254180602006689,fig3a_main,20,frequency_GHz,V,digitized_paper_calculation,p3_0.png
833,326.5,139.3013100436681,0.36872909698996653,0.4366812227074236,0.01254180602006689,fig3a_main,20,frequency_GHz,V,digitized_paper_calculation,p3_0.png
834,326.5,139.51965065502182,0.36872909698996653,0.4366812227074236,0.01254180602006689,fig3a_main,20,frequency_GHz,V,digitized_paper_calculation,p3_0.png
835,327.5,139.73799126637556,0.3637123745819398,0.4366812227074236,0.01254180602006689,fig3a_main,20,frequency_GHz,V,digitized_paper_calculation,p3_0.png
836,327.5,139.95633187772927,0.3637123745819398,0.4366812227074236,0.01254180602006689,fig3a_main,20,frequency_GHz,V,digitized_paper_calculation,p3_0.png
837,328.5,140.17467248908298,0.358695652173913,0.4366812227074236,0.01254180602006689,fig3a_main,20,frequency_GHz,V,digitized_paper_calculation,p3_0.png
838,329.0,140.3930131004367,0.35618729096989965,0.4366812227074236,0.010033444816053512,fig3a_main,20,frequency_GHz,V,digitized_paper_calculation,p3_0.png
839,329.5,140.6113537117904,0.3536789297658863,0.4366812227074236,0.01254180602006689,fig3a_main,20,frequency_GHz,V,digitized_paper_calculation,p3_0.png
840,329.5,140.8296943231441,0.3536789297658863,0.4366812227074236,0.01254180602006689,fig3a_main,20,frequency_GHz,V,digitized_paper_calculation,p3_0.png
841,330.5,141.04803493449782,0.3486622073578595,0.4366812227074236,0.01254180602006689,fig3a_main,20,frequency_GHz,V,digitized_paper_calculation,p3_0.png
842,331.0,141.26637554585153,0.34615384615384615,0.4366812227074236,0.010033444816053512,fig3a_main,20,frequency_GHz,V,digitized_paper_calculation,p3_0.png
843,331.5,141.48471615720524,0.34364548494983277,0.4366812227074236,0.01254180602006689,fig3a_main,20,frequency_GHz,V,digitized_paper_calculation,p3_0.png
844,332.5,141.70305676855895,0.338628762541806,0.4366812227074236,0.01254180602006689,fig3a_main,20,frequency_GHz,V,digitized_paper_calculation,p3_0.png
845,332.5,141.92139737991266,0.338628762541806,0.4366812227074236,0.01254180602006689,fig3a_main,20,frequency_GHz,V,digitized_paper_calculation,p3_0.png
846,333.0,142.13973799126637,0.33612040133779264,0.4366812227074236,0.010033444816053512,fig3a_main,20,frequency_GHz,V,digitized_paper_calculation,p3_0.png
847,333.5,142.35807860262008,0.33361204013377926,0.4366812227074236,0.01254180602006689,fig3a_main,20,frequency_GHz,V,digitized_paper_calculation,p3_0.png
848,333.5,142.5764192139738,0.33361204013377926,0.4366812227074236,0.01254180602006689,fig3a_main,20,frequency_GHz,V,digitized_paper_calculation,p3_0.png
849,333.5,142.7947598253275,0.33361204013377926,0.4366812227074236,0.01254180602006689,fig3a_main,20,frequency_GHz,V,digitized_paper_calculation,p3_0.png
850,334.0,143.0131004366812,0.3311036789297659,0.4366812227074236,0.010033444816053512,fig3a_main,20,frequency_GHz,V,digitized_paper_calculation,p3_0.png
851,334.0,143.23144104803492,0.3311036789297659,0.4366812227074236,0.010033444816053512,fig3a_main,20,frequency_GHz,V,digitized_paper_calculation,p3_0.png
852,333.0,143.44978165938863,0.33612040133779264,0.4366812227074236,0.015050167224080268,fig3a_main,20,frequency_GHz,V,digitized_paper_calculation,p3_0.png
853,333.5,143.66812227074234,0.33361204013377926,0.4366812227074236,0.01254180602006689,fig3a_main,20,frequency_GHz,V,digitized_paper_calculation,p3_0.png
854,333.5,143.88646288209608,0.33361204013377926,0.4366812227074236,0.01254180602006689,fig3a_main,20,frequency_GHz,V,digitized_paper_calculation,p3_0.png
855,333.5,144.1048034934498,0.33361204013377926,0.4366812227074236,0.01254180602006689,fig3a_main,20,frequency_GHz,V,digitized_paper_calculation,p3_0.png
856,332.5,144.3231441048035,0.338628762541806,0.4366812227074236,0.01254180602006689,fig3a_main,20,frequency_GHz,V,digitized_paper_calculation,p3_0.png
857,332.5,144.5414847161572,0.338628762541806,0.4366812227074236,0.01254180602006689,fig3a_main,20,frequency_GHz,V,digitized_paper_calculation,p3_0.png
858,331.5,144.75982532751092,0.34364548494983277,0.4366812227074236,0.01254180602006689,fig3a_main,20,frequency_GHz,V,digitized_paper_calculation,p3_0.png
859,331.5,144.97816593886463,0.34364548494983277,0.4366812227074236,0.01254180602006689,fig3a_main,20,frequency_GHz,V,digitized_paper_calculation,p3_0.png
860,330.5,145.19650655021834,0.3486622073578595,0.4366812227074236,0.01254180602006689,fig3a_main,20,frequency_GHz,V,digitized_paper_calculation,p3_0.png
861,329.5,145.41484716157206,0.3536789297658863,0.4366812227074236,0.01254180602006689,fig3a_main,20,frequency_GHz,V,digitized_paper_calculation,p3_0.png
862,329.5,145.63318777292577,0.3536789297658863,0.4366812227074236,0.01254180602006689,fig3a_main,20,frequency_GHz,V,digitized_paper_calculation,p3_0.png
863,329.0,145.85152838427948,0.35618729096989965,0.4366812227074236,0.010033444816053512,fig3a_main,20,frequency_GHz,V,digitized_paper_calculation,p3_0.png
864,328.5,146.0698689956332,0.358695652173913,0.4366812227074236,0.01254180602006689,fig3a_main,20,frequency_GHz,V,digitized_paper_calculation,p3_0.png
865,328.0,146.2882096069869,0.3612040133779264,0.4366812227074236,0.010033444816053512,fig3a_main,20,frequency_GHz,V,digitized_paper_calculation,p3_0.png
866,327.5,146.5065502183406,0.3637123745819398,0.4366812227074236,0.01254180602006689,fig3a_main,20,frequency_GHz,V,digitized_paper_calculation,p3_0.png
867,327.0,146.72489082969432,0.36622073578595316,0.4366812227074236,0.010033444816053512,fig3a_main,20,frequency_GHz,V,digitized_paper_calculation,p3_0.png
868,326.5,146.94323144104803,0.36872909698996653,0.4366812227074236,0.01254180602006689,fig3a_main,20,frequency_GHz,V,digitized_paper_calculation,p3_0.png
869,326.0,147.16157205240174,0.3712374581939799,0.4366812227074236,0.015050167224080268,fig3a_main,20,frequency_GHz,V,digitized_paper_calculation,p3_0.png
870,325.5,147.37991266375545,0.3737458193979933,0.4366812227074236,0.01254180602006689,fig3a_main,20,frequency_GHz,V,digitized_paper_calculation,p3_0.png
871,325.5,147.59825327510916,0.3737458193979933,0.4366812227074236,0.01254180602006689,fig3a_main,20,frequency_GHz,V,digitized_paper_calculation,p3_0.png
872,325.5,147.81659388646287,0.3737458193979933,0.4366812227074236,0.01254180602006689,fig3a_main,20,frequency_GHz,V,digitized_paper_calculation,p3_0.png
873,325.5,148.0349344978166,0.3737458193979933,0.4366812227074236,0.01254180602006689,fig3a_main,20,frequency_GHz,V,digitized_paper_calculation,p3_0.png
874,325.5,148.25327510917032,0.3737458193979933,0.4366812227074236,0.01254180602006689,fig3a_main,20,frequency_GHz,V,digitized_paper_calculation,p3_0.png
875,325.5,148.47161572052403,0.3737458193979933,0.4366812227074236,0.01254180602006689,fig3a_main,20,frequency_GHz,V,digitized_paper_calculation,p3_0.png
876,325.5,148.68995633187774,0.3737458193979933,0.4366812227074236,0.01254180602006689,fig3a_main,20,frequency_GHz,V,digitized_paper_calculation,p3_0.png
877,326.0,148.90829694323145,0.3712374581939799,0.4366812227074236,0.010033444816053512,fig3a_main,20,frequency_GHz,V,digitized_paper_calculation,p3_0.png
878,326.0,149.12663755458516,0.3712374581939799,0.4366812227074236,0.015050167224080268,fig3a_main,20,frequency_GHz,V,digitized_paper_calculation,p3_0.png
879,326.5,149.34497816593887,0.36872909698996653,0.4366812227074236,0.01254180602006689,fig3a_main,20,frequency_GHz,V,digitized_paper_calculation,p3_0.png
880,327.5,149.56331877729258,0.3637123745819398,0.4366812227074236,0.01254180602006689,fig3a_main,20,frequency_GHz,V,digitized_paper_calculation,p3_0.png
881,327.5,149.7816593886463,0.3637123745819398,0.4366812227074236,0.01254180602006689,fig3a_main,20,frequency_GHz,V,digitized_paper_calculation,p3_0.png
882,328.5,150.0,0.358695652173913,0.4366812227074236,0.01254180602006689,fig3a_main,20,frequency_GHz,V,digitized_paper_calculation,p3_0.png
883,329.0,150.2183406113537,0.35618729096989965,0.4366812227074236,0.010033444816053512,fig3a_main,20,frequency_GHz,V,digitized_paper_calculation,p3_0.png
884,329.5,150.43668122270742,0.3536789297658863,0.4366812227074236,0.01254180602006689,fig3a_main,20,frequency_GHz,V,digitized_paper_calculation,p3_0.png
885,330.0,150.65502183406113,0.3511705685618729,0.4366812227074236,0.010033444816053512,fig3a_main,20,frequency_GHz,V,digitized_paper_calculation,p3_0.png
886,330.5,150.87336244541484,0.3486622073578595,0.4366812227074236,0.01254180602006689,fig3a_main,20,frequency_GHz,V,digitized_paper_calculation,p3_0.png
887,331.5,151.09170305676855,0.34364548494983277,0.4366812227074236,0.01254180602006689,fig3a_main,20,frequency_GHz,V,digitized_paper_calculation,p3_0.png
888,331.5,151.31004366812226,0.34364548494983277,0.4366812227074236,0.01254180602006689,fig3a_main,20,frequency_GHz,V,digitized_paper_calculation,p3_0.png
889,332.5,151.52838427947597,0.338628762541806,0.4366812227074236,0.01254180602006689,fig3a_main,20,frequency_GHz,V,digitized_paper_calculation,p3_0.png
890,332.5,151.74672489082968,0.338628762541806,0.4366812227074236,0.01254180602006689,fig3a_main,20,frequency_GHz,V,digitized_paper_calculation,p3_0.png
891,333.5,151.9650655021834,0.33361204013377926,0.4366812227074236,0.01254180602006689,fig3a_main,20,frequency_GHz,V,digitized_paper_calculation,p3_0.png
892,333.5,152.18340611353713,0.33361204013377926,0.4366812227074236,0.01254180602006689,fig3a_main,20,frequency_GHz,V,digitized_paper_calculation,p3_0.png
893,334.0,152.40174672489084,0.3311036789297659,0.4366812227074236,0.010033444816053512,fig3a_main,20,frequency_GHz,V,digitized_paper_calculation,p3_0.png
894,334.5,152.62008733624455,0.3285953177257525,0.4366812227074236,0.01254180602006689,fig3a_main,20,frequency_GHz,V,digitized_paper_calculation,p3_0.png
895,334.5,152.83842794759826,0.3285953177257525,0.4366812227074236,0.01254180602006689,fig3a_main,20,frequency_GHz,V,digitized_paper_calculation,p3_0.png
896,334.5,153.05676855895197,0.3285953177257525,0.4366812227074236,0.01254180602006689,fig3a_main,20,frequency_GHz,V,digitized_paper_calculation,p3_0.png
897,334.5,153.27510917030568,0.3285953177257525,0.4366812227074236,0.01254180602006689,fig3a_main,20,frequency_GHz,V,digitized_paper_calculation,p3_0.png
898,334.5,153.4934497816594,0.3285953177257525,0.4366812227074236,0.01254180602006689,fig3a_main,20,frequency_GHz,V,digitized_paper_calculation,p3_0.png
899,334.5,153.7117903930131,0.3285953177257525,0.4366812227074236,0.01254180602006689,fig3a_main,20,frequency_GHz,V,digitized_paper_calculation,p3_0.png
900,334.5,153.9301310043668,0.3285953177257525,0.4366812227074236,0.01254180602006689,fig3a_main,20,frequency_GHz,V,digitized_paper_calculation,p3_0.png
901,333.5,154.14847161572052,0.33361204013377926,0.4366812227074236,0.01254180602006689,fig3a_main,20,frequency_GHz,V,digitized_paper_calculation,p3_0.png
902,333.5,154.36681222707423,0.33361204013377926,0.4366812227074236,0.01254180602006689,fig3a_main,20,frequency_GHz,V,digitized_paper_calculation,p3_0.png
903,333.0,154.58515283842794,0.33612040133779264,0.4366812227074236,0.010033444816053512,fig3a_main,20,frequency_GHz,V,digitized_paper_calculation,p3_0.png
904,332.5,154.80349344978166,0.338628762541806,0.4366812227074236,0.01254180602006689,fig3a_main,20,frequency_GHz,V,digitized_paper_calculation,p3_0.png
905,331.5,155.02183406113537,0.34364548494983277,0.4366812227074236,0.01254180602006689,fig3a_main,20,frequency_GHz,V,digitized_paper_calculation,p3_0.png
906,331.5,155.24017467248908,0.34364548494983277,0.4366812227074236,0.01254180602006689,fig3a_main,20,frequency_GHz,V,digitized_paper_calculation,p3_0.png
907,330.5,155.4585152838428,0.3486622073578595,0.4366812227074236,0.01254180602006689,fig3a_main,20,frequency_GHz,V,digitized_paper_calculation,p3_0.png
908,330.0,155.6768558951965,0.3511705685618729,0.4366812227074236,0.010033444816053512,fig3a_main,20,frequency_GHz,V,digitized_paper_calculation,p3_0.png
909,329.5,155.8951965065502,0.3536789297658863,0.4366812227074236,0.01254180602006689,fig3a_main,20,frequency_GHz,V,digitized_paper_calculation,p3_0.png
910,329.0,156.11353711790392,0.35618729096989965,0.4366812227074236,0.010033444816053512,fig3a_main,20,frequency_GHz,V,digitized_paper_calculation,p3_0.png
911,328.5,156.33187772925766,0.358695652173913,0.4366812227074236,0.01254180602006689,fig3a_main,20,frequency_GHz,V,digitized_paper_calculation,p3_0.png
912,327.5,156.55021834061137,0.3637123745819398,0.4366812227074236,0.01254180602006689,fig3a_main,20,frequency_GHz,V,digitized_paper_calculation,p3_0.png
913,327.5,156.76855895196508,0.3637123745819398,0.4366812227074236,0.01254180602006689,fig3a_main,20,frequency_GHz,V,digitized_paper_calculation,p3_0.png
914,326.5,156.9868995633188,0.36872909698996653,0.4366812227074236,0.01254180602006689,fig3a_main,20,frequency_GHz,V,digitized_paper_calculation,p3_0.png
915,326.5,157.2052401746725,0.36872909698996653,0.4366812227074236,0.01254180602006689,fig3a_main,20,frequency_GHz,V,digitized_paper_calculation,p3_0.png
916,326.5,157.4235807860262,0.36872909698996653,0.4366812227074236,0.01254180602006689,fig3a_main,20,frequency_GHz,V,digitized_paper_calculation,p3_0.png
917,326.5,157.64192139737992,0.36872909698996653,0.4366812227074236,0.01254180602006689,fig3a_main,20,frequency_GHz,V,digitized_paper_calculation,p3_0.png
918,326.0,157.86026200873363,0.3712374581939799,0.4366812227074236,0.010033444816053512,fig3a_main,20,frequency_GHz,V,digitized_paper_calculation,p3_0.png
919,326.0,158.07860262008734,0.3712374581939799,0.4366812227074236,0.010033444816053512,fig3a_main,20,frequency_GHz,V,digitized_paper_calculation,p3_0.png
920,326.5,158.29694323144105,0.36872909698996653,0.4366812227074236,0.01254180602006689,fig3a_main,20,frequency_GHz,V,digitized_paper_calculation,p3_0.png
921,326.5,158.51528384279476,0.36872909698996653,0.4366812227074236,0.01254180602006689,fig3a_main,20,frequency_GHz,V,digitized_paper_calculation,p3_0.png
922,326.5,158.73362445414847,0.36872909698996653,0.4366812227074236,0.01254180602006689,fig3a_main,20,frequency_GHz,V,digitized_paper_calculation,p3_0.png
923,326.5,158.95196506550218,0.36872909698996653,0.4366812227074236,0.01254180602006689,fig3a_main,20,frequency_GHz,V,digitized_paper_calculation,p3_0.png
924,326.5,159.1703056768559,0.36872909698996653,0.4366812227074236,0.01254180602006689,fig3a_main,20,frequency_GHz,V,digitized_paper_calculation,p3_0.png
925,327.5,159.3886462882096,0.3637123745819398,0.4366812227074236,0.01254180602006689,fig3a_main,20,frequency_GHz,V,digitized_paper_calculation,p3_0.png
926,327.5,159.6069868995633,0.3637123745819398,0.4366812227074236,0.01254180602006689,fig3a_main,20,frequency_GHz,V,digitized_paper_calculation,p3_0.png
927,328.5,159.82532751091702,0.358695652173913,0.4366812227074236,0.01254180602006689,fig3a_main,20,frequency_GHz,V,digitized_paper_calculation,p3_0.png
928,328.5,160.04366812227073,0.358695652173913,0.4366812227074236,0.01254180602006689,fig3a_main,20,frequency_GHz,V,digitized_paper_calculation,p3_0.png
929,329.5,160.26200873362444,0.3536789297658863,0.4366812227074236,0.01254180602006689,fig3a_main,20,frequency_GHz,V,digitized_paper_calculation,p3_0.png
930,330.0,160.48034934497818,0.3511705685618729,0.4366812227074236,0.010033444816053512,fig3a_main,20,frequency_GHz,V,digitized_paper_calculation,p3_0.png
931,330.5,160.6986899563319,0.3486622073578595,0.4366812227074236,0.01254180602006689,fig3a_main,20,frequency_GHz,V,digitized_paper_calculation,p3_0.png
932,331.5,160.9170305676856,0.34364548494983277,0.4366812227074236,0.01254180602006689,fig3a_main,20,frequency_GHz,V,digitized_paper_calculation,p3_0.png
933,331.5,161.1353711790393,0.34364548494983277,0.4366812227074236,0.01254180602006689,fig3a_main,20,frequency_GHz,V,digitized_paper_calculation,p3_0.png
934,332.5,161.35371179039302,0.338628762541806,0.4366812227074236,0.01254180602006689,fig3a_main,20,frequency_GHz,V,digitized_paper_calculation,p3_0.png
935,332.5,161.57205240174673,0.338628762541806,0.4366812227074236,0.01254180602006689,fig3a_main,20,frequency_GHz,V,digitized_paper_calculation,p3_0.png
936,333.5,161.79039301310044,0.33361204013377926,0.4366812227074236,0.01254180602006689,fig3a_main,20,frequency_GHz,V,digitized_paper_calculation,p3_0.png
937,334.0,162.00873362445415,0.3311036789297659,0.4366812227074236,0.010033444816053512,fig3a_main,20,frequency_GHz,V,digitized_paper_calculation,p3_0.png
938,334.5,162.22707423580786,0.3285953177257525,0.4366812227074236,0.01254180602006689,fig3a_main,20,frequency_GHz,V,digitized_paper_calculation,p3_0.png
939,334.5,162.44541484716157,0.3285953177257525,0.4366812227074236,0.01254180602006689,fig3a_main,20,frequency_GHz,V,digitized_paper_calculation,p3_0.png
940,334.5,162.66375545851528,0.3285953177257525,0.4366812227074236,0.01254180602006689,fig3a_main,20,frequency_GHz,V,digitized_paper_calculation,p3_0.png
942,335.0,163.1004366812227,0.32608695652173914,0.4366812227074236,0.010033444816053512,fig3a_main,20,frequency_GHz,V,digitized_paper_calculation,p3_0.png
943,335.0,163.3187772925764,0.32608695652173914,0.4366812227074236,0.010033444816053512,fig3a_main,20,frequency_GHz,V,digitized_paper_calculation,p3_0.png
944,334.5,163.53711790393012,0.3285953177257525,0.4366812227074236,0.01254180602006689,fig3a_main,20,frequency_GHz,V,digitized_paper_calculation,p3_0.png
945,334.5,163.75545851528383,0.3285953177257525,0.4366812227074236,0.01254180602006689,fig3a_main,20,frequency_GHz,V,digitized_paper_calculation,p3_0.png
946,334.5,163.97379912663754,0.3285953177257525,0.4366812227074236,0.01254180602006689,fig3a_main,20,frequency_GHz,V,digitized_paper_calculation,p3_0.png
947,333.5,164.19213973799125,0.33361204013377926,0.4366812227074236,0.01254180602006689,fig3a_main,20,frequency_GHz,V,digitized_paper_calculation,p3_0.png
948,333.5,164.41048034934497,0.33361204013377926,0.4366812227074236,0.01254180602006689,fig3a_main,20,frequency_GHz,V,digitized_paper_calculation,p3_0.png
949,332.5,164.6288209606987,0.338628762541806,0.4366812227074236,0.01254180602006689,fig3a_main,20,frequency_GHz,V,digitized_paper_calculation,p3_0.png
950,332.5,164.8471615720524,0.338628762541806,0.4366812227074236,0.01254180602006689,fig3a_main,20,frequency_GHz,V,digitized_paper_calculation,p3_0.png
951,331.5,165.06550218340612,0.34364548494983277,0.4366812227074236,0.01254180602006689,fig3a_main,20,frequency_GHz,V,digitized_paper_calculation,p3_0.png
952,330.5,165.28384279475983,0.3486622073578595,0.4366812227074236,0.01254180602006689,fig3a_main,20,frequency_GHz,V,digitized_paper_calculation,p3_0.png
953,330.5,165.50218340611355,0.3486622073578595,0.4366812227074236,0.01254180602006689,fig3a_main,20,frequency_GHz,V,digitized_paper_calculation,p3_0.png
954,329.5,165.72052401746726,0.3536789297658863,0.4366812227074236,0.01254180602006689,fig3a_main,20,frequency_GHz,V,digitized_paper_calculation,p3_0.png
955,329.5,165.93886462882097,0.3536789297658863,0.4366812227074236,0.01254180602006689,fig3a_main,20,frequency_GHz,V,digitized_paper_calculation,p3_0.png
956,328.5,166.15720524017468,0.358695652173913,0.4366812227074236,0.01254180602006689,fig3a_main,20,frequency_GHz,V,digitized_paper_calculation,p3_0.png
957,328.0,166.3755458515284,0.3612040133779264,0.4366812227074236,0.010033444816053512,fig3a_main,20,frequency_GHz,V,digitized_paper_calculation,p3_0.png
958,327.5,166.5938864628821,0.3637123745819398,0.4366812227074236,0.01254180602006689,fig3a_main,20,frequency_GHz,V,digitized_paper_calculation,p3_0.png
959,326.5,166.8122270742358,0.36872909698996653,0.4366812227074236,0.01254180602006689,fig3a_main,20,frequency_GHz,V,digitized_paper_calculation,p3_0.png
960,326.5,167.03056768558952,0.36872909698996653,0.4366812227074236,0.01254180602006689,fig3a_main,20,frequency_GHz,V,digitized_paper_calculation,p3_0.png
961,326.5,167.24890829694323,0.36872909698996653,0.4366812227074236,0.01254180602006689,fig3a_main,20,frequency_GHz,V,digitized_paper_calculation,p3_0.png
962,326.0,167.46724890829694,0.3712374581939799,0.4366812227074236,0.010033444816053512,fig3a_main,20,frequency_GHz,V,digitized_paper_calculation,p3_0.png
963,325.5,167.68558951965065,0.3737458193979933,0.4366812227074236,0.01254180602006689,fig3a_main,20,frequency_GHz,V,digitized_paper_calculation,p3_0.png
964,325.5,167.90393013100436,0.3737458193979933,0.4366812227074236,0.01254180602006689,fig3a_main,20,frequency_GHz,V,digitized_paper_calculation,p3_0.png
965,325.5,168.12227074235807,0.3737458193979933,0.4366812227074236,0.01254180602006689,fig3a_main,20,frequency_GHz,V,digitized_paper_calculation,p3_0.png
966,325.5,168.34061135371178,0.3737458193979933,0.4366812227074236,0.01254180602006689,fig3a_main,20,frequency_GHz,V,digitized_paper_calculation,p3_0.png
967,325.5,168.5589519650655,0.3737458193979933,0.4366812227074236,0.01254180602006689,fig3a_main,20,frequency_GHz,V,digitized_paper_calculation,p3_0.png
968,325.5,168.77729257641923,0.3737458193979933,0.4366812227074236,0.01254180602006689,fig3a_main,20,frequency_GHz,V,digitized_paper_calculation,p3_0.png
969,325.5,168.99563318777294,0.3737458193979933,0.4366812227074236,0.01254180602006689,fig3a_main,20,frequency_GHz,V,digitized_paper_calculation,p3_0.png
970,326.5,169.21397379912665,0.36872909698996653,0.4366812227074236,0.01254180602006689,fig3a_main,20,frequency_GHz,V,digitized_paper_calculation,p3_0.png
971,326.5,169.43231441048036,0.36872909698996653,0.4366812227074236,0.01254180602006689,fig3a_main,20,frequency_GHz,V,digitized_paper_calculation,p3_0.png
972,326.5,169.65065502183407,0.36872909698996653,0.4366812227074236,0.01254180602006689,fig3a_main,20,frequency_GHz,V,digitized_paper_calculation,p3_0.png
973,327.5,169.86899563318778,0.3637123745819398,0.4366812227074236,0.01254180602006689,fig3a_main,20,frequency_GHz,V,digitized_paper_calculation,p3_0.png
974,328.5,170.0873362445415,0.358695652173913,0.4366812227074236,0.01254180602006689,fig3a_main,20,frequency_GHz,V,digitized_paper_calculation,p3_0.png
975,328.5,170.3056768558952,0.358695652173913,0.4366812227074236,0.01254180602006689,fig3a_main,20,frequency_GHz,V,digitized_paper_calculation,p3_0.png
976,329.5,170.5240174672489,0.3536789297658863,0.4366812227074236,0.01254180602006689,fig3a_main,20,frequency_GHz,V,digitized_paper_calculation,p3_0.png
977,329.5,170.74235807860262,0.3536789297658863,0.4366812227074236,0.01254180602006689,fig3a_main,20,frequency_GHz,V,digitized_paper_calculation,p3_0.png
978,330.5,170.96069868995633,0.3486622073578595,0.4366812227074236,0.01254180602006689,fig3a_main,20,frequency_GHz,V,digitized_paper_calculation,p3_0.png
979,331.0,171.17903930131004,0.34615384615384615,0.4366812227074236,0.010033444816053512,fig3a_main,20,frequency_GHz,V,digitized_paper_calculation,p3_0.png
980,331.5,171.39737991266375,0.34364548494983277,0.4366812227074236,0.01254180602006689,fig3a_main,20,frequency_GHz,V,digitized_paper_calculation,p3_0.png
981,332.0,171.61572052401746,0.3411371237458194,0.4366812227074236,0.015050167224080268,fig3a_main,20,frequency_GHz,V,digitized_paper_calculation,p3_0.png
982,332.5,171.83406113537117,0.338628762541806,0.4366812227074236,0.01254180602006689,fig3a_main,20,frequency_GHz,V,digitized_paper_calculation,p3_0.png
983,333.0,172.05240174672488,0.33612040133779264,0.4366812227074236,0.010033444816053512,fig3a_main,20,frequency_GHz,V,digitized_paper_calculation,p3_0.png
984,333.5,172.2707423580786,0.33361204013377926,0.4366812227074236,0.01254180602006689,fig3a_main,20,frequency_GHz,V,digitized_paper_calculation,p3_0.png
985,333.5,172.4890829694323,0.33361204013377926,0.4366812227074236,0.01254180602006689,fig3a_main,20,frequency_GHz,V,digitized_paper_calculation,p3_0.png
986,334.0,172.707423580786,0.3311036789297659,0.4366812227074236,0.010033444816053512,fig3a_main,20,frequency_GHz,V,digitized_paper_calculation,p3_0.png
987,334.0,172.92576419213975,0.3311036789297659,0.4366812227074236,0.010033444816053512,fig3a_main,20,frequency_GHz,V,digitized_paper_calculation,p3_0.png
988,334.0,173.14410480349346,0.3311036789297659,0.4366812227074236,0.010033444816053512,fig3a_main,20,frequency_GHz,V,digitized_paper_calculation,p3_0.png
989,333.5,173.36244541484717,0.33361204013377926,0.4366812227074236,0.01254180602006689,fig3a_main,20,frequency_GHz,V,digitized_paper_calculation,p3_0.png
990,333.5,173.58078602620088,0.33361204013377926,0.4366812227074236,0.01254180602006689,fig3a_main,20,frequency_GHz,V,digitized_paper_calculation,p3_0.png
991,333.5,173.7991266375546,0.33361204013377926,0.4366812227074236,0.01254180602006689,fig3a_main,20,frequency_GHz,V,digitized_paper_calculation,p3_0.png
992,333.5,174.0174672489083,0.33361204013377926,0.4366812227074236,0.01254180602006689,fig3a_main,20,frequency_GHz,V,digitized_paper_calculation,p3_0.png
993,332.5,174.235807860262,0.338628762541806,0.4366812227074236,0.01254180602006689,fig3a_main,20,frequency_GHz,V,digitized_paper_calculation,p3_0.png
994,332.5,174.45414847161572,0.338628762541806,0.4366812227074236,0.01254180602006689,fig3a_main,20,frequency_GHz,V,digitized_paper_calculation,p3_0.png
995,331.5,174.67248908296943,0.34364548494983277,0.4366812227074236,0.01254180602006689,fig3a_main,20,frequency_GHz,V,digitized_paper_calculation,p3_0.png
996,331.0,174.89082969432314,0.34615384615384615,0.4366812227074236,0.015050167224080268,fig3a_main,20,frequency_GHz,V,digitized_paper_calculation,p3_0.png
997,330.5,175.10917030567686,0.3486622073578595,0.4366812227074236,0.01254180602006689,fig3a_main,20,frequency_GHz,V,digitized_paper_calculation,p3_0.png
998,330.5,175.32751091703057,0.3486622073578595,0.4366812227074236,0.01254180602006689,fig3a_main,20,frequency_GHz,V,digitized_paper_calculation,p3_0.png
999,329.5,175.54585152838428,0.3536789297658863,0.4366812227074236,0.01254180602006689,fig3a_main,20,frequency_GHz,V,digitized_paper_calculation,p3_0.png
1000,328.5,175.764192139738,0.358695652173913,0.4366812227074236,0.01254180602006689,fig3a_main,20,frequency_GHz,V,digitized_paper_calculation,p3_0.png
1001,328.5,175.9825327510917,0.358695652173913,0.4366812227074236,0.01254180602006689,fig3a_main,20,frequency_GHz,V,digitized_paper_calculation,p3_0.png
1002,327.5,176.2008733624454,0.3637123745819398,0.4366812227074236,0.01254180602006689,fig3a_main,20,frequency_GHz,V,digitized_paper_calculation,p3_0.png
1003,327.0,176.41921397379912,0.36622073578595316,0.4366812227074236,0.015050167224080268,fig3a_main,20,frequency_GHz,V,digitized_paper_calculation,p3_0.png
1004,326.5,176.63755458515283,0.36872909698996653,0.4366812227074236,0.01254180602006689,fig3a_main,20,frequency_GHz,V,digitized_paper_calculation,p3_0.png
1005,326.5,176.85589519650654,0.36872909698996653,0.4366812227074236,0.01254180602006689,fig3a_main,20,frequency_GHz,V,digitized_paper_calculation,p3_0.png
1006,326.0,177.07423580786025,0.3712374581939799,0.4366812227074236,0.010033444816053512,fig3a_main,20,frequency_GHz,V,digitized_paper_calculation,p3_0.png
1007,325.5,177.292576419214,0.3737458193979933,0.4366812227074236,0.01254180602006689,fig3a_main,20,frequency_GHz,V,digitized_paper_calculation,p3_0.png
1008,325.5,177.5109170305677,0.3737458193979933,0.4366812227074236,0.01254180602006689,fig3a_main,20,frequency_GHz,V,digitized_paper_calculation,p3_0.png
1009,325.5,177.7292576419214,0.3737458193979933,0.4366812227074236,0.01254180602006689,fig3a_main,20,frequency_GHz,V,digitized_paper_calculation,p3_0.png
1010,324.5,177.94759825327512,0.3787625418060201,0.4366812227074236,0.01254180602006689,fig3a_main,20,frequency_GHz,V,digitized_paper_calculation,p3_0.png
1011,325.0,178.16593886462883,0.3762541806020067,0.4366812227074236,0.010033444816053512,fig3a_main,20,frequency_GHz,V,digitized_paper_calculation,p3_0.png
1012,325.0,178.38427947598254,0.3762541806020067,0.4366812227074236,0.010033444816053512,fig3a_main,20,frequency_GHz,V,digitized_paper_calculation,p3_0.png
1013,325.0,178.60262008733625,0.3762541806020067,0.4366812227074236,0.010033444816053512,fig3a_main,20,frequency_GHz,V,digitized_paper_calculation,p3_0.png
1014,325.0,178.82096069868996,0.3762541806020067,0.4366812227074236,0.010033444816053512,fig3a_main,20,frequency_GHz,V,digitized_paper_calculation,p3_0.png
1015,325.5,179.03930131004367,0.3737458193979933,0.4366812227074236,0.01254180602006689,fig3a_main,20,frequency_GHz,V,digitized_paper_calculation,p3_0.png
1016,325.5,179.25764192139738,0.3737458193979933,0.4366812227074236,0.01254180602006689,fig3a_main,20,frequency_GHz,V,digitized_paper_calculation,p3_0.png
1017,326.0,179.4759825327511,0.3712374581939799,0.4366812227074236,0.010033444816053512,fig3a_main,20,frequency_GHz,V,digitized_paper_calculation,p3_0.png
1018,326.5,179.6943231441048,0.36872909698996653,0.4366812227074236,0.01254180602006689,fig3a_main,20,frequency_GHz,V,digitized_paper_calculation,p3_0.png
1019,326.5,179.9126637554585,0.36872909698996653,0.4366812227074236,0.01254180602006689,fig3a_main,20,frequency_GHz,V,digitized_paper_calculation,p3_0.png
1020,327.5,180.13100436681222,0.3637123745819398,0.4366812227074236,0.01254180602006689,fig3a_main,20,frequency_GHz,V,digitized_paper_calculation,p3_0.png
1021,327.5,180.34934497816593,0.3637123745819398,0.4366812227074236,0.01254180602006689,fig3a_main,20,frequency_GHz,V,digitized_paper_calculation,p3_0.png
1022,328.5,180.56768558951964,0.358695652173913,0.4366812227074236,0.01254180602006689,fig3a_main,20,frequency_GHz,V,digitized_paper_calculation,p3_0.png
1023,328.5,180.78602620087335,0.358695652173913,0.4366812227074236,0.01254180602006689,fig3a_main,20,frequency_GHz,V,digitized_paper_calculation,p3_0.png
1024,329.5,181.00436681222706,0.3536789297658863,0.4366812227074236,0.01254180602006689,fig3a_main,20,frequency_GHz,V,digitized_paper_calculation,p3_0.png
1025,330.0,181.22270742358077,0.3511705685618729,0.4366812227074236,0.010033444816053512,fig3a_main,20,frequency_GHz,V,digitized_paper_calculation,p3_0.png
1026,330.5,181.4410480349345,0.3486622073578595,0.4366812227074236,0.01254180602006689,fig3a_main,20,frequency_GHz,V,digitized_paper_calculation,p3_0.png
1027,331.0,181.65938864628822,0.34615384615384615,0.4366812227074236,0.010033444816053512,fig3a_main,20,frequency_GHz,V,digitized_paper_calculation,p3_0.png
1028,331.5,181.87772925764193,0.34364548494983277,0.4366812227074236,0.01254180602006689,fig3a_main,20,frequency_GHz,V,digitized_paper_calculation,p3_0.png
1029,332.0,182.09606986899564,0.3411371237458194,0.4366812227074236,0.010033444816053512,fig3a_main,20,frequency_GHz,V,digitized_paper_calculation,p3_0.png
1030,331.5,182.31441048034935,0.34364548494983277,0.4366812227074236,0.01254180602006689,fig3a_main,20,frequency_GHz,V,digitized_paper_calculation,p3_0.png
1031,331.5,182.53275109170306,0.34364548494983277,0.4366812227074236,0.01254180602006689,fig3a_main,20,frequency_GHz,V,digitized_paper_calculation,p3_0.png
1032,332.5,182.75109170305677,0.338628762541806,0.4366812227074236,0.01254180602006689,fig3a_main,20,frequency_GHz,V,digitized_paper_calculation,p3_0.png
1033,332.5,182.96943231441048,0.338628762541806,0.4366812227074236,0.01254180602006689,fig3a_main,20,frequency_GHz,V,digitized_paper_calculation,p3_0.png
1034,332.5,183.1877729257642,0.338628762541806,0.4366812227074236,0.01254180602006689,fig3a_main,20,frequency_GHz,V,digitized_paper_calculation,p3_0.png
1035,332.0,183.4061135371179,0.3411371237458194,0.4366812227074236,0.010033444816053512,fig3a_main,20,frequency_GHz,V,digitized_paper_calculation,p3_0.png
1036,331.5,183.6244541484716,0.34364548494983277,0.4366812227074236,0.01254180602006689,fig3a_main,20,frequency_GHz,V,digitized_paper_calculation,p3_0.png
1037,331.5,183.84279475982532,0.34364548494983277,0.4366812227074236,0.01254180602006689,fig3a_main,20,frequency_GHz,V,digitized_paper_calculation,p3_0.png
1038,331.0,184.06113537117903,0.34615384615384615,0.4366812227074236,0.015050167224080268,fig3a_main,20,frequency_GHz,V,digitized_paper_calculation,p3_0.png
1039,331.0,184.27947598253274,0.34615384615384615,0.4366812227074236,0.010033444816053512,fig3a_main,20,frequency_GHz,V,digitized_paper_calculation,p3_0.png
1040,330.5,184.49781659388645,0.3486622073578595,0.4366812227074236,0.01254180602006689,fig3a_main,20,frequency_GHz,V,digitized_paper_calculation,p3_0.png
1041,330.0,184.71615720524017,0.3511705685618729,0.4366812227074236,0.010033444816053512,fig3a_main,20,frequency_GHz,V,digitized_paper_calculation,p3_0.png
1042,329.5,184.93449781659388,0.3536789297658863,0.4366812227074236,0.01254180602006689,fig3a_main,20,frequency_GHz,V,digitized_paper_calculation,p3_0.png
1043,329.0,185.1528384279476,0.35618729096989965,0.4366812227074236,0.010033444816053512,fig3a_main,20,frequency_GHz,V,digitized_paper_calculation,p3_0.png
1044,328.5,185.3711790393013,0.358695652173913,0.4366812227074236,0.01254180602006689,fig3a_main,20,frequency_GHz,V,digitized_paper_calculation,p3_0.png
1045,327.5,185.58951965065503,0.3637123745819398,0.4366812227074236,0.01254180602006689,fig3a_main,20,frequency_GHz,V,digitized_paper_calculation,p3_0.png
1046,327.5,185.80786026200875,0.3637123745819398,0.4366812227074236,0.01254180602006689,fig3a_main,20,frequency_GHz,V,digitized_paper_calculation,p3_0.png
1047,326.5,186.02620087336246,0.36872909698996653,0.4366812227074236,0.01254180602006689,fig3a_main,20,frequency_GHz,V,digitized_paper_calculation,p3_0.png
1048,326.5,186.24454148471617,0.36872909698996653,0.4366812227074236,0.01254180602006689,fig3a_main,20,frequency_GHz,V,digitized_paper_calculation,p3_0.png
1049,325.5,186.46288209606988,0.3737458193979933,0.4366812227074236,0.01254180602006689,fig3a_main,20,frequency_GHz,V,digitized_paper_calculation,p3_0.png
1050,325.5,186.6812227074236,0.3737458193979933,0.4366812227074236,0.01254180602006689,fig3a_main,20,frequency_GHz,V,digitized_paper_calculation,p3_0.png
1051,324.5,186.8995633187773,0.3787625418060201,0.4366812227074236,0.01254180602006689,fig3a_main,20,frequency_GHz,V,digitized_paper_calculation,p3_0.png
1052,324.5,187.117903930131,0.3787625418060201,0.4366812227074236,0.01254180602006689,fig3a_main,20,frequency_GHz,V,digitized_paper_calculation,p3_0.png
1053,324.5,187.33624454148472,0.3787625418060201,0.4366812227074236,0.01254180602006689,fig3a_main,20,frequency_GHz,V,digitized_paper_calculation,p3_0.png
1054,324.5,187.55458515283843,0.3787625418060201,0.4366812227074236,0.01254180602006689,fig3a_main,20,frequency_GHz,V,digitized_paper_calculation,p3_0.png
1055,324.0,187.77292576419214,0.38127090301003347,0.4366812227074236,0.010033444816053512,fig3a_main,20,frequency_GHz,V,digitized_paper_calculation,p3_0.png
1056,324.0,187.99126637554585,0.38127090301003347,0.4366812227074236,0.010033444816053512,fig3a_main,20,frequency_GHz,V,digitized_paper_calculation,p3_0.png
1057,324.0,188.20960698689956,0.38127090301003347,0.4366812227074236,0.010033444816053512,fig3a_main,20,frequency_GHz,V,digitized_paper_calculation,p3_0.png
1058,324.0,188.42794759825327,0.38127090301003347,0.4366812227074236,0.010033444816053512,fig3a_main,20,frequency_GHz,V,digitized_paper_calculation,p3_0.png
1059,324.0,188.64628820960698,0.38127090301003347,0.4366812227074236,0.010033444816053512,fig3a_main,20,frequency_GHz,V,digitized_paper_calculation,p3_0.png
1060,324.0,188.8646288209607,0.38127090301003347,0.4366812227074236,0.010033444816053512,fig3a_main,20,frequency_GHz,V,digitized_paper_calculation,p3_0.png
1061,324.5,189.0829694323144,0.3787625418060201,0.4366812227074236,0.01254180602006689,fig3a_main,20,frequency_GHz,V,digitized_paper_calculation,p3_0.png
1062,324.5,189.3013100436681,0.3787625418060201,0.4366812227074236,0.01254180602006689,fig3a_main,20,frequency_GHz,V,digitized_paper_calculation,p3_0.png
1063,325.0,189.51965065502182,0.3762541806020067,0.4366812227074236,0.010033444816053512,fig3a_main,20,frequency_GHz,V,digitized_paper_calculation,p3_0.png
1064,325.5,189.73799126637556,0.3737458193979933,0.4366812227074236,0.01254180602006689,fig3a_main,20,frequency_GHz,V,digitized_paper_calculation,p3_0.png
1065,325.5,189.95633187772927,0.3737458193979933,0.4366812227074236,0.01254180602006689,fig3a_main,20,frequency_GHz,V,digitized_paper_calculation,p3_0.png
1066,326.5,190.17467248908298,0.36872909698996653,0.4366812227074236,0.01254180602006689,fig3a_main,20,frequency_GHz,V,digitized_paper_calculation,p3_0.png
1067,326.5,190.3930131004367,0.36872909698996653,0.4366812227074236,0.01254180602006689,fig3a_main,20,frequency_GHz,V,digitized_paper_calculation,p3_0.png
1068,327.5,190.6113537117904,0.3637123745819398,0.4366812227074236,0.01254180602006689,fig3a_main,20,frequency_GHz,V,digitized_paper_calculation,p3_0.png
1069,327.5,190.8296943231441,0.3637123745819398,0.4366812227074236,0.01254180602006689,fig3a_main,20,frequency_GHz,V,digitized_paper_calculation,p3_0.png
1070,328.5,191.04803493449782,0.358695652173913,0.4366812227074236,0.01254180602006689,fig3a_main,20,frequency_GHz,V,digitized_paper_calculation,p3_0.png
1071,328.5,191.26637554585153,0.358695652173913,0.4366812227074236,0.01254180602006689,fig3a_main,20,frequency_GHz,V,digitized_paper_calculation,p3_0.png
1072,329.5,191.48471615720524,0.3536789297658863,0.4366812227074236,0.01254180602006689,fig3a_main,20,frequency_GHz,V,digitized_paper_calculation,p3_0.png
1073,329.5,191.70305676855895,0.3536789297658863,0.4366812227074236,0.01254180602006689,fig3a_main,20,frequency_GHz,V,digitized_paper_calculation,p3_0.png
1074,330.5,191.92139737991266,0.3486622073578595,0.4366812227074236,0.01254180602006689,fig3a_main,20,frequency_GHz,V,digitized_paper_calculation,p3_0.png
1075,330.5,192.13973799126637,0.3486622073578595,0.4366812227074236,0.01254180602006689,fig3a_main,20,frequency_GHz,V,digitized_paper_calculation,p3_0.png
1076,330.5,192.35807860262008,0.3486622073578595,0.4366812227074236,0.01254180602006689,fig3a_main,20,frequency_GHz,V,digitized_paper_calculation,p3_0.png
1077,331.0,192.5764192139738,0.34615384615384615,0.4366812227074236,0.010033444816053512,fig3a_main,20,frequency_GHz,V,digitized_paper_calculation,p3_0.png
1078,331.0,192.7947598253275,0.34615384615384615,0.4366812227074236,0.010033444816053512,fig3a_main,20,frequency_GHz,V,digitized_paper_calculation,p3_0.png
1079,331.0,193.0131004366812,0.34615384615384615,0.4366812227074236,0.010033444816053512,fig3a_main,20,frequency_GHz,V,digitized_paper_calculation,p3_0.png
1080,331.0,193.23144104803492,0.34615384615384615,0.4366812227074236,0.010033444816053512,fig3a_main,20,frequency_GHz,V,digitized_paper_calculation,p3_0.png
1081,331.0,193.44978165938863,0.34615384615384615,0.4366812227074236,0.010033444816053512,fig3a_main,20,frequency_GHz,V,digitized_paper_calculation,p3_0.png
1082,331.0,193.66812227074234,0.34615384615384615,0.4366812227074236,0.010033444816053512,fig3a_main,20,frequency_GHz,V,digitized_paper_calculation,p3_0.png
1083,330.5,193.88646288209608,0.3486622073578595,0.4366812227074236,0.01254180602006689,fig3a_main,20,frequency_GHz,V,digitized_paper_calculation,p3_0.png
1084,330.0,194.1048034934498,0.3511705685618729,0.4366812227074236,0.010033444816053512,fig3a_main,20,frequency_GHz,V,digitized_paper_calculation,p3_0.png
1085,329.5,194.3231441048035,0.3536789297658863,0.4366812227074236,0.01254180602006689,fig3a_main,20,frequency_GHz,V,digitized_paper_calculation,p3_0.png
1086,329.5,194.5414847161572,0.3536789297658863,0.4366812227074236,0.01254180602006689,fig3a_main,20,frequency_GHz,V,digitized_paper_calculation,p3_0.png
1087,328.5,194.75982532751092,0.358695652173913,0.4366812227074236,0.01254180602006689,fig3a_main,20,frequency_GHz,V,digitized_paper_calculation,p3_0.png
1088,328.5,194.97816593886463,0.358695652173913,0.4366812227074236,0.01254180602006689,fig3a_main,20,frequency_GHz,V,digitized_paper_calculation,p3_0.png
1089,327.5,195.19650655021834,0.3637123745819398,0.4366812227074236,0.01254180602006689,fig3a_main,20,frequency_GHz,V,digitized_paper_calculation,p3_0.png
1090,327.5,195.41484716157206,0.3637123745819398,0.4366812227074236,0.01254180602006689,fig3a_main,20,frequency_GHz,V,digitized_paper_calculation,p3_0.png
1091,326.5,195.63318777292577,0.36872909698996653,0.4366812227074236,0.01254180602006689,fig3a_main,20,frequency_GHz,V,digitized_paper_calculation,p3_0.png
1092,326.5,195.85152838427948,0.36872909698996653,0.4366812227074236,0.01254180602006689,fig3a_main,20,frequency_GHz,V,digitized_paper_calculation,p3_0.png
1093,326.0,196.0698689956332,0.3712374581939799,0.4366812227074236,0.010033444816053512,fig3a_main,20,frequency_GHz,V,digitized_paper_calculation,p3_0.png
1094,325.5,196.2882096069869,0.3737458193979933,0.4366812227074236,0.01254180602006689,fig3a_main,20,frequency_GHz,V,digitized_paper_calculation,p3_0.png
1095,325.5,196.5065502183406,0.3737458193979933,0.4366812227074236,0.01254180602006689,fig3a_main,20,frequency_GHz,V,digitized_paper_calculation,p3_0.png
1096,324.5,196.72489082969432,0.3787625418060201,0.4366812227074236,0.01254180602006689,fig3a_main,20,frequency_GHz,V,digitized_paper_calculation,p3_0.png
1097,324.5,196.94323144104803,0.3787625418060201,0.4366812227074236,0.01254180602006689,fig3a_main,20,frequency_GHz,V,digitized_paper_calculation,p3_0.png
1098,324.5,197.16157205240174,0.3787625418060201,0.4366812227074236,0.01254180602006689,fig3a_main,20,frequency_GHz,V,digitized_paper_calculation,p3_0.png
1099,324.5,197.37991266375545,0.3787625418060201,0.4366812227074236,0.01254180602006689,fig3a_main,20,frequency_GHz,V,digitized_paper_calculation,p3_0.png
1100,324.5,197.59825327510916,0.3787625418060201,0.4366812227074236,0.01254180602006689,fig3a_main,20,frequency_GHz,V,digitized_paper_calculation,p3_0.png
1101,324.5,197.81659388646287,0.3787625418060201,0.4366812227074236,0.01254180602006689,fig3a_main,20,frequency_GHz,V,digitized_paper_calculation,p3_0.png
1102,324.5,198.0349344978166,0.3787625418060201,0.4366812227074236,0.01254180602006689,fig3a_main,20,frequency_GHz,V,digitized_paper_calculation,p3_0.png
1103,324.5,198.25327510917032,0.3787625418060201,0.4366812227074236,0.01254180602006689,fig3a_main,20,frequency_GHz,V,digitized_paper_calculation,p3_0.png
1104,324.5,198.47161572052403,0.3787625418060201,0.4366812227074236,0.01254180602006689,fig3a_main,20,frequency_GHz,V,digitized_paper_calculation,p3_0.png
1105,324.5,198.68995633187774,0.3787625418060201,0.4366812227074236,0.01254180602006689,fig3a_main,20,frequency_GHz,V,digitized_paper_calculation,p3_0.png
1106,324.5,198.90829694323145,0.3787625418060201,0.4366812227074236,0.01254180602006689,fig3a_main,20,frequency_GHz,V,digitized_paper_calculation,p3_0.png
1107,325.5,199.12663755458516,0.3737458193979933,0.4366812227074236,0.01254180602006689,fig3a_main,20,frequency_GHz,V,digitized_paper_calculation,p3_0.png
1108,325.5,199.34497816593887,0.3737458193979933,0.4366812227074236,0.01254180602006689,fig3a_main,20,frequency_GHz,V,digitized_paper_calculation,p3_0.png
432,311.0,51.7467248908297,0.44648829431438125,0.4366812227074236,0.010033444816053512,fig3a_main,40,frequency_GHz,V,digitized_paper_calculation,p3_0.png
433,311.0,51.96506550218341,0.44648829431438125,0.4366812227074236,0.010033444816053512,fig3a_main,40,frequency_GHz,V,digitized_paper_calculation,p3_0.png
434,311.5,52.18340611353712,0.4439799331103679,0.4366812227074236,0.01254180602006689,fig3a_main,40,frequency_GHz,V,digitized_paper_calculation,p3_0.png
435,311.5,52.40174672489083,0.4439799331103679,0.4366812227074236,0.01254180602006689,fig3a_main,40,frequency_GHz,V,digitized_paper_calculation,p3_0.png
436,311.5,52.620087336244545,0.4439799331103679,0.4366812227074236,0.01254180602006689,fig3a_main,40,frequency_GHz,V,digitized_paper_calculation,p3_0.png
437,311.5,52.838427947598255,0.4439799331103679,0.4366812227074236,0.01254180602006689,fig3a_main,40,frequency_GHz,V,digitized_paper_calculation,p3_0.png
438,311.5,53.056768558951966,0.4439799331103679,0.4366812227074236,0.01254180602006689,fig3a_main,40,frequency_GHz,V,digitized_paper_calculation,p3_0.png
439,312.0,53.275109170305676,0.4414715719063545,0.4366812227074236,0.010033444816053512,fig3a_main,40,frequency_GHz,V,digitized_paper_calculation,p3_0.png
440,312.5,53.493449781659386,0.4389632107023411,0.4366812227074236,0.01254180602006689,fig3a_main,40,frequency_GHz,V,digitized_paper_calculation,p3_0.png
441,313.0,53.7117903930131,0.43645484949832775,0.4366812227074236,0.010033444816053512,fig3a_main,40,frequency_GHz,V,digitized_paper_calculation,p3_0.png
446,313.0,54.80349344978166,0.43645484949832775,0.4366812227074236,0.010033444816053512,fig3a_main,40,frequency_GHz,V,digitized_paper_calculation,p3_0.png
447,313.0,55.02183406113537,0.43645484949832775,0.4366812227074236,0.010033444816053512,fig3a_main,40,frequency_GHz,V,digitized_paper_calculation,p3_0.png
448,313.5,55.24017467248908,0.43394648829431437,0.4366812227074236,0.01254180602006689,fig3a_main,40,frequency_GHz,V,digitized_paper_calculation,p3_0.png
449,313.5,55.45851528384279,0.43394648829431437,0.4366812227074236,0.01254180602006689,fig3a_main,40,frequency_GHz,V,digitized_paper_calculation,p3_0.png
450,314.0,55.6768558951965,0.431438127090301,0.4366812227074236,0.010033444816053512,fig3a_main,40,frequency_GHz,V,digitized_paper_calculation,p3_0.png
451,314.0,55.89519650655022,0.431438127090301,0.4366812227074236,0.010033444816053512,fig3a_main,40,frequency_GHz,V,digitized_paper_calculation,p3_0.png
452,314.0,56.11353711790393,0.431438127090301,0.4366812227074236,0.010033444816053512,fig3a_main,40,frequency_GHz,V,digitized_paper_calculation,p3_0.png
453,314.0,56.33187772925764,0.431438127090301,0.4366812227074236,0.010033444816053512,fig3a_main,40,frequency_GHz,V,digitized_paper_calculation,p3_0.png
454,314.0,56.55021834061135,0.431438127090301,0.4366812227074236,0.010033444816053512,fig3a_main,40,frequency_GHz,V,digitized_paper_calculation,p3_0.png
455,314.0,56.76855895196506,0.431438127090301,0.4366812227074236,0.010033444816053512,fig3a_main,40,frequency_GHz,V,digitized_paper_calculation,p3_0.png
456,314.0,56.98689956331878,0.431438127090301,0.4366812227074236,0.010033444816053512,fig3a_main,40,frequency_GHz,V,digitized_paper_calculation,p3_0.png
457,314.0,57.20524017467249,0.431438127090301,0.4366812227074236,0.010033444816053512,fig3a_main,40,frequency_GHz,V,digitized_paper_calculation,p3_0.png
458,314.0,57.4235807860262,0.431438127090301,0.4366812227074236,0.010033444816053512,fig3a_main,40,frequency_GHz,V,digitized_paper_calculation,p3_0.png
459,314.0,57.64192139737991,0.431438127090301,0.4366812227074236,0.010033444816053512,fig3a_main,40,frequency_GHz,V,digitized_paper_calculation,p3_0.png
460,313.5,57.86026200873363,0.43394648829431437,0.4366812227074236,0.01254180602006689,fig3a_main,40,frequency_GHz,V,digitized_paper_calculation,p3_0.png
461,313.5,58.07860262008734,0.43394648829431437,0.4366812227074236,0.01254180602006689,fig3a_main,40,frequency_GHz,V,digitized_paper_calculation,p3_0.png
462,313.0,58.29694323144105,0.43645484949832775,0.4366812227074236,0.010033444816053512,fig3a_main,40,frequency_GHz,V,digitized_paper_calculation,p3_0.png
463,313.0,58.51528384279476,0.43645484949832775,0.4366812227074236,0.010033444816053512,fig3a_main,40,frequency_GHz,V,digitized_paper_calculation,p3_0.png
468,313.0,59.60698689956332,0.43645484949832775,0.4366812227074236,0.010033444816053512,fig3a_main,40,frequency_GHz,V,digitized_paper_calculation,p3_0.png
469,313.0,59.82532751091703,0.43645484949832775,0.4366812227074236,0.010033444816053512,fig3a_main,40,frequency_GHz,V,digitized_paper_calculation,p3_0.png
470,312.5,60.043668122270745,0.4389632107023411,0.4366812227074236,0.01254180602006689,fig3a_main,40,frequency_GHz,V,digitized_paper_calculation,p3_0.png
471,312.5,60.262008733624455,0.4389632107023411,0.4366812227074236,0.01254180602006689,fig3a_main,40,frequency_GHz,V,digitized_paper_calculation,p3_0.png
472,312.5,60.480349344978166,0.4389632107023411,0.4366812227074236,0.01254180602006689,fig3a_main,40,frequency_GHz,V,digitized_paper_calculation,p3_0.png
473,312.0,60.698689956331876,0.4414715719063545,0.4366812227074236,0.010033444816053512,fig3a_main,40,frequency_GHz,V,digitized_paper_calculation,p3_0.png
474,312.0,60.917030567685586,0.4414715719063545,0.4366812227074236,0.010033444816053512,fig3a_main,40,frequency_GHz,V,digitized_paper_calculation,p3_0.png
475,312.0,61.1353711790393,0.4414715719063545,0.4366812227074236,0.010033444816053512,fig3a_main,40,frequency_GHz,V,digitized_paper_calculation,p3_0.png
476,311.5,61.353711790393014,0.4439799331103679,0.4366812227074236,0.01254180602006689,fig3a_main,40,frequency_GHz,V,digitized_paper_calculation,p3_0.png
477,311.5,61.572052401746724,0.4439799331103679,0.4366812227074236,0.01254180602006689,fig3a_main,40,frequency_GHz,V,digitized_paper_calculation,p3_0.png
478,311.5,61.790393013100434,0.4439799331103679,0.4366812227074236,0.01254180602006689,fig3a_main,40,frequency_GHz,V,digitized_paper_calculation,p3_0.png
479,311.5,62.00873362445415,0.4439799331103679,0.4366812227074236,0.01254180602006689,fig3a_main,40,frequency_GHz,V,digitized_paper_calculation,p3_0.png
480,311.5,62.22707423580786,0.4439799331103679,0.4366812227074236,0.01254180602006689,fig3a_main,40,frequency_GHz,V,digitized_paper_calculation,p3_0.png
481,312.0,62.44541484716157,0.4414715719063545,0.4366812227074236,0.010033444816053512,fig3a_main,40,frequency_GHz,V,digitized_paper_calculation,p3_0.png
482,312.0,62.66375545851528,0.4414715719063545,0.4366812227074236,0.010033444816053512,fig3a_main,40,frequency_GHz,V,digitized_paper_calculation,p3_0.png
483,312.0,62.88209606986899,0.4414715719063545,0.4366812227074236,0.010033444816053512,fig3a_main,40,frequency_GHz,V,digitized_paper_calculation,p3_0.png
484,312.5,63.10043668122271,0.4389632107023411,0.4366812227074236,0.01254180602006689,fig3a_main,40,frequency_GHz,V,digitized_paper_calculation,p3_0.png
485,312.5,63.31877729257642,0.4389632107023411,0.4366812227074236,0.01254180602006689,fig3a_main,40,frequency_GHz,V,digitized_paper_calculation,p3_0.png
486,312.5,63.53711790393013,0.4389632107023411,0.4366812227074236,0.01254180602006689,fig3a_main,40,frequency_GHz,V,digitized_paper_calculation,p3_0.png
487,312.5,63.75545851528384,0.4389632107023411,0.4366812227074236,0.01254180602006689,fig3a_main,40,frequency_GHz,V,digitized_paper_calculation,p3_0.png
488,313.0,63.97379912663755,0.43645484949832775,0.4366812227074236,0.010033444816053512,fig3a_main,40,frequency_GHz,V,digitized_paper_calculation,p3_0.png
489,313.0,64.19213973799127,0.43645484949832775,0.4366812227074236,0.010033444816053512,fig3a_main,40,frequency_GHz,V,digitized_paper_calculation,p3_0.png
495,313.0,65.50218340611353,0.43645484949832775,0.4366812227074236,0.010033444816053512,fig3a_main,40,frequency_GHz,V,digitized_paper_calculation,p3_0.png
496,313.0,65.72052401746726,0.43645484949832775,0.4366812227074236,0.010033444816053512,fig3a_main,40,frequency_GHz,V,digitized_paper_calculation,p3_0.png
497,313.0,65.93886462882097,0.43645484949832775,0.4366812227074236,0.010033444816053512,fig3a_main,40,frequency_GHz,V,digitized_paper_calculation,p3_0.png
498,313.0,66.15720524017468,0.43645484949832775,0.4366812227074236,0.010033444816053512,fig3a_main,40,frequency_GHz,V,digitized_paper_calculation,p3_0.png
499,313.0,66.37554585152839,0.43645484949832775,0.4366812227074236,0.010033444816053512,fig3a_main,40,frequency_GHz,V,digitized_paper_calculation,p3_0.png
500,313.0,66.5938864628821,0.43645484949832775,0.4366812227074236,0.010033444816053512,fig3a_main,40,frequency_GHz,V,digitized_paper_calculation,p3_0.png
501,313.0,66.8122270742358,0.43645484949832775,0.4366812227074236,0.010033444816053512,fig3a_main,40,frequency_GHz,V,digitized_paper_calculation,p3_0.png
502,313.0,67.03056768558952,0.43645484949832775,0.4366812227074236,0.010033444816053512,fig3a_main,40,frequency_GHz,V,digitized_paper_calculation,p3_0.png
503,313.0,67.24890829694323,0.43645484949832775,0.4366812227074236,0.010033444816053512,fig3a_main,40,frequency_GHz,V,digitized_paper_calculation,p3_0.png
504,313.0,67.46724890829694,0.43645484949832775,0.4366812227074236,0.010033444816053512,fig3a_main,40,frequency_GHz,V,digitized_paper_calculation,p3_0.png
505,313.0,67.68558951965065,0.43645484949832775,0.4366812227074236,0.010033444816053512,fig3a_main,40,frequency_GHz,V,digitized_paper_calculation,p3_0.png
506,313.0,67.90393013100437,0.43645484949832775,0.4366812227074236,0.010033444816053512,fig3a_main,40,frequency_GHz,V,digitized_paper_calculation,p3_0.png
514,314.0,69.65065502183405,0.431438127090301,0.4366812227074236,0.010033444816053512,fig3a_main,40,frequency_GHz,V,digitized_paper_calculation,p3_0.png
515,314.0,69.86899563318778,0.431438127090301,0.4366812227074236,0.010033444816053512,fig3a_main,40,frequency_GHz,V,digitized_paper_calculation,p3_0.png
516,314.0,70.08733624454149,0.431438127090301,0.4366812227074236,0.010033444816053512,fig3a_main,40,frequency_GHz,V,digitized_paper_calculation,p3_0.png
517,314.0,70.3056768558952,0.431438127090301,0.4366812227074236,0.010033444816053512,fig3a_main,40,frequency_GHz,V,digitized_paper_calculation,p3_0.png
518,314.5,70.52401746724891,0.4289297658862876,0.4366812227074236,0.01254180602006689,fig3a_main,40,frequency_GHz,V,digitized_paper_calculation,p3_0.png
519,314.5,70.74235807860262,0.4289297658862876,0.4366812227074236,0.01254180602006689,fig3a_main,40,frequency_GHz,V,digitized_paper_calculation,p3_0.png
520,314.0,70.96069868995633,0.431438127090301,0.4366812227074236,0.010033444816053512,fig3a_main,40,frequency_GHz,V,digitized_paper_calculation,p3_0.png
521,314.0,71.17903930131004,0.431438127090301,0.4366812227074236,0.010033444816053512,fig3a_main,40,frequency_GHz,V,digitized_paper_calculation,p3_0.png
522,314.0,71.39737991266375,0.431438127090301,0.4366812227074236,0.010033444816053512,fig3a_main,40,frequency_GHz,V,digitized_paper_calculation,p3_0.png
523,314.0,71.61572052401746,0.431438127090301,0.4366812227074236,0.010033444816053512,fig3a_main,40,frequency_GHz,V,digitized_paper_calculation,p3_0.png
524,314.0,71.83406113537117,0.431438127090301,0.4366812227074236,0.010033444816053512,fig3a_main,40,frequency_GHz,V,digitized_paper_calculation,p3_0.png
525,314.0,72.0524017467249,0.431438127090301,0.4366812227074236,0.010033444816053512,fig3a_main,40,frequency_GHz,V,digitized_paper_calculation,p3_0.png
526,314.0,72.2707423580786,0.431438127090301,0.4366812227074236,0.010033444816053512,fig3a_main,40,frequency_GHz,V,digitized_paper_calculation,p3_0.png
527,314.0,72.48908296943232,0.431438127090301,0.4366812227074236,0.010033444816053512,fig3a_main,40,frequency_GHz,V,digitized_paper_calculation,p3_0.png
528,314.5,72.70742358078603,0.4289297658862876,0.4366812227074236,0.01254180602006689,fig3a_main,40,frequency_GHz,V,digitized_paper_calculation,p3_0.png
529,314.5,72.92576419213974,0.4289297658862876,0.4366812227074236,0.01254180602006689,fig3a_main,40,frequency_GHz,V,digitized_paper_calculation,p3_0.png
530,314.5,73.14410480349345,0.4289297658862876,0.4366812227074236,0.01254180602006689,fig3a_main,40,frequency_GHz,V,digitized_paper_calculation,p3_0.png
531,314.5,73.36244541484716,0.4289297658862876,0.4366812227074236,0.01254180602006689,fig3a_main,40,frequency_GHz,V,digitized_paper_calculation,p3_0.png
532,314.0,73.58078602620087,0.431438127090301,0.4366812227074236,0.010033444816053512,fig3a_main,40,frequency_GHz,V,digitized_paper_calculation,p3_0.png
533,314.0,73.79912663755458,0.431438127090301,0.4366812227074236,0.010033444816053512,fig3a_main,40,frequency_GHz,V,digitized_paper_calculation,p3_0.png
534,314.0,74.0174672489083,0.431438127090301,0.4366812227074236,0.010033444816053512,fig3a_main,40,frequency_GHz,V,digitized_paper_calculation,p3_0.png
535,314.0,74.23580786026201,0.431438127090301,0.4366812227074236,0.010033444816053512,fig3a_main,40,frequency_GHz,V,digitized_paper_calculation,p3_0.png
536,315.0,74.45414847161572,0.42642140468227424,0.4366812227074236,0.010033444816053512,fig3a_main,40,frequency_GHz,V,digitized_paper_calculation,p3_0.png
558,316.0,79.25764192139738,0.4214046822742475,0.4366812227074236,0.010033444816053512,fig3a_main,40,frequency_GHz,V,digitized_paper_calculation,p3_0.png
559,316.0,79.47598253275109,0.4214046822742475,0.4366812227074236,0.010033444816053512,fig3a_main,40,frequency_GHz,V,digitized_paper_calculation,p3_0.png
560,316.0,79.6943231441048,0.4214046822742475,0.4366812227074236,0.010033444816053512,fig3a_main,40,frequency_GHz,V,digitized_paper_calculation,p3_0.png
561,316.0,79.91266375545851,0.4214046822742475,0.4366812227074236,0.010033444816053512,fig3a_main,40,frequency_GHz,V,digitized_paper_calculation,p3_0.png
562,316.0,80.13100436681222,0.4214046822742475,0.4366812227074236,0.010033444816053512,fig3a_main,40,frequency_GHz,V,digitized_paper_calculation,p3_0.png
563,316.0,80.34934497816595,0.4214046822742475,0.4366812227074236,0.010033444816053512,fig3a_main,40,frequency_GHz,V,digitized_paper_calculation,p3_0.png
564,316.0,80.56768558951966,0.4214046822742475,0.4366812227074236,0.010033444816053512,fig3a_main,40,frequency_GHz,V,digitized_paper_calculation,p3_0.png
565,316.0,80.78602620087337,0.4214046822742475,0.4366812227074236,0.010033444816053512,fig3a_main,40,frequency_GHz,V,digitized_paper_calculation,p3_0.png
566,316.0,81.00436681222708,0.4214046822742475,0.4366812227074236,0.010033444816053512,fig3a_main,40,frequency_GHz,V,digitized_paper_calculation,p3_0.png
567,316.0,81.22270742358079,0.4214046822742475,0.4366812227074236,0.010033444816053512,fig3a_main,40,frequency_GHz,V,digitized_paper_calculation,p3_0.png
568,316.0,81.4410480349345,0.4214046822742475,0.4366812227074236,0.010033444816053512,fig3a_main,40,frequency_GHz,V,digitized_paper_calculation,p3_0.png
569,316.0,81.6593886462882,0.4214046822742475,0.4366812227074236,0.010033444816053512,fig3a_main,40,frequency_GHz,V,digitized_paper_calculation,p3_0.png
570,316.0,81.87772925764192,0.4214046822742475,0.4366812227074236,0.010033444816053512,fig3a_main,40,frequency_GHz,V,digitized_paper_calculation,p3_0.png
578,316.0,83.62445414847161,0.4214046822742475,0.4366812227074236,0.010033444816053512,fig3a_main,40,frequency_GHz,V,digitized_paper_calculation,p3_0.png
579,316.0,83.84279475982532,0.4214046822742475,0.4366812227074236,0.010033444816053512,fig3a_main,40,frequency_GHz,V,digitized_paper_calculation,p3_0.png
580,316.0,84.06113537117903,0.4214046822742475,0.4366812227074236,0.010033444816053512,fig3a_main,40,frequency_GHz,V,digitized_paper_calculation,p3_0.png
581,316.0,84.27947598253274,0.4214046822742475,0.4366812227074236,0.010033444816053512,fig3a_main,40,frequency_GHz,V,digitized_paper_calculation,p3_0.png
582,316.0,84.49781659388647,0.4214046822742475,0.4366812227074236,0.010033444816053512,fig3a_main,40,frequency_GHz,V,digitized_paper_calculation,p3_0.png
588,315.0,85.80786026200873,0.42642140468227424,0.4366812227074236,0.010033444816053512,fig3a_main,40,frequency_GHz,V,digitized_paper_calculation,p3_0.png
589,315.0,86.02620087336244,0.42642140468227424,0.4366812227074236,0.010033444816053512,fig3a_main,40,frequency_GHz,V,digitized_paper_calculation,p3_0.png
590,315.0,86.24454148471615,0.42642140468227424,0.4366812227074236,0.010033444816053512,fig3a_main,40,frequency_GHz,V,digitized_paper_calculation,p3_0.png
591,315.0,86.46288209606988,0.42642140468227424,0.4366812227074236,0.010033444816053512,fig3a_main,40,frequency_GHz,V,digitized_paper_calculation,p3_0.png
592,315.0,86.68122270742359,0.42642140468227424,0.4366812227074236,0.010033444816053512,fig3a_main,40,frequency_GHz,V,digitized_paper_calculation,p3_0.png
593,315.0,86.8995633187773,0.42642140468227424,0.4366812227074236,0.010033444816053512,fig3a_main,40,frequency_GHz,V,digitized_paper_calculation,p3_0.png
594,315.0,87.117903930131,0.42642140468227424,0.4366812227074236,0.010033444816053512,fig3a_main,40,frequency_GHz,V,digitized_paper_calculation,p3_0.png
595,315.0,87.33624454148472,0.42642140468227424,0.4366812227074236,0.010033444816053512,fig3a_main,40,frequency_GHz,V,digitized_paper_calculation,p3_0.png
596,315.0,87.55458515283843,0.42642140468227424,0.4366812227074236,0.010033444816053512,fig3a_main,40,frequency_GHz,V,digitized_paper_calculation,p3_0.png
597,315.0,87.77292576419214,0.42642140468227424,0.4366812227074236,0.010033444816053512,fig3a_main,40,frequency_GHz,V,digitized_paper_calculation,p3_0.png
598,316.0,87.99126637554585,0.4214046822742475,0.4366812227074236,0.010033444816053512,fig3a_main,40,frequency_GHz,V,digitized_paper_calculation,p3_0.png
599,316.0,88.20960698689956,0.4214046822742475,0.4366812227074236,0.010033444816053512,fig3a_main,40,frequency_GHz,V,digitized_paper_calculation,p3_0.png
600,316.0,88.42794759825327,0.4214046822742475,0.4366812227074236,0.010033444816053512,fig3a_main,40,frequency_GHz,V,digitized_paper_calculation,p3_0.png
601,316.0,88.646288209607,0.4214046822742475,0.4366812227074236,0.010033444816053512,fig3a_main,40,frequency_GHz,V,digitized_paper_calculation,p3_0.png
602,316.0,88.8646288209607,0.4214046822742475,0.4366812227074236,0.010033444816053512,fig3a_main,40,frequency_GHz,V,digitized_paper_calculation,p3_0.png
603,317.0,89.08296943231441,0.41638795986622074,0.4366812227074236,0.010033444816053512,fig3a_main,40,frequency_GHz,V,digitized_paper_calculation,p3_0.png
604,317.0,89.30131004366812,0.41638795986622074,0.4366812227074236,0.010033444816053512,fig3a_main,40,frequency_GHz,V,digitized_paper_calculation,p3_0.png
605,317.0,89.51965065502183,0.41638795986622074,0.4366812227074236,0.010033444816053512,fig3a_main,40,frequency_GHz,V,digitized_paper_calculation,p3_0.png
608,318.0,90.17467248908297,0.411371237458194,0.4366812227074236,0.010033444816053512,fig3a_main,40,frequency_GHz,V,digitized_paper_calculation,p3_0.png
615,318.0,91.70305676855895,0.411371237458194,0.4366812227074236,0.010033444816053512,fig3a_main,40,frequency_GHz,V,digitized_paper_calculation,p3_0.png
616,318.0,91.92139737991266,0.411371237458194,0.4366812227074236,0.010033444816053512,fig3a_main,40,frequency_GHz,V,digitized_paper_calculation,p3_0.png
617,318.0,92.13973799126637,0.411371237458194,0.4366812227074236,0.010033444816053512,fig3a_main,40,frequency_GHz,V,digitized_paper_calculation,p3_0.png
618,318.0,92.35807860262008,0.411371237458194,0.4366812227074236,0.010033444816053512,fig3a_main,40,frequency_GHz,V,digitized_paper_calculation,p3_0.png
619,318.0,92.5764192139738,0.411371237458194,0.4366812227074236,0.010033444816053512,fig3a_main,40,frequency_GHz,V,digitized_paper_calculation,p3_0.png
620,318.0,92.79475982532752,0.411371237458194,0.4366812227074236,0.010033444816053512,fig3a_main,40,frequency_GHz,V,digitized_paper_calculation,p3_0.png
621,318.0,93.01310043668123,0.411371237458194,0.4366812227074236,0.010033444816053512,fig3a_main,40,frequency_GHz,V,digitized_paper_calculation,p3_0.png
622,318.0,93.23144104803494,0.411371237458194,0.4366812227074236,0.010033444816053512,fig3a_main,40,frequency_GHz,V,digitized_paper_calculation,p3_0.png
623,318.0,93.44978165938865,0.411371237458194,0.4366812227074236,0.010033444816053512,fig3a_main,40,frequency_GHz,V,digitized_paper_calculation,p3_0.png
624,318.0,93.66812227074236,0.411371237458194,0.4366812227074236,0.010033444816053512,fig3a_main,40,frequency_GHz,V,digitized_paper_calculation,p3_0.png
635,317.0,96.06986899563319,0.41638795986622074,0.4366812227074236,0.010033444816053512,fig3a_main,40,frequency_GHz,V,digitized_paper_calculation,p3_0.png
636,317.0,96.2882096069869,0.41638795986622074,0.4366812227074236,0.010033444816053512,fig3a_main,40,frequency_GHz,V,digitized_paper_calculation,p3_0.png
637,317.0,96.5065502183406,0.41638795986622074,0.4366812227074236,0.010033444816053512,fig3a_main,40,frequency_GHz,V,digitized_paper_calculation,p3_0.png
638,317.0,96.72489082969432,0.41638795986622074,0.4366812227074236,0.010033444816053512,fig3a_main,40,frequency_GHz,V,digitized_paper_calculation,p3_0.png
639,316.5,96.94323144104804,0.4188963210702341,0.4366812227074236,0.01254180602006689,fig3a_main,40,frequency_GHz,V,digitized_paper_calculation,p3_0.png
640,316.5,97.16157205240175,0.4188963210702341,0.4366812227074236,0.01254180602006689,fig3a_main,40,frequency_GHz,V,digitized_paper_calculation,p3_0.png
641,316.5,97.37991266375546,0.4188963210702341,0.4366812227074236,0.01254180602006689,fig3a_main,40,frequency_GHz,V,digitized_paper_calculation,p3_0.png
642,316.5,97.59825327510917,0.4188963210702341,0.4366812227074236,0.01254180602006689,fig3a_main,40,frequency_GHz,V,digitized_paper_calculation,p3_0.png
643,317.0,97.81659388646288,0.41638795986622074,0.4366812227074236,0.010033444816053512,fig3a_main,40,frequency_GHz,V,digitized_paper_calculation,p3_0.png
644,317.0,98.0349344978166,0.41638795986622074,0.4366812227074236,0.010033444816053512,fig3a_main,40,frequency_GHz,V,digitized_paper_calculation,p3_0.png
645,317.0,98.2532751091703,0.41638795986622074,0.4366812227074236,0.010033444816053512,fig3a_main,40,frequency_GHz,V,digitized_paper_calculation,p3_0.png
646,317.5,98.47161572052401,0.41387959866220736,0.4366812227074236,0.01254180602006689,fig3a_main,40,frequency_GHz,V,digitized_paper_calculation,p3_0.png
647,318.0,98.68995633187772,0.411371237458194,0.4366812227074236,0.010033444816053512,fig3a_main,40,frequency_GHz,V,digitized_paper_calculation,p3_0.png
648,318.0,98.90829694323143,0.411371237458194,0.4366812227074236,0.010033444816053512,fig3a_main,40,frequency_GHz,V,digitized_paper_calculation,p3_0.png
649,319.0,99.12663755458516,0.40635451505016723,0.4366812227074236,0.010033444816053512,fig3a_main,40,frequency_GHz,V,digitized_paper_calculation,p3_0.png
650,319.0,99.34497816593887,0.40635451505016723,0.4366812227074236,0.010033444816053512,fig3a_main,40,frequency_GHz,V,digitized_paper_calculation,p3_0.png
657,320.0,100.87336244541484,0.4013377926421405,0.4366812227074236,0.010033444816053512,fig3a_main,40,frequency_GHz,V,digitized_paper_calculation,p3_0.png
658,320.0,101.09170305676857,0.4013377926421405,0.4366812227074236,0.010033444816053512,fig3a_main,40,frequency_GHz,V,digitized_paper_calculation,p3_0.png
659,320.0,101.31004366812228,0.4013377926421405,0.4366812227074236,0.010033444816053512,fig3a_main,40,frequency_GHz,V,digitized_paper_calculation,p3_0.png
660,320.5,101.52838427947599,0.3988294314381271,0.4366812227074236,0.01254180602006689,fig3a_main,40,frequency_GHz,V,digitized_paper_calculation,p3_0.png
661,321.0,101.7467248908297,0.3963210702341137,0.4366812227074236,0.010033444816053512,fig3a_main,40,frequency_GHz,V,digitized_paper_calculation,p3_0.png
662,321.0,101.9650655021834,0.3963210702341137,0.4366812227074236,0.010033444816053512,fig3a_main,40,frequency_GHz,V,digitized_paper_calculation,p3_0.png
663,321.5,102.18340611353712,0.39381270903010035,0.4366812227074236,0.01254180602006689,fig3a_main,40,frequency_GHz,V,digitized_paper_calculation,p3_0.png
664,321.5,102.40174672489083,0.39381270903010035,0.4366812227074236,0.01254180602006689,fig3a_main,40,frequency_GHz,V,digitized_paper_calculation,p3_0.png
665,321.5,102.62008733624454,0.39381270903010035,0.4366812227074236,0.01254180602006689,fig3a_main,40,frequency_GHz,V,digitized_paper_calculation,p3_0.png
666,321.5,102.83842794759825,0.39381270903010035,0.4366812227074236,0.01254180602006689,fig3a_main,40,frequency_GHz,V,digitized_paper_calculation,p3_0.png
667,321.5,103.05676855895196,0.39381270903010035,0.4366812227074236,0.01254180602006689,fig3a_main,40,frequency_GHz,V,digitized_paper_calculation,p3_0.png
668,321.0,103.27510917030568,0.3963210702341137,0.4366812227074236,0.010033444816053512,fig3a_main,40,frequency_GHz,V,digitized_paper_calculation,p3_0.png
669,320.5,103.4934497816594,0.3988294314381271,0.4366812227074236,0.01254180602006689,fig3a_main,40,frequency_GHz,V,digitized_paper_calculation,p3_0.png
670,320.5,103.7117903930131,0.3988294314381271,0.4366812227074236,0.01254180602006689,fig3a_main,40,frequency_GHz,V,digitized_paper_calculation,p3_0.png
671,320.5,103.93013100436681,0.3988294314381271,0.4366812227074236,0.01254180602006689,fig3a_main,40,frequency_GHz,V,digitized_paper_calculation,p3_0.png
672,320.0,104.14847161572052,0.4013377926421405,0.4366812227074236,0.010033444816053512,fig3a_main,40,frequency_GHz,V,digitized_paper_calculation,p3_0.png
673,319.5,104.36681222707423,0.40384615384615385,0.4366812227074236,0.01254180602006689,fig3a_main,40,frequency_GHz,V,digitized_paper_calculation,p3_0.png
674,319.0,104.58515283842794,0.40635451505016723,0.4366812227074236,0.010033444816053512,fig3a_main,40,frequency_GHz,V,digitized_paper_calculation,p3_0.png
675,319.0,104.80349344978166,0.40635451505016723,0.4366812227074236,0.010033444816053512,fig3a_main,40,frequency_GHz,V,digitized_paper_calculation,p3_0.png
683,318.0,106.55021834061135,0.411371237458194,0.4366812227074236,0.010033444816053512,fig3a_main,40,frequency_GHz,V,digitized_paper_calculation,p3_0.png
684,318.0,106.76855895196506,0.411371237458194,0.4366812227074236,0.010033444816053512,fig3a_main,40,frequency_GHz,V,digitized_paper_calculation,p3_0.png
685,318.0,106.98689956331877,0.411371237458194,0.4366812227074236,0.010033444816053512,fig3a_main,40,frequency_GHz,V,digitized_paper_calculation,p3_0.png
686,318.0,107.20524017467248,0.411371237458194,0.4366812227074236,0.010033444816053512,fig3a_main,40,frequency_GHz,V,digitized_paper_calculation,p3_0.png
687,318.0,107.4235807860262,0.411371237458194,0.4366812227074236,0.010033444816053512,fig3a_main,40,frequency_GHz,V,digitized_paper_calculation,p3_0.png
688,318.0,107.64192139737992,0.411371237458194,0.4366812227074236,0.010033444816053512,fig3a_main,40,frequency_GHz,V,digitized_paper_calculation,p3_0.png
689,318.0,107.86026200873363,0.411371237458194,0.4366812227074236,0.010033444816053512,fig3a_main,40,frequency_GHz,V,digitized_paper_calculation,p3_0.png
690,318.0,108.07860262008734,0.411371237458194,0.4366812227074236,0.010033444816053512,fig3a_main,40,frequency_GHz,V,digitized_paper_calculation,p3_0.png
691,318.5,108.29694323144105,0.4088628762541806,0.4366812227074236,0.01254180602006689,fig3a_main,40,frequency_GHz,V,digitized_paper_calculation,p3_0.png
692,319.0,108.51528384279476,0.40635451505016723,0.4366812227074236,0.010033444816053512,fig3a_main,40,frequency_GHz,V,digitized_paper_calculation,p3_0.png
693,319.0,108.73362445414847,0.40635451505016723,0.4366812227074236,0.010033444816053512,fig3a_main,40,frequency_GHz,V,digitized_paper_calculation,p3_0.png
694,320.0,108.95196506550218,0.4013377926421405,0.4366812227074236,0.010033444816053512,fig3a_main,40,frequency_GHz,V,digitized_paper_calculation,p3_0.png
695,320.0,109.17030567685589,0.4013377926421405,0.4366812227074236,0.010033444816053512,fig3a_main,40,frequency_GHz,V,digitized_paper_calculation,p3_0.png
702,322.0,110.69868995633188,0.391304347826087,0.4366812227074236,0.010033444816053512,fig3a_main,40,frequency_GHz,V,digitized_paper_calculation,p3_0.png
703,323.0,110.91703056768559,0.3862876254180602,0.4366812227074236,0.010033444816053512,fig3a_main,40,frequency_GHz,V,digitized_paper_calculation,p3_0.png
704,323.0,111.1353711790393,0.3862876254180602,0.4366812227074236,0.010033444816053512,fig3a_main,40,frequency_GHz,V,digitized_paper_calculation,p3_0.png
705,323.5,111.353711790393,0.38377926421404684,0.4366812227074236,0.01254180602006689,fig3a_main,40,frequency_GHz,V,digitized_paper_calculation,p3_0.png
706,324.0,111.57205240174673,0.38127090301003347,0.4366812227074236,0.010033444816053512,fig3a_main,40,frequency_GHz,V,digitized_paper_calculation,p3_0.png
707,324.5,111.79039301310044,0.3787625418060201,0.4366812227074236,0.01254180602006689,fig3a_main,40,frequency_GHz,V,digitized_paper_calculation,p3_0.png
708,325.0,112.00873362445415,0.3762541806020067,0.4366812227074236,0.010033444816053512,fig3a_main,40,frequency_GHz,V,digitized_paper_calculation,p3_0.png
709,324.5,112.22707423580786,0.3787625418060201,0.4366812227074236,0.01254180602006689,fig3a_main,40,frequency_GHz,V,digitized_paper_calculation,p3_0.png
710,324.5,112.44541484716157,0.3787625418060201,0.4366812227074236,0.01254180602006689,fig3a_main,40,frequency_GHz,V,digitized_paper_calculation,p3_0.png
711,325.0,112.66375545851528,0.3762541806020067,0.4366812227074236,0.010033444816053512,fig3a_main,40,frequency_GHz,V,digitized_paper_calculation,p3_0.png
712,325.0,112.882096069869,0.3762541806020067,0.4366812227074236,0.010033444816053512,fig3a_main,40,frequency_GHz,V,digitized_paper_calculation,p3_0.png
713,324.5,113.1004366812227,0.3787625418060201,0.4366812227074236,0.01254180602006689,fig3a_main,40,frequency_GHz,V,digitized_paper_calculation,p3_0.png
714,324.5,113.31877729257641,0.3787625418060201,0.4366812227074236,0.01254180602006689,fig3a_main,40,frequency_GHz,V,digitized_paper_calculation,p3_0.png
715,324.5,113.53711790393012,0.3787625418060201,0.4366812227074236,0.01254180602006689,fig3a_main,40,frequency_GHz,V,digitized_paper_calculation,p3_0.png
716,324.0,113.75545851528385,0.38127090301003347,0.4366812227074236,0.010033444816053512,fig3a_main,40,frequency_GHz,V,digitized_paper_calculation,p3_0.png
717,324.0,113.97379912663756,0.38127090301003347,0.4366812227074236,0.010033444816053512,fig3a_main,40,frequency_GHz,V,digitized_paper_calculation,p3_0.png
718,323.5,114.19213973799127,0.38377926421404684,0.4366812227074236,0.01254180602006689,fig3a_main,40,frequency_GHz,V,digitized_paper_calculation,p3_0.png
719,323.0,114.41048034934498,0.3862876254180602,0.4366812227074236,0.010033444816053512,fig3a_main,40,frequency_GHz,V,digitized_paper_calculation,p3_0.png
720,323.0,114.62882096069869,0.3862876254180602,0.4366812227074236,0.010033444816053512,fig3a_main,40,frequency_GHz,V,digitized_paper_calculation,p3_0.png
721,322.5,114.8471615720524,0.3887959866220736,0.4366812227074236,0.01254180602006689,fig3a_main,40,frequency_GHz,V,digitized_paper_calculation,p3_0.png
722,322.0,115.06550218340611,0.391304347826087,0.4366812227074236,0.010033444816053512,fig3a_main,40,frequency_GHz,V,digitized_paper_calculation,p3_0.png
723,321.5,115.28384279475982,0.39381270903010035,0.4366812227074236,0.01254180602006689,fig3a_main,40,frequency_GHz,V,digitized_paper_calculation,p3_0.png
724,321.0,115.50218340611353,0.3963210702341137,0.4366812227074236,0.010033444816053512,fig3a_main,40,frequency_GHz,V,digitized_paper_calculation,p3_0.png
730,320.0,116.8122270742358,0.4013377926421405,0.4366812227074236,0.010033444816053512,fig3a_main,40,frequency_GHz,V,digitized_paper_calculation,p3_0.png
731,320.0,117.03056768558952,0.4013377926421405,0.4366812227074236,0.010033444816053512,fig3a_main,40,frequency_GHz,V,digitized_paper_calculation,p3_0.png
732,320.0,117.24890829694323,0.4013377926421405,0.4366812227074236,0.010033444816053512,fig3a_main,40,frequency_GHz,V,digitized_paper_calculation,p3_0.png
733,320.0,117.46724890829694,0.4013377926421405,0.4366812227074236,0.010033444816053512,fig3a_main,40,frequency_GHz,V,digitized_paper_calculation,p3_0.png
734,320.0,117.68558951965065,0.4013377926421405,0.4366812227074236,0.010033444816053512,fig3a_main,40,frequency_GHz,V,digitized_paper_calculation,p3_0.png
735,320.0,117.90393013100437,0.4013377926421405,0.4366812227074236,0.010033444816053512,fig3a_main,40,frequency_GHz,V,digitized_paper_calculation,p3_0.png
736,320.0,118.12227074235808,0.4013377926421405,0.4366812227074236,0.010033444816053512,fig3a_main,40,frequency_GHz,V,digitized_paper_calculation,p3_0.png
737,320.0,118.3406113537118,0.4013377926421405,0.4366812227074236,0.010033444816053512,fig3a_main,40,frequency_GHz,V,digitized_paper_calculation,p3_0.png
738,321.0,118.5589519650655,0.3963210702341137,0.4366812227074236,0.010033444816053512,fig3a_main,40,frequency_GHz,V,digitized_paper_calculation,p3_0.png
739,321.0,118.77729257641921,0.3963210702341137,0.4366812227074236,0.010033444816053512,fig3a_main,40,frequency_GHz,V,digitized_paper_calculation,p3_0.png
747,324.0,120.52401746724891,0.38127090301003347,0.4366812227074236,0.010033444816053512,fig3a_main,40,frequency_GHz,V,digitized_paper_calculation,p3_0.png
748,325.0,120.74235807860262,0.3762541806020067,0.4366812227074236,0.010033444816053512,fig3a_main,40,frequency_GHz,V,digitized_paper_calculation,p3_0.png
749,325.0,120.96069868995633,0.3762541806020067,0.4366812227074236,0.010033444816053512,fig3a_main,40,frequency_GHz,V,digitized_paper_calculation,p3_0.png
750,325.5,121.17903930131004,0.3737458193979933,0.4366812227074236,0.01254180602006689,fig3a_main,40,frequency_GHz,V,digitized_paper_calculation,p3_0.png
751,326.0,121.39737991266375,0.3712374581939799,0.4366812227074236,0.010033444816053512,fig3a_main,40,frequency_GHz,V,digitized_paper_calculation,p3_0.png
752,326.5,121.61572052401746,0.36872909698996653,0.4366812227074236,0.01254180602006689,fig3a_main,40,frequency_GHz,V,digitized_paper_calculation,p3_0.png
753,327.0,121.83406113537117,0.36622073578595316,0.4366812227074236,0.010033444816053512,fig3a_main,40,frequency_GHz,V,digitized_paper_calculation,p3_0.png
754,327.5,122.0524017467249,0.3637123745819398,0.4366812227074236,0.01254180602006689,fig3a_main,40,frequency_GHz,V,digitized_paper_calculation,p3_0.png
755,327.5,122.2707423580786,0.3637123745819398,0.4366812227074236,0.01254180602006689,fig3a_main,40,frequency_GHz,V,digitized_paper_calculation,p3_0.png
756,327.5,122.48908296943232,0.3637123745819398,0.4366812227074236,0.01254180602006689,fig3a_main,40,frequency_GHz,V,digitized_paper_calculation,p3_0.png
757,328.0,122.70742358078603,0.3612040133779264,0.4366812227074236,0.010033444816053512,fig3a_main,40,frequency_GHz,V,digitized_paper_calculation,p3_0.png
758,328.0,122.92576419213974,0.3612040133779264,0.4366812227074236,0.010033444816053512,fig3a_main,40,frequency_GHz,V,digitized_paper_calculation,p3_0.png
759,328.0,123.14410480349345,0.3612040133779264,0.4366812227074236,0.010033444816053512,fig3a_main,40,frequency_GHz,V,digitized_paper_calculation,p3_0.png
760,328.0,123.36244541484716,0.3612040133779264,0.4366812227074236,0.010033444816053512,fig3a_main,40,frequency_GHz,V,digitized_paper_calculation,p3_0.png
761,327.5,123.58078602620087,0.3637123745819398,0.4366812227074236,0.01254180602006689,fig3a_main,40,frequency_GHz,V,digitized_paper_calculation,p3_0.png
762,327.0,123.79912663755458,0.36622073578595316,0.4366812227074236,0.010033444816053512,fig3a_main,40,frequency_GHz,V,digitized_paper_calculation,p3_0.png
763,327.0,124.0174672489083,0.36622073578595316,0.4366812227074236,0.010033444816053512,fig3a_main,40,frequency_GHz,V,digitized_paper_calculation,p3_0.png
764,327.0,124.23580786026201,0.36622073578595316,0.4366812227074236,0.010033444816053512,fig3a_main,40,frequency_GHz,V,digitized_paper_calculation,p3_0.png
765,326.0,124.45414847161572,0.3712374581939799,0.4366812227074236,0.010033444816053512,fig3a_main,40,frequency_GHz,V,digitized_paper_calculation,p3_0.png
766,326.0,124.67248908296943,0.3712374581939799,0.4366812227074236,0.010033444816053512,fig3a_main,40,frequency_GHz,V,digitized_paper_calculation,p3_0.png
767,325.5,124.89082969432314,0.3737458193979933,0.4366812227074236,0.01254180602006689,fig3a_main,40,frequency_GHz,V,digitized_paper_calculation,p3_0.png
768,325.0,125.10917030567686,0.3762541806020067,0.4366812227074236,0.010033444816053512,fig3a_main,40,frequency_GHz,V,digitized_paper_calculation,p3_0.png
769,324.0,125.32751091703057,0.38127090301003347,0.4366812227074236,0.010033444816053512,fig3a_main,40,frequency_GHz,V,digitized_paper_calculation,p3_0.png
770,324.0,125.54585152838428,0.38127090301003347,0.4366812227074236,0.010033444816053512,fig3a_main,40,frequency_GHz,V,digitized_paper_calculation,p3_0.png
771,323.0,125.76419213973799,0.3862876254180602,0.4366812227074236,0.010033444816053512,fig3a_main,40,frequency_GHz,V,digitized_paper_calculation,p3_0.png
777,322.0,127.07423580786026,0.391304347826087,0.4366812227074236,0.010033444816053512,fig3a_main,40,frequency_GHz,V,digitized_paper_calculation,p3_0.png
778,322.0,127.29257641921397,0.391304347826087,0.4366812227074236,0.010033444816053512,fig3a_main,40,frequency_GHz,V,digitized_paper_calculation,p3_0.png
779,322.0,127.51091703056768,0.391304347826087,0.4366812227074236,0.010033444816053512,fig3a_main,40,frequency_GHz,V,digitized_paper_calculation,p3_0.png
780,322.0,127.7292576419214,0.391304347826087,0.4366812227074236,0.010033444816053512,fig3a_main,40,frequency_GHz,V,digitized_paper_calculation,p3_0.png
781,321.5,127.9475982532751,0.39381270903010035,0.4366812227074236,0.01254180602006689,fig3a_main,40,frequency_GHz,V,digitized_paper_calculation,p3_0.png
782,322.0,128.16593886462883,0.391304347826087,0.4366812227074236,0.010033444816053512,fig3a_main,40,frequency_GHz,V,digitized_paper_calculation,p3_0.png
783,322.0,128.38427947598254,0.391304347826087,0.4366812227074236,0.010033444816053512,fig3a_main,40,frequency_GHz,V,digitized_paper_calculation,p3_0.png
784,322.0,128.60262008733625,0.391304347826087,0.4366812227074236,0.010033444816053512,fig3a_main,40,frequency_GHz,V,digitized_paper_calculation,p3_0.png
785,323.0,128.82096069868996,0.3862876254180602,0.4366812227074236,0.010033444816053512,fig3a_main,40,frequency_GHz,V,digitized_paper_calculation,p3_0.png
786,323.0,129.03930131004367,0.3862876254180602,0.4366812227074236,0.010033444816053512,fig3a_main,40,frequency_GHz,V,digitized_paper_calculation,p3_0.png
792,325.0,130.34934497816593,0.3762541806020067,0.4366812227074236,0.010033444816053512,fig3a_main,40,frequency_GHz,V,digitized_paper_calculation,p3_0.png
793,325.5,130.56768558951964,0.3737458193979933,0.4366812227074236,0.01254180602006689,fig3a_main,40,frequency_GHz,V,digitized_paper_calculation,p3_0.png
794,326.0,130.78602620087335,0.3712374581939799,0.4366812227074236,0.010033444816053512,fig3a_main,40,frequency_GHz,V,digitized_paper_calculation,p3_0.png
795,327.0,131.00436681222706,0.36622073578595316,0.4366812227074236,0.010033444816053512,fig3a_main,40,frequency_GHz,V,digitized_paper_calculation,p3_0.png
796,327.5,131.22270742358077,0.3637123745819398,0.4366812227074236,0.01254180602006689,fig3a_main,40,frequency_GHz,V,digitized_paper_calculation,p3_0.png
797,328.0,131.4410480349345,0.3612040133779264,0.4366812227074236,0.010033444816053512,fig3a_main,40,frequency_GHz,V,digitized_paper_calculation,p3_0.png
798,328.5,131.65938864628822,0.358695652173913,0.4366812227074236,0.01254180602006689,fig3a_main,40,frequency_GHz,V,digitized_paper_calculation,p3_0.png
799,329.0,131.87772925764193,0.35618729096989965,0.4366812227074236,0.010033444816053512,fig3a_main,40,frequency_GHz,V,digitized_paper_calculation,p3_0.png
800,329.5,132.09606986899564,0.3536789297658863,0.4366812227074236,0.01254180602006689,fig3a_main,40,frequency_GHz,V,digitized_paper_calculation,p3_0.png
801,329.5,132.31441048034935,0.3536789297658863,0.4366812227074236,0.01254180602006689,fig3a_main,40,frequency_GHz,V,digitized_paper_calculation,p3_0.png
802,330.0,132.53275109170306,0.3511705685618729,0.4366812227074236,0.010033444816053512,fig3a_main,40,frequency_GHz,V,digitized_paper_calculation,p3_0.png
803,330.0,132.75109170305677,0.3511705685618729,0.4366812227074236,0.010033444816053512,fig3a_main,40,frequency_GHz,V,digitized_paper_calculation,p3_0.png
804,330.0,132.96943231441048,0.3511705685618729,0.4366812227074236,0.010033444816053512,fig3a_main,40,frequency_GHz,V,digitized_paper_calculation,p3_0.png
805,330.0,133.1877729257642,0.3511705685618729,0.4366812227074236,0.010033444816053512,fig3a_main,40,frequency_GHz,V,digitized_paper_calculation,p3_0.png
806,330.0,133.4061135371179,0.3511705685618729,0.4366812227074236,0.010033444816053512,fig3a_main,40,frequency_GHz,V,digitized_paper_calculation,p3_0.png
807,330.0,133.6244541484716,0.3511705685618729,0.4366812227074236,0.010033444816053512,fig3a_main,40,frequency_GHz,V,digitized_paper_calculation,p3_0.png
808,329.5,133.84279475982532,0.3536789297658863,0.4366812227074236,0.01254180602006689,fig3a_main,40,frequency_GHz,V,digitized_paper_calculation,p3_0.png
809,329.0,134.06113537117903,0.35618729096989965,0.4366812227074236,0.010033444816053512,fig3a_main,40,frequency_GHz,V,digitized_paper_calculation,p3_0.png
810,329.0,134.27947598253274,0.35618729096989965,0.4366812227074236,0.010033444816053512,fig3a_main,40,frequency_GHz,V,digitized_paper_calculation,p3_0.png
811,328.0,134.49781659388645,0.3612040133779264,0.4366812227074236,0.010033444816053512,fig3a_main,40,frequency_GHz,V,digitized_paper_calculation,p3_0.png
812,328.0,134.71615720524017,0.3612040133779264,0.4366812227074236,0.010033444816053512,fig3a_main,40,frequency_GHz,V,digitized_paper_calculation,p3_0.png
813,327.5,134.93449781659388,0.3637123745819398,0.4366812227074236,0.01254180602006689,fig3a_main,40,frequency_GHz,V,digitized_paper_calculation,p3_0.png
814,327.0,135.1528384279476,0.36622073578595316,0.4366812227074236,0.010033444816053512,fig3a_main,40,frequency_GHz,V,digitized_paper_calculation,p3_0.png
815,326.0,135.3711790393013,0.3712374581939799,0.4366812227074236,0.010033444816053512,fig3a_main,40,frequency_GHz,V,digitized_paper_calculation,p3_0.png
816,326.0,135.58951965065503,0.3712374581939799,0.4366812227074236,0.010033444816053512,fig3a_main,40,frequency_GHz,V,digitized_paper_calculation,p3_0.png
817,325.0,135.80786026200875,0.3762541806020067,0.4366812227074236,0.010033444816053512,fig3a_main,40,frequency_GHz,V,digitized_paper_calculation,p3_0.png
825,323.0,137.55458515283843,0.3862876254180602,0.4366812227074236,0.010033444816053512,fig3a_main,40,frequency_GHz,V,digitized_paper_calculation,p3_0.png
826,323.0,137.77292576419214,0.3862876254180602,0.4366812227074236,0.010033444816053512,fig3a_main,40,frequency_GHz,V,digitized_paper_calculation,p3_0.png
827,323.0,137.99126637554585,0.3862876254180602,0.4366812227074236,0.010033444816053512,fig3a_main,40,frequency_GHz,V,digitized_paper_calculation,p3_0.png
828,323.0,138.20960698689956,0.3862876254180602,0.4366812227074236,0.010033444816053512,fig3a_main,40,frequency_GHz,V,digitized_paper_calculation,p3_0.png
829,324.0,138.42794759825327,0.38127090301003347,0.4366812227074236,0.010033444816053512,fig3a_main,40,frequency_GHz,V,digitized_paper_calculation,p3_0.png
830,324.0,138.64628820960698,0.38127090301003347,0.4366812227074236,0.010033444816053512,fig3a_main,40,frequency_GHz,V,digitized_paper_calculation,p3_0.png
831,324.0,138.8646288209607,0.38127090301003347,0.4366812227074236,0.010033444816053512,fig3a_main,40,frequency_GHz,V,digitized_paper_calculation,p3_0.png
837,326.0,140.17467248908298,0.3712374581939799,0.4366812227074236,0.010033444816053512,fig3a_main,40,frequency_GHz,V,digitized_paper_calculation,p3_0.png
838,326.5,140.3930131004367,0.36872909698996653,0.4366812227074236,0.01254180602006689,fig3a_main,40,frequency_GHz,V,digitized_paper_calculation,p3_0.png
839,327.5,140.6113537117904,0.3637123745819398,0.4366812227074236,0.01254180602006689,fig3a_main,40,frequency_GHz,V,digitized_paper_calculation,p3_0.png
840,328.0,140.8296943231441,0.3612040133779264,0.4366812227074236,0.010033444816053512,fig3a_main,40,frequency_GHz,V,digitized_paper_calculation,p3_0.png
841,328.5,141.04803493449782,0.358695652173913,0.4366812227074236,0.01254180602006689,fig3a_main,40,frequency_GHz,V,digitized_paper_calculation,p3_0.png
842,329.5,141.26637554585153,0.3536789297658863,0.4366812227074236,0.01254180602006689,fig3a_main,40,frequency_GHz,V,digitized_paper_calculation,p3_0.png
843,330.0,141.48471615720524,0.3511705685618729,0.4366812227074236,0.010033444816053512,fig3a_main,40,frequency_GHz,V,digitized_paper_calculation,p3_0.png
844,330.5,141.70305676855895,0.3486622073578595,0.4366812227074236,0.01254180602006689,fig3a_main,40,frequency_GHz,V,digitized_paper_calculation,p3_0.png
845,331.0,141.92139737991266,0.34615384615384615,0.4366812227074236,0.010033444816053512,fig3a_main,40,frequency_GHz,V,digitized_paper_calculation,p3_0.png
846,331.5,142.13973799126637,0.34364548494983277,0.4366812227074236,0.01254180602006689,fig3a_main,40,frequency_GHz,V,digitized_paper_calculation,p3_0.png
847,332.0,142.35807860262008,0.3411371237458194,0.4366812227074236,0.010033444816053512,fig3a_main,40,frequency_GHz,V,digitized_paper_calculation,p3_0.png
848,332.0,142.5764192139738,0.3411371237458194,0.4366812227074236,0.010033444816053512,fig3a_main,40,frequency_GHz,V,digitized_paper_calculation,p3_0.png
849,332.5,142.7947598253275,0.338628762541806,0.4366812227074236,0.01254180602006689,fig3a_main,40,frequency_GHz,V,digitized_paper_calculation,p3_0.png
850,333.0,143.0131004366812,0.33612040133779264,0.4366812227074236,0.010033444816053512,fig3a_main,40,frequency_GHz,V,digitized_paper_calculation,p3_0.png
851,333.0,143.23144104803492,0.33612040133779264,0.4366812227074236,0.010033444816053512,fig3a_main,40,frequency_GHz,V,digitized_paper_calculation,p3_0.png
852,332.0,143.44978165938863,0.3411371237458194,0.4366812227074236,0.010033444816053512,fig3a_main,40,frequency_GHz,V,digitized_paper_calculation,p3_0.png
853,332.0,143.66812227074234,0.3411371237458194,0.4366812227074236,0.010033444816053512,fig3a_main,40,frequency_GHz,V,digitized_paper_calculation,p3_0.png
854,332.0,143.88646288209608,0.3411371237458194,0.4366812227074236,0.010033444816053512,fig3a_main,40,frequency_GHz,V,digitized_paper_calculation,p3_0.png
855,332.0,144.1048034934498,0.3411371237458194,0.4366812227074236,0.010033444816053512,fig3a_main,40,frequency_GHz,V,digitized_paper_calculation,p3_0.png
856,331.0,144.3231441048035,0.34615384615384615,0.4366812227074236,0.010033444816053512,fig3a_main,40,frequency_GHz,V,digitized_paper_calculation,p3_0.png
857,331.0,144.5414847161572,0.34615384615384615,0.4366812227074236,0.010033444816053512,fig3a_main,40,frequency_GHz,V,digitized_paper_calculation,p3_0.png
858,330.0,144.75982532751092,0.3511705685618729,0.4366812227074236,0.010033444816053512,fig3a_main,40,frequency_GHz,V,digitized_paper_calculation,p3_0.png
859,330.0,144.97816593886463,0.3511705685618729,0.4366812227074236,0.010033444816053512,fig3a_main,40,frequency_GHz,V,digitized_paper_calculation,p3_0.png
860,329.0,145.19650655021834,0.35618729096989965,0.4366812227074236,0.010033444816053512,fig3a_main,40,frequency_GHz,V,digitized_paper_calculation,p3_0.png
861,329.0,145.41484716157206,0.35618729096989965,0.4366812227074236,0.010033444816053512,fig3a_main,40,frequency_GHz,V,digitized_paper_calculation,p3_0.png
862,328.0,145.63318777292577,0.3612040133779264,0.4366812227074236,0.010033444816053512,fig3a_main,40,frequency_GHz,V,digitized_paper_calculation,p3_0.png
863,327.0,145.85152838427948,0.36622073578595316,0.4366812227074236,0.010033444816053512,fig3a_main,40,frequency_GHz,V,digitized_paper_calculation,p3_0.png
870,325.0,147.37991266375545,0.3762541806020067,0.4366812227074236,0.010033444816053512,fig3a_main,40,frequency_GHz,V,digitized_paper_calculation,p3_0.png
872,324.0,147.81659388646287,0.38127090301003347,0.4366812227074236,0.010033444816053512,fig3a_main,40,frequency_GHz,V,digitized_paper_calculation,p3_0.png
873,324.0,148.0349344978166,0.38127090301003347,0.4366812227074236,0.010033444816053512,fig3a_main,40,frequency_GHz,V,digitized_paper_calculation,p3_0.png
874,324.0,148.25327510917032,0.38127090301003347,0.4366812227074236,0.010033444816053512,fig3a_main,40,frequency_GHz,V,digitized_paper_calculation,p3_0.png
875,324.0,148.47161572052403,0.38127090301003347,0.4366812227074236,0.010033444816053512,fig3a_main,40,frequency_GHz,V,digitized_paper_calculation,p3_0.png
876,324.5,148.68995633187774,0.3787625418060201,0.4366812227074236,0.01254180602006689,fig3a_main,40,frequency_GHz,V,digitized_paper_calculation,p3_0.png
877,325.0,148.90829694323145,0.3762541806020067,0.4366812227074236,0.010033444816053512,fig3a_main,40,frequency_GHz,V,digitized_paper_calculation,p3_0.png
878,325.0,149.12663755458516,0.3762541806020067,0.4366812227074236,0.010033444816053512,fig3a_main,40,frequency_GHz,V,digitized_paper_calculation,p3_0.png
884,327.0,150.43668122270742,0.36622073578595316,0.4366812227074236,0.010033444816053512,fig3a_main,40,frequency_GHz,V,digitized_paper_calculation,p3_0.png
885,328.0,150.65502183406113,0.3612040133779264,0.4366812227074236,0.010033444816053512,fig3a_main,40,frequency_GHz,V,digitized_paper_calculation,p3_0.png
886,328.5,150.87336244541484,0.358695652173913,0.4366812227074236,0.01254180602006689,fig3a_main,40,frequency_GHz,V,digitized_paper_calculation,p3_0.png
887,329.5,151.09170305676855,0.3536789297658863,0.4366812227074236,0.01254180602006689,fig3a_main,40,frequency_GHz,V,digitized_paper_calculation,p3_0.png
888,330.0,151.31004366812226,0.3511705685618729,0.4366812227074236,0.010033444816053512,fig3a_main,40,frequency_GHz,V,digitized_paper_calculation,p3_0.png
889,330.5,151.52838427947597,0.3486622073578595,0.4366812227074236,0.01254180602006689,fig3a_main,40,frequency_GHz,V,digitized_paper_calculation,p3_0.png
890,331.5,151.74672489082968,0.34364548494983277,0.4366812227074236,0.01254180602006689,fig3a_main,40,frequency_GHz,V,digitized_paper_calculation,p3_0.png
891,331.5,151.9650655021834,0.34364548494983277,0.4366812227074236,0.01254180602006689,fig3a_main,40,frequency_GHz,V,digitized_paper_calculation,p3_0.png
892,332.5,152.18340611353713,0.338628762541806,0.4366812227074236,0.01254180602006689,fig3a_main,40,frequency_GHz,V,digitized_paper_calculation,p3_0.png
893,332.5,152.40174672489084,0.338628762541806,0.4366812227074236,0.01254180602006689,fig3a_main,40,frequency_GHz,V,digitized_paper_calculation,p3_0.png
894,333.0,152.62008733624455,0.33612040133779264,0.4366812227074236,0.010033444816053512,fig3a_main,40,frequency_GHz,V,digitized_paper_calculation,p3_0.png
895,333.0,152.83842794759826,0.33612040133779264,0.4366812227074236,0.010033444816053512,fig3a_main,40,frequency_GHz,V,digitized_paper_calculation,p3_0.png
896,333.5,153.05676855895197,0.33361204013377926,0.4366812227074236,0.01254180602006689,fig3a_main,40,frequency_GHz,V,digitized_paper_calculation,p3_0.png
897,333.0,153.27510917030568,0.33612040133779264,0.4366812227074236,0.010033444816053512,fig3a_main,40,frequency_GHz,V,digitized_paper_calculation,p3_0.png
898,333.0,153.4934497816594,0.33612040133779264,0.4366812227074236,0.010033444816053512,fig3a_main,40,frequency_GHz,V,digitized_paper_calculation,p3_0.png
899,333.0,153.7117903930131,0.33612040133779264,0.4366812227074236,0.010033444816053512,fig3a_main,40,frequency_GHz,V,digitized_paper_calculation,p3_0.png
900,333.0,153.9301310043668,0.33612040133779264,0.4366812227074236,0.010033444816053512,fig3a_main,40,frequency_GHz,V,digitized_paper_calculation,p3_0.png
901,332.5,154.14847161572052,0.338628762541806,0.4366812227074236,0.01254180602006689,fig3a_main,40,frequency_GHz,V,digitized_paper_calculation,p3_0.png
902,332.0,154.36681222707423,0.3411371237458194,0.4366812227074236,0.010033444816053512,fig3a_main,40,frequency_GHz,V,digitized_paper_calculation,p3_0.png
903,331.5,154.58515283842794,0.34364548494983277,0.4366812227074236,0.01254180602006689,fig3a_main,40,frequency_GHz,V,digitized_paper_calculation,p3_0.png
904,331.0,154.80349344978166,0.34615384615384615,0.4366812227074236,0.010033444816053512,fig3a_main,40,frequency_GHz,V,digitized_paper_calculation,p3_0.png
905,330.0,155.02183406113537,0.3511705685618729,0.4366812227074236,0.010033444816053512,fig3a_main,40,frequency_GHz,V,digitized_paper_calculation,p3_0.png
906,330.0,155.24017467248908,0.3511705685618729,0.4366812227074236,0.010033444816053512,fig3a_main,40,frequency_GHz,V,digitized_paper_calculation,p3_0.png
907,329.0,155.4585152838428,0.35618729096989965,0.4366812227074236,0.010033444816053512,fig3a_main,40,frequency_GHz,V,digitized_paper_calculation,p3_0.png
908,328.0,155.6768558951965,0.3612040133779264,0.4366812227074236,0.010033444816053512,fig3a_main,40,frequency_GHz,V,digitized_paper_calculation,p3_0.png
914,326.0,156.9868995633188,0.3712374581939799,0.4366812227074236,0.010033444816053512,fig3a_main,40,frequency_GHz,V,digitized_paper_calculation,p3_0.png
916,325.0,157.4235807860262,0.3762541806020067,0.4366812227074236,0.010033444816053512,fig3a_main,40,frequency_GHz,V,digitized_paper_calculation,p3_0.png
917,325.0,157.64192139737992,0.3762541806020067,0.4366812227074236,0.010033444816053512,fig3a_main,40,frequency_GHz,V,digitized_paper_calculation,p3_0.png
918,324.5,157.86026200873363,0.3787625418060201,0.4366812227074236,0.01254180602006689,fig3a_main,40,frequency_GHz,V,digitized_paper_calculation,p3_0.png
919,324.5,158.07860262008734,0.3787625418060201,0.4366812227074236,0.01254180602006689,fig3a_main,40,frequency_GHz,V,digitized_paper_calculation,p3_0.png
920,324.5,158.29694323144105,0.3787625418060201,0.4366812227074236,0.01254180602006689,fig3a_main,40,frequency_GHz,V,digitized_paper_calculation,p3_0.png
921,325.0,158.51528384279476,0.3762541806020067,0.4366812227074236,0.010033444816053512,fig3a_main,40,frequency_GHz,V,digitized_paper_calculation,p3_0.png
922,325.0,158.73362445414847,0.3762541806020067,0.4366812227074236,0.010033444816053512,fig3a_main,40,frequency_GHz,V,digitized_paper_calculation,p3_0.png
923,325.0,158.95196506550218,0.3762541806020067,0.4366812227074236,0.010033444816053512,fig3a_main,40,frequency_GHz,V,digitized_paper_calculation,p3_0.png
924,326.0,159.1703056768559,0.3712374581939799,0.4366812227074236,0.010033444816053512,fig3a_main,40,frequency_GHz,V,digitized_paper_calculation,p3_0.png
931,328.0,160.6986899563319,0.3612040133779264,0.4366812227074236,0.010033444816053512,fig3a_main,40,frequency_GHz,V,digitized_paper_calculation,p3_0.png
932,329.0,160.9170305676856,0.35618729096989965,0.4366812227074236,0.010033444816053512,fig3a_main,40,frequency_GHz,V,digitized_paper_calculation,p3_0.png
933,329.5,161.1353711790393,0.3536789297658863,0.4366812227074236,0.01254180602006689,fig3a_main,40,frequency_GHz,V,digitized_paper_calculation,p3_0.png
934,330.5,161.35371179039302,0.3486622073578595,0.4366812227074236,0.01254180602006689,fig3a_main,40,frequency_GHz,V,digitized_paper_calculation,p3_0.png
935,331.0,161.57205240174673,0.34615384615384615,0.4366812227074236,0.010033444816053512,fig3a_main,40,frequency_GHz,V,digitized_paper_calculation,p3_0.png
936,331.5,161.79039301310044,0.34364548494983277,0.4366812227074236,0.01254180602006689,fig3a_main,40,frequency_GHz,V,digitized_paper_calculation,p3_0.png
937,332.5,162.00873362445415,0.338628762541806,0.4366812227074236,0.01254180602006689,fig3a_main,40,frequency_GHz,V,digitized_paper_calculation,p3_0.png
938,332.5,162.22707423580786,0.338628762541806,0.4366812227074236,0.01254180602006689,fig3a_main,40,frequency_GHz,V,digitized_paper_calculation,p3_0.png
939,333.0,162.44541484716157,0.33612040133779264,0.4366812227074236,0.010033444816053512,fig3a_main,40,frequency_GHz,V,digitized_paper_calculation,p3_0.png
940,333.5,162.66375545851528,0.33361204013377926,0.4366812227074236,0.01254180602006689,fig3a_main,40,frequency_GHz,V,digitized_paper_calculation,p3_0.png
941,333.5,162.882096069869,0.33361204013377926,0.4366812227074236,0.01254180602006689,fig3a_main,40,frequency_GHz,V,digitized_paper_calculation,p3_0.png
942,333.5,163.1004366812227,0.33361204013377926,0.4366812227074236,0.01254180602006689,fig3a_main,40,frequency_GHz,V,digitized_paper_calculation,p3_0.png
943,333.5,163.3187772925764,0.33361204013377926,0.4366812227074236,0.01254180602006689,fig3a_main,40,frequency_GHz,V,digitized_paper_calculation,p3_0.png
944,333.0,163.53711790393012,0.33612040133779264,0.4366812227074236,0.010033444816053512,fig3a_main,40,frequency_GHz,V,digitized_paper_calculation,p3_0.png
945,333.0,163.75545851528383,0.33612040133779264,0.4366812227074236,0.010033444816053512,fig3a_main,40,frequency_GHz,V,digitized_paper_calculation,p3_0.png
946,333.0,163.97379912663754,0.33612040133779264,0.4366812227074236,0.010033444816053512,fig3a_main,40,frequency_GHz,V,digitized_paper_calculation,p3_0.png
947,332.0,164.19213973799125,0.3411371237458194,0.4366812227074236,0.010033444816053512,fig3a_main,40,frequency_GHz,V,digitized_paper_calculation,p3_0.png
948,332.0,164.41048034934497,0.3411371237458194,0.4366812227074236,0.010033444816053512,fig3a_main,40,frequency_GHz,V,digitized_paper_calculation,p3_0.png
949,331.0,164.6288209606987,0.34615384615384615,0.4366812227074236,0.010033444816053512,fig3a_main,40,frequency_GHz,V,digitized_paper_calculation,p3_0.png
950,331.0,164.8471615720524,0.34615384615384615,0.4366812227074236,0.010033444816053512,fig3a_main,40,frequency_GHz,V,digitized_paper_calculation,p3_0.png
951,330.0,165.06550218340612,0.3511705685618729,0.4366812227074236,0.010033444816053512,fig3a_main,40,frequency_GHz,V,digitized_paper_calculation,p3_0.png
952,329.0,165.28384279475983,0.35618729096989965,0.4366812227074236,0.010033444816053512,fig3a_main,40,frequency_GHz,V,digitized_paper_calculation,p3_0.png
953,328.0,165.50218340611355,0.3612040133779264,0.4366812227074236,0.010033444816053512,fig3a_main,40,frequency_GHz,V,digitized_paper_calculation,p3_0.png
960,325.0,167.03056768558952,0.3762541806020067,0.4366812227074236,0.010033444816053512,fig3a_main,40,frequency_GHz,V,digitized_paper_calculation,p3_0.png
961,325.0,167.24890829694323,0.3762541806020067,0.4366812227074236,0.010033444816053512,fig3a_main,40,frequency_GHz,V,digitized_paper_calculation,p3_0.png
962,324.5,167.46724890829694,0.3787625418060201,0.4366812227074236,0.01254180602006689,fig3a_main,40,frequency_GHz,V,digitized_paper_calculation,p3_0.png
963,324.0,167.68558951965065,0.38127090301003347,0.4366812227074236,0.010033444816053512,fig3a_main,40,frequency_GHz,V,digitized_paper_calculation,p3_0.png
964,324.0,167.90393013100436,0.38127090301003347,0.4366812227074236,0.010033444816053512,fig3a_main,40,frequency_GHz,V,digitized_paper_calculation,p3_0.png
965,324.0,168.12227074235807,0.38127090301003347,0.4366812227074236,0.010033444816053512,fig3a_main,40,frequency_GHz,V,digitized_paper_calculation,p3_0.png
966,324.0,168.34061135371178,0.38127090301003347,0.4366812227074236,0.010033444816053512,fig3a_main,40,frequency_GHz,V,digitized_paper_calculation,p3_0.png
967,324.0,168.5589519650655,0.38127090301003347,0.4366812227074236,0.010033444816053512,fig3a_main,40,frequency_GHz,V,digitized_paper_calculation,p3_0.png
968,324.0,168.77729257641923,0.38127090301003347,0.4366812227074236,0.010033444816053512,fig3a_main,40,frequency_GHz,V,digitized_paper_calculation,p3_0.png
969,324.5,168.99563318777294,0.3787625418060201,0.4366812227074236,0.01254180602006689,fig3a_main,40,frequency_GHz,V,digitized_paper_calculation,p3_0.png
970,325.0,169.21397379912665,0.3762541806020067,0.4366812227074236,0.010033444816053512,fig3a_main,40,frequency_GHz,V,digitized_paper_calculation,p3_0.png
972,326.0,169.65065502183407,0.3712374581939799,0.4366812227074236,0.010033444816053512,fig3a_main,40,frequency_GHz,V,digitized_paper_calculation,p3_0.png
976,326.0,170.5240174672489,0.3712374581939799,0.4366812227074236,0.010033444816053512,fig3a_main,40,frequency_GHz,V,digitized_paper_calculation,p3_0.png
977,327.0,170.74235807860262,0.36622073578595316,0.4366812227074236,0.010033444816053512,fig3a_main,40,frequency_GHz,V,digitized_paper_calculation,p3_0.png
978,328.0,170.96069868995633,0.3612040133779264,0.4366812227074236,0.010033444816053512,fig3a_main,40,frequency_GHz,V,digitized_paper_calculation,p3_0.png
979,328.5,171.17903930131004,0.358695652173913,0.4366812227074236,0.01254180602006689,fig3a_main,40,frequency_GHz,V,digitized_paper_calculation,p3_0.png
980,329.5,171.39737991266375,0.3536789297658863,0.4366812227074236,0.01254180602006689,fig3a_main,40,frequency_GHz,V,digitized_paper_calculation,p3_0.png
981,330.0,171.61572052401746,0.3511705685618729,0.4366812227074236,0.010033444816053512,fig3a_main,40,frequency_GHz,V,digitized_paper_calculation,p3_0.png
982,330.5,171.83406113537117,0.3486622073578595,0.4366812227074236,0.01254180602006689,fig3a_main,40,frequency_GHz,V,digitized_paper_calculation,p3_0.png
983,331.5,172.05240174672488,0.34364548494983277,0.4366812227074236,0.01254180602006689,fig3a_main,40,frequency_GHz,V,digitized_paper_calculation,p3_0.png
984,331.5,172.2707423580786,0.34364548494983277,0.4366812227074236,0.01254180602006689,fig3a_main,40,frequency_GHz,V,digitized_paper_calculation,p3_0.png
985,332.0,172.4890829694323,0.3411371237458194,0.4366812227074236,0.010033444816053512,fig3a_main,40,frequency_GHz,V,digitized_paper_calculation,p3_0.png
986,332.5,172.707423580786,0.338628762541806,0.4366812227074236,0.01254180602006689,fig3a_main,40,frequency_GHz,V,digitized_paper_calculation,p3_0.png
987,332.5,172.92576419213975,0.338628762541806,0.4366812227074236,0.01254180602006689,fig3a_main,40,frequency_GHz,V,digitized_paper_calculation,p3_0.png
988,332.5,173.14410480349346,0.338628762541806,0.4366812227074236,0.01254180602006689,fig3a_main,40,frequency_GHz,V,digitized_paper_calculation,p3_0.png
989,332.5,173.36244541484717,0.338628762541806,0.4366812227074236,0.01254180602006689,fig3a_main,40,frequency_GHz,V,digitized_paper_calculation,p3_0.png
990,332.0,173.58078602620088,0.3411371237458194,0.4366812227074236,0.010033444816053512,fig3a_main,40,frequency_GHz,V,digitized_paper_calculation,p3_0.png
991,332.0,173.7991266375546,0.3411371237458194,0.4366812227074236,0.010033444816053512,fig3a_main,40,frequency_GHz,V,digitized_paper_calculation,p3_0.png
992,331.5,174.0174672489083,0.34364548494983277,0.4366812227074236,0.01254180602006689,fig3a_main,40,frequency_GHz,V,digitized_paper_calculation,p3_0.png
993,331.0,174.235807860262,0.34615384615384615,0.4366812227074236,0.010033444816053512,fig3a_main,40,frequency_GHz,V,digitized_paper_calculation,p3_0.png
994,330.5,174.45414847161572,0.3486622073578595,0.4366812227074236,0.01254180602006689,fig3a_main,40,frequency_GHz,V,digitized_paper_calculation,p3_0.png
995,330.0,174.67248908296943,0.3511705685618729,0.4366812227074236,0.010033444816053512,fig3a_main,40,frequency_GHz,V,digitized_paper_calculation,p3_0.png
996,329.0,174.89082969432314,0.35618729096989965,0.4366812227074236,0.010033444816053512,fig3a_main,40,frequency_GHz,V,digitized_paper_calculation,p3_0.png
997,328.0,175.10917030567686,0.3612040133779264,0.4366812227074236,0.010033444816053512,fig3a_main,40,frequency_GHz,V,digitized_paper_calculation,p3_0.png
1005,325.0,176.85589519650654,0.3762541806020067,0.4366812227074236,0.010033444816053512,fig3a_main,40,frequency_GHz,V,digitized_paper_calculation,p3_0.png
1006,324.5,177.07423580786025,0.3787625418060201,0.4366812227074236,0.01254180602006689,fig3a_main,40,frequency_GHz,V,digitized_paper_calculation,p3_0.png
1007,324.0,177.292576419214,0.38127090301003347,0.4366812227074236,0.010033444816053512,fig3a_main,40,frequency_GHz,V,digitized_paper_calculation,p3_0.png
1008,323.5,177.5109170305677,0.38377926421404684,0.4366812227074236,0.01254180602006689,fig3a_main,40,frequency_GHz,V,digitized_paper_calculation,p3_0.png
1009,323.5,177.7292576419214,0.38377926421404684,0.4366812227074236,0.01254180602006689,fig3a_main,40,frequency_GHz,V,digitized_paper_calculation,p3_0.png
1010,323.5,177.94759825327512,0.38377926421404684,0.4366812227074236,0.01254180602006689,fig3a_main,40,frequency_GHz,V,digitized_paper_calculation,p3_0.png
1011,323.0,178.16593886462883,0.3862876254180602,0.4366812227074236,0.010033444816053512,fig3a_main,40,frequency_GHz,V,digitized_paper_calculation,p3_0.png
1012,323.0,178.38427947598254,0.3862876254180602,0.4366812227074236,0.010033444816053512,fig3a_main,40,frequency_GHz,V,digitized_paper_calculation,p3_0.png
1013,323.0,178.60262008733625,0.3862876254180602,0.4366812227074236,0.010033444816053512,fig3a_main,40,frequency_GHz,V,digitized_paper_calculation,p3_0.png
1014,323.0,178.82096069868996,0.3862876254180602,0.4366812227074236,0.010033444816053512,fig3a_main,40,frequency_GHz,V,digitized_paper_calculation,p3_0.png
1015,323.0,179.03930131004367,0.3862876254180602,0.4366812227074236,0.010033444816053512,fig3a_main,40,frequency_GHz,V,digitized_paper_calculation,p3_0.png
1016,324.0,179.25764192139738,0.38127090301003347,0.4366812227074236,0.010033444816053512,fig3a_main,40,frequency_GHz,V,digitized_paper_calculation,p3_0.png
1017,324.0,179.4759825327511,0.38127090301003347,0.4366812227074236,0.010033444816053512,fig3a_main,40,frequency_GHz,V,digitized_paper_calculation,p3_0.png
1023,326.0,180.78602620087335,0.3712374581939799,0.4366812227074236,0.010033444816053512,fig3a_main,40,frequency_GHz,V,digitized_paper_calculation,p3_0.png
1024,326.0,181.00436681222706,0.3712374581939799,0.4366812227074236,0.010033444816053512,fig3a_main,40,frequency_GHz,V,digitized_paper_calculation,p3_0.png
1025,327.0,181.22270742358077,0.36622073578595316,0.4366812227074236,0.010033444816053512,fig3a_main,40,frequency_GHz,V,digitized_paper_calculation,p3_0.png
1026,328.0,181.4410480349345,0.3612040133779264,0.4366812227074236,0.010033444816053512,fig3a_main,40,frequency_GHz,V,digitized_paper_calculation,p3_0.png
1027,328.5,181.65938864628822,0.358695652173913,0.4366812227074236,0.01254180602006689,fig3a_main,40,frequency_GHz,V,digitized_paper_calculation,p3_0.png
1028,329.0,181.87772925764193,0.35618729096989965,0.4366812227074236,0.010033444816053512,fig3a_main,40,frequency_GHz,V,digitized_paper_calculation,p3_0.png
1029,329.5,182.09606986899564,0.3536789297658863,0.4366812227074236,0.01254180602006689,fig3a_main,40,frequency_GHz,V,digitized_paper_calculation,p3_0.png
1030,330.0,182.31441048034935,0.3511705685618729,0.4366812227074236,0.010033444816053512,fig3a_main,40,frequency_GHz,V,digitized_paper_calculation,p3_0.png
1031,330.5,182.53275109170306,0.3486622073578595,0.4366812227074236,0.01254180602006689,fig3a_main,40,frequency_GHz,V,digitized_paper_calculation,p3_0.png
1032,330.5,182.75109170305677,0.3486622073578595,0.4366812227074236,0.01254180602006689,fig3a_main,40,frequency_GHz,V,digitized_paper_calculation,p3_0.png
1033,330.5,182.96943231441048,0.3486622073578595,0.4366812227074236,0.01254180602006689,fig3a_main,40,frequency_GHz,V,digitized_paper_calculation,p3_0.png
1034,330.5,183.1877729257642,0.3486622073578595,0.4366812227074236,0.01254180602006689,fig3a_main,40,frequency_GHz,V,digitized_paper_calculation,p3_0.png
1035,330.5,183.4061135371179,0.3486622073578595,0.4366812227074236,0.01254180602006689,fig3a_main,40,frequency_GHz,V,digitized_paper_calculation,p3_0.png
1036,330.0,183.6244541484716,0.3511705685618729,0.4366812227074236,0.010033444816053512,fig3a_main,40,frequency_GHz,V,digitized_paper_calculation,p3_0.png
1037,330.0,183.84279475982532,0.3511705685618729,0.4366812227074236,0.010033444816053512,fig3a_main,40,frequency_GHz,V,digitized_paper_calculation,p3_0.png
1038,329.5,184.06113537117903,0.3536789297658863,0.4366812227074236,0.01254180602006689,fig3a_main,40,frequency_GHz,V,digitized_paper_calculation,p3_0.png
1039,329.0,184.27947598253274,0.35618729096989965,0.4366812227074236,0.010033444816053512,fig3a_main,40,frequency_GHz,V,digitized_paper_calculation,p3_0.png
1040,328.0,184.49781659388645,0.3612040133779264,0.4366812227074236,0.010033444816053512,fig3a_main,40,frequency_GHz,V,digitized_paper_calculation,p3_0.png
1041,328.0,184.71615720524017,0.3612040133779264,0.4366812227074236,0.010033444816053512,fig3a_main,40,frequency_GHz,V,digitized_paper_calculation,p3_0.png
1042,327.0,184.93449781659388,0.36622073578595316,0.4366812227074236,0.010033444816053512,fig3a_main,40,frequency_GHz,V,digitized_paper_calculation,p3_0.png
1043,326.0,185.1528384279476,0.3712374581939799,0.4366812227074236,0.010033444816053512,fig3a_main,40,frequency_GHz,V,digitized_paper_calculation,p3_0.png
1048,325.0,186.24454148471617,0.3762541806020067,0.4366812227074236,0.010033444816053512,fig3a_main,40,frequency_GHz,V,digitized_paper_calculation,p3_0.png
1049,324.0,186.46288209606988,0.38127090301003347,0.4366812227074236,0.010033444816053512,fig3a_main,40,frequency_GHz,V,digitized_paper_calculation,p3_0.png
1050,324.0,186.6812227074236,0.38127090301003347,0.4366812227074236,0.010033444816053512,fig3a_main,40,frequency_GHz,V,digitized_paper_calculation,p3_0.png
1051,323.0,186.8995633187773,0.3862876254180602,0.4366812227074236,0.010033444816053512,fig3a_main,40,frequency_GHz,V,digitized_paper_calculation,p3_0.png
1052,322.5,187.117903930131,0.3887959866220736,0.4366812227074236,0.01254180602006689,fig3a_main,40,frequency_GHz,V,digitized_paper_calculation,p3_0.png
1053,322.5,187.33624454148472,0.3887959866220736,0.4366812227074236,0.01254180602006689,fig3a_main,40,frequency_GHz,V,digitized_paper_calculation,p3_0.png
1054,322.0,187.55458515283843,0.391304347826087,0.4366812227074236,0.010033444816053512,fig3a_main,40,frequency_GHz,V,digitized_paper_calculation,p3_0.png
1055,321.5,187.77292576419214,0.39381270903010035,0.4366812227074236,0.01254180602006689,fig3a_main,40,frequency_GHz,V,digitized_paper_calculation,p3_0.png
1056,321.5,187.99126637554585,0.39381270903010035,0.4366812227074236,0.01254180602006689,fig3a_main,40,frequency_GHz,V,digitized_paper_calculation,p3_0.png
1057,321.5,188.20960698689956,0.39381270903010035,0.4366812227074236,0.01254180602006689,fig3a_main,40,frequency_GHz,V,digitized_paper_calculation,p3_0.png
1058,321.5,188.42794759825327,0.39381270903010035,0.4366812227074236,0.01254180602006689,fig3a_main,40,frequency_GHz,V,digitized_paper_calculation,p3_0.png
1059,321.5,188.64628820960698,0.39381270903010035,0.4366812227074236,0.01254180602006689,fig3a_main,40,frequency_GHz,V,digitized_paper_calculation,p3_0.png
1060,321.5,188.8646288209607,0.39381270903010035,0.4366812227074236,0.01254180602006689,fig3a_main,40,frequency_GHz,V,digitized_paper_calculation,p3_0.png
1061,322.0,189.0829694323144,0.391304347826087,0.4366812227074236,0.010033444816053512,fig3a_main,40,frequency_GHz,V,digitized_paper_calculation,p3_0.png
1062,322.5,189.3013100436681,0.3887959866220736,0.4366812227074236,0.01254180602006689,fig3a_main,40,frequency_GHz,V,digitized_paper_calculation,p3_0.png
1063,323.0,189.51965065502182,0.3862876254180602,0.4366812227074236,0.010033444816053512,fig3a_main,40,frequency_GHz,V,digitized_paper_calculation,p3_0.png
1064,323.0,189.73799126637556,0.3862876254180602,0.4366812227074236,0.010033444816053512,fig3a_main,40,frequency_GHz,V,digitized_paper_calculation,p3_0.png
1065,324.0,189.95633187772927,0.38127090301003347,0.4366812227074236,0.010033444816053512,fig3a_main,40,frequency_GHz,V,digitized_paper_calculation,p3_0.png
1072,326.0,191.48471615720524,0.3712374581939799,0.4366812227074236,0.010033444816053512,fig3a_main,40,frequency_GHz,V,digitized_paper_calculation,p3_0.png
1073,327.0,191.70305676855895,0.36622073578595316,0.4366812227074236,0.010033444816053512,fig3a_main,40,frequency_GHz,V,digitized_paper_calculation,p3_0.png
1074,327.0,191.92139737991266,0.36622073578595316,0.4366812227074236,0.010033444816053512,fig3a_main,40,frequency_GHz,V,digitized_paper_calculation,p3_0.png
1075,328.0,192.13973799126637,0.3612040133779264,0.4366812227074236,0.010033444816053512,fig3a_main,40,frequency_GHz,V,digitized_paper_calculation,p3_0.png
1076,328.0,192.35807860262008,0.3612040133779264,0.4366812227074236,0.010033444816053512,fig3a_main,40,frequency_GHz,V,digitized_paper_calculation,p3_0.png
1077,328.0,192.5764192139738,0.3612040133779264,0.4366812227074236,0.010033444816053512,fig3a_main,40,frequency_GHz,V,digitized_paper_calculation,p3_0.png
1078,329.0,192.7947598253275,0.35618729096989965,0.4366812227074236,0.010033444816053512,fig3a_main,40,frequency_GHz,V,digitized_paper_calculation,p3_0.png
1079,329.0,193.0131004366812,0.35618729096989965,0.4366812227074236,0.010033444816053512,fig3a_main,40,frequency_GHz,V,digitized_paper_calculation,p3_0.png
1080,328.5,193.23144104803492,0.358695652173913,0.4366812227074236,0.01254180602006689,fig3a_main,40,frequency_GHz,V,digitized_paper_calculation,p3_0.png
1081,328.0,193.44978165938863,0.3612040133779264,0.4366812227074236,0.010033444816053512,fig3a_main,40,frequency_GHz,V,digitized_paper_calculation,p3_0.png
1082,328.0,193.66812227074234,0.3612040133779264,0.4366812227074236,0.010033444816053512,fig3a_main,40,frequency_GHz,V,digitized_paper_calculation,p3_0.png
1083,328.0,193.88646288209608,0.3612040133779264,0.4366812227074236,0.010033444816053512,fig3a_main,40,frequency_GHz,V,digitized_paper_calculation,p3_0.png
1084,327.0,194.1048034934498,0.36622073578595316,0.4366812227074236,0.010033444816053512,fig3a_main,40,frequency_GHz,V,digitized_paper_calculation,p3_0.png
1085,327.0,194.3231441048035,0.36622073578595316,0.4366812227074236,0.010033444816053512,fig3a_main,40,frequency_GHz,V,digitized_paper_calculation,p3_0.png
1086,326.0,194.5414847161572,0.3712374581939799,0.4366812227074236,0.010033444816053512,fig3a_main,40,frequency_GHz,V,digitized_paper_calculation,p3_0.png
1087,326.0,194.75982532751092,0.3712374581939799,0.4366812227074236,0.010033444816053512,fig3a_main,40,frequency_GHz,V,digitized_paper_calculation,p3_0.png
1096,323.0,196.72489082969432,0.3862876254180602,0.4366812227074236,0.010033444816053512,fig3a_main,40,frequency_GHz,V,digitized_paper_calculation,p3_0.png
1098,322.0,197.16157205240174,0.391304347826087,0.4366812227074236,0.010033444816053512,fig3a_main,40,frequency_GHz,V,digitized_paper_calculation,p3_0.png
1099,322.0,197.37991266375545,0.391304347826087,0.4366812227074236,0.010033444816053512,fig3a_main,40,frequency_GHz,V,digitized_paper_calculation,p3_0.png
1100,322.0,197.59825327510916,0.391304347826087,0.4366812227074236,0.010033444816053512,fig3a_main,40,frequency_GHz,V,digitized_paper_calculation,p3_0.png
1101,322.0,197.81659388646287,0.391304347826087,0.4366812227074236,0.010033444816053512,fig3a_main,40,frequency_GHz,V,digitized_paper_calculation,p3_0.png
1102,322.0,198.0349344978166,0.391304347826087,0.4366812227074236,0.010033444816053512,fig3a_main,40,frequency_GHz,V,digitized_paper_calculation,p3_0.png
1103,322.0,198.25327510917032,0.391304347826087,0.4366812227074236,0.010033444816053512,fig3a_main,40,frequency_GHz,V,digitized_paper_calculation,p3_0.png
1104,322.0,198.47161572052403,0.391304347826087,0.4366812227074236,0.010033444816053512,fig3a_main,40,frequency_GHz,V,digitized_paper_calculation,p3_0.png
1105,322.0,198.68995633187774,0.391304347826087,0.4366812227074236,0.010033444816053512,fig3a_main,40,frequency_GHz,V,digitized_paper_calculation,p3_0.png
1107,323.0,199.12663755458516,0.3862876254180602,0.4366812227074236,0.010033444816053512,fig3a_main,40,frequency_GHz,V,digitized_paper_calculation,p3_0.png
1108,323.0,199.34497816593887,0.3862876254180602,0.4366812227074236,0.010033444816053512,fig3a_main,40,frequency_GHz,V,digitized_paper_calculation,p3_0.png
432,310.0,51.7467248908297,0.451505016722408,0.4366812227074236,0.010033444816053512,fig3a_main,50,frequency_GHz,V,digitized_paper_calculation,p3_0.png
433,310.0,51.96506550218341,0.451505016722408,0.4366812227074236,0.010033444816053512,fig3a_main,50,frequency_GHz,V,digitized_paper_calculation,p3_0.png
434,310.0,52.18340611353712,0.451505016722408,0.4366812227074236,0.010033444816053512,fig3a_main,50,frequency_GHz,V,digitized_paper_calculation,p3_0.png
435,310.0,52.40174672489083,0.451505016722408,0.4366812227074236,0.010033444816053512,fig3a_main,50,frequency_GHz,V,digitized_paper_calculation,p3_0.png
436,310.0,52.620087336244545,0.451505016722408,0.4366812227074236,0.010033444816053512,fig3a_main,50,frequency_GHz,V,digitized_paper_calculation,p3_0.png
437,310.0,52.838427947598255,0.451505016722408,0.4366812227074236,0.010033444816053512,fig3a_main,50,frequency_GHz,V,digitized_paper_calculation,p3_0.png
439,311.0,53.275109170305676,0.44648829431438125,0.4366812227074236,0.010033444816053512,fig3a_main,50,frequency_GHz,V,digitized_paper_calculation,p3_0.png
471,311.0,60.262008733624455,0.44648829431438125,0.4366812227074236,0.010033444816053512,fig3a_main,50,frequency_GHz,V,digitized_paper_calculation,p3_0.png
472,311.0,60.480349344978166,0.44648829431438125,0.4366812227074236,0.010033444816053512,fig3a_main,50,frequency_GHz,V,digitized_paper_calculation,p3_0.png
473,311.0,60.698689956331876,0.44648829431438125,0.4366812227074236,0.010033444816053512,fig3a_main,50,frequency_GHz,V,digitized_paper_calculation,p3_0.png
474,311.0,60.917030567685586,0.44648829431438125,0.4366812227074236,0.010033444816053512,fig3a_main,50,frequency_GHz,V,digitized_paper_calculation,p3_0.png
475,311.0,61.1353711790393,0.44648829431438125,0.4366812227074236,0.010033444816053512,fig3a_main,50,frequency_GHz,V,digitized_paper_calculation,p3_0.png
482,311.0,62.66375545851528,0.44648829431438125,0.4366812227074236,0.010033444816053512,fig3a_main,50,frequency_GHz,V,digitized_paper_calculation,p3_0.png
483,311.0,62.88209606986899,0.44648829431438125,0.4366812227074236,0.010033444816053512,fig3a_main,50,frequency_GHz,V,digitized_paper_calculation,p3_0.png
484,311.0,63.10043668122271,0.44648829431438125,0.4366812227074236,0.010033444816053512,fig3a_main,50,frequency_GHz,V,digitized_paper_calculation,p3_0.png
485,311.0,63.31877729257642,0.44648829431438125,0.4366812227074236,0.010033444816053512,fig3a_main,50,frequency_GHz,V,digitized_paper_calculation,p3_0.png
492,312.0,64.8471615720524,0.4414715719063545,0.4366812227074236,0.010033444816053512,fig3a_main,50,frequency_GHz,V,digitized_paper_calculation,p3_0.png
509,313.0,68.5589519650655,0.43645484949832775,0.4366812227074236,0.010033444816053512,fig3a_main,50,frequency_GHz,V,digitized_paper_calculation,p3_0.png
510,313.0,68.77729257641921,0.43645484949832775,0.4366812227074236,0.010033444816053512,fig3a_main,50,frequency_GHz,V,digitized_paper_calculation,p3_0.png
519,313.0,70.74235807860262,0.43645484949832775,0.4366812227074236,0.010033444816053512,fig3a_main,50,frequency_GHz,V,digitized_paper_calculation,p3_0.png
520,313.0,70.96069868995633,0.43645484949832775,0.4366812227074236,0.010033444816053512,fig3a_main,50,frequency_GHz,V,digitized_paper_calculation,p3_0.png
521,313.0,71.17903930131004,0.43645484949832775,0.4366812227074236,0.010033444816053512,fig3a_main,50,frequency_GHz,V,digitized_paper_calculation,p3_0.png
522,313.0,71.39737991266375,0.43645484949832775,0.4366812227074236,0.010033444816053512,fig3a_main,50,frequency_GHz,V,digitized_paper_calculation,p3_0.png
523,313.0,71.61572052401746,0.43645484949832775,0.4366812227074236,0.010033444816053512,fig3a_main,50,frequency_GHz,V,digitized_paper_calculation,p3_0.png
524,313.0,71.83406113537117,0.43645484949832775,0.4366812227074236,0.010033444816053512,fig3a_main,50,frequency_GHz,V,digitized_paper_calculation,p3_0.png
525,313.0,72.0524017467249,0.43645484949832775,0.4366812227074236,0.010033444816053512,fig3a_main,50,frequency_GHz,V,digitized_paper_calculation,p3_0.png
526,313.0,72.2707423580786,0.43645484949832775,0.4366812227074236,0.010033444816053512,fig3a_main,50,frequency_GHz,V,digitized_paper_calculation,p3_0.png
527,313.0,72.48908296943232,0.43645484949832775,0.4366812227074236,0.010033444816053512,fig3a_main,50,frequency_GHz,V,digitized_paper_calculation,p3_0.png
528,313.0,72.70742358078603,0.43645484949832775,0.4366812227074236,0.010033444816053512,fig3a_main,50,frequency_GHz,V,digitized_paper_calculation,p3_0.png
529,313.0,72.92576419213974,0.43645484949832775,0.4366812227074236,0.010033444816053512,fig3a_main,50,frequency_GHz,V,digitized_paper_calculation,p3_0.png
539,313.0,75.10917030567686,0.43645484949832775,0.4366812227074236,0.010033444816053512,fig3a_main,50,frequency_GHz,V,digitized_paper_calculation,p3_0.png
540,313.0,75.32751091703057,0.43645484949832775,0.4366812227074236,0.010033444816053512,fig3a_main,50,frequency_GHz,V,digitized_paper_calculation,p3_0.png
541,313.0,75.54585152838428,0.43645484949832775,0.4366812227074236,0.010033444816053512,fig3a_main,50,frequency_GHz,V,digitized_paper_calculation,p3_0.png
608,316.0,90.17467248908297,0.4214046822742475,0.4366812227074236,0.010033444816053512,fig3a_main,50,frequency_GHz,V,digitized_paper_calculation,p3_0.png
611,317.0,90.82969432314411,0.41638795986622074,0.4366812227074236,0.010033444816053512,fig3a_main,50,frequency_GHz,V,digitized_paper_calculation,p3_0.png
612,317.0,91.04803493449782,0.41638795986622074,0.4366812227074236,0.010033444816053512,fig3a_main,50,frequency_GHz,V,digitized_paper_calculation,p3_0.png
631,316.0,95.19650655021834,0.4214046822742475,0.4366812227074236,0.010033444816053512,fig3a_main,50,frequency_GHz,V,digitized_paper_calculation,p3_0.png
653,394.5,100.0,0.027591973244147156,0.4366812227074236,0.0225752508361204,fig3a_main,50,frequency_GHz,V,digitized_paper_calculation,p3_0.png
655,319.0,100.43668122270742,0.40635451505016723,0.4366812227074236,0.010033444816053512,fig3a_main,50,frequency_GHz,V,digitized_paper_calculation,p3_0.png
685,317.0,106.98689956331877,0.41638795986622074,0.4366812227074236,0.010033444816053512,fig3a_main,50,frequency_GHz,V,digitized_paper_calculation,p3_0.png
686,317.0,107.20524017467248,0.41638795986622074,0.4366812227074236,0.010033444816053512,fig3a_main,50,frequency_GHz,V,digitized_paper_calculation,p3_0.png
687,317.0,107.4235807860262,0.41638795986622074,0.4366812227074236,0.010033444816053512,fig3a_main,50,frequency_GHz,V,digitized_paper_calculation,p3_0.png
688,317.0,107.64192139737992,0.41638795986622074,0.4366812227074236,0.010033444816053512,fig3a_main,50,frequency_GHz,V,digitized_paper_calculation,p3_0.png
689,317.0,107.86026200873363,0.41638795986622074,0.4366812227074236,0.010033444816053512,fig3a_main,50,frequency_GHz,V,digitized_paper_calculation,p3_0.png
698,320.0,109.82532751091703,0.4013377926421405,0.4366812227074236,0.010033444816053512,fig3a_main,50,frequency_GHz,V,digitized_paper_calculation,p3_0.png
733,319.0,117.46724890829694,0.40635451505016723,0.4366812227074236,0.010033444816053512,fig3a_main,50,frequency_GHz,V,digitized_paper_calculation,p3_0.png
734,319.0,117.68558951965065,0.40635451505016723,0.4366812227074236,0.010033444816053512,fig3a_main,50,frequency_GHz,V,digitized_paper_calculation,p3_0.png
744,322.0,119.86899563318778,0.391304347826087,0.4366812227074236,0.010033444816053512,fig3a_main,50,frequency_GHz,V,digitized_paper_calculation,p3_0.png
789,323.0,129.6943231441048,0.3862876254180602,0.4366812227074236,0.010033444816053512,fig3a_main,50,frequency_GHz,V,digitized_paper_calculation,p3_0.png
834,324.0,139.51965065502182,0.38127090301003347,0.4366812227074236,0.010033444816053512,fig3a_main,50,frequency_GHz,V,digitized_paper_calculation,p3_0.png
849,335.0,142.7947598253275,0.32608695652173914,0.4366812227074236,0.010033444816053512,fig3a_main,50,frequency_GHz,V,digitized_paper_calculation,p3_0.png
850,335.0,143.0131004366812,0.32608695652173914,0.4366812227074236,0.010033444816053512,fig3a_main,50,frequency_GHz,V,digitized_paper_calculation,p3_0.png
851,335.0,143.23144104803492,0.32608695652173914,0.4366812227074236,0.010033444816053512,fig3a_main,50,frequency_GHz,V,digitized_paper_calculation,p3_0.png
852,335.0,143.44978165938863,0.32608695652173914,0.4366812227074236,0.010033444816053512,fig3a_main,50,frequency_GHz,V,digitized_paper_calculation,p3_0.png
853,335.0,143.66812227074234,0.32608695652173914,0.4366812227074236,0.010033444816053512,fig3a_main,50,frequency_GHz,V,digitized_paper_calculation,p3_0.png
862,331.0,145.63318777292577,0.34615384615384615,0.4366812227074236,0.010033444816053512,fig3a_main,50,frequency_GHz,V,digitized_paper_calculation,p3_0.png
865,326.0,146.2882096069869,0.3712374581939799,0.4366812227074236,0.010033444816053512,fig3a_main,50,frequency_GHz,V,digitized_paper_calculation,p3_0.png
881,325.0,149.7816593886463,0.3762541806020067,0.4366812227074236,0.010033444816053512,fig3a_main,50,frequency_GHz,V,digitized_paper_calculation,p3_0.png
907,332.0,155.4585152838428,0.3411371237458194,0.4366812227074236,0.010033444816053512,fig3a_main,50,frequency_GHz,V,digitized_paper_calculation,p3_0.png
966,323.0,168.34061135371178,0.3862876254180602,0.4366812227074236,0.010033444816053512,fig3a_main,50,frequency_GHz,V,digitized_paper_calculation,p3_0.png
974,325.0,170.0873362445415,0.3762541806020067,0.4366812227074236,0.010033444816053512,fig3a_main,50,frequency_GHz,V,digitized_paper_calculation,p3_0.png
999,327.0,175.54585152838428,0.36622073578595316,0.4366812227074236,0.010033444816053512,fig3a_main,50,frequency_GHz,V,digitized_paper_calculation,p3_0.png
1012,322.0,178.38427947598254,0.391304347826087,0.4366812227074236,0.010033444816053512,fig3a_main,50,frequency_GHz,V,digitized_paper_calculation,p3_0.png
1013,322.0,178.60262008733625,0.391304347826087,0.4366812227074236,0.010033444816053512,fig3a_main,50,frequency_GHz,V,digitized_paper_calculation,p3_0.png
1054,321.0,187.55458515283843,0.3963210702341137,0.4366812227074236,0.010033444816053512,fig3a_main,50,frequency_GHz,V,digitized_paper_calculation,p3_0.png
1090,324.0,195.41484716157206,0.38127090301003347,0.4366812227074236,0.010033444816053512,fig3a_main,50,frequency_GHz,V,digitized_paper_calculation,p3_0.png
1106,323.0,198.90829694323145,0.3862876254180602,0.4366812227074236,0.010033444816053512,fig3a_main,50,frequency_GHz,V,digitized_paper_calculation,p3_0.png
478,310.0,61.790393013100434,0.451505016722408,0.4366812227074236,0.010033444816053512,fig3a_main,80,frequency_GHz,V,digitized_paper_calculation,p3_0.png
479,310.0,62.00873362445415,0.451505016722408,0.4366812227074236,0.010033444816053512,fig3a_main,80,frequency_GHz,V,digitized_paper_calculation,p3_0.png
864,330.0,146.0698689956332,0.3511705685618729,0.4366812227074236,0.010033444816053512,fig3a_main,80,frequency_GHz,V,digitized_paper_calculation,p3_0.png
909,331.0,155.8951965065502,0.34615384615384615,0.4366812227074236,0.010033444816053512,fig3a_main,80,frequency_GHz,V,digitized_paper_calculation,p3_0.png
953,332.0,165.50218340611355,0.3411371237458194,0.4366812227074236,0.010033444816053512,fig3a_main,80,frequency_GHz,V,digitized_paper_calculation,p3_0.png
432,307.0,51.7467248908297,0.4665551839464883,0.4366812227074236,0.015050167224080268,fig3a_main,open,frequency_GHz,V,digitized_paper_calculation,p3_0.png
433,307.5,51.96506550218341,0.46404682274247494,0.4366812227074236,0.01254180602006689,fig3a_main,open,frequency_GHz,V,digitized_paper_calculation,p3_0.png
434,307.5,52.18340611353712,0.46404682274247494,0.4366812227074236,0.01254180602006689,fig3a_main,open,frequency_GHz,V,digitized_paper_calculation,p3_0.png
435,308.0,52.40174672489083,0.46153846153846156,0.4366812227074236,0.015050167224080268,fig3a_main,open,frequency_GHz,V,digitized_paper_calculation,p3_0.png
436,308.5,52.620087336244545,0.4590301003344482,0.4366812227074236,0.01254180602006689,fig3a_main,open,frequency_GHz,V,digitized_paper_calculation,p3_0.png
437,308.5,52.838427947598255,0.4590301003344482,0.4366812227074236,0.01254180602006689,fig3a_main,open,frequency_GHz,V,digitized_paper_calculation,p3_0.png
438,309.5,53.056768558951966,0.4540133779264214,0.4366812227074236,0.01254180602006689,fig3a_main,open,frequency_GHz,V,digitized_paper_calculation,p3_0.png
439,309.5,53.275109170305676,0.4540133779264214,0.4366812227074236,0.01254180602006689,fig3a_main,open,frequency_GHz,V,digitized_paper_calculation,p3_0.png
440,310.5,53.493449781659386,0.4489966555183946,0.4366812227074236,0.01254180602006689,fig3a_main,open,frequency_GHz,V,digitized_paper_calculation,p3_0.png
441,311.5,53.7117903930131,0.4439799331103679,0.4366812227074236,0.01254180602006689,fig3a_main,open,frequency_GHz,V,digitized_paper_calculation,p3_0.png
442,311.5,53.930131004366814,0.4439799331103679,0.4366812227074236,0.01254180602006689,fig3a_main,open,frequency_GHz,V,digitized_paper_calculation,p3_0.png
443,312.5,54.148471615720524,0.4389632107023411,0.4366812227074236,0.01254180602006689,fig3a_main,open,frequency_GHz,V,digitized_paper_calculation,p3_0.png
444,313.0,54.366812227074234,0.43645484949832775,0.4366812227074236,0.010033444816053512,fig3a_main,open,frequency_GHz,V,digitized_paper_calculation,p3_0.png
449,317.0,55.45851528384279,0.41638795986622074,0.4366812227074236,0.010033444816053512,fig3a_main,open,frequency_GHz,V,digitized_paper_calculation,p3_0.png
450,317.0,55.6768558951965,0.41638795986622074,0.4366812227074236,0.010033444816053512,fig3a_main,open,frequency_GHz,V,digitized_paper_calculation,p3_0.png
451,317.0,55.89519650655022,0.41638795986622074,0.4366812227074236,0.010033444816053512,fig3a_main,open,frequency_GHz,V,digitized_paper_calculation,p3_0.png
452,317.5,56.11353711790393,0.41387959866220736,0.4366812227074236,0.01254180602006689,fig3a_main,open,frequency_GHz,V,digitized_paper_calculation,p3_0.png
453,317.5,56.33187772925764,0.41387959866220736,0.4366812227074236,0.01254180602006689,fig3a_main,open,frequency_GHz,V,digitized_paper_calculation,p3_0.png
454,317.5,56.55021834061135,0.41387959866220736,0.4366812227074236,0.01254180602006689,fig3a_main,open,frequency_GHz,V,digitized_paper_calculation,p3_0.png
455,317.5,56.76855895196506,0.41387959866220736,0.4366812227074236,0.01254180602006689,fig3a_main,open,frequency_GHz,V,digitized_paper_calculation,p3_0.png
456,317.5,56.98689956331878,0.41387959866220736,0.4366812227074236,0.01254180602006689,fig3a_main,open,frequency_GHz,V,digitized_paper_calculation,p3_0.png
457,317.0,57.20524017467249,0.41638795986622074,0.4366812227074236,0.010033444816053512,fig3a_main,open,frequency_GHz,V,digitized_paper_calculation,p3_0.png
458,317.0,57.4235807860262,0.41638795986622074,0.4366812227074236,0.010033444816053512,fig3a_main,open,frequency_GHz,V,digitized_paper_calculation,p3_0.png
459,317.0,57.64192139737991,0.41638795986622074,0.4366812227074236,0.010033444816053512,fig3a_main,open,frequency_GHz,V,digitized_paper_calculation,p3_0.png
465,313.0,58.951965065502186,0.43645484949832775,0.4366812227074236,0.010033444816053512,fig3a_main,open,frequency_GHz,V,digitized_paper_calculation,p3_0.png
466,312.5,59.1703056768559,0.4389632107023411,0.4366812227074236,0.01254180602006689,fig3a_main,open,frequency_GHz,V,digitized_paper_calculation,p3_0.png
467,312.0,59.38864628820961,0.4414715719063545,0.4366812227074236,0.010033444816053512,fig3a_main,open,frequency_GHz,V,digitized_paper_calculation,p3_0.png
468,311.5,59.60698689956332,0.4439799331103679,0.4366812227074236,0.01254180602006689,fig3a_main,open,frequency_GHz,V,digitized_paper_calculation,p3_0.png
469,310.5,59.82532751091703,0.4489966555183946,0.4366812227074236,0.01254180602006689,fig3a_main,open,frequency_GHz,V,digitized_paper_calculation,p3_0.png
470,310.5,60.043668122270745,0.4489966555183946,0.4366812227074236,0.01254180602006689,fig3a_main,open,frequency_GHz,V,digitized_paper_calculation,p3_0.png
471,310.0,60.262008733624455,0.451505016722408,0.4366812227074236,0.010033444816053512,fig3a_main,open,frequency_GHz,V,digitized_paper_calculation,p3_0.png
472,309.5,60.480349344978166,0.4540133779264214,0.4366812227074236,0.01254180602006689,fig3a_main,open,frequency_GHz,V,digitized_paper_calculation,p3_0.png
473,309.5,60.698689956331876,0.4540133779264214,0.4366812227074236,0.01254180602006689,fig3a_main,open,frequency_GHz,V,digitized_paper_calculation,p3_0.png
474,309.0,60.917030567685586,0.45652173913043476,0.4366812227074236,0.015050167224080268,fig3a_main,open,frequency_GHz,V,digitized_paper_calculation,p3_0.png
475,308.5,61.1353711790393,0.4590301003344482,0.4366812227074236,0.01254180602006689,fig3a_main,open,frequency_GHz,V,digitized_paper_calculation,p3_0.png
476,308.5,61.353711790393014,0.4590301003344482,0.4366812227074236,0.01254180602006689,fig3a_main,open,frequency_GHz,V,digitized_paper_calculation,p3_0.png
477,308.5,61.572052401746724,0.4590301003344482,0.4366812227074236,0.01254180602006689,fig3a_main,open,frequency_GHz,V,digitized_paper_calculation,p3_0.png
478,308.5,61.790393013100434,0.4590301003344482,0.4366812227074236,0.01254180602006689,fig3a_main,open,frequency_GHz,V,digitized_paper_calculation,p3_0.png
479,308.5,62.00873362445415,0.4590301003344482,0.4366812227074236,0.01254180602006689,fig3a_main,open,frequency_GHz,V,digitized_paper_calculation,p3_0.png
480,308.5,62.22707423580786,0.4590301003344482,0.4366812227074236,0.01254180602006689,fig3a_main,open,frequency_GHz,V,digitized_paper_calculation,p3_0.png
481,308.5,62.44541484716157,0.4590301003344482,0.4366812227074236,0.01254180602006689,fig3a_main,open,frequency_GHz,V,digitized_paper_calculation,p3_0.png
482,309.0,62.66375545851528,0.45652173913043476,0.4366812227074236,0.015050167224080268,fig3a_main,open,frequency_GHz,V,digitized_paper_calculation,p3_0.png
483,309.5,62.88209606986899,0.4540133779264214,0.4366812227074236,0.01254180602006689,fig3a_main,open,frequency_GHz,V,digitized_paper_calculation,p3_0.png
484,309.5,63.10043668122271,0.4540133779264214,0.4366812227074236,0.01254180602006689,fig3a_main,open,frequency_GHz,V,digitized_paper_calculation,p3_0.png
485,309.5,63.31877729257642,0.4540133779264214,0.4366812227074236,0.01254180602006689,fig3a_main,open,frequency_GHz,V,digitized_paper_calculation,p3_0.png
486,310.5,63.53711790393013,0.4489966555183946,0.4366812227074236,0.01254180602006689,fig3a_main,open,frequency_GHz,V,digitized_paper_calculation,p3_0.png
487,310.5,63.75545851528384,0.4489966555183946,0.4366812227074236,0.01254180602006689,fig3a_main,open,frequency_GHz,V,digitized_paper_calculation,p3_0.png
488,311.0,63.97379912663755,0.44648829431438125,0.4366812227074236,0.010033444816053512,fig3a_main,open,frequency_GHz,V,digitized_paper_calculation,p3_0.png
489,311.5,64.19213973799127,0.4439799331103679,0.4366812227074236,0.01254180602006689,fig3a_main,open,frequency_GHz,V,digitized_paper_calculation,p3_0.png
490,311.5,64.41048034934498,0.4439799331103679,0.4366812227074236,0.01254180602006689,fig3a_main,open,frequency_GHz,V,digitized_paper_calculation,p3_0.png
491,312.5,64.62882096069869,0.4389632107023411,0.4366812227074236,0.01254180602006689,fig3a_main,open,frequency_GHz,V,digitized_paper_calculation,p3_0.png
492,313.0,64.8471615720524,0.43645484949832775,0.4366812227074236,0.010033444816053512,fig3a_main,open,frequency_GHz,V,digitized_paper_calculation,p3_0.png
493,313.0,65.06550218340611,0.43645484949832775,0.4366812227074236,0.010033444816053512,fig3a_main,open,frequency_GHz,V,digitized_paper_calculation,p3_0.png
494,313.0,65.28384279475982,0.43645484949832775,0.4366812227074236,0.010033444816053512,fig3a_main,open,frequency_GHz,V,digitized_paper_calculation,p3_0.png
506,314.0,67.90393013100437,0.431438127090301,0.4366812227074236,0.010033444816053512,fig3a_main,open,frequency_GHz,V,digitized_paper_calculation,p3_0.png
507,314.0,68.12227074235808,0.431438127090301,0.4366812227074236,0.010033444816053512,fig3a_main,open,frequency_GHz,V,digitized_paper_calculation,p3_0.png
508,314.0,68.3406113537118,0.431438127090301,0.4366812227074236,0.010033444816053512,fig3a_main,open,frequency_GHz,V,digitized_paper_calculation,p3_0.png
509,314.0,68.5589519650655,0.431438127090301,0.4366812227074236,0.010033444816053512,fig3a_main,open,frequency_GHz,V,digitized_paper_calculation,p3_0.png
510,314.0,68.77729257641921,0.431438127090301,0.4366812227074236,0.010033444816053512,fig3a_main,open,frequency_GHz,V,digitized_paper_calculation,p3_0.png
511,313.5,68.99563318777292,0.43394648829431437,0.4366812227074236,0.01254180602006689,fig3a_main,open,frequency_GHz,V,digitized_paper_calculation,p3_0.png
512,313.5,69.21397379912663,0.43394648829431437,0.4366812227074236,0.01254180602006689,fig3a_main,open,frequency_GHz,V,digitized_paper_calculation,p3_0.png
513,313.0,69.43231441048034,0.43645484949832775,0.4366812227074236,0.010033444816053512,fig3a_main,open,frequency_GHz,V,digitized_paper_calculation,p3_0.png
514,312.5,69.65065502183405,0.4389632107023411,0.4366812227074236,0.01254180602006689,fig3a_main,open,frequency_GHz,V,digitized_paper_calculation,p3_0.png
515,312.5,69.86899563318778,0.4389632107023411,0.4366812227074236,0.01254180602006689,fig3a_main,open,frequency_GHz,V,digitized_paper_calculation,p3_0.png
516,312.5,70.08733624454149,0.4389632107023411,0.4366812227074236,0.01254180602006689,fig3a_main,open,frequency_GHz,V,digitized_paper_calculation,p3_0.png
517,312.5,70.3056768558952,0.4389632107023411,0.4366812227074236,0.01254180602006689,fig3a_main,open,frequency_GHz,V,digitized_paper_calculation,p3_0.png
518,312.0,70.52401746724891,0.4414715719063545,0.4366812227074236,0.010033444816053512,fig3a_main,open,frequency_GHz,V,digitized_paper_calculation,p3_0.png
519,312.0,70.74235807860262,0.4414715719063545,0.4366812227074236,0.010033444816053512,fig3a_main,open,frequency_GHz,V,digitized_paper_calculation,p3_0.png
520,312.0,70.96069868995633,0.4414715719063545,0.4366812227074236,0.010033444816053512,fig3a_main,open,frequency_GHz,V,digitized_paper_calculation,p3_0.png
521,311.5,71.17903930131004,0.4439799331103679,0.4366812227074236,0.01254180602006689,fig3a_main,open,frequency_GHz,V,digitized_paper_calculation,p3_0.png
522,311.5,71.39737991266375,0.4439799331103679,0.4366812227074236,0.01254180602006689,fig3a_main,open,frequency_GHz,V,digitized_paper_calculation,p3_0.png
523,311.5,71.61572052401746,0.4439799331103679,0.4366812227074236,0.01254180602006689,fig3a_main,open,frequency_GHz,V,digitized_paper_calculation,p3_0.png
524,311.5,71.83406113537117,0.4439799331103679,0.4366812227074236,0.01254180602006689,fig3a_main,open,frequency_GHz,V,digitized_paper_calculation,p3_0.png
525,311.5,72.0524017467249,0.4439799331103679,0.4366812227074236,0.01254180602006689,fig3a_main,open,frequency_GHz,V,digitized_paper_calculation,p3_0.png
526,312.0,72.2707423580786,0.4414715719063545,0.4366812227074236,0.010033444816053512,fig3a_main,open,frequency_GHz,V,digitized_paper_calculation,p3_0.png
527,312.0,72.48908296943232,0.4414715719063545,0.4366812227074236,0.010033444816053512,fig3a_main,open,frequency_GHz,V,digitized_paper_calculation,p3_0.png
528,312.0,72.70742358078603,0.4414715719063545,0.4366812227074236,0.010033444816053512,fig3a_main,open,frequency_GHz,V,digitized_paper_calculation,p3_0.png
529,312.0,72.92576419213974,0.4414715719063545,0.4366812227074236,0.010033444816053512,fig3a_main,open,frequency_GHz,V,digitized_paper_calculation,p3_0.png
530,312.5,73.14410480349345,0.4389632107023411,0.4366812227074236,0.01254180602006689,fig3a_main,open,frequency_GHz,V,digitized_paper_calculation,p3_0.png
531,312.5,73.36244541484716,0.4389632107023411,0.4366812227074236,0.01254180602006689,fig3a_main,open,frequency_GHz,V,digitized_paper_calculation,p3_0.png
532,312.5,73.58078602620087,0.4389632107023411,0.4366812227074236,0.01254180602006689,fig3a_main,open,frequency_GHz,V,digitized_paper_calculation,p3_0.png
533,312.5,73.79912663755458,0.4389632107023411,0.4366812227074236,0.01254180602006689,fig3a_main,open,frequency_GHz,V,digitized_paper_calculation,p3_0.png
534,312.5,74.0174672489083,0.4389632107023411,0.4366812227074236,0.01254180602006689,fig3a_main,open,frequency_GHz,V,digitized_paper_calculation,p3_0.png
535,313.0,74.23580786026201,0.43645484949832775,0.4366812227074236,0.010033444816053512,fig3a_main,open,frequency_GHz,V,digitized_paper_calculation,p3_0.png
536,313.0,74.45414847161572,0.43645484949832775,0.4366812227074236,0.010033444816053512,fig3a_main,open,frequency_GHz,V,digitized_paper_calculation,p3_0.png
537,313.5,74.67248908296943,0.43394648829431437,0.4366812227074236,0.01254180602006689,fig3a_main,open,frequency_GHz,V,digitized_paper_calculation,p3_0.png
538,313.5,74.89082969432314,0.43394648829431437,0.4366812227074236,0.01254180602006689,fig3a_main,open,frequency_GHz,V,digitized_paper_calculation,p3_0.png
539,314.0,75.10917030567686,0.431438127090301,0.4366812227074236,0.010033444816053512,fig3a_main,open,frequency_GHz,V,digitized_paper_calculation,p3_0.png
540,314.0,75.32751091703057,0.431438127090301,0.4366812227074236,0.010033444816053512,fig3a_main,open,frequency_GHz,V,digitized_paper_calculation,p3_0.png
541,314.0,75.54585152838428,0.431438127090301,0.4366812227074236,0.010033444816053512,fig3a_main,open,frequency_GHz,V,digitized_paper_calculation,p3_0.png
542,314.0,75.76419213973799,0.431438127090301,0.4366812227074236,0.010033444816053512,fig3a_main,open,frequency_GHz,V,digitized_paper_calculation,p3_0.png
543,314.0,75.9825327510917,0.431438127090301,0.4366812227074236,0.010033444816053512,fig3a_main,open,frequency_GHz,V,digitized_paper_calculation,p3_0.png
544,314.0,76.20087336244542,0.431438127090301,0.4366812227074236,0.010033444816053512,fig3a_main,open,frequency_GHz,V,digitized_paper_calculation,p3_0.png
545,314.0,76.41921397379913,0.431438127090301,0.4366812227074236,0.010033444816053512,fig3a_main,open,frequency_GHz,V,digitized_paper_calculation,p3_0.png
546,314.0,76.63755458515284,0.431438127090301,0.4366812227074236,0.010033444816053512,fig3a_main,open,frequency_GHz,V,digitized_paper_calculation,p3_0.png
547,314.0,76.85589519650655,0.431438127090301,0.4366812227074236,0.010033444816053512,fig3a_main,open,frequency_GHz,V,digitized_paper_calculation,p3_0.png
548,314.0,77.07423580786026,0.431438127090301,0.4366812227074236,0.010033444816053512,fig3a_main,open,frequency_GHz,V,digitized_paper_calculation,p3_0.png
549,314.0,77.29257641921397,0.431438127090301,0.4366812227074236,0.010033444816053512,fig3a_main,open,frequency_GHz,V,digitized_paper_calculation,p3_0.png
550,314.0,77.51091703056768,0.431438127090301,0.4366812227074236,0.010033444816053512,fig3a_main,open,frequency_GHz,V,digitized_paper_calculation,p3_0.png
551,314.0,77.7292576419214,0.431438127090301,0.4366812227074236,0.010033444816053512,fig3a_main,open,frequency_GHz,V,digitized_paper_calculation,p3_0.png
552,314.0,77.9475982532751,0.431438127090301,0.4366812227074236,0.010033444816053512,fig3a_main,open,frequency_GHz,V,digitized_paper_calculation,p3_0.png
553,314.0,78.16593886462883,0.431438127090301,0.4366812227074236,0.010033444816053512,fig3a_main,open,frequency_GHz,V,digitized_paper_calculation,p3_0.png
554,314.0,78.38427947598254,0.431438127090301,0.4366812227074236,0.010033444816053512,fig3a_main,open,frequency_GHz,V,digitized_paper_calculation,p3_0.png
555,314.0,78.60262008733625,0.431438127090301,0.4366812227074236,0.010033444816053512,fig3a_main,open,frequency_GHz,V,digitized_paper_calculation,p3_0.png
556,314.0,78.82096069868996,0.431438127090301,0.4366812227074236,0.010033444816053512,fig3a_main,open,frequency_GHz,V,digitized_paper_calculation,p3_0.png
557,314.5,79.03930131004367,0.4289297658862876,0.4366812227074236,0.01254180602006689,fig3a_main,open,frequency_GHz,V,digitized_paper_calculation,p3_0.png
558,314.5,79.25764192139738,0.4289297658862876,0.4366812227074236,0.01254180602006689,fig3a_main,open,frequency_GHz,V,digitized_paper_calculation,p3_0.png
559,314.5,79.47598253275109,0.4289297658862876,0.4366812227074236,0.01254180602006689,fig3a_main,open,frequency_GHz,V,digitized_paper_calculation,p3_0.png
560,314.5,79.6943231441048,0.4289297658862876,0.4366812227074236,0.01254180602006689,fig3a_main,open,frequency_GHz,V,digitized_paper_calculation,p3_0.png
561,314.5,79.91266375545851,0.4289297658862876,0.4366812227074236,0.01254180602006689,fig3a_main,open,frequency_GHz,V,digitized_paper_calculation,p3_0.png
562,314.5,80.13100436681222,0.4289297658862876,0.4366812227074236,0.01254180602006689,fig3a_main,open,frequency_GHz,V,digitized_paper_calculation,p3_0.png
563,314.5,80.34934497816595,0.4289297658862876,0.4366812227074236,0.01254180602006689,fig3a_main,open,frequency_GHz,V,digitized_paper_calculation,p3_0.png
564,314.5,80.56768558951966,0.4289297658862876,0.4366812227074236,0.01254180602006689,fig3a_main,open,frequency_GHz,V,digitized_paper_calculation,p3_0.png
565,314.5,80.78602620087337,0.4289297658862876,0.4366812227074236,0.01254180602006689,fig3a_main,open,frequency_GHz,V,digitized_paper_calculation,p3_0.png
566,314.5,81.00436681222708,0.4289297658862876,0.4366812227074236,0.01254180602006689,fig3a_main,open,frequency_GHz,V,digitized_paper_calculation,p3_0.png
567,314.5,81.22270742358079,0.4289297658862876,0.4366812227074236,0.01254180602006689,fig3a_main,open,frequency_GHz,V,digitized_paper_calculation,p3_0.png
568,314.5,81.4410480349345,0.4289297658862876,0.4366812227074236,0.01254180602006689,fig3a_main,open,frequency_GHz,V,digitized_paper_calculation,p3_0.png
569,314.5,81.6593886462882,0.4289297658862876,0.4366812227074236,0.01254180602006689,fig3a_main,open,frequency_GHz,V,digitized_paper_calculation,p3_0.png
570,315.0,81.87772925764192,0.42642140468227424,0.4366812227074236,0.010033444816053512,fig3a_main,open,frequency_GHz,V,digitized_paper_calculation,p3_0.png
571,315.0,82.09606986899563,0.42642140468227424,0.4366812227074236,0.010033444816053512,fig3a_main,open,frequency_GHz,V,digitized_paper_calculation,p3_0.png
572,315.0,82.31441048034935,0.42642140468227424,0.4366812227074236,0.010033444816053512,fig3a_main,open,frequency_GHz,V,digitized_paper_calculation,p3_0.png
573,315.0,82.53275109170306,0.42642140468227424,0.4366812227074236,0.010033444816053512,fig3a_main,open,frequency_GHz,V,digitized_paper_calculation,p3_0.png
574,315.0,82.75109170305677,0.42642140468227424,0.4366812227074236,0.010033444816053512,fig3a_main,open,frequency_GHz,V,digitized_paper_calculation,p3_0.png
575,315.0,82.96943231441048,0.42642140468227424,0.4366812227074236,0.010033444816053512,fig3a_main,open,frequency_GHz,V,digitized_paper_calculation,p3_0.png
576,315.0,83.1877729257642,0.42642140468227424,0.4366812227074236,0.010033444816053512,fig3a_main,open,frequency_GHz,V,digitized_paper_calculation,p3_0.png
577,315.0,83.4061135371179,0.42642140468227424,0.4366812227074236,0.010033444816053512,fig3a_main,open,frequency_GHz,V,digitized_paper_calculation,p3_0.png
578,315.0,83.62445414847161,0.42642140468227424,0.4366812227074236,0.010033444816053512,fig3a_main,open,frequency_GHz,V,digitized_paper_calculation,p3_0.png
579,314.5,83.84279475982532,0.4289297658862876,0.4366812227074236,0.01254180602006689,fig3a_main,open,frequency_GHz,V,digitized_paper_calculation,p3_0.png
580,314.5,84.06113537117903,0.4289297658862876,0.4366812227074236,0.01254180602006689,fig3a_main,open,frequency_GHz,V,digitized_paper_calculation,p3_0.png
581,315.0,84.27947598253274,0.42642140468227424,0.4366812227074236,0.010033444816053512,fig3a_main,open,frequency_GHz,V,digitized_paper_calculation,p3_0.png
582,314.5,84.49781659388647,0.4289297658862876,0.4366812227074236,0.01254180602006689,fig3a_main,open,frequency_GHz,V,digitized_paper_calculation,p3_0.png
583,315.0,84.71615720524018,0.42642140468227424,0.4366812227074236,0.010033444816053512,fig3a_main,open,frequency_GHz,V,digitized_paper_calculation,p3_0.png
584,314.5,84.93449781659389,0.4289297658862876,0.4366812227074236,0.01254180602006689,fig3a_main,open,frequency_GHz,V,digitized_paper_calculation,p3_0.png
585,314.5,85.1528384279476,0.4289297658862876,0.4366812227074236,0.01254180602006689,fig3a_main,open,frequency_GHz,V,digitized_paper_calculation,p3_0.png
586,314.0,85.37117903930131,0.431438127090301,0.4366812227074236,0.010033444816053512,fig3a_main,open,frequency_GHz,V,digitized_paper_calculation,p3_0.png
587,314.0,85.58951965065502,0.431438127090301,0.4366812227074236,0.010033444816053512,fig3a_main,open,frequency_GHz,V,digitized_paper_calculation,p3_0.png
588,314.0,85.80786026200873,0.431438127090301,0.4366812227074236,0.010033444816053512,fig3a_main,open,frequency_GHz,V,digitized_paper_calculation,p3_0.png
589,313.5,86.02620087336244,0.43394648829431437,0.4366812227074236,0.01254180602006689,fig3a_main,open,frequency_GHz,V,digitized_paper_calculation,p3_0.png
590,313.5,86.24454148471615,0.43394648829431437,0.4366812227074236,0.01254180602006689,fig3a_main,open,frequency_GHz,V,digitized_paper_calculation,p3_0.png
591,313.5,86.46288209606988,0.43394648829431437,0.4366812227074236,0.01254180602006689,fig3a_main,open,frequency_GHz,V,digitized_paper_calculation,p3_0.png
592,313.5,86.68122270742359,0.43394648829431437,0.4366812227074236,0.01254180602006689,fig3a_main,open,frequency_GHz,V,digitized_paper_calculation,p3_0.png
593,313.5,86.8995633187773,0.43394648829431437,0.4366812227074236,0.01254180602006689,fig3a_main,open,frequency_GHz,V,digitized_paper_calculation,p3_0.png
594,313.5,87.117903930131,0.43394648829431437,0.4366812227074236,0.01254180602006689,fig3a_main,open,frequency_GHz,V,digitized_paper_calculation,p3_0.png
595,313.5,87.33624454148472,0.43394648829431437,0.4366812227074236,0.01254180602006689,fig3a_main,open,frequency_GHz,V,digitized_paper_calculation,p3_0.png
596,313.5,87.55458515283843,0.43394648829431437,0.4366812227074236,0.01254180602006689,fig3a_main,open,frequency_GHz,V,digitized_paper_calculation,p3_0.png
597,313.5,87.77292576419214,0.43394648829431437,0.4366812227074236,0.01254180602006689,fig3a_main,open,frequency_GHz,V,digitized_paper_calculation,p3_0.png
598,314.0,87.99126637554585,0.431438127090301,0.4366812227074236,0.010033444816053512,fig3a_main,open,frequency_GHz,V,digitized_paper_calculation,p3_0.png
599,314.5,88.20960698689956,0.4289297658862876,0.4366812227074236,0.01254180602006689,fig3a_main,open,frequency_GHz,V,digitized_paper_calculation,p3_0.png
600,314.5,88.42794759825327,0.4289297658862876,0.4366812227074236,0.01254180602006689,fig3a_main,open,frequency_GHz,V,digitized_paper_calculation,p3_0.png
601,314.5,88.646288209607,0.4289297658862876,0.4366812227074236,0.01254180602006689,fig3a_main,open,frequency_GHz,V,digitized_paper_calculation,p3_0.png
602,314.5,88.8646288209607,0.4289297658862876,0.4366812227074236,0.01254180602006689,fig3a_main,open,frequency_GHz,V,digitized_paper_calculation,p3_0.png
603,315.0,89.08296943231441,0.42642140468227424,0.4366812227074236,0.010033444816053512,fig3a_main,open,frequency_GHz,V,digitized_paper_calculation,p3_0.png
604,315.5,89.30131004366812,0.42391304347826086,0.4366812227074236,0.01254180602006689,fig3a_main,open,frequency_GHz,V,digitized_paper_calculation,p3_0.png
605,315.5,89.51965065502183,0.42391304347826086,0.4366812227074236,0.01254180602006689,fig3a_main,open,frequency_GHz,V,digitized_paper_calculation,p3_0.png
606,316.0,89.73799126637554,0.4214046822742475,0.4366812227074236,0.010033444816053512,fig3a_main,open,frequency_GHz,V,digitized_paper_calculation,p3_0.png
607,316.5,89.95633187772926,0.4188963210702341,0.4366812227074236,0.01254180602006689,fig3a_main,open,frequency_GHz,V,digitized_paper_calculation,p3_0.png
608,317.0,90.17467248908297,0.41638795986622074,0.4366812227074236,0.010033444816053512,fig3a_main,open,frequency_GHz,V,digitized_paper_calculation,p3_0.png
609,317.0,90.39301310043668,0.41638795986622074,0.4366812227074236,0.010033444816053512,fig3a_main,open,frequency_GHz,V,digitized_paper_calculation,p3_0.png
610,317.5,90.61135371179039,0.41387959866220736,0.4366812227074236,0.01254180602006689,fig3a_main,open,frequency_GHz,V,digitized_paper_calculation,p3_0.png
611,318.0,90.82969432314411,0.411371237458194,0.4366812227074236,0.010033444816053512,fig3a_main,open,frequency_GHz,V,digitized_paper_calculation,p3_0.png
612,318.0,91.04803493449782,0.411371237458194,0.4366812227074236,0.010033444816053512,fig3a_main,open,frequency_GHz,V,digitized_paper_calculation,p3_0.png
613,318.5,91.26637554585153,0.4088628762541806,0.4366812227074236,0.01254180602006689,fig3a_main,open,frequency_GHz,V,digitized_paper_calculation,p3_0.png
614,319.0,91.48471615720524,0.40635451505016723,0.4366812227074236,0.010033444816053512,fig3a_main,open,frequency_GHz,V,digitized_paper_calculation,p3_0.png
615,319.0,91.70305676855895,0.40635451505016723,0.4366812227074236,0.010033444816053512,fig3a_main,open,frequency_GHz,V,digitized_paper_calculation,p3_0.png
616,319.0,91.92139737991266,0.40635451505016723,0.4366812227074236,0.010033444816053512,fig3a_main,open,frequency_GHz,V,digitized_paper_calculation,p3_0.png
617,319.0,92.13973799126637,0.40635451505016723,0.4366812227074236,0.010033444816053512,fig3a_main,open,frequency_GHz,V,digitized_paper_calculation,p3_0.png
618,319.0,92.35807860262008,0.40635451505016723,0.4366812227074236,0.010033444816053512,fig3a_main,open,frequency_GHz,V,digitized_paper_calculation,p3_0.png
619,319.0,92.5764192139738,0.40635451505016723,0.4366812227074236,0.010033444816053512,fig3a_main,open,frequency_GHz,V,digitized_paper_calculation,p3_0.png
620,319.0,92.79475982532752,0.40635451505016723,0.4366812227074236,0.010033444816053512,fig3a_main,open,frequency_GHz,V,digitized_paper_calculation,p3_0.png
621,319.0,93.01310043668123,0.40635451505016723,0.4366812227074236,0.010033444816053512,fig3a_main,open,frequency_GHz,V,digitized_paper_calculation,p3_0.png
622,319.0,93.23144104803494,0.40635451505016723,0.4366812227074236,0.010033444816053512,fig3a_main,open,frequency_GHz,V,digitized_paper_calculation,p3_0.png
626,318.0,94.10480349344978,0.411371237458194,0.4366812227074236,0.010033444816053512,fig3a_main,open,frequency_GHz,V,digitized_paper_calculation,p3_0.png
627,318.0,94.32314410480349,0.411371237458194,0.4366812227074236,0.010033444816053512,fig3a_main,open,frequency_GHz,V,digitized_paper_calculation,p3_0.png
628,318.0,94.5414847161572,0.411371237458194,0.4366812227074236,0.010033444816053512,fig3a_main,open,frequency_GHz,V,digitized_paper_calculation,p3_0.png
630,317.0,94.97816593886463,0.41638795986622074,0.4366812227074236,0.010033444816053512,fig3a_main,open,frequency_GHz,V,digitized_paper_calculation,p3_0.png
631,317.0,95.19650655021834,0.41638795986622074,0.4366812227074236,0.010033444816053512,fig3a_main,open,frequency_GHz,V,digitized_paper_calculation,p3_0.png
632,316.5,95.41484716157206,0.4188963210702341,0.4366812227074236,0.01254180602006689,fig3a_main,open,frequency_GHz,V,digitized_paper_calculation,p3_0.png
633,316.5,95.63318777292577,0.4188963210702341,0.4366812227074236,0.01254180602006689,fig3a_main,open,frequency_GHz,V,digitized_paper_calculation,p3_0.png
634,315.5,95.85152838427948,0.42391304347826086,0.4366812227074236,0.01254180602006689,fig3a_main,open,frequency_GHz,V,digitized_paper_calculation,p3_0.png
635,315.5,96.06986899563319,0.42391304347826086,0.4366812227074236,0.01254180602006689,fig3a_main,open,frequency_GHz,V,digitized_paper_calculation,p3_0.png
636,315.5,96.2882096069869,0.42391304347826086,0.4366812227074236,0.01254180602006689,fig3a_main,open,frequency_GHz,V,digitized_paper_calculation,p3_0.png
637,315.5,96.5065502183406,0.42391304347826086,0.4366812227074236,0.01254180602006689,fig3a_main,open,frequency_GHz,V,digitized_paper_calculation,p3_0.png
638,315.0,96.72489082969432,0.42642140468227424,0.4366812227074236,0.010033444816053512,fig3a_main,open,frequency_GHz,V,digitized_paper_calculation,p3_0.png
639,314.5,96.94323144104804,0.4289297658862876,0.4366812227074236,0.01254180602006689,fig3a_main,open,frequency_GHz,V,digitized_paper_calculation,p3_0.png
640,314.5,97.16157205240175,0.4289297658862876,0.4366812227074236,0.01254180602006689,fig3a_main,open,frequency_GHz,V,digitized_paper_calculation,p3_0.png
641,314.5,97.37991266375546,0.4289297658862876,0.4366812227074236,0.01254180602006689,fig3a_main,open,frequency_GHz,V,digitized_paper_calculation,p3_0.png
642,315.0,97.59825327510917,0.42642140468227424,0.4366812227074236,0.010033444816053512,fig3a_main,open,frequency_GHz,V,digitized_paper_calculation,p3_0.png
643,315.0,97.81659388646288,0.42642140468227424,0.4366812227074236,0.010033444816053512,fig3a_main,open,frequency_GHz,V,digitized_paper_calculation,p3_0.png
644,315.0,98.0349344978166,0.42642140468227424,0.4366812227074236,0.010033444816053512,fig3a_main,open,frequency_GHz,V,digitized_paper_calculation,p3_0.png
645,315.5,98.2532751091703,0.42391304347826086,0.4366812227074236,0.01254180602006689,fig3a_main,open,frequency_GHz,V,digitized_paper_calculation,p3_0.png
646,315.5,98.47161572052401,0.42391304347826086,0.4366812227074236,0.01254180602006689,fig3a_main,open,frequency_GHz,V,digitized_paper_calculation,p3_0.png
647,316.0,98.68995633187772,0.4214046822742475,0.4366812227074236,0.010033444816053512,fig3a_main,open,frequency_GHz,V,digitized_paper_calculation,p3_0.png
648,316.5,98.90829694323143,0.4188963210702341,0.4366812227074236,0.01254180602006689,fig3a_main,open,frequency_GHz,V,digitized_paper_calculation,p3_0.png
649,316.5,99.12663755458516,0.4188963210702341,0.4366812227074236,0.01254180602006689,fig3a_main,open,frequency_GHz,V,digitized_paper_calculation,p3_0.png
650,317.5,99.34497816593887,0.41387959866220736,0.4366812227074236,0.01254180602006689,fig3a_main,open,frequency_GHz,V,digitized_paper_calculation,p3_0.png
651,317.5,99.56331877729258,0.41387959866220736,0.4366812227074236,0.01254180602006689,fig3a_main,open,frequency_GHz,V,digitized_paper_calculation,p3_0.png
652,318.5,99.78165938864629,0.4088628762541806,0.4366812227074236,0.01254180602006689,fig3a_main,open,frequency_GHz,V,digitized_paper_calculation,p3_0.png
653,319.0,100.0,0.40635451505016723,0.4366812227074236,0.010033444816053512,fig3a_main,open,frequency_GHz,V,digitized_paper_calculation,p3_0.png
654,319.5,100.21834061135371,0.40384615384615385,0.4366812227074236,0.01254180602006689,fig3a_main,open,frequency_GHz,V,digitized_paper_calculation,p3_0.png
655,320.0,100.43668122270742,0.4013377926421405,0.4366812227074236,0.010033444816053512,fig3a_main,open,frequency_GHz,V,digitized_paper_calculation,p3_0.png
656,320.0,100.65502183406113,0.4013377926421405,0.4366812227074236,0.010033444816053512,fig3a_main,open,frequency_GHz,V,digitized_paper_calculation,p3_0.png
657,321.0,100.87336244541484,0.3963210702341137,0.4366812227074236,0.010033444816053512,fig3a_main,open,frequency_GHz,V,digitized_paper_calculation,p3_0.png
658,321.0,101.09170305676857,0.3963210702341137,0.4366812227074236,0.010033444816053512,fig3a_main,open,frequency_GHz,V,digitized_paper_calculation,p3_0.png
677,319.0,105.24017467248909,0.40635451505016723,0.4366812227074236,0.010033444816053512,fig3a_main,open,frequency_GHz,V,digitized_paper_calculation,p3_0.png
678,319.0,105.4585152838428,0.40635451505016723,0.4366812227074236,0.010033444816053512,fig3a_main,open,frequency_GHz,V,digitized_paper_calculation,p3_0.png
679,318.0,105.67685589519651,0.411371237458194,0.4366812227074236,0.010033444816053512,fig3a_main,open,frequency_GHz,V,digitized_paper_calculation,p3_0.png
680,318.0,105.89519650655022,0.411371237458194,0.4366812227074236,0.010033444816053512,fig3a_main,open,frequency_GHz,V,digitized_paper_calculation,p3_0.png
681,317.5,106.11353711790393,0.41387959866220736,0.4366812227074236,0.01254180602006689,fig3a_main,open,frequency_GHz,V,digitized_paper_calculation,p3_0.png
682,317.0,106.33187772925764,0.41638795986622074,0.4366812227074236,0.010033444816053512,fig3a_main,open,frequency_GHz,V,digitized_paper_calculation,p3_0.png
683,316.5,106.55021834061135,0.4188963210702341,0.4366812227074236,0.01254180602006689,fig3a_main,open,frequency_GHz,V,digitized_paper_calculation,p3_0.png
684,316.5,106.76855895196506,0.4188963210702341,0.4366812227074236,0.01254180602006689,fig3a_main,open,frequency_GHz,V,digitized_paper_calculation,p3_0.png
685,316.0,106.98689956331877,0.4214046822742475,0.4366812227074236,0.010033444816053512,fig3a_main,open,frequency_GHz,V,digitized_paper_calculation,p3_0.png
686,316.0,107.20524017467248,0.4214046822742475,0.4366812227074236,0.010033444816053512,fig3a_main,open,frequency_GHz,V,digitized_paper_calculation,p3_0.png
687,316.0,107.4235807860262,0.4214046822742475,0.4366812227074236,0.010033444816053512,fig3a_main,open,frequency_GHz,V,digitized_paper_calculation,p3_0.png
688,316.0,107.64192139737992,0.4214046822742475,0.4366812227074236,0.010033444816053512,fig3a_main,open,frequency_GHz,V,digitized_paper_calculation,p3_0.png
689,316.0,107.86026200873363,0.4214046822742475,0.4366812227074236,0.010033444816053512,fig3a_main,open,frequency_GHz,V,digitized_paper_calculation,p3_0.png
690,316.5,108.07860262008734,0.4188963210702341,0.4366812227074236,0.01254180602006689,fig3a_main,open,frequency_GHz,V,digitized_paper_calculation,p3_0.png
691,316.5,108.29694323144105,0.4188963210702341,0.4366812227074236,0.01254180602006689,fig3a_main,open,frequency_GHz,V,digitized_paper_calculation,p3_0.png
692,317.0,108.51528384279476,0.41638795986622074,0.4366812227074236,0.010033444816053512,fig3a_main,open,frequency_GHz,V,digitized_paper_calculation,p3_0.png
693,317.5,108.73362445414847,0.41387959866220736,0.4366812227074236,0.01254180602006689,fig3a_main,open,frequency_GHz,V,digitized_paper_calculation,p3_0.png
694,318.0,108.95196506550218,0.411371237458194,0.4366812227074236,0.010033444816053512,fig3a_main,open,frequency_GHz,V,digitized_paper_calculation,p3_0.png
695,318.5,109.17030567685589,0.4088628762541806,0.4366812227074236,0.01254180602006689,fig3a_main,open,frequency_GHz,V,digitized_paper_calculation,p3_0.png
696,319.5,109.38864628820961,0.40384615384615385,0.4366812227074236,0.01254180602006689,fig3a_main,open,frequency_GHz,V,digitized_paper_calculation,p3_0.png
697,319.5,109.60698689956332,0.40384615384615385,0.4366812227074236,0.01254180602006689,fig3a_main,open,frequency_GHz,V,digitized_paper_calculation,p3_0.png
698,321.0,109.82532751091703,0.3963210702341137,0.4366812227074236,0.010033444816053512,fig3a_main,open,frequency_GHz,V,digitized_paper_calculation,p3_0.png
699,321.0,110.04366812227074,0.3963210702341137,0.4366812227074236,0.010033444816053512,fig3a_main,open,frequency_GHz,V,digitized_paper_calculation,p3_0.png
700,322.0,110.26200873362446,0.391304347826087,0.4366812227074236,0.010033444816053512,fig3a_main,open,frequency_GHz,V,digitized_paper_calculation,p3_0.png
708,328.0,112.00873362445415,0.3612040133779264,0.4366812227074236,0.010033444816053512,fig3a_main,open,frequency_GHz,V,digitized_paper_calculation,p3_0.png
709,328.0,112.22707423580786,0.3612040133779264,0.4366812227074236,0.010033444816053512,fig3a_main,open,frequency_GHz,V,digitized_paper_calculation,p3_0.png
710,328.0,112.44541484716157,0.3612040133779264,0.4366812227074236,0.010033444816053512,fig3a_main,open,frequency_GHz,V,digitized_paper_calculation,p3_0.png
711,328.0,112.66375545851528,0.3612040133779264,0.4366812227074236,0.010033444816053512,fig3a_main,open,frequency_GHz,V,digitized_paper_calculation,p3_0.png
712,328.0,112.882096069869,0.3612040133779264,0.4366812227074236,0.010033444816053512,fig3a_main,open,frequency_GHz,V,digitized_paper_calculation,p3_0.png
713,328.0,113.1004366812227,0.3612040133779264,0.4366812227074236,0.010033444816053512,fig3a_main,open,frequency_GHz,V,digitized_paper_calculation,p3_0.png
714,328.0,113.31877729257641,0.3612040133779264,0.4366812227074236,0.010033444816053512,fig3a_main,open,frequency_GHz,V,digitized_paper_calculation,p3_0.png
715,328.0,113.53711790393012,0.3612040133779264,0.4366812227074236,0.010033444816053512,fig3a_main,open,frequency_GHz,V,digitized_paper_calculation,p3_0.png
716,327.5,113.75545851528385,0.3637123745819398,0.4366812227074236,0.01254180602006689,fig3a_main,open,frequency_GHz,V,digitized_paper_calculation,p3_0.png
717,327.0,113.97379912663756,0.36622073578595316,0.4366812227074236,0.010033444816053512,fig3a_main,open,frequency_GHz,V,digitized_paper_calculation,p3_0.png
718,327.0,114.19213973799127,0.36622073578595316,0.4366812227074236,0.010033444816053512,fig3a_main,open,frequency_GHz,V,digitized_paper_calculation,p3_0.png
720,326.0,114.62882096069869,0.3712374581939799,0.4366812227074236,0.010033444816053512,fig3a_main,open,frequency_GHz,V,digitized_paper_calculation,p3_0.png
725,321.0,115.72052401746726,0.3963210702341137,0.4366812227074236,0.010033444816053512,fig3a_main,open,frequency_GHz,V,digitized_paper_calculation,p3_0.png
726,321.0,115.93886462882097,0.3963210702341137,0.4366812227074236,0.010033444816053512,fig3a_main,open,frequency_GHz,V,digitized_paper_calculation,p3_0.png
727,320.0,116.15720524017468,0.4013377926421405,0.4366812227074236,0.010033444816053512,fig3a_main,open,frequency_GHz,V,digitized_paper_calculation,p3_0.png
728,319.5,116.37554585152839,0.40384615384615385,0.4366812227074236,0.01254180602006689,fig3a_main,open,frequency_GHz,V,digitized_paper_calculation,p3_0.png
729,319.5,116.5938864628821,0.40384615384615385,0.4366812227074236,0.01254180602006689,fig3a_main,open,frequency_GHz,V,digitized_paper_calculation,p3_0.png
730,318.5,116.8122270742358,0.4088628762541806,0.4366812227074236,0.01254180602006689,fig3a_main,open,frequency_GHz,V,digitized_paper_calculation,p3_0.png
731,318.5,117.03056768558952,0.4088628762541806,0.4366812227074236,0.01254180602006689,fig3a_main,open,frequency_GHz,V,digitized_paper_calculation,p3_0.png
732,318.5,117.24890829694323,0.4088628762541806,0.4366812227074236,0.01254180602006689,fig3a_main,open,frequency_GHz,V,digitized_paper_calculation,p3_0.png
733,318.0,117.46724890829694,0.411371237458194,0.4366812227074236,0.010033444816053512,fig3a_main,open,frequency_GHz,V,digitized_paper_calculation,p3_0.png
734,318.0,117.68558951965065,0.411371237458194,0.4366812227074236,0.010033444816053512,fig3a_main,open,frequency_GHz,V,digitized_paper_calculation,p3_0.png
735,318.0,117.90393013100437,0.411371237458194,0.4366812227074236,0.010033444816053512,fig3a_main,open,frequency_GHz,V,digitized_paper_calculation,p3_0.png
736,318.5,118.12227074235808,0.4088628762541806,0.4366812227074236,0.01254180602006689,fig3a_main,open,frequency_GHz,V,digitized_paper_calculation,p3_0.png
737,318.5,118.3406113537118,0.4088628762541806,0.4366812227074236,0.01254180602006689,fig3a_main,open,frequency_GHz,V,digitized_paper_calculation,p3_0.png
738,319.0,118.5589519650655,0.40635451505016723,0.4366812227074236,0.010033444816053512,fig3a_main,open,frequency_GHz,V,digitized_paper_calculation,p3_0.png
739,319.5,118.77729257641921,0.40384615384615385,0.4366812227074236,0.01254180602006689,fig3a_main,open,frequency_GHz,V,digitized_paper_calculation,p3_0.png
740,319.5,118.99563318777292,0.40384615384615385,0.4366812227074236,0.01254180602006689,fig3a_main,open,frequency_GHz,V,digitized_paper_calculation,p3_0.png
741,320.5,119.21397379912663,0.3988294314381271,0.4366812227074236,0.01254180602006689,fig3a_main,open,frequency_GHz,V,digitized_paper_calculation,p3_0.png
742,321.5,119.43231441048034,0.39381270903010035,0.4366812227074236,0.01254180602006689,fig3a_main,open,frequency_GHz,V,digitized_paper_calculation,p3_0.png
743,322.0,119.65065502183405,0.391304347826087,0.4366812227074236,0.010033444816053512,fig3a_main,open,frequency_GHz,V,digitized_paper_calculation,p3_0.png
744,323.0,119.86899563318778,0.3862876254180602,0.4366812227074236,0.010033444816053512,fig3a_main,open,frequency_GHz,V,digitized_paper_calculation,p3_0.png
746,324.0,120.3056768558952,0.38127090301003347,0.4366812227074236,0.010033444816053512,fig3a_main,open,frequency_GHz,V,digitized_paper_calculation,p3_0.png
750,329.0,121.17903930131004,0.35618729096989965,0.4366812227074236,0.010033444816053512,fig3a_main,open,frequency_GHz,V,digitized_paper_calculation,p3_0.png
752,330.0,121.61572052401746,0.3511705685618729,0.4366812227074236,0.010033444816053512,fig3a_main,open,frequency_GHz,V,digitized_paper_calculation,p3_0.png
753,330.5,121.83406113537117,0.3486622073578595,0.4366812227074236,0.01254180602006689,fig3a_main,open,frequency_GHz,V,digitized_paper_calculation,p3_0.png
754,331.0,122.0524017467249,0.34615384615384615,0.4366812227074236,0.010033444816053512,fig3a_main,open,frequency_GHz,V,digitized_paper_calculation,p3_0.png
755,331.0,122.2707423580786,0.34615384615384615,0.4366812227074236,0.010033444816053512,fig3a_main,open,frequency_GHz,V,digitized_paper_calculation,p3_0.png
756,331.5,122.48908296943232,0.34364548494983277,0.4366812227074236,0.01254180602006689,fig3a_main,open,frequency_GHz,V,digitized_paper_calculation,p3_0.png
757,331.5,122.70742358078603,0.34364548494983277,0.4366812227074236,0.01254180602006689,fig3a_main,open,frequency_GHz,V,digitized_paper_calculation,p3_0.png
758,331.5,122.92576419213974,0.34364548494983277,0.4366812227074236,0.01254180602006689,fig3a_main,open,frequency_GHz,V,digitized_paper_calculation,p3_0.png
759,331.5,123.14410480349345,0.34364548494983277,0.4366812227074236,0.01254180602006689,fig3a_main,open,frequency_GHz,V,digitized_paper_calculation,p3_0.png
760,331.5,123.36244541484716,0.34364548494983277,0.4366812227074236,0.01254180602006689,fig3a_main,open,frequency_GHz,V,digitized_paper_calculation,p3_0.png
761,331.5,123.58078602620087,0.34364548494983277,0.4366812227074236,0.01254180602006689,fig3a_main,open,frequency_GHz,V,digitized_paper_calculation,p3_0.png
762,331.0,123.79912663755458,0.34615384615384615,0.4366812227074236,0.010033444816053512,fig3a_main,open,frequency_GHz,V,digitized_paper_calculation,p3_0.png
763,330.5,124.0174672489083,0.3486622073578595,0.4366812227074236,0.01254180602006689,fig3a_main,open,frequency_GHz,V,digitized_paper_calculation,p3_0.png
764,330.0,124.23580786026201,0.3511705685618729,0.4366812227074236,0.010033444816053512,fig3a_main,open,frequency_GHz,V,digitized_paper_calculation,p3_0.png
765,329.5,124.45414847161572,0.3536789297658863,0.4366812227074236,0.01254180602006689,fig3a_main,open,frequency_GHz,V,digitized_paper_calculation,p3_0.png
766,329.0,124.67248908296943,0.35618729096989965,0.4366812227074236,0.010033444816053512,fig3a_main,open,frequency_GHz,V,digitized_paper_calculation,p3_0.png
767,329.0,124.89082969432314,0.35618729096989965,0.4366812227074236,0.010033444816053512,fig3a_main,open,frequency_GHz,V,digitized_paper_calculation,p3_0.png
768,328.0,125.10917030567686,0.3612040133779264,0.4366812227074236,0.010033444816053512,fig3a_main,open,frequency_GHz,V,digitized_paper_calculation,p3_0.png
773,323.0,126.20087336244542,0.3862876254180602,0.4366812227074236,0.010033444816053512,fig3a_main,open,frequency_GHz,V,digitized_paper_calculation,p3_0.png
774,322.0,126.41921397379913,0.391304347826087,0.4366812227074236,0.010033444816053512,fig3a_main,open,frequency_GHz,V,digitized_paper_calculation,p3_0.png
775,321.5,126.63755458515284,0.39381270903010035,0.4366812227074236,0.01254180602006689,fig3a_main,open,frequency_GHz,V,digitized_paper_calculation,p3_0.png
776,321.5,126.85589519650655,0.39381270903010035,0.4366812227074236,0.01254180602006689,fig3a_main,open,frequency_GHz,V,digitized_paper_calculation,p3_0.png
777,320.5,127.07423580786026,0.3988294314381271,0.4366812227074236,0.01254180602006689,fig3a_main,open,frequency_GHz,V,digitized_paper_calculation,p3_0.png
778,320.5,127.29257641921397,0.3988294314381271,0.4366812227074236,0.01254180602006689,fig3a_main,open,frequency_GHz,V,digitized_paper_calculation,p3_0.png
779,320.5,127.51091703056768,0.3988294314381271,0.4366812227074236,0.01254180602006689,fig3a_main,open,frequency_GHz,V,digitized_paper_calculation,p3_0.png
780,320.0,127.7292576419214,0.4013377926421405,0.4366812227074236,0.010033444816053512,fig3a_main,open,frequency_GHz,V,digitized_paper_calculation,p3_0.png
781,319.5,127.9475982532751,0.40384615384615385,0.4366812227074236,0.01254180602006689,fig3a_main,open,frequency_GHz,V,digitized_paper_calculation,p3_0.png
782,320.5,128.16593886462883,0.3988294314381271,0.4366812227074236,0.01254180602006689,fig3a_main,open,frequency_GHz,V,digitized_paper_calculation,p3_0.png
783,320.5,128.38427947598254,0.3988294314381271,0.4366812227074236,0.01254180602006689,fig3a_main,open,frequency_GHz,V,digitized_paper_calculation,p3_0.png
784,320.5,128.60262008733625,0.3988294314381271,0.4366812227074236,0.01254180602006689,fig3a_main,open,frequency_GHz,V,digitized_paper_calculation,p3_0.png
785,321.0,128.82096069868996,0.3963210702341137,0.4366812227074236,0.010033444816053512,fig3a_main,open,frequency_GHz,V,digitized_paper_calculation,p3_0.png
786,321.5,129.03930131004367,0.39381270903010035,0.4366812227074236,0.01254180602006689,fig3a_main,open,frequency_GHz,V,digitized_paper_calculation,p3_0.png
787,322.5,129.25764192139738,0.3887959866220736,0.4366812227074236,0.01254180602006689,fig3a_main,open,frequency_GHz,V,digitized_paper_calculation,p3_0.png
788,322.5,129.4759825327511,0.3887959866220736,0.4366812227074236,0.01254180602006689,fig3a_main,open,frequency_GHz,V,digitized_paper_calculation,p3_0.png
789,324.0,129.6943231441048,0.38127090301003347,0.4366812227074236,0.010033444816053512,fig3a_main,open,frequency_GHz,V,digitized_paper_calculation,p3_0.png
790,324.0,129.9126637554585,0.38127090301003347,0.4366812227074236,0.010033444816053512,fig3a_main,open,frequency_GHz,V,digitized_paper_calculation,p3_0.png
791,325.0,130.13100436681222,0.3762541806020067,0.4366812227074236,0.010033444816053512,fig3a_main,open,frequency_GHz,V,digitized_paper_calculation,p3_0.png
796,331.0,131.22270742358077,0.34615384615384615,0.4366812227074236,0.010033444816053512,fig3a_main,open,frequency_GHz,V,digitized_paper_calculation,p3_0.png
797,331.0,131.4410480349345,0.34615384615384615,0.4366812227074236,0.010033444816053512,fig3a_main,open,frequency_GHz,V,digitized_paper_calculation,p3_0.png
798,332.0,131.65938864628822,0.3411371237458194,0.4366812227074236,0.010033444816053512,fig3a_main,open,frequency_GHz,V,digitized_paper_calculation,p3_0.png
799,332.5,131.87772925764193,0.338628762541806,0.4366812227074236,0.01254180602006689,fig3a_main,open,frequency_GHz,V,digitized_paper_calculation,p3_0.png
800,333.0,132.09606986899564,0.33612040133779264,0.4366812227074236,0.010033444816053512,fig3a_main,open,frequency_GHz,V,digitized_paper_calculation,p3_0.png
801,333.0,132.31441048034935,0.33612040133779264,0.4366812227074236,0.010033444816053512,fig3a_main,open,frequency_GHz,V,digitized_paper_calculation,p3_0.png
802,333.5,132.53275109170306,0.33361204013377926,0.4366812227074236,0.01254180602006689,fig3a_main,open,frequency_GHz,V,digitized_paper_calculation,p3_0.png
803,333.5,132.75109170305677,0.33361204013377926,0.4366812227074236,0.01254180602006689,fig3a_main,open,frequency_GHz,V,digitized_paper_calculation,p3_0.png
804,333.5,132.96943231441048,0.33361204013377926,0.4366812227074236,0.01254180602006689,fig3a_main,open,frequency_GHz,V,digitized_paper_calculation,p3_0.png
805,333.5,133.1877729257642,0.33361204013377926,0.4366812227074236,0.01254180602006689,fig3a_main,open,frequency_GHz,V,digitized_paper_calculation,p3_0.png
806,333.5,133.4061135371179,0.33361204013377926,0.4366812227074236,0.01254180602006689,fig3a_main,open,frequency_GHz,V,digitized_paper_calculation,p3_0.png
807,333.5,133.6244541484716,0.33361204013377926,0.4366812227074236,0.01254180602006689,fig3a_main,open,frequency_GHz,V,digitized_paper_calculation,p3_0.png
808,333.5,133.84279475982532,0.33361204013377926,0.4366812227074236,0.01254180602006689,fig3a_main,open,frequency_GHz,V,digitized_paper_calculation,p3_0.png
809,332.5,134.06113537117903,0.338628762541806,0.4366812227074236,0.01254180602006689,fig3a_main,open,frequency_GHz,V,digitized_paper_calculation,p3_0.png
810,332.5,134.27947598253274,0.338628762541806,0.4366812227074236,0.01254180602006689,fig3a_main,open,frequency_GHz,V,digitized_paper_calculation,p3_0.png
811,332.0,134.49781659388645,0.3411371237458194,0.4366812227074236,0.010033444816053512,fig3a_main,open,frequency_GHz,V,digitized_paper_calculation,p3_0.png
812,331.0,134.71615720524017,0.34615384615384615,0.4366812227074236,0.010033444816053512,fig3a_main,open,frequency_GHz,V,digitized_paper_calculation,p3_0.png
813,331.0,134.93449781659388,0.34615384615384615,0.4366812227074236,0.010033444816053512,fig3a_main,open,frequency_GHz,V,digitized_paper_calculation,p3_0.png
814,330.0,135.1528384279476,0.3511705685618729,0.4366812227074236,0.010033444816053512,fig3a_main,open,frequency_GHz,V,digitized_paper_calculation,p3_0.png
820,324.0,136.46288209606988,0.38127090301003347,0.4366812227074236,0.010033444816053512,fig3a_main,open,frequency_GHz,V,digitized_paper_calculation,p3_0.png
821,323.5,136.6812227074236,0.38377926421404684,0.4366812227074236,0.01254180602006689,fig3a_main,open,frequency_GHz,V,digitized_paper_calculation,p3_0.png
822,322.5,136.8995633187773,0.3887959866220736,0.4366812227074236,0.01254180602006689,fig3a_main,open,frequency_GHz,V,digitized_paper_calculation,p3_0.png
823,322.5,137.117903930131,0.3887959866220736,0.4366812227074236,0.01254180602006689,fig3a_main,open,frequency_GHz,V,digitized_paper_calculation,p3_0.png
824,322.0,137.33624454148472,0.391304347826087,0.4366812227074236,0.010033444816053512,fig3a_main,open,frequency_GHz,V,digitized_paper_calculation,p3_0.png
825,321.5,137.55458515283843,0.39381270903010035,0.4366812227074236,0.01254180602006689,fig3a_main,open,frequency_GHz,V,digitized_paper_calculation,p3_0.png
826,321.5,137.77292576419214,0.39381270903010035,0.4366812227074236,0.01254180602006689,fig3a_main,open,frequency_GHz,V,digitized_paper_calculation,p3_0.png
827,321.5,137.99126637554585,0.39381270903010035,0.4366812227074236,0.01254180602006689,fig3a_main,open,frequency_GHz,V,digitized_paper_calculation,p3_0.png
828,321.5,138.20960698689956,0.39381270903010035,0.4366812227074236,0.01254180602006689,fig3a_main,open,frequency_GHz,V,digitized_paper_calculation,p3_0.png
829,322.0,138.42794759825327,0.391304347826087,0.4366812227074236,0.010033444816053512,fig3a_main,open,frequency_GHz,V,digitized_paper_calculation,p3_0.png
830,322.5,138.64628820960698,0.3887959866220736,0.4366812227074236,0.01254180602006689,fig3a_main,open,frequency_GHz,V,digitized_paper_calculation,p3_0.png
831,322.5,138.8646288209607,0.3887959866220736,0.4366812227074236,0.01254180602006689,fig3a_main,open,frequency_GHz,V,digitized_paper_calculation,p3_0.png
832,323.5,139.0829694323144,0.38377926421404684,0.4366812227074236,0.01254180602006689,fig3a_main,open,frequency_GHz,V,digitized_paper_calculation,p3_0.png
833,323.5,139.3013100436681,0.38377926421404684,0.4366812227074236,0.01254180602006689,fig3a_main,open,frequency_GHz,V,digitized_paper_calculation,p3_0.png
834,325.0,139.51965065502182,0.3762541806020067,0.4366812227074236,0.010033444816053512,fig3a_main,open,frequency_GHz,V,digitized_paper_calculation,p3_0.png
835,325.0,139.73799126637556,0.3762541806020067,0.4366812227074236,0.010033444816053512,fig3a_main,open,frequency_GHz,V,digitized_paper_calculation,p3_0.png
836,326.0,139.95633187772927,0.3712374581939799,0.4366812227074236,0.010033444816053512,fig3a_main,open,frequency_GHz,V,digitized_paper_calculation,p3_0.png
841,332.0,141.04803493449782,0.3411371237458194,0.4366812227074236,0.010033444816053512,fig3a_main,open,frequency_GHz,V,digitized_paper_calculation,p3_0.png
842,333.0,141.26637554585153,0.33612040133779264,0.4366812227074236,0.010033444816053512,fig3a_main,open,frequency_GHz,V,digitized_paper_calculation,p3_0.png
843,334.0,141.48471615720524,0.3311036789297659,0.4366812227074236,0.010033444816053512,fig3a_main,open,frequency_GHz,V,digitized_paper_calculation,p3_0.png
844,334.5,141.70305676855895,0.3285953177257525,0.4366812227074236,0.01254180602006689,fig3a_main,open,frequency_GHz,V,digitized_paper_calculation,p3_0.png
845,335.0,141.92139737991266,0.32608695652173914,0.4366812227074236,0.010033444816053512,fig3a_main,open,frequency_GHz,V,digitized_paper_calculation,p3_0.png
846,335.5,142.13973799126637,0.32357859531772576,0.4366812227074236,0.01254180602006689,fig3a_main,open,frequency_GHz,V,digitized_paper_calculation,p3_0.png
847,335.5,142.35807860262008,0.32357859531772576,0.4366812227074236,0.01254180602006689,fig3a_main,open,frequency_GHz,V,digitized_paper_calculation,p3_0.png
848,335.5,142.5764192139738,0.32357859531772576,0.4366812227074236,0.01254180602006689,fig3a_main,open,frequency_GHz,V,digitized_paper_calculation,p3_0.png
849,336.5,142.7947598253275,0.318561872909699,0.4366812227074236,0.01254180602006689,fig3a_main,open,frequency_GHz,V,digitized_paper_calculation,p3_0.png
850,336.5,143.0131004366812,0.318561872909699,0.4366812227074236,0.01254180602006689,fig3a_main,open,frequency_GHz,V,digitized_paper_calculation,p3_0.png
851,336.5,143.23144104803492,0.318561872909699,0.4366812227074236,0.01254180602006689,fig3a_main,open,frequency_GHz,V,digitized_paper_calculation,p3_0.png
852,336.5,143.44978165938863,0.318561872909699,0.4366812227074236,0.01254180602006689,fig3a_main,open,frequency_GHz,V,digitized_paper_calculation,p3_0.png
853,336.5,143.66812227074234,0.318561872909699,0.4366812227074236,0.01254180602006689,fig3a_main,open,frequency_GHz,V,digitized_paper_calculation,p3_0.png
854,335.5,143.88646288209608,0.32357859531772576,0.4366812227074236,0.01254180602006689,fig3a_main,open,frequency_GHz,V,digitized_paper_calculation,p3_0.png
855,335.5,144.1048034934498,0.32357859531772576,0.4366812227074236,0.01254180602006689,fig3a_main,open,frequency_GHz,V,digitized_paper_calculation,p3_0.png
856,334.5,144.3231441048035,0.3285953177257525,0.4366812227074236,0.01254180602006689,fig3a_main,open,frequency_GHz,V,digitized_paper_calculation,p3_0.png
857,334.5,144.5414847161572,0.3285953177257525,0.4366812227074236,0.01254180602006689,fig3a_main,open,frequency_GHz,V,digitized_paper_calculation,p3_0.png
858,334.0,144.75982532751092,0.3311036789297659,0.4366812227074236,0.010033444816053512,fig3a_main,open,frequency_GHz,V,digitized_paper_calculation,p3_0.png
859,333.0,144.97816593886463,0.33612040133779264,0.4366812227074236,0.010033444816053512,fig3a_main,open,frequency_GHz,V,digitized_paper_calculation,p3_0.png
866,326.0,146.5065502183406,0.3712374581939799,0.4366812227074236,0.010033444816053512,fig3a_main,open,frequency_GHz,V,digitized_paper_calculation,p3_0.png
867,324.5,146.72489082969432,0.3787625418060201,0.4366812227074236,0.01254180602006689,fig3a_main,open,frequency_GHz,V,digitized_paper_calculation,p3_0.png
868,324.5,146.94323144104803,0.3787625418060201,0.4366812227074236,0.01254180602006689,fig3a_main,open,frequency_GHz,V,digitized_paper_calculation,p3_0.png
869,323.5,147.16157205240174,0.38377926421404684,0.4366812227074236,0.01254180602006689,fig3a_main,open,frequency_GHz,V,digitized_paper_calculation,p3_0.png
870,323.5,147.37991266375545,0.38377926421404684,0.4366812227074236,0.01254180602006689,fig3a_main,open,frequency_GHz,V,digitized_paper_calculation,p3_0.png
871,323.0,147.59825327510916,0.3862876254180602,0.4366812227074236,0.010033444816053512,fig3a_main,open,frequency_GHz,V,digitized_paper_calculation,p3_0.png
872,322.5,147.81659388646287,0.3887959866220736,0.4366812227074236,0.01254180602006689,fig3a_main,open,frequency_GHz,V,digitized_paper_calculation,p3_0.png
873,322.5,148.0349344978166,0.3887959866220736,0.4366812227074236,0.01254180602006689,fig3a_main,open,frequency_GHz,V,digitized_paper_calculation,p3_0.png
874,322.5,148.25327510917032,0.3887959866220736,0.4366812227074236,0.01254180602006689,fig3a_main,open,frequency_GHz,V,digitized_paper_calculation,p3_0.png
875,322.5,148.47161572052403,0.3887959866220736,0.4366812227074236,0.01254180602006689,fig3a_main,open,frequency_GHz,V,digitized_paper_calculation,p3_0.png
876,323.0,148.68995633187774,0.3862876254180602,0.4366812227074236,0.010033444816053512,fig3a_main,open,frequency_GHz,V,digitized_paper_calculation,p3_0.png
877,323.0,148.90829694323145,0.3862876254180602,0.4366812227074236,0.010033444816053512,fig3a_main,open,frequency_GHz,V,digitized_paper_calculation,p3_0.png
878,323.5,149.12663755458516,0.38377926421404684,0.4366812227074236,0.01254180602006689,fig3a_main,open,frequency_GHz,V,digitized_paper_calculation,p3_0.png
879,324.5,149.34497816593887,0.3787625418060201,0.4366812227074236,0.01254180602006689,fig3a_main,open,frequency_GHz,V,digitized_paper_calculation,p3_0.png
880,325.0,149.56331877729258,0.3762541806020067,0.4366812227074236,0.010033444816053512,fig3a_main,open,frequency_GHz,V,digitized_paper_calculation,p3_0.png
881,326.0,149.7816593886463,0.3712374581939799,0.4366812227074236,0.010033444816053512,fig3a_main,open,frequency_GHz,V,digitized_paper_calculation,p3_0.png
882,326.0,150.0,0.3712374581939799,0.4366812227074236,0.010033444816053512,fig3a_main,open,frequency_GHz,V,digitized_paper_calculation,p3_0.png
883,327.0,150.2183406113537,0.36622073578595316,0.4366812227074236,0.010033444816053512,fig3a_main,open,frequency_GHz,V,digitized_paper_calculation,p3_0.png
889,334.0,151.52838427947597,0.3311036789297659,0.4366812227074236,0.010033444816053512,fig3a_main,open,frequency_GHz,V,digitized_paper_calculation,p3_0.png
890,335.0,151.74672489082968,0.32608695652173914,0.4366812227074236,0.010033444816053512,fig3a_main,open,frequency_GHz,V,digitized_paper_calculation,p3_0.png
891,335.0,151.9650655021834,0.32608695652173914,0.4366812227074236,0.010033444816053512,fig3a_main,open,frequency_GHz,V,digitized_paper_calculation,p3_0.png
892,336.0,152.18340611353713,0.3210702341137124,0.4366812227074236,0.010033444816053512,fig3a_main,open,frequency_GHz,V,digitized_paper_calculation,p3_0.png
893,336.0,152.40174672489084,0.3210702341137124,0.4366812227074236,0.010033444816053512,fig3a_main,open,frequency_GHz,V,digitized_paper_calculation,p3_0.png
894,336.5,152.62008733624455,0.318561872909699,0.4366812227074236,0.01254180602006689,fig3a_main,open,frequency_GHz,V,digitized_paper_calculation,p3_0.png
895,336.5,152.83842794759826,0.318561872909699,0.4366812227074236,0.01254180602006689,fig3a_main,open,frequency_GHz,V,digitized_paper_calculation,p3_0.png
896,337.0,153.05676855895197,0.31605351170568563,0.4366812227074236,0.010033444816053512,fig3a_main,open,frequency_GHz,V,digitized_paper_calculation,p3_0.png
897,336.5,153.27510917030568,0.318561872909699,0.4366812227074236,0.01254180602006689,fig3a_main,open,frequency_GHz,V,digitized_paper_calculation,p3_0.png
898,336.5,153.4934497816594,0.318561872909699,0.4366812227074236,0.01254180602006689,fig3a_main,open,frequency_GHz,V,digitized_paper_calculation,p3_0.png
899,336.5,153.7117903930131,0.318561872909699,0.4366812227074236,0.01254180602006689,fig3a_main,open,frequency_GHz,V,digitized_paper_calculation,p3_0.png
900,336.5,153.9301310043668,0.318561872909699,0.4366812227074236,0.01254180602006689,fig3a_main,open,frequency_GHz,V,digitized_paper_calculation,p3_0.png
901,336.0,154.14847161572052,0.3210702341137124,0.4366812227074236,0.010033444816053512,fig3a_main,open,frequency_GHz,V,digitized_paper_calculation,p3_0.png
902,335.0,154.36681222707423,0.32608695652173914,0.4366812227074236,0.010033444816053512,fig3a_main,open,frequency_GHz,V,digitized_paper_calculation,p3_0.png
903,335.0,154.58515283842794,0.32608695652173914,0.4366812227074236,0.010033444816053512,fig3a_main,open,frequency_GHz,V,digitized_paper_calculation,p3_0.png
904,334.0,154.80349344978166,0.3311036789297659,0.4366812227074236,0.010033444816053512,fig3a_main,open,frequency_GHz,V,digitized_paper_calculation,p3_0.png
911,327.0,156.33187772925766,0.36622073578595316,0.4366812227074236,0.010033444816053512,fig3a_main,open,frequency_GHz,V,digitized_paper_calculation,p3_0.png
912,325.5,156.55021834061137,0.3737458193979933,0.4366812227074236,0.01254180602006689,fig3a_main,open,frequency_GHz,V,digitized_paper_calculation,p3_0.png
913,325.0,156.76855895196508,0.3762541806020067,0.4366812227074236,0.010033444816053512,fig3a_main,open,frequency_GHz,V,digitized_paper_calculation,p3_0.png
914,324.5,156.9868995633188,0.3787625418060201,0.4366812227074236,0.01254180602006689,fig3a_main,open,frequency_GHz,V,digitized_paper_calculation,p3_0.png
915,324.0,157.2052401746725,0.38127090301003347,0.4366812227074236,0.010033444816053512,fig3a_main,open,frequency_GHz,V,digitized_paper_calculation,p3_0.png
916,323.5,157.4235807860262,0.38377926421404684,0.4366812227074236,0.01254180602006689,fig3a_main,open,frequency_GHz,V,digitized_paper_calculation,p3_0.png
917,323.0,157.64192139737992,0.3862876254180602,0.4366812227074236,0.010033444816053512,fig3a_main,open,frequency_GHz,V,digitized_paper_calculation,p3_0.png
918,322.5,157.86026200873363,0.3887959866220736,0.4366812227074236,0.01254180602006689,fig3a_main,open,frequency_GHz,V,digitized_paper_calculation,p3_0.png
919,322.5,158.07860262008734,0.3887959866220736,0.4366812227074236,0.01254180602006689,fig3a_main,open,frequency_GHz,V,digitized_paper_calculation,p3_0.png
920,323.0,158.29694323144105,0.3862876254180602,0.4366812227074236,0.010033444816053512,fig3a_main,open,frequency_GHz,V,digitized_paper_calculation,p3_0.png
921,323.0,158.51528384279476,0.3862876254180602,0.4366812227074236,0.010033444816053512,fig3a_main,open,frequency_GHz,V,digitized_paper_calculation,p3_0.png
922,323.5,158.73362445414847,0.38377926421404684,0.4366812227074236,0.01254180602006689,fig3a_main,open,frequency_GHz,V,digitized_paper_calculation,p3_0.png
923,323.5,158.95196506550218,0.38377926421404684,0.4366812227074236,0.01254180602006689,fig3a_main,open,frequency_GHz,V,digitized_paper_calculation,p3_0.png
924,324.5,159.1703056768559,0.3787625418060201,0.4366812227074236,0.01254180602006689,fig3a_main,open,frequency_GHz,V,digitized_paper_calculation,p3_0.png
925,324.5,159.3886462882096,0.3787625418060201,0.4366812227074236,0.01254180602006689,fig3a_main,open,frequency_GHz,V,digitized_paper_calculation,p3_0.png
926,325.5,159.6069868995633,0.3737458193979933,0.4366812227074236,0.01254180602006689,fig3a_main,open,frequency_GHz,V,digitized_paper_calculation,p3_0.png
927,326.0,159.82532751091702,0.3712374581939799,0.4366812227074236,0.010033444816053512,fig3a_main,open,frequency_GHz,V,digitized_paper_calculation,p3_0.png
928,327.0,160.04366812227073,0.36622073578595316,0.4366812227074236,0.010033444816053512,fig3a_main,open,frequency_GHz,V,digitized_paper_calculation,p3_0.png
929,328.0,160.26200873362444,0.3612040133779264,0.4366812227074236,0.010033444816053512,fig3a_main,open,frequency_GHz,V,digitized_paper_calculation,p3_0.png
936,335.0,161.79039301310044,0.32608695652173914,0.4366812227074236,0.010033444816053512,fig3a_main,open,frequency_GHz,V,digitized_paper_calculation,p3_0.png
937,336.0,162.00873362445415,0.3210702341137124,0.4366812227074236,0.010033444816053512,fig3a_main,open,frequency_GHz,V,digitized_paper_calculation,p3_0.png
938,336.0,162.22707423580786,0.3210702341137124,0.4366812227074236,0.010033444816053512,fig3a_main,open,frequency_GHz,V,digitized_paper_calculation,p3_0.png
939,336.5,162.44541484716157,0.318561872909699,0.4366812227074236,0.01254180602006689,fig3a_main,open,frequency_GHz,V,digitized_paper_calculation,p3_0.png
940,337.0,162.66375545851528,0.31605351170568563,0.4366812227074236,0.010033444816053512,fig3a_main,open,frequency_GHz,V,digitized_paper_calculation,p3_0.png
941,337.0,162.882096069869,0.31605351170568563,0.4366812227074236,0.010033444816053512,fig3a_main,open,frequency_GHz,V,digitized_paper_calculation,p3_0.png
942,337.0,163.1004366812227,0.31605351170568563,0.4366812227074236,0.010033444816053512,fig3a_main,open,frequency_GHz,V,digitized_paper_calculation,p3_0.png
943,337.0,163.3187772925764,0.31605351170568563,0.4366812227074236,0.010033444816053512,fig3a_main,open,frequency_GHz,V,digitized_paper_calculation,p3_0.png
944,336.5,163.53711790393012,0.318561872909699,0.4366812227074236,0.01254180602006689,fig3a_main,open,frequency_GHz,V,digitized_paper_calculation,p3_0.png
945,336.5,163.75545851528383,0.318561872909699,0.4366812227074236,0.01254180602006689,fig3a_main,open,frequency_GHz,V,digitized_paper_calculation,p3_0.png
946,336.0,163.97379912663754,0.3210702341137124,0.4366812227074236,0.010033444816053512,fig3a_main,open,frequency_GHz,V,digitized_paper_calculation,p3_0.png
947,336.0,164.19213973799125,0.3210702341137124,0.4366812227074236,0.010033444816053512,fig3a_main,open,frequency_GHz,V,digitized_paper_calculation,p3_0.png
948,335.0,164.41048034934497,0.32608695652173914,0.4366812227074236,0.010033444816053512,fig3a_main,open,frequency_GHz,V,digitized_paper_calculation,p3_0.png
950,334.0,164.8471615720524,0.3311036789297659,0.4366812227074236,0.010033444816053512,fig3a_main,open,frequency_GHz,V,digitized_paper_calculation,p3_0.png
956,327.0,166.15720524017468,0.36622073578595316,0.4366812227074236,0.010033444816053512,fig3a_main,open,frequency_GHz,V,digitized_paper_calculation,p3_0.png
957,325.5,166.3755458515284,0.3737458193979933,0.4366812227074236,0.01254180602006689,fig3a_main,open,frequency_GHz,V,digitized_paper_calculation,p3_0.png
958,325.5,166.5938864628821,0.3737458193979933,0.4366812227074236,0.01254180602006689,fig3a_main,open,frequency_GHz,V,digitized_paper_calculation,p3_0.png
959,324.5,166.8122270742358,0.3787625418060201,0.4366812227074236,0.01254180602006689,fig3a_main,open,frequency_GHz,V,digitized_paper_calculation,p3_0.png
960,323.5,167.03056768558952,0.38377926421404684,0.4366812227074236,0.01254180602006689,fig3a_main,open,frequency_GHz,V,digitized_paper_calculation,p3_0.png
961,323.5,167.24890829694323,0.38377926421404684,0.4366812227074236,0.01254180602006689,fig3a_main,open,frequency_GHz,V,digitized_paper_calculation,p3_0.png
962,322.5,167.46724890829694,0.3887959866220736,0.4366812227074236,0.01254180602006689,fig3a_main,open,frequency_GHz,V,digitized_paper_calculation,p3_0.png
963,322.5,167.68558951965065,0.3887959866220736,0.4366812227074236,0.01254180602006689,fig3a_main,open,frequency_GHz,V,digitized_paper_calculation,p3_0.png
964,322.0,167.90393013100436,0.391304347826087,0.4366812227074236,0.010033444816053512,fig3a_main,open,frequency_GHz,V,digitized_paper_calculation,p3_0.png
965,322.0,168.12227074235807,0.391304347826087,0.4366812227074236,0.010033444816053512,fig3a_main,open,frequency_GHz,V,digitized_paper_calculation,p3_0.png
966,322.0,168.34061135371178,0.391304347826087,0.4366812227074236,0.010033444816053512,fig3a_main,open,frequency_GHz,V,digitized_paper_calculation,p3_0.png
967,322.0,168.5589519650655,0.391304347826087,0.4366812227074236,0.010033444816053512,fig3a_main,open,frequency_GHz,V,digitized_paper_calculation,p3_0.png
968,322.5,168.77729257641923,0.3887959866220736,0.4366812227074236,0.01254180602006689,fig3a_main,open,frequency_GHz,V,digitized_paper_calculation,p3_0.png
969,322.5,168.99563318777294,0.3887959866220736,0.4366812227074236,0.01254180602006689,fig3a_main,open,frequency_GHz,V,digitized_paper_calculation,p3_0.png
970,323.5,169.21397379912665,0.38377926421404684,0.4366812227074236,0.01254180602006689,fig3a_main,open,frequency_GHz,V,digitized_paper_calculation,p3_0.png
971,323.5,169.43231441048036,0.38377926421404684,0.4366812227074236,0.01254180602006689,fig3a_main,open,frequency_GHz,V,digitized_paper_calculation,p3_0.png
972,324.5,169.65065502183407,0.3787625418060201,0.4366812227074236,0.01254180602006689,fig3a_main,open,frequency_GHz,V,digitized_paper_calculation,p3_0.png
973,325.0,169.86899563318778,0.3762541806020067,0.4366812227074236,0.010033444816053512,fig3a_main,open,frequency_GHz,V,digitized_paper_calculation,p3_0.png
974,326.0,170.0873362445415,0.3712374581939799,0.4366812227074236,0.010033444816053512,fig3a_main,open,frequency_GHz,V,digitized_paper_calculation,p3_0.png
975,327.0,170.3056768558952,0.36622073578595316,0.4366812227074236,0.010033444816053512,fig3a_main,open,frequency_GHz,V,digitized_paper_calculation,p3_0.png
984,335.0,172.2707423580786,0.32608695652173914,0.4366812227074236,0.010033444816053512,fig3a_main,open,frequency_GHz,V,digitized_paper_calculation,p3_0.png
985,335.0,172.4890829694323,0.32608695652173914,0.4366812227074236,0.010033444816053512,fig3a_main,open,frequency_GHz,V,digitized_paper_calculation,p3_0.png
987,336.0,172.92576419213975,0.3210702341137124,0.4366812227074236,0.010033444816053512,fig3a_main,open,frequency_GHz,V,digitized_paper_calculation,p3_0.png
990,335.0,173.58078602620088,0.32608695652173914,0.4366812227074236,0.010033444816053512,fig3a_main,open,frequency_GHz,V,digitized_paper_calculation,p3_0.png
991,335.0,173.7991266375546,0.32608695652173914,0.4366812227074236,0.010033444816053512,fig3a_main,open,frequency_GHz,V,digitized_paper_calculation,p3_0.png
999,328.0,175.54585152838428,0.3612040133779264,0.4366812227074236,0.010033444816053512,fig3a_main,open,frequency_GHz,V,digitized_paper_calculation,p3_0.png
1000,327.0,175.764192139738,0.36622073578595316,0.4366812227074236,0.010033444816053512,fig3a_main,open,frequency_GHz,V,digitized_paper_calculation,p3_0.png
1001,326.0,175.9825327510917,0.3712374581939799,0.4366812227074236,0.010033444816053512,fig3a_main,open,frequency_GHz,V,digitized_paper_calculation,p3_0.png
1002,325.5,176.2008733624454,0.3737458193979933,0.4366812227074236,0.01254180602006689,fig3a_main,open,frequency_GHz,V,digitized_paper_calculation,p3_0.png
1003,324.5,176.41921397379912,0.3787625418060201,0.4366812227074236,0.01254180602006689,fig3a_main,open,frequency_GHz,V,digitized_paper_calculation,p3_0.png
1004,323.5,176.63755458515283,0.38377926421404684,0.4366812227074236,0.01254180602006689,fig3a_main,open,frequency_GHz,V,digitized_paper_calculation,p3_0.png
1005,323.5,176.85589519650654,0.38377926421404684,0.4366812227074236,0.01254180602006689,fig3a_main,open,frequency_GHz,V,digitized_paper_calculation,p3_0.png
1006,322.5,177.07423580786025,0.3887959866220736,0.4366812227074236,0.01254180602006689,fig3a_main,open,frequency_GHz,V,digitized_paper_calculation,p3_0.png
1007,322.5,177.292576419214,0.3887959866220736,0.4366812227074236,0.01254180602006689,fig3a_main,open,frequency_GHz,V,digitized_paper_calculation,p3_0.png
1008,321.5,177.5109170305677,0.39381270903010035,0.4366812227074236,0.01254180602006689,fig3a_main,open,frequency_GHz,V,digitized_paper_calculation,p3_0.png
1009,321.5,177.7292576419214,0.39381270903010035,0.4366812227074236,0.01254180602006689,fig3a_main,open,frequency_GHz,V,digitized_paper_calculation,p3_0.png
1010,320.5,177.94759825327512,0.3988294314381271,0.4366812227074236,0.01254180602006689,fig3a_main,open,frequency_GHz,V,digitized_paper_calculation,p3_0.png
1011,321.0,178.16593886462883,0.3963210702341137,0.4366812227074236,0.010033444816053512,fig3a_main,open,frequency_GHz,V,digitized_paper_calculation,p3_0.png
1012,321.0,178.38427947598254,0.3963210702341137,0.4366812227074236,0.010033444816053512,fig3a_main,open,frequency_GHz,V,digitized_paper_calculation,p3_0.png
1013,321.0,178.60262008733625,0.3963210702341137,0.4366812227074236,0.010033444816053512,fig3a_main,open,frequency_GHz,V,digitized_paper_calculation,p3_0.png
1014,321.0,178.82096069868996,0.3963210702341137,0.4366812227074236,0.010033444816053512,fig3a_main,open,frequency_GHz,V,digitized_paper_calculation,p3_0.png
1015,321.5,179.03930131004367,0.39381270903010035,0.4366812227074236,0.01254180602006689,fig3a_main,open,frequency_GHz,V,digitized_paper_calculation,p3_0.png
1016,322.0,179.25764192139738,0.391304347826087,0.4366812227074236,0.010033444816053512,fig3a_main,open,frequency_GHz,V,digitized_paper_calculation,p3_0.png
1017,322.5,179.4759825327511,0.3887959866220736,0.4366812227074236,0.01254180602006689,fig3a_main,open,frequency_GHz,V,digitized_paper_calculation,p3_0.png
1018,323.5,179.6943231441048,0.38377926421404684,0.4366812227074236,0.01254180602006689,fig3a_main,open,frequency_GHz,V,digitized_paper_calculation,p3_0.png
1019,323.5,179.9126637554585,0.38377926421404684,0.4366812227074236,0.01254180602006689,fig3a_main,open,frequency_GHz,V,digitized_paper_calculation,p3_0.png
1020,324.5,180.13100436681222,0.3787625418060201,0.4366812227074236,0.01254180602006689,fig3a_main,open,frequency_GHz,V,digitized_paper_calculation,p3_0.png
1021,325.5,180.34934497816593,0.3737458193979933,0.4366812227074236,0.01254180602006689,fig3a_main,open,frequency_GHz,V,digitized_paper_calculation,p3_0.png
1022,326.0,180.56768558951964,0.3712374581939799,0.4366812227074236,0.010033444816053512,fig3a_main,open,frequency_GHz,V,digitized_paper_calculation,p3_0.png
1023,327.0,180.78602620087335,0.36622073578595316,0.4366812227074236,0.010033444816053512,fig3a_main,open,frequency_GHz,V,digitized_paper_calculation,p3_0.png
1024,328.0,181.00436681222706,0.3612040133779264,0.4366812227074236,0.010033444816053512,fig3a_main,open,frequency_GHz,V,digitized_paper_calculation,p3_0.png
1025,328.0,181.22270742358077,0.3612040133779264,0.4366812227074236,0.010033444816053512,fig3a_main,open,frequency_GHz,V,digitized_paper_calculation,p3_0.png
1026,329.0,181.4410480349345,0.35618729096989965,0.4366812227074236,0.010033444816053512,fig3a_main,open,frequency_GHz,V,digitized_paper_calculation,p3_0.png
1042,328.0,184.93449781659388,0.3612040133779264,0.4366812227074236,0.010033444816053512,fig3a_main,open,frequency_GHz,V,digitized_paper_calculation,p3_0.png
1043,327.0,185.1528384279476,0.36622073578595316,0.4366812227074236,0.010033444816053512,fig3a_main,open,frequency_GHz,V,digitized_paper_calculation,p3_0.png
1044,326.5,185.3711790393013,0.36872909698996653,0.4366812227074236,0.01254180602006689,fig3a_main,open,frequency_GHz,V,digitized_paper_calculation,p3_0.png
1045,326.0,185.58951965065503,0.3712374581939799,0.4366812227074236,0.010033444816053512,fig3a_main,open,frequency_GHz,V,digitized_paper_calculation,p3_0.png
1046,325.0,185.80786026200875,0.3762541806020067,0.4366812227074236,0.010033444816053512,fig3a_main,open,frequency_GHz,V,digitized_paper_calculation,p3_0.png
1047,324.0,186.02620087336246,0.38127090301003347,0.4366812227074236,0.015050167224080268,fig3a_main,open,frequency_GHz,V,digitized_paper_calculation,p3_0.png
1048,323.5,186.24454148471617,0.38377926421404684,0.4366812227074236,0.01254180602006689,fig3a_main,open,frequency_GHz,V,digitized_paper_calculation,p3_0.png
1049,322.5,186.46288209606988,0.3887959866220736,0.4366812227074236,0.01254180602006689,fig3a_main,open,frequency_GHz,V,digitized_paper_calculation,p3_0.png
1050,321.5,186.6812227074236,0.39381270903010035,0.4366812227074236,0.01254180602006689,fig3a_main,open,frequency_GHz,V,digitized_paper_calculation,p3_0.png
1051,321.5,186.8995633187773,0.39381270903010035,0.4366812227074236,0.01254180602006689,fig3a_main,open,frequency_GHz,V,digitized_paper_calculation,p3_0.png
1052,320.5,187.117903930131,0.3988294314381271,0.4366812227074236,0.01254180602006689,fig3a_main,open,frequency_GHz,V,digitized_paper_calculation,p3_0.png
1053,320.5,187.33624454148472,0.3988294314381271,0.4366812227074236,0.01254180602006689,fig3a_main,open,frequency_GHz,V,digitized_paper_calculation,p3_0.png
1054,320.0,187.55458515283843,0.4013377926421405,0.4366812227074236,0.010033444816053512,fig3a_main,open,frequency_GHz,V,digitized_paper_calculation,p3_0.png
1055,319.5,187.77292576419214,0.40384615384615385,0.4366812227074236,0.01254180602006689,fig3a_main,open,frequency_GHz,V,digitized_paper_calculation,p3_0.png
1056,319.5,187.99126637554585,0.40384615384615385,0.4366812227074236,0.01254180602006689,fig3a_main,open,frequency_GHz,V,digitized_paper_calculation,p3_0.png
1057,319.5,188.20960698689956,0.40384615384615385,0.4366812227074236,0.01254180602006689,fig3a_main,open,frequency_GHz,V,digitized_paper_calculation,p3_0.png
1058,319.5,188.42794759825327,0.40384615384615385,0.4366812227074236,0.01254180602006689,fig3a_main,open,frequency_GHz,V,digitized_paper_calculation,p3_0.png
1059,319.5,188.64628820960698,0.40384615384615385,0.4366812227074236,0.01254180602006689,fig3a_main,open,frequency_GHz,V,digitized_paper_calculation,p3_0.png
1060,319.5,188.8646288209607,0.40384615384615385,0.4366812227074236,0.01254180602006689,fig3a_main,open,frequency_GHz,V,digitized_paper_calculation,p3_0.png
1061,320.5,189.0829694323144,0.3988294314381271,0.4366812227074236,0.01254180602006689,fig3a_main,open,frequency_GHz,V,digitized_paper_calculation,p3_0.png
1062,320.5,189.3013100436681,0.3988294314381271,0.4366812227074236,0.01254180602006689,fig3a_main,open,frequency_GHz,V,digitized_paper_calculation,p3_0.png
1063,321.5,189.51965065502182,0.39381270903010035,0.4366812227074236,0.01254180602006689,fig3a_main,open,frequency_GHz,V,digitized_paper_calculation,p3_0.png
1064,321.5,189.73799126637556,0.39381270903010035,0.4366812227074236,0.01254180602006689,fig3a_main,open,frequency_GHz,V,digitized_paper_calculation,p3_0.png
1065,322.5,189.95633187772927,0.3887959866220736,0.4366812227074236,0.01254180602006689,fig3a_main,open,frequency_GHz,V,digitized_paper_calculation,p3_0.png
1066,323.0,190.17467248908298,0.3862876254180602,0.4366812227074236,0.015050167224080268,fig3a_main,open,frequency_GHz,V,digitized_paper_calculation,p3_0.png
1067,324.0,190.3930131004367,0.38127090301003347,0.4366812227074236,0.010033444816053512,fig3a_main,open,frequency_GHz,V,digitized_paper_calculation,p3_0.png
1068,324.5,190.6113537117904,0.3787625418060201,0.4366812227074236,0.01254180602006689,fig3a_main,open,frequency_GHz,V,digitized_paper_calculation,p3_0.png
1069,325.5,190.8296943231441,0.3737458193979933,0.4366812227074236,0.01254180602006689,fig3a_main,open,frequency_GHz,V,digitized_paper_calculation,p3_0.png
1070,326.0,191.04803493449782,0.3712374581939799,0.4366812227074236,0.010033444816053512,fig3a_main,open,frequency_GHz,V,digitized_paper_calculation,p3_0.png
1071,327.0,191.26637554585153,0.36622073578595316,0.4366812227074236,0.010033444816053512,fig3a_main,open,frequency_GHz,V,digitized_paper_calculation,p3_0.png
1072,327.0,191.48471615720524,0.36622073578595316,0.4366812227074236,0.010033444816053512,fig3a_main,open,frequency_GHz,V,digitized_paper_calculation,p3_0.png
1073,328.0,191.70305676855895,0.3612040133779264,0.4366812227074236,0.010033444816053512,fig3a_main,open,frequency_GHz,V,digitized_paper_calculation,p3_0.png
1075,329.0,192.13973799126637,0.35618729096989965,0.4366812227074236,0.010033444816053512,fig3a_main,open,frequency_GHz,V,digitized_paper_calculation,p3_0.png
1076,329.0,192.35807860262008,0.35618729096989965,0.4366812227074236,0.010033444816053512,fig3a_main,open,frequency_GHz,V,digitized_paper_calculation,p3_0.png
1082,329.0,193.66812227074234,0.35618729096989965,0.4366812227074236,0.010033444816053512,fig3a_main,open,frequency_GHz,V,digitized_paper_calculation,p3_0.png
1083,329.0,193.88646288209608,0.35618729096989965,0.4366812227074236,0.010033444816053512,fig3a_main,open,frequency_GHz,V,digitized_paper_calculation,p3_0.png
1085,328.0,194.3231441048035,0.3612040133779264,0.4366812227074236,0.010033444816053512,fig3a_main,open,frequency_GHz,V,digitized_paper_calculation,p3_0.png
1086,327.0,194.5414847161572,0.36622073578595316,0.4366812227074236,0.010033444816053512,fig3a_main,open,frequency_GHz,V,digitized_paper_calculation,p3_0.png
1087,327.0,194.75982532751092,0.36622073578595316,0.4366812227074236,0.010033444816053512,fig3a_main,open,frequency_GHz,V,digitized_paper_calculation,p3_0.png
1088,326.0,194.97816593886463,0.3712374581939799,0.4366812227074236,0.010033444816053512,fig3a_main,open,frequency_GHz,V,digitized_paper_calculation,p3_0.png
1089,326.0,195.19650655021834,0.3712374581939799,0.4366812227074236,0.010033444816053512,fig3a_main,open,frequency_GHz,V,digitized_paper_calculation,p3_0.png
1090,325.0,195.41484716157206,0.3762541806020067,0.4366812227074236,0.010033444816053512,fig3a_main,open,frequency_GHz,V,digitized_paper_calculation,p3_0.png
1091,324.5,195.63318777292577,0.3787625418060201,0.4366812227074236,0.01254180602006689,fig3a_main,open,frequency_GHz,V,digitized_paper_calculation,p3_0.png
1092,323.5,195.85152838427948,0.38377926421404684,0.4366812227074236,0.01254180602006689,fig3a_main,open,frequency_GHz,V,digitized_paper_calculation,p3_0.png
1093,323.0,196.0698689956332,0.3862876254180602,0.4366812227074236,0.010033444816053512,fig3a_main,open,frequency_GHz,V,digitized_paper_calculation,p3_0.png
1094,322.5,196.2882096069869,0.3887959866220736,0.4366812227074236,0.01254180602006689,fig3a_main,open,frequency_GHz,V,digitized_paper_calculation,p3_0.png
1095,321.5,196.5065502183406,0.39381270903010035,0.4366812227074236,0.01254180602006689,fig3a_main,open,frequency_GHz,V,digitized_paper_calculation,p3_0.png
1096,321.5,196.72489082969432,0.39381270903010035,0.4366812227074236,0.01254180602006689,fig3a_main,open,frequency_GHz,V,digitized_paper_calculation,p3_0.png
1097,321.0,196.94323144104803,0.3963210702341137,0.4366812227074236,0.010033444816053512,fig3a_main,open,frequency_GHz,V,digitized_paper_calculation,p3_0.png
1098,321.0,197.16157205240174,0.3963210702341137,0.4366812227074236,0.010033444816053512,fig3a_main,open,frequency_GHz,V,digitized_paper_calculation,p3_0.png
1099,320.5,197.37991266375545,0.3988294314381271,0.4366812227074236,0.01254180602006689,fig3a_main,open,frequency_GHz,V,digitized_paper_calculation,p3_0.png
1100,320.5,197.59825327510916,0.3988294314381271,0.4366812227074236,0.01254180602006689,fig3a_main,open,frequency_GHz,V,digitized_paper_calculation,p3_0.png
1101,320.5,197.81659388646287,0.3988294314381271,0.4366812227074236,0.01254180602006689,fig3a_main,open,frequency_GHz,V,digitized_paper_calculation,p3_0.png
1102,320.5,198.0349344978166,0.3988294314381271,0.4366812227074236,0.01254180602006689,fig3a_main,open,frequency_GHz,V,digitized_paper_calculation,p3_0.png
1103,320.5,198.25327510917032,0.3988294314381271,0.4366812227074236,0.01254180602006689,fig3a_main,open,frequency_GHz,V,digitized_paper_calculation,p3_0.png
1104,320.5,198.47161572052403,0.3988294314381271,0.4366812227074236,0.01254180602006689,fig3a_main,open,frequency_GHz,V,digitized_paper_calculation,p3_0.png
1105,320.5,198.68995633187774,0.3988294314381271,0.4366812227074236,0.01254180602006689,fig3a_main,open,frequency_GHz,V,digitized_paper_calculation,p3_0.png
1106,321.0,198.90829694323145,0.3963210702341137,0.4366812227074236,0.010033444816053512,fig3a_main,open,frequency_GHz,V,digitized_paper_calculation,p3_0.png
1107,321.5,199.12663755458516,0.39381270903010035,0.4366812227074236,0.01254180602006689,fig3a_main,open,frequency_GHz,V,digitized_paper_calculation,p3_0.png
1108,321.5,199.34497816593887,0.39381270903010035,0.4366812227074236,0.01254180602006689,fig3a_main,open,frequency_GHz,V,digitized_paper_calculation,p3_0.png
