x_pixel,y_pixel,x_value,value,uncertainty_x,uncertainty_value,flag,panel,series,x_quantity,unit,provenance,source
219,119.5,2.386634844868735,-0.39452054794520547,0.477326968973747,0.23013698630136983,single,fig6a,S21,frequency_GHz,dB,digitized_paper_measurement,p4_0.jpeg
220,120.0,2.6252983293556085,-0.4273972602739726,0.477326968973747,0.26301369863013696,single,fig6a,S21,frequency_GHz,dB,digitized_paper_measurement,p4_0.jpeg
221,121.0,2.863961813842482,-0.4931506849315068,0.477326968973747,0.26301369863013696,single,fig6a,S21,frequency_GHz,dB,digitized_paper_measurement,p4_0.jpeg
222,122.0,3.1026252983293556,-0.5589041095890411,0.477326968973747,0.26301369863013696,single,fig6a,S21,frequency_GHz,dB,digitized_paper_measurement,p4_0.jpeg
223,122.5,3.341288782816229,-0.5917808219178082,0.477326968973747,0.23013698630136983,single,fig6a,S21,frequency_GHz,dB,digitized_paper_measurement,p4_0.jpeg
224,122.5,3.579952267303103,-0.5917808219178082,0.477326968973747,0.23013698630136983,single,fig6a,S21,frequency_GHz,dB,digitized_paper_measurement,p4_0.jpeg
225,123.0,3.818615751789976,-0.6246575342465753,0.477326968973747,0.26301369863013696,single,fig6a,S21,frequency_GHz,dB,digitized_paper_measurement,p4_0.jpeg
226,124.0,4.05727923627685,-0.6904109589041096,0.477326968973747,0.26301369863013696,single,fig6a,S21,frequency_GHz,dB,digitized_paper_measurement,p4_0.jpeg
227,124.0,4.2959427207637235,-0.6904109589041096,0.477326968973747,0.26301369863013696,single,fig6a,S21,frequency_GHz,dB,digitized_paper_measurement,p4_0.jpeg
228,124.5,4.534606205250597,-0.7232876712328767,0.477326968973747,0.23013698630136983,single,fig6a,S21,frequency_GHz,dB,digitized_paper_measurement,p4_0.jpeg
229,124.5,4.77326968973747,-0.7232876712328767,0.477326968973747,0.23013698630136983,single,fig6a,S21,frequency_GHz,dB,digitized_paper_measurement,p4_0.jpeg
230,125.5,5.011933174224343,-0.7890410958904109,0.477326968973747,0.23013698630136983,single,fig6a,S21,frequency_GHz,dB,digitized_paper_measurement,p4_0.jpeg
231,125.5,5.250596658711217,-0.7890410958904109,0.477326968973747,0.23013698630136983,single,fig6a,S21,frequency_GHz,dB,digitized_paper_measurement,p4_0.jpeg
232,126.0,5.4892601431980905,-0.821917808219178,0.477326968973747,0.26301369863013696,single,fig6a,S21,frequency_GHz,dB,digitized_paper_measurement,p4_0.jpeg
233,126.0,5.727923627684964,-0.821917808219178,0.477326968973747,0.26301369863013696,single,fig6a,S21,frequency_GHz,dB,digitized_paper_measurement,p4_0.jpeg
234,126.5,5.966587112171838,-0.8547945205479452,0.477326968973747,0.23013698630136983,single,fig6a,S21,frequency_GHz,dB,digitized_paper_measurement,p4_0.jpeg
235,126.5,6.205250596658711,-0.8547945205479452,0.477326968973747,0.23013698630136983,single,fig6a,S21,frequency_GHz,dB,digitized_paper_measurement,p4_0.jpeg
236,126.5,6.443914081145585,-0.8547945205479452,0.477326968973747,0.23013698630136983,single,fig6a,S21,frequency_GHz,dB,digitized_paper_measurement,p4_0.jpeg
237,127.0,6.682577565632458,-0.8876712328767123,0.477326968973747,0.1972602739726027,single,fig6a,S21,frequency_GHz,dB,digitized_paper_measurement,p4_0.jpeg
238,127.0,6.921241050119332,-0.8876712328767123,0.477326968973747,0.1972602739726027,single,fig6a,S21,frequency_GHz,dB,digitized_paper_measurement,p4_0.jpeg
239,126.5,7.159904534606206,-0.8547945205479452,0.477326968973747,0.23013698630136983,single,fig6a,S21,frequency_GHz,dB,digitized_paper_measurement,p4_0.jpeg
240,126.5,7.398568019093079,-0.8547945205479452,0.477326968973747,0.23013698630136983,single,fig6a,S21,frequency_GHz,dB,digitized_paper_measurement,p4_0.jpeg
241,126.5,7.637231503579952,-0.8547945205479452,0.477326968973747,0.23013698630136983,single,fig6a,S21,frequency_GHz,dB,digitized_paper_measurement,p4_0.jpeg
242,126.0,7.875894988066825,-0.821917808219178,0.477326968973747,0.26301369863013696,single,fig6a,S21,frequency_GHz,dB,digitized_paper_measurement,p4_0.jpeg
243,125.5,8.1145584725537,-0.7890410958904109,0.477326968973747,0.23013698630136983,single,fig6a,S21,frequency_GHz,dB,digitized_paper_measurement,p4_0.jpeg
244,125.5,8.353221957040573,-0.7890410958904109,0.477326968973747,0.23013698630136983,single,fig6a,S21,frequency_GHz,dB,digitized_paper_measurement,p4_0.jpeg
245,124.5,8.591885441527447,-0.7232876712328767,0.477326968973747,0.23013698630136983,single,fig6a,S21,frequency_GHz,dB,digitized_paper_measurement,p4_0.jpeg
246,124.5,8.83054892601432,-0.7232876712328767,0.477326968973747,0.23013698630136983,single,fig6a,S21,frequency_GHz,dB,digitized_paper_measurement,p4_0.jpeg
247,124.0,9.069212410501194,-0.6904109589041096,0.477326968973747,0.26301369863013696,single,fig6a,S21,frequency_GHz,dB,digitized_paper_measurement,p4_0.jpeg
248,124.5,9.307875894988067,-0.7232876712328767,0.477326968973747,0.23013698630136983,single,fig6a,S21,frequency_GHz,dB,digitized_paper_measurement,p4_0.jpeg
249,124.0,9.54653937947494,-0.6904109589041096,0.477326968973747,0.26301369863013696,single,fig6a,S21,frequency_GHz,dB,digitized_paper_measurement,p4_0.jpeg
250,123.5,9.785202863961814,-0.6575342465753424,0.477326968973747,0.23013698630136983,single,fig6a,S21,frequency_GHz,dB,digitized_paper_measurement,p4_0.jpeg
251,123.5,10.023866348448687,-0.6575342465753424,0.477326968973747,0.23013698630136983,single,fig6a,S21,frequency_GHz,dB,digitized_paper_measurement,p4_0.jpeg
252,123.5,10.262529832935561,-0.6575342465753424,0.477326968973747,0.23013698630136983,single,fig6a,S21,frequency_GHz,dB,digitized_paper_measurement,p4_0.jpeg
253,123.5,10.501193317422434,-0.6575342465753424,0.477326968973747,0.23013698630136983,single,fig6a,S21,frequency_GHz,dB,digitized_paper_measurement,p4_0.jpeg
254,124.0,10.739856801909308,-0.6904109589041096,0.477326968973747,0.26301369863013696,single,fig6a,S21,frequency_GHz,dB,digitized_paper_measurement,p4_0.jpeg
255,124.0,10.978520286396181,-0.6904109589041096,0.477326968973747,0.26301369863013696,single,fig6a,S21,frequency_GHz,dB,digitized_paper_measurement,p4_0.jpeg
256,124.5,11.217183770883056,-0.7232876712328767,0.477326968973747,0.23013698630136983,single,fig6a,S21,frequency_GHz,dB,digitized_paper_measurement,p4_0.jpeg
257,124.5,11.455847255369928,-0.7232876712328767,0.477326968973747,0.23013698630136983,single,fig6a,S21,frequency_GHz,dB,digitized_paper_measurement,p4_0.jpeg
258,124.5,11.694510739856803,-0.7232876712328767,0.477326968973747,0.23013698630136983,single,fig6a,S21,frequency_GHz,dB,digitized_paper_measurement,p4_0.jpeg
259,124.5,11.933174224343675,-0.7232876712328767,0.477326968973747,0.23013698630136983,single,fig6a,S21,frequency_GHz,dB,digitized_paper_measurement,p4_0.jpeg
261,126.0,12.410501193317423,-0.821917808219178,0.477326968973747,0.26301369863013696,single,fig6a,S21,frequency_GHz,dB,digitized_paper_measurement,p4_0.jpeg
262,126.5,12.649164677804295,-0.8547945205479452,0.477326968973747,0.23013698630136983,single,fig6a,S21,frequency_GHz,dB,digitized_paper_measurement,p4_0.jpeg
263,127.0,12.88782816229117,-0.8876712328767123,0.477326968973747,0.26301369863013696,single,fig6a,S21,frequency_GHz,dB,digitized_paper_measurement,p4_0.jpeg
264,127.5,13.126491646778042,-0.9205479452054794,0.477326968973747,0.23013698630136983,single,fig6a,S21,frequency_GHz,dB,digitized_paper_measurement,p4_0.jpeg
265,128.0,13.365155131264917,-0.9534246575342465,0.477326968973747,0.26301369863013696,single,fig6a,S21,frequency_GHz,dB,digitized_paper_measurement,p4_0.jpeg
266,128.5,13.60381861575179,-0.9863013698630136,0.477326968973747,0.23013698630136983,single,fig6a,S21,frequency_GHz,dB,digitized_paper_measurement,p4_0.jpeg
267,129.5,13.842482100238664,-1.0520547945205478,0.477326968973747,0.23013698630136983,single,fig6a,S21,frequency_GHz,dB,digitized_paper_measurement,p4_0.jpeg
268,130.0,14.081145584725537,-1.084931506849315,0.477326968973747,0.26301369863013696,single,fig6a,S21,frequency_GHz,dB,digitized_paper_measurement,p4_0.jpeg
269,130.0,14.319809069212411,-1.084931506849315,0.477326968973747,0.26301369863013696,single,fig6a,S21,frequency_GHz,dB,digitized_paper_measurement,p4_0.jpeg
270,130.0,14.558472553699284,-1.084931506849315,0.477326968973747,0.26301369863013696,single,fig6a,S21,frequency_GHz,dB,digitized_paper_measurement,p4_0.jpeg
271,130.5,14.797136038186158,-1.1178082191780823,0.477326968973747,0.23013698630136983,single,fig6a,S21,frequency_GHz,dB,digitized_paper_measurement,p4_0.jpeg
272,131.5,15.035799522673031,-1.1835616438356165,0.477326968973747,0.23013698630136983,single,fig6a,S21,frequency_GHz,dB,digitized_paper_measurement,p4_0.jpeg
273,132.0,15.274463007159904,-1.2164383561643837,0.477326968973747,0.26301369863013696,single,fig6a,S21,frequency_GHz,dB,digitized_paper_measurement,p4_0.jpeg
274,132.0,15.513126491646778,-1.2164383561643837,0.477326968973747,0.26301369863013696,single,fig6a,S21,frequency_GHz,dB,digitized_paper_measurement,p4_0.jpeg
275,132.0,15.75178997613365,-1.2164383561643837,0.477326968973747,0.26301369863013696,single,fig6a,S21,frequency_GHz,dB,digitized_paper_measurement,p4_0.jpeg
276,132.5,15.990453460620525,-1.2493150684931507,0.477326968973747,0.23013698630136983,single,fig6a,S21,frequency_GHz,dB,digitized_paper_measurement,p4_0.jpeg
277,132.5,16.2291169451074,-1.2493150684931507,0.477326968973747,0.23013698630136983,single,fig6a,S21,frequency_GHz,dB,digitized_paper_measurement,p4_0.jpeg
278,132.5,16.46778042959427,-1.2493150684931507,0.477326968973747,0.23013698630136983,single,fig6a,S21,frequency_GHz,dB,digitized_paper_measurement,p4_0.jpeg
279,132.0,16.706443914081145,-1.2164383561643837,0.477326968973747,0.26301369863013696,single,fig6a,S21,frequency_GHz,dB,digitized_paper_measurement,p4_0.jpeg
280,132.0,16.94510739856802,-1.2164383561643837,0.477326968973747,0.26301369863013696,single,fig6a,S21,frequency_GHz,dB,digitized_paper_measurement,p4_0.jpeg
281,132.0,17.183770883054894,-1.2164383561643837,0.477326968973747,0.26301369863013696,single,fig6a,S21,frequency_GHz,dB,digitized_paper_measurement,p4_0.jpeg
282,132.0,17.422434367541765,-1.2164383561643837,0.477326968973747,0.26301369863013696,single,fig6a,S21,frequency_GHz,dB,digitized_paper_measurement,p4_0.jpeg
283,131.5,17.66109785202864,-1.1835616438356165,0.477326968973747,0.23013698630136983,single,fig6a,S21,frequency_GHz,dB,digitized_paper_measurement,p4_0.jpeg
284,131.5,17.899761336515514,-1.1835616438356165,0.477326968973747,0.23013698630136983,single,fig6a,S21,frequency_GHz,dB,digitized_paper_measurement,p4_0.jpeg
285,130.5,18.13842482100239,-1.1178082191780823,0.477326968973747,0.23013698630136983,single,fig6a,S21,frequency_GHz,dB,digitized_paper_measurement,p4_0.jpeg
286,130.5,18.37708830548926,-1.1178082191780823,0.477326968973747,0.23013698630136983,single,fig6a,S21,frequency_GHz,dB,digitized_paper_measurement,p4_0.jpeg
287,130.5,18.615751789976134,-1.1178082191780823,0.477326968973747,0.23013698630136983,single,fig6a,S21,frequency_GHz,dB,digitized_paper_measurement,p4_0.jpeg
288,130.5,18.85441527446301,-1.1178082191780823,0.477326968973747,0.23013698630136983,single,fig6a,S21,frequency_GHz,dB,digitized_paper_measurement,p4_0.jpeg
289,129.5,19.09307875894988,-1.0520547945205478,0.477326968973747,0.23013698630136983,single,fig6a,S21,frequency_GHz,dB,digitized_paper_measurement,p4_0.jpeg
290,129.5,19.331742243436754,-1.0520547945205478,0.477326968973747,0.23013698630136983,single,fig6a,S21,frequency_GHz,dB,digitized_paper_measurement,p4_0.jpeg
291,129.5,19.570405727923628,-1.0520547945205478,0.477326968973747,0.23013698630136983,single,fig6a,S21,frequency_GHz,dB,digitized_paper_measurement,p4_0.jpeg
292,129.5,19.809069212410503,-1.0520547945205478,0.477326968973747,0.23013698630136983,single,fig6a,S21,frequency_GHz,dB,digitized_paper_measurement,p4_0.jpeg
293,129.5,20.047732696897373,-1.0520547945205478,0.477326968973747,0.23013698630136983,single,fig6a,S21,frequency_GHz,dB,digitized_paper_measurement,p4_0.jpeg
294,130.0,20.286396181384248,-1.084931506849315,0.477326968973747,0.26301369863013696,single,fig6a,S21,frequency_GHz,dB,digitized_paper_measurement,p4_0.jpeg
295,130.0,20.525059665871122,-1.084931506849315,0.477326968973747,0.26301369863013696,single,fig6a,S21,frequency_GHz,dB,digitized_paper_measurement,p4_0.jpeg
296,130.0,20.763723150357997,-1.084931506849315,0.477326968973747,0.26301369863013696,single,fig6a,S21,frequency_GHz,dB,digitized_paper_measurement,p4_0.jpeg
297,130.5,21.002386634844868,-1.1178082191780823,0.477326968973747,0.23013698630136983,single,fig6a,S21,frequency_GHz,dB,digitized_paper_measurement,p4_0.jpeg
298,130.5,21.241050119331742,-1.1178082191780823,0.477326968973747,0.23013698630136983,single,fig6a,S21,frequency_GHz,dB,digitized_paper_measurement,p4_0.jpeg
299,130.5,21.479713603818617,-1.1178082191780823,0.477326968973747,0.23013698630136983,single,fig6a,S21,frequency_GHz,dB,digitized_paper_measurement,p4_0.jpeg
300,130.5,21.718377088305488,-1.1178082191780823,0.477326968973747,0.23013698630136983,single,fig6a,S21,frequency_GHz,dB,digitized_paper_measurement,p4_0.jpeg
301,130.5,21.957040572792362,-1.1178082191780823,0.477326968973747,0.23013698630136983,single,fig6a,S21,frequency_GHz,dB,digitized_paper_measurement,p4_0.jpeg
302,130.5,22.195704057279237,-1.1178082191780823,0.477326968973747,0.23013698630136983,single,fig6a,S21,frequency_GHz,dB,digitized_paper_measurement,p4_0.jpeg
303,130.5,22.43436754176611,-1.1178082191780823,0.477326968973747,0.23013698630136983,single,fig6a,S21,frequency_GHz,dB,digitized_paper_measurement,p4_0.jpeg
304,131.5,22.673031026252982,-1.1835616438356165,0.477326968973747,0.23013698630136983,single,fig6a,S21,frequency_GHz,dB,digitized_paper_measurement,p4_0.jpeg
305,131.5,22.911694510739856,-1.1835616438356165,0.477326968973747,0.23013698630136983,single,fig6a,S21,frequency_GHz,dB,digitized_paper_measurement,p4_0.jpeg
306,132.0,23.15035799522673,-1.2164383561643837,0.477326968973747,0.26301369863013696,single,fig6a,S21,frequency_GHz,dB,digitized_paper_measurement,p4_0.jpeg
307,132.5,23.389021479713605,-1.2493150684931507,0.477326968973747,0.23013698630136983,single,fig6a,S21,frequency_GHz,dB,digitized_paper_measurement,p4_0.jpeg
308,132.5,23.627684964200476,-1.2493150684931507,0.477326968973747,0.23013698630136983,single,fig6a,S21,frequency_GHz,dB,digitized_paper_measurement,p4_0.jpeg
309,132.5,23.86634844868735,-1.2493150684931507,0.477326968973747,0.23013698630136983,single,fig6a,S21,frequency_GHz,dB,digitized_paper_measurement,p4_0.jpeg
310,133.5,24.105011933174225,-1.3150684931506849,0.477326968973747,0.23013698630136983,single,fig6a,S21,frequency_GHz,dB,digitized_paper_measurement,p4_0.jpeg
311,133.5,24.343675417661096,-1.3150684931506849,0.477326968973747,0.23013698630136983,single,fig6a,S21,frequency_GHz,dB,digitized_paper_measurement,p4_0.jpeg
312,134.0,24.58233890214797,-1.347945205479452,0.477326968973747,0.26301369863013696,single,fig6a,S21,frequency_GHz,dB,digitized_paper_measurement,p4_0.jpeg
313,134.5,24.821002386634845,-1.3808219178082193,0.477326968973747,0.23013698630136983,single,fig6a,S21,frequency_GHz,dB,digitized_paper_measurement,p4_0.jpeg
314,134.5,25.05966587112172,-1.3808219178082193,0.477326968973747,0.23013698630136983,single,fig6a,S21,frequency_GHz,dB,digitized_paper_measurement,p4_0.jpeg
315,134.5,25.29832935560859,-1.3808219178082193,0.477326968973747,0.23013698630136983,single,fig6a,S21,frequency_GHz,dB,digitized_paper_measurement,p4_0.jpeg
316,135.0,25.536992840095465,-1.4136986301369863,0.477326968973747,0.1972602739726027,single,fig6a,S21,frequency_GHz,dB,digitized_paper_measurement,p4_0.jpeg
317,135.5,25.77565632458234,-1.4465753424657535,0.477326968973747,0.23013698630136983,single,fig6a,S21,frequency_GHz,dB,digitized_paper_measurement,p4_0.jpeg
318,135.5,26.014319809069214,-1.4465753424657535,0.477326968973747,0.23013698630136983,single,fig6a,S21,frequency_GHz,dB,digitized_paper_measurement,p4_0.jpeg
319,135.5,26.252983293556085,-1.4465753424657535,0.477326968973747,0.23013698630136983,single,fig6a,S21,frequency_GHz,dB,digitized_paper_measurement,p4_0.jpeg
320,135.5,26.49164677804296,-1.4465753424657535,0.477326968973747,0.23013698630136983,single,fig6a,S21,frequency_GHz,dB,digitized_paper_measurement,p4_0.jpeg
321,135.5,26.730310262529834,-1.4465753424657535,0.477326968973747,0.23013698630136983,single,fig6a,S21,frequency_GHz,dB,digitized_paper_measurement,p4_0.jpeg
322,135.5,26.968973747016708,-1.4465753424657535,0.477326968973747,0.23013698630136983,single,fig6a,S21,frequency_GHz,dB,digitized_paper_measurement,p4_0.jpeg
323,135.5,27.20763723150358,-1.4465753424657535,0.477326968973747,0.23013698630136983,single,fig6a,S21,frequency_GHz,dB,digitized_paper_measurement,p4_0.jpeg
324,135.5,27.446300715990454,-1.4465753424657535,0.477326968973747,0.23013698630136983,single,fig6a,S21,frequency_GHz,dB,digitized_paper_measurement,p4_0.jpeg
325,135.5,27.684964200477328,-1.4465753424657535,0.477326968973747,0.23013698630136983,single,fig6a,S21,frequency_GHz,dB,digitized_paper_measurement,p4_0.jpeg
326,135.5,27.9236276849642,-1.4465753424657535,0.477326968973747,0.23013698630136983,single,fig6a,S21,frequency_GHz,dB,digitized_paper_measurement,p4_0.jpeg
327,135.5,28.162291169451073,-1.4465753424657535,0.477326968973747,0.23013698630136983,single,fig6a,S21,frequency_GHz,dB,digitized_paper_measurement,p4_0.jpeg
328,135.0,28.400954653937948,-1.4136986301369863,0.477326968973747,0.1972602739726027,single,fig6a,S21,frequency_GHz,dB,digitized_paper_measurement,p4_0.jpeg
329,134.5,28.639618138424822,-1.3808219178082193,0.477326968973747,0.23013698630136983,single,fig6a,S21,frequency_GHz,dB,digitized_paper_measurement,p4_0.jpeg
330,134.5,28.878281622911693,-1.3808219178082193,0.477326968973747,0.23013698630136983,single,fig6a,S21,frequency_GHz,dB,digitized_paper_measurement,p4_0.jpeg
331,134.5,29.116945107398568,-1.3808219178082193,0.477326968973747,0.23013698630136983,single,fig6a,S21,frequency_GHz,dB,digitized_paper_measurement,p4_0.jpeg
332,134.5,29.355608591885442,-1.3808219178082193,0.477326968973747,0.23013698630136983,single,fig6a,S21,frequency_GHz,dB,digitized_paper_measurement,p4_0.jpeg
333,134.5,29.594272076372317,-1.3808219178082193,0.477326968973747,0.23013698630136983,single,fig6a,S21,frequency_GHz,dB,digitized_paper_measurement,p4_0.jpeg
334,134.5,29.832935560859188,-1.3808219178082193,0.477326968973747,0.23013698630136983,single,fig6a,S21,frequency_GHz,dB,digitized_paper_measurement,p4_0.jpeg
335,134.0,30.071599045346062,-1.347945205479452,0.477326968973747,0.26301369863013696,single,fig6a,S21,frequency_GHz,dB,digitized_paper_measurement,p4_0.jpeg
336,134.0,30.310262529832936,-1.347945205479452,0.477326968973747,0.26301369863013696,single,fig6a,S21,frequency_GHz,dB,digitized_paper_measurement,p4_0.jpeg
337,134.5,30.548926014319807,-1.3808219178082193,0.477326968973747,0.23013698630136983,single,fig6a,S21,frequency_GHz,dB,digitized_paper_measurement,p4_0.jpeg
338,134.5,30.787589498806682,-1.3808219178082193,0.477326968973747,0.23013698630136983,single,fig6a,S21,frequency_GHz,dB,digitized_paper_measurement,p4_0.jpeg
339,134.5,31.026252983293556,-1.3808219178082193,0.477326968973747,0.23013698630136983,single,fig6a,S21,frequency_GHz,dB,digitized_paper_measurement,p4_0.jpeg
340,134.0,31.26491646778043,-1.347945205479452,0.477326968973747,0.26301369863013696,single,fig6a,S21,frequency_GHz,dB,digitized_paper_measurement,p4_0.jpeg
341,134.0,31.5035799522673,-1.347945205479452,0.477326968973747,0.26301369863013696,single,fig6a,S21,frequency_GHz,dB,digitized_paper_measurement,p4_0.jpeg
342,134.0,31.742243436754176,-1.347945205479452,0.477326968973747,0.26301369863013696,single,fig6a,S21,frequency_GHz,dB,digitized_paper_measurement,p4_0.jpeg
343,134.5,31.98090692124105,-1.3808219178082193,0.477326968973747,0.23013698630136983,single,fig6a,S21,frequency_GHz,dB,digitized_paper_measurement,p4_0.jpeg
344,134.5,32.21957040572792,-1.3808219178082193,0.477326968973747,0.23013698630136983,single,fig6a,S21,frequency_GHz,dB,digitized_paper_measurement,p4_0.jpeg
345,134.5,32.4582338902148,-1.3808219178082193,0.477326968973747,0.23013698630136983,single,fig6a,S21,frequency_GHz,dB,digitized_paper_measurement,p4_0.jpeg
346,135.5,32.69689737470167,-1.4465753424657535,0.477326968973747,0.23013698630136983,single,fig6a,S21,frequency_GHz,dB,digitized_paper_measurement,p4_0.jpeg
347,135.5,32.93556085918854,-1.4465753424657535,0.477326968973747,0.23013698630136983,single,fig6a,S21,frequency_GHz,dB,digitized_paper_measurement,p4_0.jpeg
348,136.0,33.17422434367542,-1.4794520547945205,0.477326968973747,0.26301369863013696,single,fig6a,S21,frequency_GHz,dB,digitized_paper_measurement,p4_0.jpeg
349,136.5,33.41288782816229,-1.5123287671232877,0.477326968973747,0.23013698630136983,single,fig6a,S21,frequency_GHz,dB,digitized_paper_measurement,p4_0.jpeg
350,136.5,33.65155131264916,-1.5123287671232877,0.477326968973747,0.23013698630136983,single,fig6a,S21,frequency_GHz,dB,digitized_paper_measurement,p4_0.jpeg
351,136.5,33.89021479713604,-1.5123287671232877,0.477326968973747,0.23013698630136983,single,fig6a,S21,frequency_GHz,dB,digitized_paper_measurement,p4_0.jpeg
352,137.0,34.12887828162291,-1.5452054794520549,0.477326968973747,0.1972602739726027,single,fig6a,S21,frequency_GHz,dB,digitized_paper_measurement,p4_0.jpeg
353,137.5,34.36754176610979,-1.5780821917808219,0.477326968973747,0.23013698630136983,single,fig6a,S21,frequency_GHz,dB,digitized_paper_measurement,p4_0.jpeg
354,137.5,34.60620525059666,-1.5780821917808219,0.477326968973747,0.23013698630136983,single,fig6a,S21,frequency_GHz,dB,digitized_paper_measurement,p4_0.jpeg
355,137.5,34.84486873508353,-1.5780821917808219,0.477326968973747,0.23013698630136983,single,fig6a,S21,frequency_GHz,dB,digitized_paper_measurement,p4_0.jpeg
356,137.5,35.08353221957041,-1.5780821917808219,0.477326968973747,0.23013698630136983,single,fig6a,S21,frequency_GHz,dB,digitized_paper_measurement,p4_0.jpeg
357,137.5,35.32219570405728,-1.5780821917808219,0.477326968973747,0.23013698630136983,single,fig6a,S21,frequency_GHz,dB,digitized_paper_measurement,p4_0.jpeg
358,137.5,35.56085918854415,-1.5780821917808219,0.477326968973747,0.23013698630136983,single,fig6a,S21,frequency_GHz,dB,digitized_paper_measurement,p4_0.jpeg
359,138.0,35.79952267303103,-1.610958904109589,0.477326968973747,0.26301369863013696,single,fig6a,S21,frequency_GHz,dB,digitized_paper_measurement,p4_0.jpeg
360,138.0,36.0381861575179,-1.610958904109589,0.477326968973747,0.26301369863013696,single,fig6a,S21,frequency_GHz,dB,digitized_paper_measurement,p4_0.jpeg
361,138.0,36.27684964200478,-1.610958904109589,0.477326968973747,0.26301369863013696,single,fig6a,S21,frequency_GHz,dB,digitized_paper_measurement,p4_0.jpeg
362,138.5,36.51551312649165,-1.643835616438356,0.477326968973747,0.23013698630136983,single,fig6a,S21,frequency_GHz,dB,digitized_paper_measurement,p4_0.jpeg
363,138.5,36.75417661097852,-1.643835616438356,0.477326968973747,0.23013698630136983,single,fig6a,S21,frequency_GHz,dB,digitized_paper_measurement,p4_0.jpeg
364,138.5,36.9928400954654,-1.643835616438356,0.477326968973747,0.23013698630136983,single,fig6a,S21,frequency_GHz,dB,digitized_paper_measurement,p4_0.jpeg
365,138.5,37.23150357995227,-1.643835616438356,0.477326968973747,0.23013698630136983,single,fig6a,S21,frequency_GHz,dB,digitized_paper_measurement,p4_0.jpeg
366,138.5,37.47016706443914,-1.643835616438356,0.477326968973747,0.23013698630136983,single,fig6a,S21,frequency_GHz,dB,digitized_paper_measurement,p4_0.jpeg
367,138.5,37.70883054892602,-1.643835616438356,0.477326968973747,0.23013698630136983,single,fig6a,S21,frequency_GHz,dB,digitized_paper_measurement,p4_0.jpeg
368,138.5,37.94749403341289,-1.643835616438356,0.477326968973747,0.23013698630136983,single,fig6a,S21,frequency_GHz,dB,digitized_paper_measurement,p4_0.jpeg
369,138.5,38.18615751789976,-1.643835616438356,0.477326968973747,0.23013698630136983,single,fig6a,S21,frequency_GHz,dB,digitized_paper_measurement,p4_0.jpeg
370,138.5,38.424821002386636,-1.643835616438356,0.477326968973747,0.23013698630136983,single,fig6a,S21,frequency_GHz,dB,digitized_paper_measurement,p4_0.jpeg
371,138.5,38.66348448687351,-1.643835616438356,0.477326968973747,0.23013698630136983,single,fig6a,S21,frequency_GHz,dB,digitized_paper_measurement,p4_0.jpeg
372,138.5,38.902147971360385,-1.643835616438356,0.477326968973747,0.23013698630136983,single,fig6a,S21,frequency_GHz,dB,digitized_paper_measurement,p4_0.jpeg
373,138.5,39.140811455847256,-1.643835616438356,0.477326968973747,0.23013698630136983,single,fig6a,S21,frequency_GHz,dB,digitized_paper_measurement,p4_0.jpeg
374,138.5,39.37947494033413,-1.643835616438356,0.477326968973747,0.23013698630136983,single,fig6a,S21,frequency_GHz,dB,digitized_paper_measurement,p4_0.jpeg
375,138.5,39.618138424821005,-1.643835616438356,0.477326968973747,0.23013698630136983,single,fig6a,S21,frequency_GHz,dB,digitized_paper_measurement,p4_0.jpeg
376,139.5,39.856801909307876,-1.7095890410958905,0.477326968973747,0.23013698630136983,single,fig6a,S21,frequency_GHz,dB,digitized_paper_measurement,p4_0.jpeg
377,140.0,40.09546539379475,-1.7424657534246575,0.477326968973747,0.26301369863013696,single,fig6a,S21,frequency_GHz,dB,digitized_paper_measurement,p4_0.jpeg
378,140.0,40.334128878281625,-1.7424657534246575,0.477326968973747,0.26301369863013696,single,fig6a,S21,frequency_GHz,dB,digitized_paper_measurement,p4_0.jpeg
379,140.0,40.572792362768496,-1.7424657534246575,0.477326968973747,0.26301369863013696,single,fig6a,S21,frequency_GHz,dB,digitized_paper_measurement,p4_0.jpeg
380,140.0,40.81145584725537,-1.7424657534246575,0.477326968973747,0.26301369863013696,single,fig6a,S21,frequency_GHz,dB,digitized_paper_measurement,p4_0.jpeg
381,140.0,41.050119331742245,-1.7424657534246575,0.477326968973747,0.26301369863013696,single,fig6a,S21,frequency_GHz,dB,digitized_paper_measurement,p4_0.jpeg
382,139.5,41.288782816229116,-1.7095890410958905,0.477326968973747,0.23013698630136983,single,fig6a,S21,frequency_GHz,dB,digitized_paper_measurement,p4_0.jpeg
383,138.5,41.527446300715994,-1.643835616438356,0.477326968973747,0.23013698630136983,single,fig6a,S21,frequency_GHz,dB,digitized_paper_measurement,p4_0.jpeg
384,138.5,41.766109785202865,-1.643835616438356,0.477326968973747,0.23013698630136983,single,fig6a,S21,frequency_GHz,dB,digitized_paper_measurement,p4_0.jpeg
385,138.5,42.004773269689736,-1.643835616438356,0.477326968973747,0.23013698630136983,single,fig6a,S21,frequency_GHz,dB,digitized_paper_measurement,p4_0.jpeg
386,138.5,42.243436754176614,-1.643835616438356,0.477326968973747,0.23013698630136983,single,fig6a,S21,frequency_GHz,dB,digitized_paper_measurement,p4_0.jpeg
387,138.5,42.482100238663485,-1.643835616438356,0.477326968973747,0.23013698630136983,single,fig6a,S21,frequency_GHz,dB,digitized_paper_measurement,p4_0.jpeg
388,138.5,42.720763723150355,-1.643835616438356,0.477326968973747,0.23013698630136983,single,fig6a,S21,frequency_GHz,dB,digitized_paper_measurement,p4_0.jpeg
389,138.5,42.95942720763723,-1.643835616438356,0.477326968973747,0.23013698630136983,single,fig6a,S21,frequency_GHz,dB,digitized_paper_measurement,p4_0.jpeg
390,138.5,43.198090692124104,-1.643835616438356,0.477326968973747,0.23013698630136983,single,fig6a,S21,frequency_GHz,dB,digitized_paper_measurement,p4_0.jpeg
391,138.5,43.436754176610975,-1.643835616438356,0.477326968973747,0.23013698630136983,single,fig6a,S21,frequency_GHz,dB,digitized_paper_measurement,p4_0.jpeg
392,138.5,43.67541766109785,-1.643835616438356,0.477326968973747,0.23013698630136983,single,fig6a,S21,frequency_GHz,dB,digitized_paper_measurement,p4_0.jpeg
393,139.0,43.914081145584724,-1.6767123287671233,0.477326968973747,0.1972602739726027,single,fig6a,S21,frequency_GHz,dB,digitized_paper_measurement,p4_0.jpeg
394,139.5,44.1527446300716,-1.7095890410958905,0.477326968973747,0.23013698630136983,single,fig6a,S21,frequency_GHz,dB,digitized_paper_measurement,p4_0.jpeg
395,139.5,44.39140811455847,-1.7095890410958905,0.477326968973747,0.23013698630136983,single,fig6a,S21,frequency_GHz,dB,digitized_paper_measurement,p4_0.jpeg
396,139.5,44.630071599045344,-1.7095890410958905,0.477326968973747,0.23013698630136983,single,fig6a,S21,frequency_GHz,dB,digitized_paper_measurement,p4_0.jpeg
397,140.0,44.86873508353222,-1.7424657534246575,0.477326968973747,0.26301369863013696,single,fig6a,S21,frequency_GHz,dB,digitized_paper_measurement,p4_0.jpeg
398,140.0,45.10739856801909,-1.7424657534246575,0.477326968973747,0.26301369863013696,single,fig6a,S21,frequency_GHz,dB,digitized_paper_measurement,p4_0.jpeg
399,140.5,45.346062052505964,-1.7753424657534247,0.477326968973747,0.23013698630136983,single,fig6a,S21,frequency_GHz,dB,digitized_paper_measurement,p4_0.jpeg
400,140.5,45.58472553699284,-1.7753424657534247,0.477326968973747,0.23013698630136983,single,fig6a,S21,frequency_GHz,dB,digitized_paper_measurement,p4_0.jpeg
401,140.5,45.82338902147971,-1.7753424657534247,0.477326968973747,0.23013698630136983,single,fig6a,S21,frequency_GHz,dB,digitized_paper_measurement,p4_0.jpeg
402,141.0,46.062052505966584,-1.8082191780821917,0.477326968973747,0.1972602739726027,single,fig6a,S21,frequency_GHz,dB,digitized_paper_measurement,p4_0.jpeg
403,141.5,46.30071599045346,-1.841095890410959,0.477326968973747,0.23013698630136983,single,fig6a,S21,frequency_GHz,dB,digitized_paper_measurement,p4_0.jpeg
404,141.5,46.53937947494033,-1.841095890410959,0.477326968973747,0.23013698630136983,single,fig6a,S21,frequency_GHz,dB,digitized_paper_measurement,p4_0.jpeg
405,141.5,46.77804295942721,-1.841095890410959,0.477326968973747,0.23013698630136983,single,fig6a,S21,frequency_GHz,dB,digitized_paper_measurement,p4_0.jpeg
406,142.0,47.01670644391408,-1.873972602739726,0.477326968973747,0.26301369863013696,single,fig6a,S21,frequency_GHz,dB,digitized_paper_measurement,p4_0.jpeg
407,142.0,47.25536992840095,-1.873972602739726,0.477326968973747,0.26301369863013696,single,fig6a,S21,frequency_GHz,dB,digitized_paper_measurement,p4_0.jpeg
408,142.5,47.49403341288783,-1.906849315068493,0.477326968973747,0.23013698630136983,single,fig6a,S21,frequency_GHz,dB,digitized_paper_measurement,p4_0.jpeg
409,142.5,47.7326968973747,-1.906849315068493,0.477326968973747,0.23013698630136983,single,fig6a,S21,frequency_GHz,dB,digitized_paper_measurement,p4_0.jpeg
410,143.5,47.97136038186157,-1.9726027397260273,0.477326968973747,0.23013698630136983,single,fig6a,S21,frequency_GHz,dB,digitized_paper_measurement,p4_0.jpeg
411,143.5,48.21002386634845,-1.9726027397260273,0.477326968973747,0.23013698630136983,single,fig6a,S21,frequency_GHz,dB,digitized_paper_measurement,p4_0.jpeg
412,143.5,48.44868735083532,-1.9726027397260273,0.477326968973747,0.23013698630136983,single,fig6a,S21,frequency_GHz,dB,digitized_paper_measurement,p4_0.jpeg
413,144.0,48.68735083532219,-2.0054794520547947,0.477326968973747,0.26301369863013696,single,fig6a,S21,frequency_GHz,dB,digitized_paper_measurement,p4_0.jpeg
414,144.0,48.92601431980907,-2.0054794520547947,0.477326968973747,0.26301369863013696,single,fig6a,S21,frequency_GHz,dB,digitized_paper_measurement,p4_0.jpeg
415,144.0,49.16467780429594,-2.0054794520547947,0.477326968973747,0.26301369863013696,single,fig6a,S21,frequency_GHz,dB,digitized_paper_measurement,p4_0.jpeg
416,144.0,49.40334128878282,-2.0054794520547947,0.477326968973747,0.26301369863013696,single,fig6a,S21,frequency_GHz,dB,digitized_paper_measurement,p4_0.jpeg
417,144.0,49.64200477326969,-2.0054794520547947,0.477326968973747,0.26301369863013696,single,fig6a,S21,frequency_GHz,dB,digitized_paper_measurement,p4_0.jpeg
418,144.5,49.88066825775656,-2.0383561643835617,0.477326968973747,0.23013698630136983,single,fig6a,S21,frequency_GHz,dB,digitized_paper_measurement,p4_0.jpeg
419,145.0,50.11933174224344,-2.0712328767123287,0.477326968973747,0.26301369863013696,single,fig6a,S21,frequency_GHz,dB,digitized_paper_measurement,p4_0.jpeg
420,145.5,50.35799522673031,-2.1041095890410957,0.477326968973747,0.23013698630136983,single,fig6a,S21,frequency_GHz,dB,digitized_paper_measurement,p4_0.jpeg
421,145.5,50.59665871121718,-2.1041095890410957,0.477326968973747,0.23013698630136983,single,fig6a,S21,frequency_GHz,dB,digitized_paper_measurement,p4_0.jpeg
422,145.5,50.83532219570406,-2.1041095890410957,0.477326968973747,0.23013698630136983,single,fig6a,S21,frequency_GHz,dB,digitized_paper_measurement,p4_0.jpeg
423,145.5,51.07398568019093,-2.1041095890410957,0.477326968973747,0.23013698630136983,single,fig6a,S21,frequency_GHz,dB,digitized_paper_measurement,p4_0.jpeg
424,144.5,51.31264916467781,-2.0383561643835617,0.477326968973747,0.23013698630136983,single,fig6a,S21,frequency_GHz,dB,digitized_paper_measurement,p4_0.jpeg
425,144.5,51.55131264916468,-2.0383561643835617,0.477326968973747,0.23013698630136983,single,fig6a,S21,frequency_GHz,dB,digitized_paper_measurement,p4_0.jpeg
426,144.0,51.78997613365155,-2.0054794520547947,0.477326968973747,0.26301369863013696,single,fig6a,S21,frequency_GHz,dB,digitized_paper_measurement,p4_0.jpeg
427,143.5,52.02863961813843,-1.9726027397260273,0.477326968973747,0.23013698630136983,single,fig6a,S21,frequency_GHz,dB,digitized_paper_measurement,p4_0.jpeg
428,143.5,52.2673031026253,-1.9726027397260273,0.477326968973747,0.23013698630136983,single,fig6a,S21,frequency_GHz,dB,digitized_paper_measurement,p4_0.jpeg
429,143.0,52.50596658711217,-1.9397260273972603,0.477326968973747,0.1972602739726027,single,fig6a,S21,frequency_GHz,dB,digitized_paper_measurement,p4_0.jpeg
430,143.0,52.74463007159905,-1.9397260273972603,0.477326968973747,0.1972602739726027,single,fig6a,S21,frequency_GHz,dB,digitized_paper_measurement,p4_0.jpeg
431,143.0,52.98329355608592,-1.9397260273972603,0.477326968973747,0.1972602739726027,single,fig6a,S21,frequency_GHz,dB,digitized_paper_measurement,p4_0.jpeg
432,143.0,53.22195704057279,-1.9397260273972603,0.477326968973747,0.1972602739726027,single,fig6a,S21,frequency_GHz,dB,digitized_paper_measurement,p4_0.jpeg
433,143.0,53.46062052505967,-1.9397260273972603,0.477326968973747,0.1972602739726027,single,fig6a,S21,frequency_GHz,dB,digitized_paper_measurement,p4_0.jpeg
434,143.0,53.69928400954654,-1.9397260273972603,0.477326968973747,0.1972602739726027,single,fig6a,S21,frequency_GHz,dB,digitized_paper_measurement,p4_0.jpeg
435,143.0,53.937947494033416,-1.9397260273972603,0.477326968973747,0.1972602739726027,single,fig6a,S21,frequency_GHz,dB,digitized_paper_measurement,p4_0.jpeg
436,143.5,54.17661097852029,-1.9726027397260273,0.477326968973747,0.23013698630136983,single,fig6a,S21,frequency_GHz,dB,digitized_paper_measurement,p4_0.jpeg
437,143.5,54.41527446300716,-1.9726027397260273,0.477326968973747,0.23013698630136983,single,fig6a,S21,frequency_GHz,dB,digitized_paper_measurement,p4_0.jpeg
438,143.5,54.653937947494036,-1.9726027397260273,0.477326968973747,0.23013698630136983,single,fig6a,S21,frequency_GHz,dB,digitized_paper_measurement,p4_0.jpeg
439,144.0,54.89260143198091,-2.0054794520547947,0.477326968973747,0.26301369863013696,single,fig6a,S21,frequency_GHz,dB,digitized_paper_measurement,p4_0.jpeg
440,144.0,55.13126491646778,-2.0054794520547947,0.477326968973747,0.26301369863013696,single,fig6a,S21,frequency_GHz,dB,digitized_paper_measurement,p4_0.jpeg
441,144.0,55.369928400954656,-2.0054794520547947,0.477326968973747,0.26301369863013696,single,fig6a,S21,frequency_GHz,dB,digitized_paper_measurement,p4_0.jpeg
442,144.5,55.60859188544153,-2.0383561643835617,0.477326968973747,0.23013698630136983,single,fig6a,S21,frequency_GHz,dB,digitized_paper_measurement,p4_0.jpeg
443,144.5,55.8472553699284,-2.0383561643835617,0.477326968973747,0.23013698630136983,single,fig6a,S21,frequency_GHz,dB,digitized_paper_measurement,p4_0.jpeg
444,144.5,56.085918854415276,-2.0383561643835617,0.477326968973747,0.23013698630136983,single,fig6a,S21,frequency_GHz,dB,digitized_paper_measurement,p4_0.jpeg
445,144.5,56.32458233890215,-2.0383561643835617,0.477326968973747,0.23013698630136983,single,fig6a,S21,frequency_GHz,dB,digitized_paper_measurement,p4_0.jpeg
446,145.0,56.563245823389025,-2.0712328767123287,0.477326968973747,0.1972602739726027,single,fig6a,S21,frequency_GHz,dB,digitized_paper_measurement,p4_0.jpeg
447,145.5,56.801909307875896,-2.1041095890410957,0.477326968973747,0.23013698630136983,single,fig6a,S21,frequency_GHz,dB,digitized_paper_measurement,p4_0.jpeg
448,145.5,57.04057279236277,-2.1041095890410957,0.477326968973747,0.23013698630136983,single,fig6a,S21,frequency_GHz,dB,digitized_paper_measurement,p4_0.jpeg
449,145.5,57.279236276849645,-2.1041095890410957,0.477326968973747,0.23013698630136983,single,fig6a,S21,frequency_GHz,dB,digitized_paper_measurement,p4_0.jpeg
450,145.5,57.517899761336515,-2.1041095890410957,0.477326968973747,0.23013698630136983,single,fig6a,S21,frequency_GHz,dB,digitized_paper_measurement,p4_0.jpeg
451,146.0,57.756563245823386,-2.136986301369863,0.477326968973747,0.26301369863013696,single,fig6a,S21,frequency_GHz,dB,digitized_paper_measurement,p4_0.jpeg
452,146.0,57.995226730310264,-2.136986301369863,0.477326968973747,0.26301369863013696,single,fig6a,S21,frequency_GHz,dB,digitized_paper_measurement,p4_0.jpeg
453,146.5,58.233890214797135,-2.16986301369863,0.477326968973747,0.23013698630136983,single,fig6a,S21,frequency_GHz,dB,digitized_paper_measurement,p4_0.jpeg
454,146.5,58.472553699284006,-2.16986301369863,0.477326968973747,0.23013698630136983,single,fig6a,S21,frequency_GHz,dB,digitized_paper_measurement,p4_0.jpeg
455,146.5,58.711217183770884,-2.16986301369863,0.477326968973747,0.23013698630136983,single,fig6a,S21,frequency_GHz,dB,digitized_paper_measurement,p4_0.jpeg
456,147.5,58.949880668257755,-2.2356164383561645,0.477326968973747,0.23013698630136983,single,fig6a,S21,frequency_GHz,dB,digitized_paper_measurement,p4_0.jpeg
457,147.5,59.18854415274463,-2.2356164383561645,0.477326968973747,0.23013698630136983,single,fig6a,S21,frequency_GHz,dB,digitized_paper_measurement,p4_0.jpeg
458,148.0,59.427207637231504,-2.2684931506849315,0.477326968973747,0.26301369863013696,single,fig6a,S21,frequency_GHz,dB,digitized_paper_measurement,p4_0.jpeg
459,148.5,59.665871121718375,-2.3013698630136985,0.477326968973747,0.23013698630136983,single,fig6a,S21,frequency_GHz,dB,digitized_paper_measurement,p4_0.jpeg
460,148.5,59.90453460620525,-2.3013698630136985,0.477326968973747,0.23013698630136983,single,fig6a,S21,frequency_GHz,dB,digitized_paper_measurement,p4_0.jpeg
461,149.5,60.143198090692124,-2.367123287671233,0.477326968973747,0.23013698630136983,single,fig6a,S21,frequency_GHz,dB,digitized_paper_measurement,p4_0.jpeg
462,150.0,60.381861575178995,-2.4,0.477326968973747,0.26301369863013696,single,fig6a,S21,frequency_GHz,dB,digitized_paper_measurement,p4_0.jpeg
463,150.5,60.62052505966587,-2.4328767123287673,0.477326968973747,0.23013698630136983,single,fig6a,S21,frequency_GHz,dB,digitized_paper_measurement,p4_0.jpeg
464,150.5,60.859188544152744,-2.4328767123287673,0.477326968973747,0.23013698630136983,single,fig6a,S21,frequency_GHz,dB,digitized_paper_measurement,p4_0.jpeg
465,150.5,61.097852028639615,-2.4328767123287673,0.477326968973747,0.23013698630136983,single,fig6a,S21,frequency_GHz,dB,digitized_paper_measurement,p4_0.jpeg
466,150.5,61.33651551312649,-2.4328767123287673,0.477326968973747,0.23013698630136983,single,fig6a,S21,frequency_GHz,dB,digitized_paper_measurement,p4_0.jpeg
467,150.5,61.575178997613364,-2.4328767123287673,0.477326968973747,0.23013698630136983,single,fig6a,S21,frequency_GHz,dB,digitized_paper_measurement,p4_0.jpeg
468,150.5,61.81384248210024,-2.4328767123287673,0.477326968973747,0.23013698630136983,single,fig6a,S21,frequency_GHz,dB,digitized_paper_measurement,p4_0.jpeg
469,150.0,62.05250596658711,-2.4,0.477326968973747,0.26301369863013696,single,fig6a,S21,frequency_GHz,dB,digitized_paper_measurement,p4_0.jpeg
470,150.0,62.29116945107398,-2.4,0.477326968973747,0.26301369863013696,single,fig6a,S21,frequency_GHz,dB,digitized_paper_measurement,p4_0.jpeg
471,150.0,62.52983293556086,-2.4,0.477326968973747,0.26301369863013696,single,fig6a,S21,frequency_GHz,dB,digitized_paper_measurement,p4_0.jpeg
472,149.5,62.76849642004773,-2.367123287671233,0.477326968973747,0.23013698630136983,single,fig6a,S21,frequency_GHz,dB,digitized_paper_measurement,p4_0.jpeg
473,148.5,63.0071599045346,-2.3013698630136985,0.477326968973747,0.23013698630136983,single,fig6a,S21,frequency_GHz,dB,digitized_paper_measurement,p4_0.jpeg
474,148.5,63.24582338902148,-2.3013698630136985,0.477326968973747,0.23013698630136983,single,fig6a,S21,frequency_GHz,dB,digitized_paper_measurement,p4_0.jpeg
475,148.0,63.48448687350835,-2.2684931506849315,0.477326968973747,0.26301369863013696,single,fig6a,S21,frequency_GHz,dB,digitized_paper_measurement,p4_0.jpeg
476,148.0,63.72315035799522,-2.2684931506849315,0.477326968973747,0.26301369863013696,single,fig6a,S21,frequency_GHz,dB,digitized_paper_measurement,p4_0.jpeg
477,148.0,63.9618138424821,-2.2684931506849315,0.477326968973747,0.26301369863013696,single,fig6a,S21,frequency_GHz,dB,digitized_paper_measurement,p4_0.jpeg
478,148.0,64.20047732696898,-2.2684931506849315,0.477326968973747,0.26301369863013696,single,fig6a,S21,frequency_GHz,dB,digitized_paper_measurement,p4_0.jpeg
479,148.0,64.43914081145584,-2.2684931506849315,0.477326968973747,0.26301369863013696,single,fig6a,S21,frequency_GHz,dB,digitized_paper_measurement,p4_0.jpeg
480,148.0,64.67780429594272,-2.2684931506849315,0.477326968973747,0.26301369863013696,single,fig6a,S21,frequency_GHz,dB,digitized_paper_measurement,p4_0.jpeg
481,148.5,64.9164677804296,-2.3013698630136985,0.477326968973747,0.23013698630136983,single,fig6a,S21,frequency_GHz,dB,digitized_paper_measurement,p4_0.jpeg
482,148.5,65.15513126491646,-2.3013698630136985,0.477326968973747,0.23013698630136983,single,fig6a,S21,frequency_GHz,dB,digitized_paper_measurement,p4_0.jpeg
483,148.5,65.39379474940334,-2.3013698630136985,0.477326968973747,0.23013698630136983,single,fig6a,S21,frequency_GHz,dB,digitized_paper_measurement,p4_0.jpeg
484,148.5,65.63245823389022,-2.3013698630136985,0.477326968973747,0.23013698630136983,single,fig6a,S21,frequency_GHz,dB,digitized_paper_measurement,p4_0.jpeg
485,148.5,65.87112171837708,-2.3013698630136985,0.477326968973747,0.23013698630136983,single,fig6a,S21,frequency_GHz,dB,digitized_paper_measurement,p4_0.jpeg
486,149.5,66.10978520286396,-2.367123287671233,0.477326968973747,0.23013698630136983,single,fig6a,S21,frequency_GHz,dB,digitized_paper_measurement,p4_0.jpeg
487,149.5,66.34844868735084,-2.367123287671233,0.477326968973747,0.23013698630136983,single,fig6a,S21,frequency_GHz,dB,digitized_paper_measurement,p4_0.jpeg
488,149.5,66.5871121718377,-2.367123287671233,0.477326968973747,0.23013698630136983,single,fig6a,S21,frequency_GHz,dB,digitized_paper_measurement,p4_0.jpeg
489,149.5,66.82577565632458,-2.367123287671233,0.477326968973747,0.23013698630136983,single,fig6a,S21,frequency_GHz,dB,digitized_paper_measurement,p4_0.jpeg
490,149.5,67.06443914081146,-2.367123287671233,0.477326968973747,0.23013698630136983,single,fig6a,S21,frequency_GHz,dB,digitized_paper_measurement,p4_0.jpeg
491,150.0,67.30310262529832,-2.4,0.477326968973747,0.26301369863013696,single,fig6a,S21,frequency_GHz,dB,digitized_paper_measurement,p4_0.jpeg
492,150.0,67.5417661097852,-2.4,0.477326968973747,0.26301369863013696,single,fig6a,S21,frequency_GHz,dB,digitized_paper_measurement,p4_0.jpeg
493,150.5,67.78042959427208,-2.4328767123287673,0.477326968973747,0.23013698630136983,single,fig6a,S21,frequency_GHz,dB,digitized_paper_measurement,p4_0.jpeg
494,150.5,68.01909307875896,-2.4328767123287673,0.477326968973747,0.23013698630136983,single,fig6a,S21,frequency_GHz,dB,digitized_paper_measurement,p4_0.jpeg
495,150.5,68.25775656324582,-2.4328767123287673,0.477326968973747,0.23013698630136983,single,fig6a,S21,frequency_GHz,dB,digitized_paper_measurement,p4_0.jpeg
496,151.5,68.4964200477327,-2.4986301369863013,0.477326968973747,0.23013698630136983,single,fig6a,S21,frequency_GHz,dB,digitized_paper_measurement,p4_0.jpeg
497,151.5,68.73508353221958,-2.4986301369863013,0.477326968973747,0.23013698630136983,single,fig6a,S21,frequency_GHz,dB,digitized_paper_measurement,p4_0.jpeg
498,152.0,68.97374701670644,-2.5315068493150683,0.477326968973747,0.26301369863013696,single,fig6a,S21,frequency_GHz,dB,digitized_paper_measurement,p4_0.jpeg
499,152.5,69.21241050119332,-2.5643835616438357,0.477326968973747,0.23013698630136983,single,fig6a,S21,frequency_GHz,dB,digitized_paper_measurement,p4_0.jpeg
500,153.5,69.4510739856802,-2.6301369863013697,0.477326968973747,0.23013698630136983,single,fig6a,S21,frequency_GHz,dB,digitized_paper_measurement,p4_0.jpeg
501,154.0,69.68973747016706,-2.663013698630137,0.477326968973747,0.26301369863013696,single,fig6a,S21,frequency_GHz,dB,digitized_paper_measurement,p4_0.jpeg
502,154.0,69.92840095465394,-2.663013698630137,0.477326968973747,0.26301369863013696,single,fig6a,S21,frequency_GHz,dB,digitized_paper_measurement,p4_0.jpeg
503,154.5,70.16706443914082,-2.695890410958904,0.477326968973747,0.23013698630136983,single,fig6a,S21,frequency_GHz,dB,digitized_paper_measurement,p4_0.jpeg
504,155.5,70.40572792362768,-2.7616438356164386,0.477326968973747,0.23013698630136983,single,fig6a,S21,frequency_GHz,dB,digitized_paper_measurement,p4_0.jpeg
505,155.5,70.64439140811456,-2.7616438356164386,0.477326968973747,0.23013698630136983,single,fig6a,S21,frequency_GHz,dB,digitized_paper_measurement,p4_0.jpeg
506,156.0,70.88305489260144,-2.7945205479452055,0.477326968973747,0.26301369863013696,single,fig6a,S21,frequency_GHz,dB,digitized_paper_measurement,p4_0.jpeg
507,156.0,71.1217183770883,-2.7945205479452055,0.477326968973747,0.26301369863013696,single,fig6a,S21,frequency_GHz,dB,digitized_paper_measurement,p4_0.jpeg
508,156.0,71.36038186157518,-2.7945205479452055,0.477326968973747,0.26301369863013696,single,fig6a,S21,frequency_GHz,dB,digitized_paper_measurement,p4_0.jpeg
509,156.0,71.59904534606206,-2.7945205479452055,0.477326968973747,0.26301369863013696,single,fig6a,S21,frequency_GHz,dB,digitized_paper_measurement,p4_0.jpeg
510,155.5,71.83770883054892,-2.7616438356164386,0.477326968973747,0.23013698630136983,single,fig6a,S21,frequency_GHz,dB,digitized_paper_measurement,p4_0.jpeg
511,155.5,72.0763723150358,-2.7616438356164386,0.477326968973747,0.23013698630136983,single,fig6a,S21,frequency_GHz,dB,digitized_paper_measurement,p4_0.jpeg
512,155.5,72.31503579952268,-2.7616438356164386,0.477326968973747,0.23013698630136983,single,fig6a,S21,frequency_GHz,dB,digitized_paper_measurement,p4_0.jpeg
513,155.0,72.55369928400955,-2.728767123287671,0.477326968973747,0.1972602739726027,single,fig6a,S21,frequency_GHz,dB,digitized_paper_measurement,p4_0.jpeg
514,154.5,72.79236276849642,-2.695890410958904,0.477326968973747,0.23013698630136983,single,fig6a,S21,frequency_GHz,dB,digitized_paper_measurement,p4_0.jpeg
515,154.5,73.0310262529833,-2.695890410958904,0.477326968973747,0.23013698630136983,single,fig6a,S21,frequency_GHz,dB,digitized_paper_measurement,p4_0.jpeg
516,154.0,73.26968973747017,-2.663013698630137,0.477326968973747,0.26301369863013696,single,fig6a,S21,frequency_GHz,dB,digitized_paper_measurement,p4_0.jpeg
517,154.0,73.50835322195704,-2.663013698630137,0.477326968973747,0.26301369863013696,single,fig6a,S21,frequency_GHz,dB,digitized_paper_measurement,p4_0.jpeg
518,154.0,73.74701670644392,-2.663013698630137,0.477326968973747,0.26301369863013696,single,fig6a,S21,frequency_GHz,dB,digitized_paper_measurement,p4_0.jpeg
519,154.0,73.9856801909308,-2.663013698630137,0.477326968973747,0.26301369863013696,single,fig6a,S21,frequency_GHz,dB,digitized_paper_measurement,p4_0.jpeg
520,154.0,74.22434367541766,-2.663013698630137,0.477326968973747,0.26301369863013696,single,fig6a,S21,frequency_GHz,dB,digitized_paper_measurement,p4_0.jpeg
521,154.0,74.46300715990454,-2.663013698630137,0.477326968973747,0.26301369863013696,single,fig6a,S21,frequency_GHz,dB,digitized_paper_measurement,p4_0.jpeg
522,154.0,74.70167064439141,-2.663013698630137,0.477326968973747,0.26301369863013696,single,fig6a,S21,frequency_GHz,dB,digitized_paper_measurement,p4_0.jpeg
523,154.0,74.94033412887828,-2.663013698630137,0.477326968973747,0.26301369863013696,single,fig6a,S21,frequency_GHz,dB,digitized_paper_measurement,p4_0.jpeg
524,154.0,75.17899761336515,-2.663013698630137,0.477326968973747,0.26301369863013696,single,fig6a,S21,frequency_GHz,dB,digitized_paper_measurement,p4_0.jpeg
525,154.0,75.41766109785203,-2.663013698630137,0.477326968973747,0.26301369863013696,single,fig6a,S21,frequency_GHz,dB,digitized_paper_measurement,p4_0.jpeg
526,154.0,75.6563245823389,-2.663013698630137,0.477326968973747,0.26301369863013696,single,fig6a,S21,frequency_GHz,dB,digitized_paper_measurement,p4_0.jpeg
527,154.0,75.89498806682577,-2.663013698630137,0.477326968973747,0.26301369863013696,single,fig6a,S21,frequency_GHz,dB,digitized_paper_measurement,p4_0.jpeg
528,154.5,76.13365155131265,-2.695890410958904,0.477326968973747,0.23013698630136983,single,fig6a,S21,frequency_GHz,dB,digitized_paper_measurement,p4_0.jpeg
529,154.5,76.37231503579952,-2.695890410958904,0.477326968973747,0.23013698630136983,single,fig6a,S21,frequency_GHz,dB,digitized_paper_measurement,p4_0.jpeg
530,154.5,76.6109785202864,-2.695890410958904,0.477326968973747,0.23013698630136983,single,fig6a,S21,frequency_GHz,dB,digitized_paper_measurement,p4_0.jpeg
531,154.5,76.84964200477327,-2.695890410958904,0.477326968973747,0.23013698630136983,single,fig6a,S21,frequency_GHz,dB,digitized_paper_measurement,p4_0.jpeg
532,155.0,77.08830548926014,-2.728767123287671,0.477326968973747,0.1972602739726027,single,fig6a,S21,frequency_GHz,dB,digitized_paper_measurement,p4_0.jpeg
533,155.5,77.32696897374701,-2.7616438356164386,0.477326968973747,0.23013698630136983,single,fig6a,S21,frequency_GHz,dB,digitized_paper_measurement,p4_0.jpeg
534,155.5,77.56563245823389,-2.7616438356164386,0.477326968973747,0.23013698630136983,single,fig6a,S21,frequency_GHz,dB,digitized_paper_measurement,p4_0.jpeg
535,155.5,77.80429594272077,-2.7616438356164386,0.477326968973747,0.23013698630136983,single,fig6a,S21,frequency_GHz,dB,digitized_paper_measurement,p4_0.jpeg
536,156.0,78.04295942720763,-2.7945205479452055,0.477326968973747,0.26301369863013696,single,fig6a,S21,frequency_GHz,dB,digitized_paper_measurement,p4_0.jpeg
537,156.0,78.28162291169451,-2.7945205479452055,0.477326968973747,0.26301369863013696,single,fig6a,S21,frequency_GHz,dB,digitized_paper_measurement,p4_0.jpeg
538,156.5,78.52028639618139,-2.8273972602739725,0.477326968973747,0.23013698630136983,single,fig6a,S21,frequency_GHz,dB,digitized_paper_measurement,p4_0.jpeg
539,157.0,78.75894988066825,-2.8602739726027395,0.477326968973747,0.1972602739726027,single,fig6a,S21,frequency_GHz,dB,digitized_paper_measurement,p4_0.jpeg
540,157.5,78.99761336515513,-2.893150684931507,0.477326968973747,0.23013698630136983,single,fig6a,S21,frequency_GHz,dB,digitized_paper_measurement,p4_0.jpeg
541,157.5,79.23627684964201,-2.893150684931507,0.477326968973747,0.23013698630136983,single,fig6a,S21,frequency_GHz,dB,digitized_paper_measurement,p4_0.jpeg
542,158.0,79.47494033412887,-2.926027397260274,0.477326968973747,0.26301369863013696,single,fig6a,S21,frequency_GHz,dB,digitized_paper_measurement,p4_0.jpeg
543,158.5,79.71360381861575,-2.958904109589041,0.477326968973747,0.23013698630136983,single,fig6a,S21,frequency_GHz,dB,digitized_paper_measurement,p4_0.jpeg
544,159.5,79.95226730310263,-3.0246575342465754,0.477326968973747,0.23013698630136983,single,fig6a,S21,frequency_GHz,dB,digitized_paper_measurement,p4_0.jpeg
545,160.0,80.1909307875895,-3.0575342465753423,0.477326968973747,0.26301369863013696,single,fig6a,S21,frequency_GHz,dB,digitized_paper_measurement,p4_0.jpeg
546,161.0,80.42959427207637,-3.1232876712328768,0.477326968973747,0.26301369863013696,single,fig6a,S21,frequency_GHz,dB,digitized_paper_measurement,p4_0.jpeg
547,162.0,80.66825775656325,-3.1890410958904107,0.477326968973747,0.26301369863013696,single,fig6a,S21,frequency_GHz,dB,digitized_paper_measurement,p4_0.jpeg
548,162.0,80.90692124105011,-3.1890410958904107,0.477326968973747,0.26301369863013696,single,fig6a,S21,frequency_GHz,dB,digitized_paper_measurement,p4_0.jpeg
549,163.5,81.14558472553699,-3.287671232876712,0.477326968973747,0.23013698630136983,single,fig6a,S21,frequency_GHz,dB,digitized_paper_measurement,p4_0.jpeg
550,164.0,81.38424821002387,-3.3205479452054796,0.477326968973747,0.26301369863013696,single,fig6a,S21,frequency_GHz,dB,digitized_paper_measurement,p4_0.jpeg
551,164.0,81.62291169451073,-3.3205479452054796,0.477326968973747,0.26301369863013696,single,fig6a,S21,frequency_GHz,dB,digitized_paper_measurement,p4_0.jpeg
552,164.5,81.86157517899761,-3.3534246575342466,0.477326968973747,0.23013698630136983,single,fig6a,S21,frequency_GHz,dB,digitized_paper_measurement,p4_0.jpeg
553,164.0,82.10023866348449,-3.3205479452054796,0.477326968973747,0.26301369863013696,single,fig6a,S21,frequency_GHz,dB,digitized_paper_measurement,p4_0.jpeg
554,163.5,82.33890214797135,-3.287671232876712,0.477326968973747,0.23013698630136983,single,fig6a,S21,frequency_GHz,dB,digitized_paper_measurement,p4_0.jpeg
555,163.0,82.57756563245823,-3.254794520547945,0.477326968973747,0.26301369863013696,single,fig6a,S21,frequency_GHz,dB,digitized_paper_measurement,p4_0.jpeg
556,162.0,82.81622911694511,-3.1890410958904107,0.477326968973747,0.26301369863013696,single,fig6a,S21,frequency_GHz,dB,digitized_paper_measurement,p4_0.jpeg
557,162.0,83.05489260143199,-3.1890410958904107,0.477326968973747,0.26301369863013696,single,fig6a,S21,frequency_GHz,dB,digitized_paper_measurement,p4_0.jpeg
558,161.5,83.29355608591885,-3.1561643835616437,0.477326968973747,0.23013698630136983,single,fig6a,S21,frequency_GHz,dB,digitized_paper_measurement,p4_0.jpeg
559,161.5,83.53221957040573,-3.1561643835616437,0.477326968973747,0.23013698630136983,single,fig6a,S21,frequency_GHz,dB,digitized_paper_measurement,p4_0.jpeg
560,161.5,83.77088305489261,-3.1561643835616437,0.477326968973747,0.23013698630136983,single,fig6a,S21,frequency_GHz,dB,digitized_paper_measurement,p4_0.jpeg
561,161.5,84.00954653937947,-3.1561643835616437,0.477326968973747,0.23013698630136983,single,fig6a,S21,frequency_GHz,dB,digitized_paper_measurement,p4_0.jpeg
562,161.0,84.24821002386635,-3.1232876712328768,0.477326968973747,0.1972602739726027,single,fig6a,S21,frequency_GHz,dB,digitized_paper_measurement,p4_0.jpeg
563,160.5,84.48687350835323,-3.0904109589041098,0.477326968973747,0.23013698630136983,single,fig6a,S21,frequency_GHz,dB,digitized_paper_measurement,p4_0.jpeg
564,160.5,84.72553699284009,-3.0904109589041098,0.477326968973747,0.23013698630136983,single,fig6a,S21,frequency_GHz,dB,digitized_paper_measurement,p4_0.jpeg
565,160.5,84.96420047732697,-3.0904109589041098,0.477326968973747,0.23013698630136983,single,fig6a,S21,frequency_GHz,dB,digitized_paper_measurement,p4_0.jpeg
566,160.5,85.20286396181385,-3.0904109589041098,0.477326968973747,0.23013698630136983,single,fig6a,S21,frequency_GHz,dB,digitized_paper_measurement,p4_0.jpeg
567,160.5,85.44152744630071,-3.0904109589041098,0.477326968973747,0.23013698630136983,single,fig6a,S21,frequency_GHz,dB,digitized_paper_measurement,p4_0.jpeg
568,160.5,85.68019093078759,-3.0904109589041098,0.477326968973747,0.23013698630136983,single,fig6a,S21,frequency_GHz,dB,digitized_paper_measurement,p4_0.jpeg
569,160.5,85.91885441527447,-3.0904109589041098,0.477326968973747,0.23013698630136983,single,fig6a,S21,frequency_GHz,dB,digitized_paper_measurement,p4_0.jpeg
570,160.5,86.15751789976133,-3.0904109589041098,0.477326968973747,0.23013698630136983,single,fig6a,S21,frequency_GHz,dB,digitized_paper_measurement,p4_0.jpeg
571,160.5,86.39618138424821,-3.0904109589041098,0.477326968973747,0.23013698630136983,single,fig6a,S21,frequency_GHz,dB,digitized_paper_measurement,p4_0.jpeg
572,160.5,86.63484486873509,-3.0904109589041098,0.477326968973747,0.23013698630136983,single,fig6a,S21,frequency_GHz,dB,digitized_paper_measurement,p4_0.jpeg
573,161.0,86.87350835322195,-3.1232876712328768,0.477326968973747,0.1972602739726027,single,fig6a,S21,frequency_GHz,dB,digitized_paper_measurement,p4_0.jpeg
574,161.5,87.11217183770883,-3.1561643835616437,0.477326968973747,0.23013698630136983,single,fig6a,S21,frequency_GHz,dB,digitized_paper_measurement,p4_0.jpeg
575,161.5,87.3508353221957,-3.1561643835616437,0.477326968973747,0.23013698630136983,single,fig6a,S21,frequency_GHz,dB,digitized_paper_measurement,p4_0.jpeg
576,162.0,87.58949880668258,-3.1890410958904107,0.477326968973747,0.26301369863013696,single,fig6a,S21,frequency_GHz,dB,digitized_paper_measurement,p4_0.jpeg
577,162.0,87.82816229116945,-3.1890410958904107,0.477326968973747,0.26301369863013696,single,fig6a,S21,frequency_GHz,dB,digitized_paper_measurement,p4_0.jpeg
578,162.0,88.06682577565633,-3.1890410958904107,0.477326968973747,0.26301369863013696,single,fig6a,S21,frequency_GHz,dB,digitized_paper_measurement,p4_0.jpeg
579,163.0,88.3054892601432,-3.254794520547945,0.477326968973747,0.1972602739726027,single,fig6a,S21,frequency_GHz,dB,digitized_paper_measurement,p4_0.jpeg
580,163.5,88.54415274463007,-3.287671232876712,0.477326968973747,0.23013698630136983,single,fig6a,S21,frequency_GHz,dB,digitized_paper_measurement,p4_0.jpeg
581,164.0,88.78281622911695,-3.3205479452054796,0.477326968973747,0.26301369863013696,single,fig6a,S21,frequency_GHz,dB,digitized_paper_measurement,p4_0.jpeg
582,164.0,89.02147971360382,-3.3205479452054796,0.477326968973747,0.26301369863013696,single,fig6a,S21,frequency_GHz,dB,digitized_paper_measurement,p4_0.jpeg
583,165.0,89.26014319809069,-3.3863013698630136,0.477326968973747,0.26301369863013696,single,fig6a,S21,frequency_GHz,dB,digitized_paper_measurement,p4_0.jpeg
584,166.0,89.49880668257757,-3.452054794520548,0.477326968973747,0.26301369863013696,single,fig6a,S21,frequency_GHz,dB,digitized_paper_measurement,p4_0.jpeg
585,166.5,89.73747016706444,-3.484931506849315,0.477326968973747,0.29589041095890406,single,fig6a,S21,frequency_GHz,dB,digitized_paper_measurement,p4_0.jpeg
586,167.5,89.97613365155131,-3.5506849315068494,0.477326968973747,0.23013698630136983,single,fig6a,S21,frequency_GHz,dB,digitized_paper_measurement,p4_0.jpeg
587,168.5,90.21479713603819,-3.6164383561643834,0.477326968973747,0.29589041095890406,single,fig6a,S21,frequency_GHz,dB,digitized_paper_measurement,p4_0.jpeg
588,169.5,90.45346062052506,-3.682191780821918,0.477326968973747,0.29589041095890406,single,fig6a,S21,frequency_GHz,dB,digitized_paper_measurement,p4_0.jpeg
589,170.0,90.69212410501193,-3.7150684931506848,0.477326968973747,0.26301369863013696,single,fig6a,S21,frequency_GHz,dB,digitized_paper_measurement,p4_0.jpeg
590,171.0,90.9307875894988,-3.780821917808219,0.477326968973747,0.26301369863013696,single,fig6a,S21,frequency_GHz,dB,digitized_paper_measurement,p4_0.jpeg
591,171.5,91.16945107398568,-3.813698630136986,0.477326968973747,0.23013698630136983,single,fig6a,S21,frequency_GHz,dB,digitized_paper_measurement,p4_0.jpeg
592,172.0,91.40811455847255,-3.8465753424657536,0.477326968973747,0.26301369863013696,single,fig6a,S21,frequency_GHz,dB,digitized_paper_measurement,p4_0.jpeg
593,172.0,91.64677804295943,-3.8465753424657536,0.477326968973747,0.26301369863013696,single,fig6a,S21,frequency_GHz,dB,digitized_paper_measurement,p4_0.jpeg
594,172.0,91.8854415274463,-3.8465753424657536,0.477326968973747,0.26301369863013696,single,fig6a,S21,frequency_GHz,dB,digitized_paper_measurement,p4_0.jpeg
595,172.0,92.12410501193317,-3.8465753424657536,0.477326968973747,0.26301369863013696,single,fig6a,S21,frequency_GHz,dB,digitized_paper_measurement,p4_0.jpeg
596,172.0,92.36276849642005,-3.8465753424657536,0.477326968973747,0.26301369863013696,single,fig6a,S21,frequency_GHz,dB,digitized_paper_measurement,p4_0.jpeg
597,171.5,92.60143198090692,-3.813698630136986,0.477326968973747,0.23013698630136983,single,fig6a,S21,frequency_GHz,dB,digitized_paper_measurement,p4_0.jpeg
598,171.0,92.8400954653938,-3.780821917808219,0.477326968973747,0.26301369863013696,single,fig6a,S21,frequency_GHz,dB,digitized_paper_measurement,p4_0.jpeg
599,170.0,93.07875894988067,-3.7150684931506848,0.477326968973747,0.26301369863013696,single,fig6a,S21,frequency_GHz,dB,digitized_paper_measurement,p4_0.jpeg
600,169.5,93.31742243436754,-3.682191780821918,0.477326968973747,0.23013698630136983,single,fig6a,S21,frequency_GHz,dB,digitized_paper_measurement,p4_0.jpeg
601,169.5,93.55608591885442,-3.682191780821918,0.477326968973747,0.23013698630136983,single,fig6a,S21,frequency_GHz,dB,digitized_paper_measurement,p4_0.jpeg
602,168.5,93.79474940334129,-3.6164383561643834,0.477326968973747,0.23013698630136983,single,fig6a,S21,frequency_GHz,dB,digitized_paper_measurement,p4_0.jpeg
603,168.0,94.03341288782816,-3.5835616438356164,0.477326968973747,0.26301369863013696,single,fig6a,S21,frequency_GHz,dB,digitized_paper_measurement,p4_0.jpeg
604,168.0,94.27207637231504,-3.5835616438356164,0.477326968973747,0.26301369863013696,single,fig6a,S21,frequency_GHz,dB,digitized_paper_measurement,p4_0.jpeg
605,168.0,94.5107398568019,-3.5835616438356164,0.477326968973747,0.26301369863013696,single,fig6a,S21,frequency_GHz,dB,digitized_paper_measurement,p4_0.jpeg
606,168.0,94.74940334128878,-3.5835616438356164,0.477326968973747,0.26301369863013696,single,fig6a,S21,frequency_GHz,dB,digitized_paper_measurement,p4_0.jpeg
607,168.0,94.98806682577566,-3.5835616438356164,0.477326968973747,0.26301369863013696,single,fig6a,S21,frequency_GHz,dB,digitized_paper_measurement,p4_0.jpeg
608,168.0,95.22673031026252,-3.5835616438356164,0.477326968973747,0.26301369863013696,single,fig6a,S21,frequency_GHz,dB,digitized_paper_measurement,p4_0.jpeg
609,168.0,95.4653937947494,-3.5835616438356164,0.477326968973747,0.26301369863013696,single,fig6a,S21,frequency_GHz,dB,digitized_paper_measurement,p4_0.jpeg
610,168.5,95.70405727923628,-3.6164383561643834,0.477326968973747,0.23013698630136983,single,fig6a,S21,frequency_GHz,dB,digitized_paper_measurement,p4_0.jpeg
611,168.5,95.94272076372314,-3.6164383561643834,0.477326968973747,0.23013698630136983,single,fig6a,S21,frequency_GHz,dB,digitized_paper_measurement,p4_0.jpeg
612,169.0,96.18138424821002,-3.649315068493151,0.477326968973747,0.1972602739726027,single,fig6a,S21,frequency_GHz,dB,digitized_paper_measurement,p4_0.jpeg
613,169.5,96.4200477326969,-3.682191780821918,0.477326968973747,0.23013698630136983,single,fig6a,S21,frequency_GHz,dB,digitized_paper_measurement,p4_0.jpeg
614,169.5,96.65871121718376,-3.682191780821918,0.477326968973747,0.23013698630136983,single,fig6a,S21,frequency_GHz,dB,digitized_paper_measurement,p4_0.jpeg
615,169.5,96.89737470167064,-3.682191780821918,0.477326968973747,0.23013698630136983,single,fig6a,S21,frequency_GHz,dB,digitized_paper_measurement,p4_0.jpeg
616,169.5,97.13603818615752,-3.682191780821918,0.477326968973747,0.23013698630136983,single,fig6a,S21,frequency_GHz,dB,digitized_paper_measurement,p4_0.jpeg
617,169.5,97.37470167064438,-3.682191780821918,0.477326968973747,0.23013698630136983,single,fig6a,S21,frequency_GHz,dB,digitized_paper_measurement,p4_0.jpeg
618,170.0,97.61336515513126,-3.7150684931506848,0.477326968973747,0.26301369863013696,single,fig6a,S21,frequency_GHz,dB,digitized_paper_measurement,p4_0.jpeg
619,170.5,97.85202863961814,-3.747945205479452,0.477326968973747,0.23013698630136983,single,fig6a,S21,frequency_GHz,dB,digitized_paper_measurement,p4_0.jpeg
620,170.5,98.09069212410502,-3.747945205479452,0.477326968973747,0.23013698630136983,single,fig6a,S21,frequency_GHz,dB,digitized_paper_measurement,p4_0.jpeg
621,171.0,98.32935560859188,-3.780821917808219,0.477326968973747,0.1972602739726027,single,fig6a,S21,frequency_GHz,dB,digitized_paper_measurement,p4_0.jpeg
622,171.5,98.56801909307876,-3.813698630136986,0.477326968973747,0.23013698630136983,single,fig6a,S21,frequency_GHz,dB,digitized_paper_measurement,p4_0.jpeg
623,171.5,98.80668257756564,-3.813698630136986,0.477326968973747,0.23013698630136983,single,fig6a,S21,frequency_GHz,dB,digitized_paper_measurement,p4_0.jpeg
624,172.0,99.0453460620525,-3.8465753424657536,0.477326968973747,0.26301369863013696,single,fig6a,S21,frequency_GHz,dB,digitized_paper_measurement,p4_0.jpeg
625,173.0,99.28400954653938,-3.9123287671232876,0.477326968973747,0.26301369863013696,single,fig6a,S21,frequency_GHz,dB,digitized_paper_measurement,p4_0.jpeg
626,173.0,99.52267303102626,-3.9123287671232876,0.477326968973747,0.26301369863013696,single,fig6a,S21,frequency_GHz,dB,digitized_paper_measurement,p4_0.jpeg
627,174.0,99.76133651551312,-3.978082191780822,0.477326968973747,0.26301369863013696,single,fig6a,S21,frequency_GHz,dB,digitized_paper_measurement,p4_0.jpeg
628,175.0,100.0,-4.043835616438356,0.477326968973747,0.26301369863013696,single,fig6a,S21,frequency_GHz,dB,digitized_paper_measurement,p4_0.jpeg
629,176.0,100.23866348448688,-4.109589041095891,0.477326968973747,0.26301369863013696,single,fig6a,S21,frequency_GHz,dB,digitized_paper_measurement,p4_0.jpeg
630,176.5,100.47732696897374,-4.142465753424657,0.477326968973747,0.29589041095890406,single,fig6a,S21,frequency_GHz,dB,digitized_paper_measurement,p4_0.jpeg
631,178.0,100.71599045346062,-4.241095890410959,0.477326968973747,0.26301369863013696,single,fig6a,S21,frequency_GHz,dB,digitized_paper_measurement,p4_0.jpeg
632,178.0,100.9546539379475,-4.241095890410959,0.477326968973747,0.26301369863013696,single,fig6a,S21,frequency_GHz,dB,digitized_paper_measurement,p4_0.jpeg
633,179.0,101.19331742243436,-4.306849315068493,0.477326968973747,0.26301369863013696,single,fig6a,S21,frequency_GHz,dB,digitized_paper_measurement,p4_0.jpeg
634,180.0,101.43198090692124,-4.372602739726028,0.477326968973747,0.26301369863013696,single,fig6a,S21,frequency_GHz,dB,digitized_paper_measurement,p4_0.jpeg
635,180.0,101.67064439140812,-4.372602739726028,0.477326968973747,0.26301369863013696,single,fig6a,S21,frequency_GHz,dB,digitized_paper_measurement,p4_0.jpeg
636,180.5,101.90930787589498,-4.405479452054794,0.477326968973747,0.23013698630136983,single,fig6a,S21,frequency_GHz,dB,digitized_paper_measurement,p4_0.jpeg
637,180.5,102.14797136038186,-4.405479452054794,0.477326968973747,0.23013698630136983,single,fig6a,S21,frequency_GHz,dB,digitized_paper_measurement,p4_0.jpeg
638,180.5,102.38663484486874,-4.405479452054794,0.477326968973747,0.23013698630136983,single,fig6a,S21,frequency_GHz,dB,digitized_paper_measurement,p4_0.jpeg
639,180.0,102.62529832935562,-4.372602739726028,0.477326968973747,0.26301369863013696,single,fig6a,S21,frequency_GHz,dB,digitized_paper_measurement,p4_0.jpeg
640,179.5,102.86396181384248,-4.33972602739726,0.477326968973747,0.23013698630136983,single,fig6a,S21,frequency_GHz,dB,digitized_paper_measurement,p4_0.jpeg
641,179.5,103.10262529832936,-4.33972602739726,0.477326968973747,0.23013698630136983,single,fig6a,S21,frequency_GHz,dB,digitized_paper_measurement,p4_0.jpeg
642,178.0,103.34128878281624,-4.241095890410959,0.477326968973747,0.26301369863013696,single,fig6a,S21,frequency_GHz,dB,digitized_paper_measurement,p4_0.jpeg
643,178.0,103.5799522673031,-4.241095890410959,0.477326968973747,0.26301369863013696,single,fig6a,S21,frequency_GHz,dB,digitized_paper_measurement,p4_0.jpeg
644,178.0,103.81861575178998,-4.241095890410959,0.477326968973747,0.26301369863013696,single,fig6a,S21,frequency_GHz,dB,digitized_paper_measurement,p4_0.jpeg
645,178.0,104.05727923627686,-4.241095890410959,0.477326968973747,0.26301369863013696,single,fig6a,S21,frequency_GHz,dB,digitized_paper_measurement,p4_0.jpeg
646,177.5,104.29594272076372,-4.208219178082191,0.477326968973747,0.23013698630136983,single,fig6a,S21,frequency_GHz,dB,digitized_paper_measurement,p4_0.jpeg
647,177.5,104.5346062052506,-4.208219178082191,0.477326968973747,0.23013698630136983,single,fig6a,S21,frequency_GHz,dB,digitized_paper_measurement,p4_0.jpeg
648,177.5,104.77326968973748,-4.208219178082191,0.477326968973747,0.23013698630136983,single,fig6a,S21,frequency_GHz,dB,digitized_paper_measurement,p4_0.jpeg
649,177.5,105.01193317422434,-4.208219178082191,0.477326968973747,0.23013698630136983,single,fig6a,S21,frequency_GHz,dB,digitized_paper_measurement,p4_0.jpeg
650,177.5,105.25059665871122,-4.208219178082191,0.477326968973747,0.23013698630136983,single,fig6a,S21,frequency_GHz,dB,digitized_paper_measurement,p4_0.jpeg
651,177.5,105.4892601431981,-4.208219178082191,0.477326968973747,0.23013698630136983,single,fig6a,S21,frequency_GHz,dB,digitized_paper_measurement,p4_0.jpeg
652,177.5,105.72792362768496,-4.208219178082191,0.477326968973747,0.23013698630136983,single,fig6a,S21,frequency_GHz,dB,digitized_paper_measurement,p4_0.jpeg
653,177.5,105.96658711217184,-4.208219178082191,0.477326968973747,0.23013698630136983,single,fig6a,S21,frequency_GHz,dB,digitized_paper_measurement,p4_0.jpeg
654,177.5,106.20525059665871,-4.208219178082191,0.477326968973747,0.23013698630136983,single,fig6a,S21,frequency_GHz,dB,digitized_paper_measurement,p4_0.jpeg
655,177.5,106.44391408114558,-4.208219178082191,0.477326968973747,0.23013698630136983,single,fig6a,S21,frequency_GHz,dB,digitized_paper_measurement,p4_0.jpeg
656,178.0,106.68257756563246,-4.241095890410959,0.477326968973747,0.26301369863013696,single,fig6a,S21,frequency_GHz,dB,digitized_paper_measurement,p4_0.jpeg
657,178.0,106.92124105011933,-4.241095890410959,0.477326968973747,0.26301369863013696,single,fig6a,S21,frequency_GHz,dB,digitized_paper_measurement,p4_0.jpeg
658,178.0,107.1599045346062,-4.241095890410959,0.477326968973747,0.26301369863013696,single,fig6a,S21,frequency_GHz,dB,digitized_paper_measurement,p4_0.jpeg
659,178.0,107.39856801909308,-4.241095890410959,0.477326968973747,0.26301369863013696,single,fig6a,S21,frequency_GHz,dB,digitized_paper_measurement,p4_0.jpeg
660,178.5,107.63723150357995,-4.273972602739726,0.477326968973747,0.23013698630136983,single,fig6a,S21,frequency_GHz,dB,digitized_paper_measurement,p4_0.jpeg
661,179.5,107.87589498806683,-4.33972602739726,0.477326968973747,0.23013698630136983,single,fig6a,S21,frequency_GHz,dB,digitized_paper_measurement,p4_0.jpeg
662,179.5,108.1145584725537,-4.33972602739726,0.477326968973747,0.23013698630136983,single,fig6a,S21,frequency_GHz,dB,digitized_paper_measurement,p4_0.jpeg
663,180.0,108.35322195704057,-4.372602739726028,0.477326968973747,0.26301369863013696,single,fig6a,S21,frequency_GHz,dB,digitized_paper_measurement,p4_0.jpeg
664,180.0,108.59188544152745,-4.372602739726028,0.477326968973747,0.26301369863013696,single,fig6a,S21,frequency_GHz,dB,digitized_paper_measurement,p4_0.jpeg
665,181.0,108.83054892601432,-4.438356164383562,0.477326968973747,0.26301369863013696,single,fig6a,S21,frequency_GHz,dB,digitized_paper_measurement,p4_0.jpeg
666,181.5,109.0692124105012,-4.471232876712329,0.477326968973747,0.23013698630136983,single,fig6a,S21,frequency_GHz,dB,digitized_paper_measurement,p4_0.jpeg
667,182.0,109.30787589498807,-4.504109589041096,0.477326968973747,0.26301369863013696,single,fig6a,S21,frequency_GHz,dB,digitized_paper_measurement,p4_0.jpeg
668,182.0,109.54653937947494,-4.504109589041096,0.477326968973747,0.26301369863013696,single,fig6a,S21,frequency_GHz,dB,digitized_paper_measurement,p4_0.jpeg
669,182.5,109.78520286396181,-4.536986301369863,0.477326968973747,0.23013698630136983,single,fig6a,S21,frequency_GHz,dB,digitized_paper_measurement,p4_0.jpeg
670,183.5,110.02386634844869,-4.602739726027397,0.477326968973747,0.23013698630136983,single,fig6a,S21,frequency_GHz,dB,digitized_paper_measurement,p4_0.jpeg
671,183.5,110.26252983293556,-4.602739726027397,0.477326968973747,0.23013698630136983,single,fig6a,S21,frequency_GHz,dB,digitized_paper_measurement,p4_0.jpeg
672,183.5,110.50119331742243,-4.602739726027397,0.477326968973747,0.23013698630136983,single,fig6a,S21,frequency_GHz,dB,digitized_paper_measurement,p4_0.jpeg
673,184.5,110.73985680190931,-4.668493150684932,0.477326968973747,0.23013698630136983,single,fig6a,S21,frequency_GHz,dB,digitized_paper_measurement,p4_0.jpeg
674,184.5,110.97852028639618,-4.668493150684932,0.477326968973747,0.23013698630136983,single,fig6a,S21,frequency_GHz,dB,digitized_paper_measurement,p4_0.jpeg
675,185.5,111.21718377088305,-4.734246575342466,0.477326968973747,0.23013698630136983,single,fig6a,S21,frequency_GHz,dB,digitized_paper_measurement,p4_0.jpeg
676,185.5,111.45584725536993,-4.734246575342466,0.477326968973747,0.23013698630136983,single,fig6a,S21,frequency_GHz,dB,digitized_paper_measurement,p4_0.jpeg
677,186.0,111.6945107398568,-4.767123287671233,0.477326968973747,0.26301369863013696,single,fig6a,S21,frequency_GHz,dB,digitized_paper_measurement,p4_0.jpeg
678,186.0,111.93317422434367,-4.767123287671233,0.477326968973747,0.26301369863013696,single,fig6a,S21,frequency_GHz,dB,digitized_paper_measurement,p4_0.jpeg
679,187.0,112.17183770883055,-4.832876712328767,0.477326968973747,0.1972602739726027,single,fig6a,S21,frequency_GHz,dB,digitized_paper_measurement,p4_0.jpeg
680,187.5,112.41050119331742,-4.865753424657535,0.477326968973747,0.23013698630136983,single,fig6a,S21,frequency_GHz,dB,digitized_paper_measurement,p4_0.jpeg
681,187.5,112.6491646778043,-4.865753424657535,0.477326968973747,0.23013698630136983,single,fig6a,S21,frequency_GHz,dB,digitized_paper_measurement,p4_0.jpeg
682,187.5,112.88782816229117,-4.865753424657535,0.477326968973747,0.23013698630136983,single,fig6a,S21,frequency_GHz,dB,digitized_paper_measurement,p4_0.jpeg
683,187.5,113.12649164677805,-4.865753424657535,0.477326968973747,0.23013698630136983,single,fig6a,S21,frequency_GHz,dB,digitized_paper_measurement,p4_0.jpeg
684,187.0,113.36515513126491,-4.832876712328767,0.477326968973747,0.26301369863013696,single,fig6a,S21,frequency_GHz,dB,digitized_paper_measurement,p4_0.jpeg
685,186.0,113.60381861575179,-4.767123287671233,0.477326968973747,0.26301369863013696,single,fig6a,S21,frequency_GHz,dB,digitized_paper_measurement,p4_0.jpeg
686,185.0,113.84248210023867,-4.701369863013698,0.477326968973747,0.26301369863013696,single,fig6a,S21,frequency_GHz,dB,digitized_paper_measurement,p4_0.jpeg
687,184.0,114.08114558472553,-4.635616438356164,0.477326968973747,0.26301369863013696,single,fig6a,S21,frequency_GHz,dB,digitized_paper_measurement,p4_0.jpeg
688,183.0,114.31980906921241,-4.5698630136986305,0.477326968973747,0.26301369863013696,single,fig6a,S21,frequency_GHz,dB,digitized_paper_measurement,p4_0.jpeg
689,182.0,114.55847255369929,-4.504109589041096,0.477326968973747,0.26301369863013696,single,fig6a,S21,frequency_GHz,dB,digitized_paper_measurement,p4_0.jpeg
690,181.0,114.79713603818615,-4.438356164383562,0.477326968973747,0.26301369863013696,single,fig6a,S21,frequency_GHz,dB,digitized_paper_measurement,p4_0.jpeg
691,180.0,115.03579952267303,-4.372602739726028,0.477326968973747,0.26301369863013696,single,fig6a,S21,frequency_GHz,dB,digitized_paper_measurement,p4_0.jpeg
692,180.0,115.27446300715991,-4.372602739726028,0.477326968973747,0.26301369863013696,single,fig6a,S21,frequency_GHz,dB,digitized_paper_measurement,p4_0.jpeg
693,179.5,115.51312649164677,-4.33972602739726,0.477326968973747,0.23013698630136983,single,fig6a,S21,frequency_GHz,dB,digitized_paper_measurement,p4_0.jpeg
694,178.5,115.75178997613365,-4.273972602739726,0.477326968973747,0.23013698630136983,single,fig6a,S21,frequency_GHz,dB,digitized_paper_measurement,p4_0.jpeg
695,178.0,115.99045346062053,-4.241095890410959,0.477326968973747,0.26301369863013696,single,fig6a,S21,frequency_GHz,dB,digitized_paper_measurement,p4_0.jpeg
696,178.0,116.22911694510739,-4.241095890410959,0.477326968973747,0.26301369863013696,single,fig6a,S21,frequency_GHz,dB,digitized_paper_measurement,p4_0.jpeg
697,177.5,116.46778042959427,-4.208219178082191,0.477326968973747,0.23013698630136983,single,fig6a,S21,frequency_GHz,dB,digitized_paper_measurement,p4_0.jpeg
698,177.5,116.70644391408115,-4.208219178082191,0.477326968973747,0.23013698630136983,single,fig6a,S21,frequency_GHz,dB,digitized_paper_measurement,p4_0.jpeg
699,177.5,116.94510739856801,-4.208219178082191,0.477326968973747,0.23013698630136983,single,fig6a,S21,frequency_GHz,dB,digitized_paper_measurement,p4_0.jpeg
700,178.0,117.18377088305489,-4.241095890410959,0.477326968973747,0.26301369863013696,single,fig6a,S21,frequency_GHz,dB,digitized_paper_measurement,p4_0.jpeg
701,179.0,117.42243436754177,-4.306849315068493,0.477326968973747,0.26301369863013696,single,fig6a,S21,frequency_GHz,dB,digitized_paper_measurement,p4_0.jpeg
702,179.5,117.66109785202865,-4.33972602739726,0.477326968973747,0.29589041095890406,single,fig6a,S21,frequency_GHz,dB,digitized_paper_measurement,p4_0.jpeg
703,180.5,117.89976133651551,-4.405479452054794,0.477326968973747,0.29589041095890406,single,fig6a,S21,frequency_GHz,dB,digitized_paper_measurement,p4_0.jpeg
704,182.0,118.13842482100239,-4.504109589041096,0.477326968973747,0.3287671232876712,single,fig6a,S21,frequency_GHz,dB,digitized_paper_measurement,p4_0.jpeg
705,184.0,118.37708830548927,-4.635616438356164,0.477326968973747,0.3287671232876712,single,fig6a,S21,frequency_GHz,dB,digitized_paper_measurement,p4_0.jpeg
706,185.5,118.61575178997613,-4.734246575342466,0.477326968973747,0.3616438356164383,single,fig6a,S21,frequency_GHz,dB,digitized_paper_measurement,p4_0.jpeg
707,187.0,118.85441527446301,-4.832876712328767,0.477326968973747,0.3287671232876712,single,fig6a,S21,frequency_GHz,dB,digitized_paper_measurement,p4_0.jpeg
708,187.5,119.09307875894989,-4.865753424657535,0.477326968973747,0.3616438356164383,single,fig6a,S21,frequency_GHz,dB,digitized_paper_measurement,p4_0.jpeg
709,189.0,119.33174224343675,-4.964383561643835,0.477326968973747,0.26301369863013696,single,fig6a,S21,frequency_GHz,dB,digitized_paper_measurement,p4_0.jpeg
710,190.5,119.57040572792363,-5.063013698630137,0.477326968973747,0.29589041095890406,single,fig6a,S21,frequency_GHz,dB,digitized_paper_measurement,p4_0.jpeg
711,191.5,119.8090692124105,-5.1287671232876715,0.477326968973747,0.23013698630136983,single,fig6a,S21,frequency_GHz,dB,digitized_paper_measurement,p4_0.jpeg
712,192.0,120.04773269689737,-5.161643835616438,0.477326968973747,0.26301369863013696,single,fig6a,S21,frequency_GHz,dB,digitized_paper_measurement,p4_0.jpeg
713,192.5,120.28639618138425,-5.1945205479452055,0.477326968973747,0.23013698630136983,single,fig6a,S21,frequency_GHz,dB,digitized_paper_measurement,p4_0.jpeg
714,193.0,120.52505966587113,-5.227397260273973,0.477326968973747,0.1972602739726027,single,fig6a,S21,frequency_GHz,dB,digitized_paper_measurement,p4_0.jpeg
715,192.5,120.76372315035799,-5.1945205479452055,0.477326968973747,0.23013698630136983,single,fig6a,S21,frequency_GHz,dB,digitized_paper_measurement,p4_0.jpeg
716,192.5,121.00238663484487,-5.1945205479452055,0.477326968973747,0.23013698630136983,single,fig6a,S21,frequency_GHz,dB,digitized_paper_measurement,p4_0.jpeg
717,192.0,121.24105011933175,-5.161643835616438,0.477326968973747,0.26301369863013696,single,fig6a,S21,frequency_GHz,dB,digitized_paper_measurement,p4_0.jpeg
718,191.5,121.47971360381861,-5.1287671232876715,0.477326968973747,0.23013698630136983,single,fig6a,S21,frequency_GHz,dB,digitized_paper_measurement,p4_0.jpeg
719,191.5,121.71837708830549,-5.1287671232876715,0.477326968973747,0.23013698630136983,single,fig6a,S21,frequency_GHz,dB,digitized_paper_measurement,p4_0.jpeg
720,191.5,121.95704057279237,-5.1287671232876715,0.477326968973747,0.23013698630136983,single,fig6a,S21,frequency_GHz,dB,digitized_paper_measurement,p4_0.jpeg
721,191.5,122.19570405727923,-5.1287671232876715,0.477326968973747,0.23013698630136983,single,fig6a,S21,frequency_GHz,dB,digitized_paper_measurement,p4_0.jpeg
722,191.5,122.43436754176611,-5.1287671232876715,0.477326968973747,0.23013698630136983,single,fig6a,S21,frequency_GHz,dB,digitized_paper_measurement,p4_0.jpeg
723,191.5,122.67303102625299,-5.1287671232876715,0.477326968973747,0.23013698630136983,single,fig6a,S21,frequency_GHz,dB,digitized_paper_measurement,p4_0.jpeg
724,190.5,122.91169451073986,-5.063013698630137,0.477326968973747,0.29589041095890406,single,fig6a,S21,frequency_GHz,dB,digitized_paper_measurement,p4_0.jpeg
725,190.0,123.15035799522673,-5.03013698630137,0.477326968973747,0.26301369863013696,single,fig6a,S21,frequency_GHz,dB,digitized_paper_measurement,p4_0.jpeg
726,188.5,123.3890214797136,-4.931506849315069,0.477326968973747,0.29589041095890406,single,fig6a,S21,frequency_GHz,dB,digitized_paper_measurement,p4_0.jpeg
727,187.5,123.62768496420048,-4.865753424657535,0.477326968973747,0.29589041095890406,single,fig6a,S21,frequency_GHz,dB,digitized_paper_measurement,p4_0.jpeg
728,185.5,123.86634844868735,-4.734246575342466,0.477326968973747,0.3616438356164383,single,fig6a,S21,frequency_GHz,dB,digitized_paper_measurement,p4_0.jpeg
729,184.5,124.10501193317423,-4.668493150684932,0.477326968973747,0.29589041095890406,single,fig6a,S21,frequency_GHz,dB,digitized_paper_measurement,p4_0.jpeg
730,183.5,124.3436754176611,-4.602739726027397,0.477326968973747,0.29589041095890406,single,fig6a,S21,frequency_GHz,dB,digitized_paper_measurement,p4_0.jpeg
731,182.5,124.58233890214797,-4.536986301369863,0.477326968973747,0.29589041095890406,single,fig6a,S21,frequency_GHz,dB,digitized_paper_measurement,p4_0.jpeg
732,181.5,124.82100238663485,-4.471232876712329,0.477326968973747,0.29589041095890406,single,fig6a,S21,frequency_GHz,dB,digitized_paper_measurement,p4_0.jpeg
733,180.0,125.05966587112172,-4.372602739726028,0.477326968973747,0.26301369863013696,single,fig6a,S21,frequency_GHz,dB,digitized_paper_measurement,p4_0.jpeg
734,180.0,125.29832935560859,-4.372602739726028,0.477326968973747,0.26301369863013696,single,fig6a,S21,frequency_GHz,dB,digitized_paper_measurement,p4_0.jpeg
735,179.0,125.53699284009546,-4.306849315068493,0.477326968973747,0.26301369863013696,single,fig6a,S21,frequency_GHz,dB,digitized_paper_measurement,p4_0.jpeg
736,178.0,125.77565632458234,-4.241095890410959,0.477326968973747,0.26301369863013696,single,fig6a,S21,frequency_GHz,dB,digitized_paper_measurement,p4_0.jpeg
737,177.5,126.0143198090692,-4.208219178082191,0.477326968973747,0.23013698630136983,single,fig6a,S21,frequency_GHz,dB,digitized_paper_measurement,p4_0.jpeg
738,177.5,126.25298329355608,-4.208219178082191,0.477326968973747,0.23013698630136983,single,fig6a,S21,frequency_GHz,dB,digitized_paper_measurement,p4_0.jpeg
739,177.5,126.49164677804296,-4.208219178082191,0.477326968973747,0.23013698630136983,single,fig6a,S21,frequency_GHz,dB,digitized_paper_measurement,p4_0.jpeg
740,178.0,126.73031026252983,-4.241095890410959,0.477326968973747,0.26301369863013696,single,fig6a,S21,frequency_GHz,dB,digitized_paper_measurement,p4_0.jpeg
741,178.0,126.9689737470167,-4.241095890410959,0.477326968973747,0.26301369863013696,single,fig6a,S21,frequency_GHz,dB,digitized_paper_measurement,p4_0.jpeg
742,179.0,127.20763723150358,-4.306849315068493,0.477326968973747,0.26301369863013696,single,fig6a,S21,frequency_GHz,dB,digitized_paper_measurement,p4_0.jpeg
743,179.5,127.44630071599045,-4.33972602739726,0.477326968973747,0.23013698630136983,single,fig6a,S21,frequency_GHz,dB,digitized_paper_measurement,p4_0.jpeg
744,180.0,127.68496420047732,-4.372602739726028,0.477326968973747,0.26301369863013696,single,fig6a,S21,frequency_GHz,dB,digitized_paper_measurement,p4_0.jpeg
745,180.0,127.9236276849642,-4.372602739726028,0.477326968973747,0.26301369863013696,single,fig6a,S21,frequency_GHz,dB,digitized_paper_measurement,p4_0.jpeg
746,181.5,128.16229116945107,-4.471232876712329,0.477326968973747,0.23013698630136983,single,fig6a,S21,frequency_GHz,dB,digitized_paper_measurement,p4_0.jpeg
747,182.0,128.40095465393796,-4.504109589041096,0.477326968973747,0.26301369863013696,single,fig6a,S21,frequency_GHz,dB,digitized_paper_measurement,p4_0.jpeg
748,182.5,128.63961813842482,-4.536986301369863,0.477326968973747,0.29589041095890406,single,fig6a,S21,frequency_GHz,dB,digitized_paper_measurement,p4_0.jpeg
749,183.5,128.8782816229117,-4.602739726027397,0.477326968973747,0.23013698630136983,single,fig6a,S21,frequency_GHz,dB,digitized_paper_measurement,p4_0.jpeg
750,184.0,129.11694510739858,-4.635616438356164,0.477326968973747,0.26301369863013696,single,fig6a,S21,frequency_GHz,dB,digitized_paper_measurement,p4_0.jpeg
751,184.0,129.35560859188544,-4.635616438356164,0.477326968973747,0.26301369863013696,single,fig6a,S21,frequency_GHz,dB,digitized_paper_measurement,p4_0.jpeg
752,185.5,129.5942720763723,-4.734246575342466,0.477326968973747,0.23013698630136983,single,fig6a,S21,frequency_GHz,dB,digitized_paper_measurement,p4_0.jpeg
753,185.5,129.8329355608592,-4.734246575342466,0.477326968973747,0.23013698630136983,single,fig6a,S21,frequency_GHz,dB,digitized_paper_measurement,p4_0.jpeg
754,185.5,130.07159904534606,-4.734246575342466,0.477326968973747,0.23013698630136983,single,fig6a,S21,frequency_GHz,dB,digitized_paper_measurement,p4_0.jpeg
755,185.5,130.31026252983293,-4.734246575342466,0.477326968973747,0.23013698630136983,single,fig6a,S21,frequency_GHz,dB,digitized_paper_measurement,p4_0.jpeg
756,185.5,130.54892601431982,-4.734246575342466,0.477326968973747,0.23013698630136983,single,fig6a,S21,frequency_GHz,dB,digitized_paper_measurement,p4_0.jpeg
757,185.5,130.78758949880668,-4.734246575342466,0.477326968973747,0.23013698630136983,single,fig6a,S21,frequency_GHz,dB,digitized_paper_measurement,p4_0.jpeg
758,185.5,131.02625298329355,-4.734246575342466,0.477326968973747,0.23013698630136983,single,fig6a,S21,frequency_GHz,dB,digitized_paper_measurement,p4_0.jpeg
759,185.5,131.26491646778044,-4.734246575342466,0.477326968973747,0.23013698630136983,single,fig6a,S21,frequency_GHz,dB,digitized_paper_measurement,p4_0.jpeg
760,185.5,131.5035799522673,-4.734246575342466,0.477326968973747,0.23013698630136983,single,fig6a,S21,frequency_GHz,dB,digitized_paper_measurement,p4_0.jpeg
761,185.5,131.74224343675417,-4.734246575342466,0.477326968973747,0.23013698630136983,single,fig6a,S21,frequency_GHz,dB,digitized_paper_measurement,p4_0.jpeg
762,185.5,131.98090692124106,-4.734246575342466,0.477326968973747,0.23013698630136983,single,fig6a,S21,frequency_GHz,dB,digitized_paper_measurement,p4_0.jpeg
763,185.0,132.21957040572792,-4.701369863013698,0.477326968973747,0.1972602739726027,single,fig6a,S21,frequency_GHz,dB,digitized_paper_measurement,p4_0.jpeg
764,184.5,132.45823389021479,-4.668493150684932,0.477326968973747,0.23013698630136983,single,fig6a,S21,frequency_GHz,dB,digitized_paper_measurement,p4_0.jpeg
765,184.5,132.69689737470168,-4.668493150684932,0.477326968973747,0.23013698630136983,single,fig6a,S21,frequency_GHz,dB,digitized_paper_measurement,p4_0.jpeg
766,184.5,132.93556085918854,-4.668493150684932,0.477326968973747,0.23013698630136983,single,fig6a,S21,frequency_GHz,dB,digitized_paper_measurement,p4_0.jpeg
767,184.5,133.1742243436754,-4.668493150684932,0.477326968973747,0.23013698630136983,single,fig6a,S21,frequency_GHz,dB,digitized_paper_measurement,p4_0.jpeg
768,184.0,133.4128878281623,-4.635616438356164,0.477326968973747,0.26301369863013696,single,fig6a,S21,frequency_GHz,dB,digitized_paper_measurement,p4_0.jpeg
769,183.5,133.65155131264916,-4.602739726027397,0.477326968973747,0.23013698630136983,single,fig6a,S21,frequency_GHz,dB,digitized_paper_measurement,p4_0.jpeg
770,183.5,133.89021479713603,-4.602739726027397,0.477326968973747,0.23013698630136983,single,fig6a,S21,frequency_GHz,dB,digitized_paper_measurement,p4_0.jpeg
771,183.5,134.12887828162292,-4.602739726027397,0.477326968973747,0.23013698630136983,single,fig6a,S21,frequency_GHz,dB,digitized_paper_measurement,p4_0.jpeg
772,183.5,134.36754176610978,-4.602739726027397,0.477326968973747,0.23013698630136983,single,fig6a,S21,frequency_GHz,dB,digitized_paper_measurement,p4_0.jpeg
773,183.5,134.60620525059664,-4.602739726027397,0.477326968973747,0.23013698630136983,single,fig6a,S21,frequency_GHz,dB,digitized_paper_measurement,p4_0.jpeg
774,184.0,134.84486873508354,-4.635616438356164,0.477326968973747,0.26301369863013696,single,fig6a,S21,frequency_GHz,dB,digitized_paper_measurement,p4_0.jpeg
775,184.0,135.0835322195704,-4.635616438356164,0.477326968973747,0.26301369863013696,single,fig6a,S21,frequency_GHz,dB,digitized_paper_measurement,p4_0.jpeg
776,184.5,135.3221957040573,-4.668493150684932,0.477326968973747,0.23013698630136983,single,fig6a,S21,frequency_GHz,dB,digitized_paper_measurement,p4_0.jpeg
777,184.5,135.56085918854416,-4.668493150684932,0.477326968973747,0.23013698630136983,single,fig6a,S21,frequency_GHz,dB,digitized_paper_measurement,p4_0.jpeg
778,184.5,135.79952267303102,-4.668493150684932,0.477326968973747,0.23013698630136983,single,fig6a,S21,frequency_GHz,dB,digitized_paper_measurement,p4_0.jpeg
779,184.5,136.0381861575179,-4.668493150684932,0.477326968973747,0.23013698630136983,single,fig6a,S21,frequency_GHz,dB,digitized_paper_measurement,p4_0.jpeg
780,185.5,136.27684964200478,-4.734246575342466,0.477326968973747,0.23013698630136983,single,fig6a,S21,frequency_GHz,dB,digitized_paper_measurement,p4_0.jpeg
781,186.0,136.51551312649164,-4.767123287671233,0.477326968973747,0.26301369863013696,single,fig6a,S21,frequency_GHz,dB,digitized_paper_measurement,p4_0.jpeg
782,186.5,136.75417661097853,-4.8,0.477326968973747,0.29589041095890406,single,fig6a,S21,frequency_GHz,dB,digitized_paper_measurement,p4_0.jpeg
783,187.5,136.9928400954654,-4.865753424657535,0.477326968973747,0.29589041095890406,single,fig6a,S21,frequency_GHz,dB,digitized_paper_measurement,p4_0.jpeg
784,189.0,137.23150357995226,-4.964383561643835,0.477326968973747,0.3287671232876712,single,fig6a,S21,frequency_GHz,dB,digitized_paper_measurement,p4_0.jpeg
785,190.0,137.47016706443915,-5.03013698630137,0.477326968973747,0.3287671232876712,single,fig6a,S21,frequency_GHz,dB,digitized_paper_measurement,p4_0.jpeg
786,191.5,137.70883054892602,-5.1287671232876715,0.477326968973747,0.29589041095890406,single,fig6a,S21,frequency_GHz,dB,digitized_paper_measurement,p4_0.jpeg
787,192.5,137.94749403341288,-5.1945205479452055,0.477326968973747,0.29589041095890406,single,fig6a,S21,frequency_GHz,dB,digitized_paper_measurement,p4_0.jpeg
788,194.0,138.18615751789977,-5.293150684931507,0.477326968973747,0.26301369863013696,single,fig6a,S21,frequency_GHz,dB,digitized_paper_measurement,p4_0.jpeg
789,194.5,138.42482100238664,-5.326027397260274,0.477326968973747,0.29589041095890406,single,fig6a,S21,frequency_GHz,dB,digitized_paper_measurement,p4_0.jpeg
790,196.5,138.6634844868735,-5.457534246575342,0.477326968973747,0.29589041095890406,single,fig6a,S21,frequency_GHz,dB,digitized_paper_measurement,p4_0.jpeg
791,196.5,138.9021479713604,-5.457534246575342,0.477326968973747,0.29589041095890406,single,fig6a,S21,frequency_GHz,dB,digitized_paper_measurement,p4_0.jpeg
792,198.5,139.14081145584726,-5.589041095890411,0.477326968973747,0.29589041095890406,single,fig6a,S21,frequency_GHz,dB,digitized_paper_measurement,p4_0.jpeg
793,199.5,139.37947494033412,-5.654794520547945,0.477326968973747,0.29589041095890406,single,fig6a,S21,frequency_GHz,dB,digitized_paper_measurement,p4_0.jpeg
794,201.0,139.618138424821,-5.7534246575342465,0.477326968973747,0.26301369863013696,single,fig6a,S21,frequency_GHz,dB,digitized_paper_measurement,p4_0.jpeg
795,201.5,139.85680190930788,-5.786301369863014,0.477326968973747,0.23013698630136983,single,fig6a,S21,frequency_GHz,dB,digitized_paper_measurement,p4_0.jpeg
796,201.5,140.09546539379474,-5.786301369863014,0.477326968973747,0.23013698630136983,single,fig6a,S21,frequency_GHz,dB,digitized_paper_measurement,p4_0.jpeg
797,201.5,140.33412887828163,-5.786301369863014,0.477326968973747,0.23013698630136983,single,fig6a,S21,frequency_GHz,dB,digitized_paper_measurement,p4_0.jpeg
798,199.0,140.5727923627685,-5.6219178082191785,0.477326968973747,0.3287671232876712,single,fig6a,S21,frequency_GHz,dB,digitized_paper_measurement,p4_0.jpeg
799,198.5,140.81145584725536,-5.589041095890411,0.477326968973747,0.29589041095890406,single,fig6a,S21,frequency_GHz,dB,digitized_paper_measurement,p4_0.jpeg
800,196.5,141.05011933174225,-5.457534246575342,0.477326968973747,0.29589041095890406,single,fig6a,S21,frequency_GHz,dB,digitized_paper_measurement,p4_0.jpeg
801,195.5,141.28878281622912,-5.391780821917808,0.477326968973747,0.29589041095890406,single,fig6a,S21,frequency_GHz,dB,digitized_paper_measurement,p4_0.jpeg
802,194.0,141.52744630071598,-5.293150684931507,0.477326968973747,0.26301369863013696,single,fig6a,S21,frequency_GHz,dB,digitized_paper_measurement,p4_0.jpeg
803,194.0,141.76610978520287,-5.293150684931507,0.477326968973747,0.26301369863013696,single,fig6a,S21,frequency_GHz,dB,digitized_paper_measurement,p4_0.jpeg
804,193.5,142.00477326968974,-5.260273972602739,0.477326968973747,0.23013698630136983,single,fig6a,S21,frequency_GHz,dB,digitized_paper_measurement,p4_0.jpeg
805,193.5,142.2434367541766,-5.260273972602739,0.477326968973747,0.23013698630136983,single,fig6a,S21,frequency_GHz,dB,digitized_paper_measurement,p4_0.jpeg
806,193.5,142.4821002386635,-5.260273972602739,0.477326968973747,0.23013698630136983,single,fig6a,S21,frequency_GHz,dB,digitized_paper_measurement,p4_0.jpeg
807,193.5,142.72076372315036,-5.260273972602739,0.477326968973747,0.23013698630136983,single,fig6a,S21,frequency_GHz,dB,digitized_paper_measurement,p4_0.jpeg
808,194.0,142.95942720763722,-5.293150684931507,0.477326968973747,0.26301369863013696,single,fig6a,S21,frequency_GHz,dB,digitized_paper_measurement,p4_0.jpeg
809,194.5,143.1980906921241,-5.326027397260274,0.477326968973747,0.23013698630136983,single,fig6a,S21,frequency_GHz,dB,digitized_paper_measurement,p4_0.jpeg
810,195.5,143.43675417661098,-5.391780821917808,0.477326968973747,0.23013698630136983,single,fig6a,S21,frequency_GHz,dB,digitized_paper_measurement,p4_0.jpeg
811,195.5,143.67541766109784,-5.391780821917808,0.477326968973747,0.23013698630136983,single,fig6a,S21,frequency_GHz,dB,digitized_paper_measurement,p4_0.jpeg
812,195.5,143.91408114558473,-5.391780821917808,0.477326968973747,0.23013698630136983,single,fig6a,S21,frequency_GHz,dB,digitized_paper_measurement,p4_0.jpeg
813,196.0,144.1527446300716,-5.424657534246576,0.477326968973747,0.26301369863013696,single,fig6a,S21,frequency_GHz,dB,digitized_paper_measurement,p4_0.jpeg
814,196.5,144.39140811455846,-5.457534246575342,0.477326968973747,0.23013698630136983,single,fig6a,S21,frequency_GHz,dB,digitized_paper_measurement,p4_0.jpeg
815,197.5,144.63007159904535,-5.523287671232877,0.477326968973747,0.23013698630136983,single,fig6a,S21,frequency_GHz,dB,digitized_paper_measurement,p4_0.jpeg
816,198.0,144.86873508353221,-5.556164383561644,0.477326968973747,0.26301369863013696,single,fig6a,S21,frequency_GHz,dB,digitized_paper_measurement,p4_0.jpeg
817,198.5,145.1073985680191,-5.589041095890411,0.477326968973747,0.29589041095890406,single,fig6a,S21,frequency_GHz,dB,digitized_paper_measurement,p4_0.jpeg
818,200.0,145.34606205250597,-5.6876712328767125,0.477326968973747,0.26301369863013696,single,fig6a,S21,frequency_GHz,dB,digitized_paper_measurement,p4_0.jpeg
819,200.0,145.58472553699283,-5.6876712328767125,0.477326968973747,0.26301369863013696,single,fig6a,S21,frequency_GHz,dB,digitized_paper_measurement,p4_0.jpeg
820,201.5,145.82338902147973,-5.786301369863014,0.477326968973747,0.23013698630136983,single,fig6a,S21,frequency_GHz,dB,digitized_paper_measurement,p4_0.jpeg
821,201.5,146.0620525059666,-5.786301369863014,0.477326968973747,0.23013698630136983,single,fig6a,S21,frequency_GHz,dB,digitized_paper_measurement,p4_0.jpeg
822,201.5,146.30071599045345,-5.786301369863014,0.477326968973747,0.23013698630136983,single,fig6a,S21,frequency_GHz,dB,digitized_paper_measurement,p4_0.jpeg
823,201.5,146.53937947494035,-5.786301369863014,0.477326968973747,0.23013698630136983,single,fig6a,S21,frequency_GHz,dB,digitized_paper_measurement,p4_0.jpeg
824,201.5,146.7780429594272,-5.786301369863014,0.477326968973747,0.23013698630136983,single,fig6a,S21,frequency_GHz,dB,digitized_paper_measurement,p4_0.jpeg
825,201.5,147.01670644391407,-5.786301369863014,0.477326968973747,0.23013698630136983,single,fig6a,S21,frequency_GHz,dB,digitized_paper_measurement,p4_0.jpeg
826,199.5,147.25536992840097,-5.654794520547945,0.477326968973747,0.29589041095890406,single,fig6a,S21,frequency_GHz,dB,digitized_paper_measurement,p4_0.jpeg
827,199.0,147.49403341288783,-5.6219178082191785,0.477326968973747,0.3287671232876712,single,fig6a,S21,frequency_GHz,dB,digitized_paper_measurement,p4_0.jpeg
828,197.5,147.7326968973747,-5.523287671232877,0.477326968973747,0.29589041095890406,single,fig6a,S21,frequency_GHz,dB,digitized_paper_measurement,p4_0.jpeg
829,197.0,147.9713603818616,-5.49041095890411,0.477326968973747,0.26301369863013696,single,fig6a,S21,frequency_GHz,dB,digitized_paper_measurement,p4_0.jpeg
830,195.5,148.21002386634845,-5.391780821917808,0.477326968973747,0.23013698630136983,single,fig6a,S21,frequency_GHz,dB,digitized_paper_measurement,p4_0.jpeg
831,195.5,148.4486873508353,-5.391780821917808,0.477326968973747,0.23013698630136983,single,fig6a,S21,frequency_GHz,dB,digitized_paper_measurement,p4_0.jpeg
832,194.5,148.6873508353222,-5.326027397260274,0.477326968973747,0.23013698630136983,single,fig6a,S21,frequency_GHz,dB,digitized_paper_measurement,p4_0.jpeg
833,194.5,148.92601431980907,-5.326027397260274,0.477326968973747,0.23013698630136983,single,fig6a,S21,frequency_GHz,dB,digitized_paper_measurement,p4_0.jpeg
834,194.5,149.16467780429593,-5.326027397260274,0.477326968973747,0.23013698630136983,single,fig6a,S21,frequency_GHz,dB,digitized_paper_measurement,p4_0.jpeg
835,194.5,149.40334128878283,-5.326027397260274,0.477326968973747,0.23013698630136983,single,fig6a,S21,frequency_GHz,dB,digitized_paper_measurement,p4_0.jpeg
836,195.0,149.6420047732697,-5.358904109589041,0.477326968973747,0.1972602739726027,single,fig6a,S21,frequency_GHz,dB,digitized_paper_measurement,p4_0.jpeg
837,195.5,149.88066825775655,-5.391780821917808,0.477326968973747,0.23013698630136983,single,fig6a,S21,frequency_GHz,dB,digitized_paper_measurement,p4_0.jpeg
838,195.5,150.11933174224345,-5.391780821917808,0.477326968973747,0.23013698630136983,single,fig6a,S21,frequency_GHz,dB,digitized_paper_measurement,p4_0.jpeg
839,195.5,150.3579952267303,-5.391780821917808,0.477326968973747,0.23013698630136983,single,fig6a,S21,frequency_GHz,dB,digitized_paper_measurement,p4_0.jpeg
840,194.5,150.59665871121717,-5.326027397260274,0.477326968973747,0.23013698630136983,single,fig6a,S21,frequency_GHz,dB,digitized_paper_measurement,p4_0.jpeg
841,194.0,150.83532219570407,-5.293150684931507,0.477326968973747,0.26301369863013696,single,fig6a,S21,frequency_GHz,dB,digitized_paper_measurement,p4_0.jpeg
842,194.0,151.07398568019093,-5.293150684931507,0.477326968973747,0.26301369863013696,single,fig6a,S21,frequency_GHz,dB,digitized_paper_measurement,p4_0.jpeg
843,193.5,151.3126491646778,-5.260273972602739,0.477326968973747,0.23013698630136983,single,fig6a,S21,frequency_GHz,dB,digitized_paper_measurement,p4_0.jpeg
844,193.5,151.5513126491647,-5.260273972602739,0.477326968973747,0.23013698630136983,single,fig6a,S21,frequency_GHz,dB,digitized_paper_measurement,p4_0.jpeg
845,193.5,151.78997613365155,-5.260273972602739,0.477326968973747,0.23013698630136983,single,fig6a,S21,frequency_GHz,dB,digitized_paper_measurement,p4_0.jpeg
846,194.0,152.0286396181384,-5.293150684931507,0.477326968973747,0.26301369863013696,single,fig6a,S21,frequency_GHz,dB,digitized_paper_measurement,p4_0.jpeg
847,194.0,152.2673031026253,-5.293150684931507,0.477326968973747,0.26301369863013696,single,fig6a,S21,frequency_GHz,dB,digitized_paper_measurement,p4_0.jpeg
848,195.5,152.50596658711217,-5.391780821917808,0.477326968973747,0.23013698630136983,single,fig6a,S21,frequency_GHz,dB,digitized_paper_measurement,p4_0.jpeg
849,196.0,152.74463007159903,-5.424657534246576,0.477326968973747,0.26301369863013696,single,fig6a,S21,frequency_GHz,dB,digitized_paper_measurement,p4_0.jpeg
850,197.5,152.98329355608593,-5.523287671232877,0.477326968973747,0.29589041095890406,single,fig6a,S21,frequency_GHz,dB,digitized_paper_measurement,p4_0.jpeg
851,198.5,153.2219570405728,-5.589041095890411,0.477326968973747,0.29589041095890406,single,fig6a,S21,frequency_GHz,dB,digitized_paper_measurement,p4_0.jpeg
852,199.5,153.46062052505965,-5.654794520547945,0.477326968973747,0.29589041095890406,single,fig6a,S21,frequency_GHz,dB,digitized_paper_measurement,p4_0.jpeg
853,200.5,153.69928400954655,-5.720547945205479,0.477326968973747,0.29589041095890406,single,fig6a,S21,frequency_GHz,dB,digitized_paper_measurement,p4_0.jpeg
854,201.5,153.9379474940334,-5.786301369863014,0.477326968973747,0.23013698630136983,single,fig6a,S21,frequency_GHz,dB,digitized_paper_measurement,p4_0.jpeg
855,201.5,154.17661097852027,-5.786301369863014,0.477326968973747,0.23013698630136983,single,fig6a,S21,frequency_GHz,dB,digitized_paper_measurement,p4_0.jpeg
856,201.5,154.41527446300717,-5.786301369863014,0.477326968973747,0.23013698630136983,single,fig6a,S21,frequency_GHz,dB,digitized_paper_measurement,p4_0.jpeg
857,201.5,154.65393794749403,-5.786301369863014,0.477326968973747,0.23013698630136983,single,fig6a,S21,frequency_GHz,dB,digitized_paper_measurement,p4_0.jpeg
858,201.0,154.8926014319809,-5.7534246575342465,0.477326968973747,0.1972602739726027,single,fig6a,S21,frequency_GHz,dB,digitized_paper_measurement,p4_0.jpeg
859,201.0,155.13126491646779,-5.7534246575342465,0.477326968973747,0.1972602739726027,single,fig6a,S21,frequency_GHz,dB,digitized_paper_measurement,p4_0.jpeg
860,201.5,155.36992840095465,-5.786301369863014,0.477326968973747,0.23013698630136983,single,fig6a,S21,frequency_GHz,dB,digitized_paper_measurement,p4_0.jpeg
861,201.5,155.60859188544154,-5.786301369863014,0.477326968973747,0.23013698630136983,single,fig6a,S21,frequency_GHz,dB,digitized_paper_measurement,p4_0.jpeg
862,202.0,155.8472553699284,-5.8191780821917805,0.477326968973747,0.26301369863013696,single,fig6a,S21,frequency_GHz,dB,digitized_paper_measurement,p4_0.jpeg
863,202.0,156.08591885441527,-5.8191780821917805,0.477326968973747,0.26301369863013696,single,fig6a,S21,frequency_GHz,dB,digitized_paper_measurement,p4_0.jpeg
864,203.5,156.32458233890216,-5.917808219178082,0.477326968973747,0.23013698630136983,single,fig6a,S21,frequency_GHz,dB,digitized_paper_measurement,p4_0.jpeg
865,204.0,156.56324582338902,-5.950684931506849,0.477326968973747,0.26301369863013696,single,fig6a,S21,frequency_GHz,dB,digitized_paper_measurement,p4_0.jpeg
866,204.5,156.8019093078759,-5.983561643835617,0.477326968973747,0.29589041095890406,single,fig6a,S21,frequency_GHz,dB,digitized_paper_measurement,p4_0.jpeg
867,205.0,157.04057279236278,-6.016438356164383,0.477326968973747,0.26301369863013696,single,fig6a,S21,frequency_GHz,dB,digitized_paper_measurement,p4_0.jpeg
868,205.5,157.27923627684964,-6.049315068493151,0.477326968973747,0.23013698630136983,single,fig6a,S21,frequency_GHz,dB,digitized_paper_measurement,p4_0.jpeg
869,206.5,157.5178997613365,-6.115068493150685,0.477326968973747,0.23013698630136983,single,fig6a,S21,frequency_GHz,dB,digitized_paper_measurement,p4_0.jpeg
870,207.5,157.7565632458234,-6.1808219178082195,0.477326968973747,0.23013698630136983,single,fig6a,S21,frequency_GHz,dB,digitized_paper_measurement,p4_0.jpeg
871,207.5,157.99522673031026,-6.1808219178082195,0.477326968973747,0.23013698630136983,single,fig6a,S21,frequency_GHz,dB,digitized_paper_measurement,p4_0.jpeg
872,208.0,158.23389021479713,-6.213698630136986,0.477326968973747,0.26301369863013696,single,fig6a,S21,frequency_GHz,dB,digitized_paper_measurement,p4_0.jpeg
873,208.0,158.47255369928402,-6.213698630136986,0.477326968973747,0.26301369863013696,single,fig6a,S21,frequency_GHz,dB,digitized_paper_measurement,p4_0.jpeg
874,207.0,158.71121718377088,-6.147945205479452,0.477326968973747,0.1972602739726027,single,fig6a,S21,frequency_GHz,dB,digitized_paper_measurement,p4_0.jpeg
875,207.5,158.94988066825775,-6.1808219178082195,0.477326968973747,0.23013698630136983,single,fig6a,S21,frequency_GHz,dB,digitized_paper_measurement,p4_0.jpeg
876,207.0,159.18854415274464,-6.147945205479452,0.477326968973747,0.26301369863013696,single,fig6a,S21,frequency_GHz,dB,digitized_paper_measurement,p4_0.jpeg
877,206.0,159.4272076372315,-6.082191780821918,0.477326968973747,0.26301369863013696,single,fig6a,S21,frequency_GHz,dB,digitized_paper_measurement,p4_0.jpeg
878,206.0,159.66587112171837,-6.082191780821918,0.477326968973747,0.26301369863013696,single,fig6a,S21,frequency_GHz,dB,digitized_paper_measurement,p4_0.jpeg
879,205.5,159.90453460620526,-6.049315068493151,0.477326968973747,0.23013698630136983,single,fig6a,S21,frequency_GHz,dB,digitized_paper_measurement,p4_0.jpeg
880,205.0,160.14319809069212,-6.016438356164383,0.477326968973747,0.26301369863013696,single,fig6a,S21,frequency_GHz,dB,digitized_paper_measurement,p4_0.jpeg
881,205.0,160.381861575179,-6.016438356164383,0.477326968973747,0.26301369863013696,single,fig6a,S21,frequency_GHz,dB,digitized_paper_measurement,p4_0.jpeg
882,205.0,160.62052505966588,-6.016438356164383,0.477326968973747,0.1972602739726027,single,fig6a,S21,frequency_GHz,dB,digitized_paper_measurement,p4_0.jpeg
883,205.5,160.85918854415274,-6.049315068493151,0.477326968973747,0.23013698630136983,single,fig6a,S21,frequency_GHz,dB,digitized_paper_measurement,p4_0.jpeg
884,205.5,161.0978520286396,-6.049315068493151,0.477326968973747,0.23013698630136983,single,fig6a,S21,frequency_GHz,dB,digitized_paper_measurement,p4_0.jpeg
885,205.5,161.3365155131265,-6.049315068493151,0.477326968973747,0.23013698630136983,single,fig6a,S21,frequency_GHz,dB,digitized_paper_measurement,p4_0.jpeg
886,205.5,161.57517899761336,-6.049315068493151,0.477326968973747,0.23013698630136983,single,fig6a,S21,frequency_GHz,dB,digitized_paper_measurement,p4_0.jpeg
887,205.5,161.81384248210023,-6.049315068493151,0.477326968973747,0.23013698630136983,single,fig6a,S21,frequency_GHz,dB,digitized_paper_measurement,p4_0.jpeg
888,205.5,162.05250596658712,-6.049315068493151,0.477326968973747,0.23013698630136983,single,fig6a,S21,frequency_GHz,dB,digitized_paper_measurement,p4_0.jpeg
889,206.0,162.29116945107398,-6.082191780821918,0.477326968973747,0.26301369863013696,single,fig6a,S21,frequency_GHz,dB,digitized_paper_measurement,p4_0.jpeg
890,206.5,162.52983293556085,-6.115068493150685,0.477326968973747,0.29589041095890406,single,fig6a,S21,frequency_GHz,dB,digitized_paper_measurement,p4_0.jpeg
891,207.0,162.76849642004774,-6.147945205479452,0.477326968973747,0.26301369863013696,single,fig6a,S21,frequency_GHz,dB,digitized_paper_measurement,p4_0.jpeg
892,206.5,163.0071599045346,-6.115068493150685,0.477326968973747,0.1643835616438356,single,fig6a,S21,frequency_GHz,dB,digitized_paper_measurement,p4_0.jpeg
893,210.5,163.24582338902147,-6.3780821917808215,0.477326968973747,0.3616438356164383,merged,fig6a,S21,frequency_GHz,dB,digitized_paper_measurement,p4_0.jpeg
894,214.0,163.48448687350836,-6.608219178082192,0.477326968973747,0.1972602739726027,single,fig6a,S21,frequency_GHz,dB,digitized_paper_measurement,p4_0.jpeg
895,215.0,163.72315035799522,-6.673972602739726,0.477326968973747,0.26301369863013696,single,fig6a,S21,frequency_GHz,dB,digitized_paper_measurement,p4_0.jpeg
896,215.0,163.9618138424821,-6.673972602739726,0.477326968973747,0.3287671232876712,single,fig6a,S21,frequency_GHz,dB,digitized_paper_measurement,p4_0.jpeg
897,217.0,164.20047732696898,-6.8054794520547945,0.477326968973747,0.3287671232876712,single,fig6a,S21,frequency_GHz,dB,digitized_paper_measurement,p4_0.jpeg
898,218.5,164.43914081145584,-6.904109589041096,0.477326968973747,0.29589041095890406,single,fig6a,S21,frequency_GHz,dB,digitized_paper_measurement,p4_0.jpeg
899,220.0,164.6778042959427,-7.002739726027397,0.477326968973747,0.3945205479452054,single,fig6a,S21,frequency_GHz,dB,digitized_paper_measurement,p4_0.jpeg
900,221.5,164.9164677804296,-7.101369863013699,0.477326968973747,0.3616438356164383,single,fig6a,S21,frequency_GHz,dB,digitized_paper_measurement,p4_0.jpeg
901,224.0,165.15513126491646,-7.265753424657534,0.477326968973747,0.3945205479452054,single,fig6a,S21,frequency_GHz,dB,digitized_paper_measurement,p4_0.jpeg
902,226.0,165.39379474940336,-7.397260273972603,0.477326968973747,0.3945205479452054,single,fig6a,S21,frequency_GHz,dB,digitized_paper_measurement,p4_0.jpeg
903,227.5,165.63245823389022,-7.495890410958904,0.477326968973747,0.3616438356164383,single,fig6a,S21,frequency_GHz,dB,digitized_paper_measurement,p4_0.jpeg
904,229.0,165.87112171837708,-7.594520547945206,0.477326968973747,0.3287671232876712,single,fig6a,S21,frequency_GHz,dB,digitized_paper_measurement,p4_0.jpeg
905,230.5,166.10978520286397,-7.693150684931507,0.477326968973747,0.29589041095890406,single,fig6a,S21,frequency_GHz,dB,digitized_paper_measurement,p4_0.jpeg
906,231.5,166.34844868735084,-7.758904109589041,0.477326968973747,0.23013698630136983,single,fig6a,S21,frequency_GHz,dB,digitized_paper_measurement,p4_0.jpeg
907,231.5,166.5871121718377,-7.758904109589041,0.477326968973747,0.23013698630136983,single,fig6a,S21,frequency_GHz,dB,digitized_paper_measurement,p4_0.jpeg
908,231.5,166.8257756563246,-7.758904109589041,0.477326968973747,0.23013698630136983,single,fig6a,S21,frequency_GHz,dB,digitized_paper_measurement,p4_0.jpeg
909,231.0,167.06443914081146,-7.726027397260274,0.477326968973747,0.26301369863013696,single,fig6a,S21,frequency_GHz,dB,digitized_paper_measurement,p4_0.jpeg
910,230.0,167.30310262529832,-7.66027397260274,0.477326968973747,0.26301369863013696,single,fig6a,S21,frequency_GHz,dB,digitized_paper_measurement,p4_0.jpeg
911,228.5,167.54176610978521,-7.561643835616438,0.477326968973747,0.29589041095890406,single,fig6a,S21,frequency_GHz,dB,digitized_paper_measurement,p4_0.jpeg
912,228.0,167.78042959427208,-7.528767123287671,0.477326968973747,0.26301369863013696,single,fig6a,S21,frequency_GHz,dB,digitized_paper_measurement,p4_0.jpeg
913,226.5,168.01909307875894,-7.4301369863013695,0.477326968973747,0.29589041095890406,single,fig6a,S21,frequency_GHz,dB,digitized_paper_measurement,p4_0.jpeg
914,225.5,168.25775656324583,-7.364383561643836,0.477326968973747,0.29589041095890406,single,fig6a,S21,frequency_GHz,dB,digitized_paper_measurement,p4_0.jpeg
915,224.0,168.4964200477327,-7.265753424657534,0.477326968973747,0.3287671232876712,single,fig6a,S21,frequency_GHz,dB,digitized_paper_measurement,p4_0.jpeg
916,222.5,168.73508353221956,-7.167123287671233,0.477326968973747,0.29589041095890406,single,fig6a,S21,frequency_GHz,dB,digitized_paper_measurement,p4_0.jpeg
917,221.5,168.97374701670645,-7.101369863013699,0.477326968973747,0.3616438356164383,single,fig6a,S21,frequency_GHz,dB,digitized_paper_measurement,p4_0.jpeg
918,219.5,169.21241050119332,-6.96986301369863,0.477326968973747,0.29589041095890406,single,fig6a,S21,frequency_GHz,dB,digitized_paper_measurement,p4_0.jpeg
215,394.0,1.431980906921241,-18.443835616438356,0.477326968973747,1.5123287671232875,single,fig6a,S11,frequency_GHz,dB,digitized_paper_measurement,p4_0.jpeg
216,379.5,1.6706443914081146,-17.49041095890411,0.477326968973747,1.4136986301369863,single,fig6a,S11,frequency_GHz,dB,digitized_paper_measurement,p4_0.jpeg
217,359.5,1.909307875894988,-16.175342465753424,0.477326968973747,1.2821917808219176,single,fig6a,S11,frequency_GHz,dB,digitized_paper_measurement,p4_0.jpeg
218,351.5,2.1479713603818618,-15.64931506849315,0.477326968973747,1.1506849315068493,single,fig6a,S11,frequency_GHz,dB,digitized_paper_measurement,p4_0.jpeg
219,334.5,2.386634844868735,-14.531506849315068,0.477326968973747,0.8876712328767122,single,fig6a,S11,frequency_GHz,dB,digitized_paper_measurement,p4_0.jpeg
220,327.5,2.6252983293556085,-14.07123287671233,0.477326968973747,0.8876712328767122,single,fig6a,S11,frequency_GHz,dB,digitized_paper_measurement,p4_0.jpeg
221,316.5,2.863961813842482,-13.347945205479451,0.477326968973747,0.6246575342465753,single,fig6a,S11,frequency_GHz,dB,digitized_paper_measurement,p4_0.jpeg
222,313.5,3.1026252983293556,-13.150684931506849,0.477326968973747,0.6904109589041095,single,fig6a,S11,frequency_GHz,dB,digitized_paper_measurement,p4_0.jpeg
223,304.5,3.341288782816229,-12.558904109589042,0.477326968973747,0.42739726027397257,single,fig6a,S11,frequency_GHz,dB,digitized_paper_measurement,p4_0.jpeg
224,301.5,3.579952267303103,-12.361643835616439,0.477326968973747,0.4931506849315068,single,fig6a,S11,frequency_GHz,dB,digitized_paper_measurement,p4_0.jpeg
225,296.0,3.818615751789976,-12.0,0.477326968973747,0.3945205479452054,single,fig6a,S11,frequency_GHz,dB,digitized_paper_measurement,p4_0.jpeg
226,294.5,4.05727923627685,-11.901369863013699,0.477326968973747,0.3616438356164383,single,fig6a,S11,frequency_GHz,dB,digitized_paper_measurement,p4_0.jpeg
227,290.5,4.2959427207637235,-11.638356164383561,0.477326968973747,0.29589041095890406,single,fig6a,S11,frequency_GHz,dB,digitized_paper_measurement,p4_0.jpeg
228,289.5,4.534606205250597,-11.572602739726028,0.477326968973747,0.23013698630136983,single,fig6a,S11,frequency_GHz,dB,digitized_paper_measurement,p4_0.jpeg
229,288.0,4.77326968973747,-11.473972602739726,0.477326968973747,0.1972602739726027,single,fig6a,S11,frequency_GHz,dB,digitized_paper_measurement,p4_0.jpeg
230,287.5,5.011933174224343,-11.441095890410958,0.477326968973747,0.23013698630136983,single,fig6a,S11,frequency_GHz,dB,digitized_paper_measurement,p4_0.jpeg
231,288.0,5.250596658711217,-11.473972602739726,0.477326968973747,0.1972602739726027,single,fig6a,S11,frequency_GHz,dB,digitized_paper_measurement,p4_0.jpeg
232,289.0,5.4892601431980905,-11.53972602739726,0.477326968973747,0.1972602739726027,single,fig6a,S11,frequency_GHz,dB,digitized_paper_measurement,p4_0.jpeg
233,290.5,5.727923627684964,-11.638356164383561,0.477326968973747,0.29589041095890406,single,fig6a,S11,frequency_GHz,dB,digitized_paper_measurement,p4_0.jpeg
234,292.0,5.966587112171838,-11.736986301369862,0.477326968973747,0.3287671232876712,single,fig6a,S11,frequency_GHz,dB,digitized_paper_measurement,p4_0.jpeg
235,295.5,6.205250596658711,-11.967123287671233,0.477326968973747,0.3616438356164383,single,fig6a,S11,frequency_GHz,dB,digitized_paper_measurement,p4_0.jpeg
236,298.0,6.443914081145585,-12.131506849315068,0.477326968973747,0.3945205479452054,single,fig6a,S11,frequency_GHz,dB,digitized_paper_measurement,p4_0.jpeg
237,303.0,6.682577565632458,-12.46027397260274,0.477326968973747,0.46027397260273967,single,fig6a,S11,frequency_GHz,dB,digitized_paper_measurement,p4_0.jpeg
238,305.0,6.921241050119332,-12.591780821917808,0.477326968973747,0.5260273972602739,single,fig6a,S11,frequency_GHz,dB,digitized_paper_measurement,p4_0.jpeg
239,312.5,7.159904534606206,-13.084931506849315,0.477326968973747,0.558904109589041,single,fig6a,S11,frequency_GHz,dB,digitized_paper_measurement,p4_0.jpeg
240,316.0,7.398568019093079,-13.315068493150685,0.477326968973747,0.5917808219178081,single,fig6a,S11,frequency_GHz,dB,digitized_paper_measurement,p4_0.jpeg
241,325.0,7.637231503579952,-13.906849315068493,0.477326968973747,0.7232876712328766,single,fig6a,S11,frequency_GHz,dB,digitized_paper_measurement,p4_0.jpeg
242,330.5,7.875894988066825,-14.26849315068493,0.477326968973747,0.821917808219178,single,fig6a,S11,frequency_GHz,dB,digitized_paper_measurement,p4_0.jpeg
243,346.0,8.1145584725537,-15.287671232876713,0.477326968973747,1.0520547945205478,single,fig6a,S11,frequency_GHz,dB,digitized_paper_measurement,p4_0.jpeg
244,350.5,8.353221957040573,-15.583561643835617,0.477326968973747,1.084931506849315,single,fig6a,S11,frequency_GHz,dB,digitized_paper_measurement,p4_0.jpeg
245,369.5,8.591885441527447,-16.832876712328765,0.477326968973747,1.2821917808219176,single,fig6a,S11,frequency_GHz,dB,digitized_paper_measurement,p4_0.jpeg
246,379.5,8.83054892601432,-17.49041095890411,0.477326968973747,1.4136986301369863,single,fig6a,S11,frequency_GHz,dB,digitized_paper_measurement,p4_0.jpeg
247,410.0,9.069212410501194,-19.495890410958904,0.477326968973747,1.8410958904109587,single,fig6a,S11,frequency_GHz,dB,digitized_paper_measurement,p4_0.jpeg
248,418.5,9.307875894988067,-20.054794520547944,0.477326968973747,2.202739726027397,single,fig6a,S11,frequency_GHz,dB,digitized_paper_measurement,p4_0.jpeg
249,467.0,9.54653937947494,-23.243835616438357,0.477326968973747,2.958904109589041,single,fig6a,S11,frequency_GHz,dB,digitized_paper_measurement,p4_0.jpeg
251,566.5,10.023866348448687,-29.786301369863015,0.477326968973747,4.372602739726027,single,fig6a,S11,frequency_GHz,dB,digitized_paper_measurement,p4_0.jpeg
252,581.5,10.262529832935561,-30.77260273972603,0.477326968973747,4.964383561643835,single,fig6a,S11,frequency_GHz,dB,digitized_paper_measurement,p4_0.jpeg
256,501.5,11.217183770883056,-25.512328767123286,0.477326968973747,3.3863013698630136,single,fig6a,S11,frequency_GHz,dB,digitized_paper_measurement,p4_0.jpeg
257,443.5,11.455847255369928,-21.698630136986303,0.477326968973747,2.202739726027397,single,fig6a,S11,frequency_GHz,dB,digitized_paper_measurement,p4_0.jpeg
258,436.0,11.694510739856803,-21.205479452054796,0.477326968973747,2.3671232876712325,single,fig6a,S11,frequency_GHz,dB,digitized_paper_measurement,p4_0.jpeg
259,397.0,11.933174224343675,-18.64109589041096,0.477326968973747,1.7753424657534245,single,fig6a,S11,frequency_GHz,dB,digitized_paper_measurement,p4_0.jpeg
260,389.5,12.171837708830548,-18.147945205479452,0.477326968973747,1.5452054794520547,single,fig6a,S11,frequency_GHz,dB,digitized_paper_measurement,p4_0.jpeg
261,366.0,12.410501193317423,-16.602739726027398,0.477326968973747,1.117808219178082,single,fig6a,S11,frequency_GHz,dB,digitized_paper_measurement,p4_0.jpeg
262,360.0,12.649164677804295,-16.208219178082192,0.477326968973747,1.0520547945205478,single,fig6a,S11,frequency_GHz,dB,digitized_paper_measurement,p4_0.jpeg
263,342.5,12.88782816229117,-15.057534246575342,0.477326968973747,0.8876712328767122,single,fig6a,S11,frequency_GHz,dB,digitized_paper_measurement,p4_0.jpeg
264,339.5,13.126491646778042,-14.860273972602739,0.477326968973747,0.8876712328767122,single,fig6a,S11,frequency_GHz,dB,digitized_paper_measurement,p4_0.jpeg
265,326.0,13.365155131264917,-13.972602739726028,0.477326968973747,0.7232876712328766,single,fig6a,S11,frequency_GHz,dB,digitized_paper_measurement,p4_0.jpeg
266,323.5,13.60381861575179,-13.808219178082192,0.477326968973747,0.6246575342465753,single,fig6a,S11,frequency_GHz,dB,digitized_paper_measurement,p4_0.jpeg
267,313.5,13.842482100238664,-13.150684931506849,0.477326968973747,0.4931506849315068,single,fig6a,S11,frequency_GHz,dB,digitized_paper_measurement,p4_0.jpeg
268,312.0,14.081145584725537,-13.052054794520547,0.477326968973747,0.46027397260273967,single,fig6a,S11,frequency_GHz,dB,digitized_paper_measurement,p4_0.jpeg
269,305.5,14.319809069212411,-12.624657534246575,0.477326968973747,0.3616438356164383,single,fig6a,S11,frequency_GHz,dB,digitized_paper_measurement,p4_0.jpeg
270,303.5,14.558472553699284,-12.493150684931507,0.477326968973747,0.3616438356164383,single,fig6a,S11,frequency_GHz,dB,digitized_paper_measurement,p4_0.jpeg
271,300.0,14.797136038186158,-12.263013698630138,0.477326968973747,0.26301369863013696,single,fig6a,S11,frequency_GHz,dB,digitized_paper_measurement,p4_0.jpeg
272,299.0,15.035799522673031,-12.197260273972603,0.477326968973747,0.26301369863013696,single,fig6a,S11,frequency_GHz,dB,digitized_paper_measurement,p4_0.jpeg
273,296.5,15.274463007159904,-12.032876712328767,0.477326968973747,0.23013698630136983,single,fig6a,S11,frequency_GHz,dB,digitized_paper_measurement,p4_0.jpeg
274,296.0,15.513126491646778,-12.0,0.477326968973747,0.1972602739726027,single,fig6a,S11,frequency_GHz,dB,digitized_paper_measurement,p4_0.jpeg
275,296.0,15.75178997613365,-12.0,0.477326968973747,0.1972602739726027,single,fig6a,S11,frequency_GHz,dB,digitized_paper_measurement,p4_0.jpeg
276,295.5,15.990453460620525,-11.967123287671233,0.477326968973747,0.1643835616438356,single,fig6a,S11,frequency_GHz,dB,digitized_paper_measurement,p4_0.jpeg
277,296.5,16.2291169451074,-12.032876712328767,0.477326968973747,0.23013698630136983,single,fig6a,S11,frequency_GHz,dB,digitized_paper_measurement,p4_0.jpeg
278,297.5,16.46778042959427,-12.098630136986301,0.477326968973747,0.23013698630136983,single,fig6a,S11,frequency_GHz,dB,digitized_paper_measurement,p4_0.jpeg
279,300.5,16.706443914081145,-12.295890410958904,0.477326968973747,0.29589041095890406,single,fig6a,S11,frequency_GHz,dB,digitized_paper_measurement,p4_0.jpeg
280,302.0,16.94510739856802,-12.394520547945206,0.477326968973747,0.3287671232876712,single,fig6a,S11,frequency_GHz,dB,digitized_paper_measurement,p4_0.jpeg
281,307.0,17.183770883054894,-12.723287671232876,0.477326968973747,0.46027397260273967,single,fig6a,S11,frequency_GHz,dB,digitized_paper_measurement,p4_0.jpeg
282,308.5,17.422434367541765,-12.821917808219178,0.477326968973747,0.42739726027397257,single,fig6a,S11,frequency_GHz,dB,digitized_paper_measurement,p4_0.jpeg
283,317.0,17.66109785202864,-13.38082191780822,0.477326968973747,0.5917808219178081,single,fig6a,S11,frequency_GHz,dB,digitized_paper_measurement,p4_0.jpeg
284,319.5,17.899761336515514,-13.545205479452054,0.477326968973747,0.6246575342465753,single,fig6a,S11,frequency_GHz,dB,digitized_paper_measurement,p4_0.jpeg
285,331.0,18.13842482100239,-14.301369863013699,0.477326968973747,0.7890410958904108,single,fig6a,S11,frequency_GHz,dB,digitized_paper_measurement,p4_0.jpeg
286,335.0,18.37708830548926,-14.564383561643835,0.477326968973747,0.9205479452054793,single,fig6a,S11,frequency_GHz,dB,digitized_paper_measurement,p4_0.jpeg
287,350.0,18.615751789976134,-15.550684931506849,0.477326968973747,1.0520547945205478,single,fig6a,S11,frequency_GHz,dB,digitized_paper_measurement,p4_0.jpeg
288,354.5,18.85441527446301,-15.846575342465753,0.477326968973747,0.9534246575342464,single,fig6a,S11,frequency_GHz,dB,digitized_paper_measurement,p4_0.jpeg
289,378.5,19.09307875894988,-17.424657534246574,0.477326968973747,1.3479452054794518,single,fig6a,S11,frequency_GHz,dB,digitized_paper_measurement,p4_0.jpeg
290,386.5,19.331742243436754,-17.95068493150685,0.477326968973747,1.5452054794520547,single,fig6a,S11,frequency_GHz,dB,digitized_paper_measurement,p4_0.jpeg
291,420.0,19.570405727923628,-20.153424657534245,0.477326968973747,2.3013698630136985,single,fig6a,S11,frequency_GHz,dB,digitized_paper_measurement,p4_0.jpeg
292,429.5,19.809069212410503,-20.778082191780822,0.477326968973747,2.3342465753424655,single,fig6a,S11,frequency_GHz,dB,digitized_paper_measurement,p4_0.jpeg
293,473.5,20.047732696897373,-23.671232876712327,0.477326968973747,2.8602739726027395,single,fig6a,S11,frequency_GHz,dB,digitized_paper_measurement,p4_0.jpeg
294,488.0,20.286396181384248,-24.624657534246577,0.477326968973747,2.6958904109589037,single,fig6a,S11,frequency_GHz,dB,digitized_paper_measurement,p4_0.jpeg
295,545.0,20.525059665871122,-28.372602739726027,0.477326968973747,2.761643835616438,single,fig6a,S11,frequency_GHz,dB,digitized_paper_measurement,p4_0.jpeg
296,557.5,20.763723150357997,-29.194520547945206,0.477326968973747,3.0575342465753423,single,fig6a,S11,frequency_GHz,dB,digitized_paper_measurement,p4_0.jpeg
297,566.5,21.002386634844868,-29.786301369863015,0.477326968973747,2.6630136986301367,single,fig6a,S11,frequency_GHz,dB,digitized_paper_measurement,p4_0.jpeg
298,563.5,21.241050119331742,-29.589041095890412,0.477326968973747,2.794520547945205,single,fig6a,S11,frequency_GHz,dB,digitized_paper_measurement,p4_0.jpeg
299,523.5,21.479713603818617,-26.958904109589042,0.477326968973747,3.1890410958904107,single,fig6a,S11,frequency_GHz,dB,digitized_paper_measurement,p4_0.jpeg
300,498.5,21.718377088305488,-25.315068493150687,0.477326968973747,2.268493150684931,single,fig6a,S11,frequency_GHz,dB,digitized_paper_measurement,p4_0.jpeg
301,455.0,21.957040572792362,-22.454794520547946,0.477326968973747,2.235616438356164,single,fig6a,S11,frequency_GHz,dB,digitized_paper_measurement,p4_0.jpeg
302,447.5,22.195704057279237,-21.96164383561644,0.477326968973747,2.202739726027397,single,fig6a,S11,frequency_GHz,dB,digitized_paper_measurement,p4_0.jpeg
303,410.5,22.43436754176611,-19.528767123287672,0.477326968973747,1.7424657534246573,single,fig6a,S11,frequency_GHz,dB,digitized_paper_measurement,p4_0.jpeg
304,401.0,22.673031026252982,-18.904109589041095,0.477326968973747,1.3150684931506849,single,fig6a,S11,frequency_GHz,dB,digitized_paper_measurement,p4_0.jpeg
305,376.5,22.911694510739856,-17.293150684931508,0.477326968973747,1.2164383561643834,single,fig6a,S11,frequency_GHz,dB,digitized_paper_measurement,p4_0.jpeg
306,369.0,23.15035799522673,-16.8,0.477326968973747,1.0520547945205478,single,fig6a,S11,frequency_GHz,dB,digitized_paper_measurement,p4_0.jpeg
307,352.5,23.389021479713605,-15.715068493150685,0.477326968973747,0.8876712328767122,single,fig6a,S11,frequency_GHz,dB,digitized_paper_measurement,p4_0.jpeg
308,349.0,23.627684964200476,-15.484931506849316,0.477326968973747,0.7890410958904108,single,fig6a,S11,frequency_GHz,dB,digitized_paper_measurement,p4_0.jpeg
309,336.5,23.86634844868735,-14.663013698630136,0.477326968973747,0.6904109589041095,single,fig6a,S11,frequency_GHz,dB,digitized_paper_measurement,p4_0.jpeg
310,332.5,24.105011933174225,-14.4,0.477326968973747,0.6246575342465753,single,fig6a,S11,frequency_GHz,dB,digitized_paper_measurement,p4_0.jpeg
311,323.5,24.343675417661096,-13.808219178082192,0.477326968973747,0.558904109589041,single,fig6a,S11,frequency_GHz,dB,digitized_paper_measurement,p4_0.jpeg
312,321.0,24.58233890214797,-13.643835616438356,0.477326968973747,0.5260273972602739,single,fig6a,S11,frequency_GHz,dB,digitized_paper_measurement,p4_0.jpeg
313,314.5,24.821002386634845,-13.216438356164383,0.477326968973747,0.42739726027397257,single,fig6a,S11,frequency_GHz,dB,digitized_paper_measurement,p4_0.jpeg
314,312.0,25.05966587112172,-13.052054794520547,0.477326968973747,0.3945205479452054,single,fig6a,S11,frequency_GHz,dB,digitized_paper_measurement,p4_0.jpeg
315,308.5,25.29832935560859,-12.821917808219178,0.477326968973747,0.29589041095890406,single,fig6a,S11,frequency_GHz,dB,digitized_paper_measurement,p4_0.jpeg
316,307.0,25.536992840095465,-12.723287671232876,0.477326968973747,0.26301369863013696,single,fig6a,S11,frequency_GHz,dB,digitized_paper_measurement,p4_0.jpeg
317,305.5,25.77565632458234,-12.624657534246575,0.477326968973747,0.23013698630136983,single,fig6a,S11,frequency_GHz,dB,digitized_paper_measurement,p4_0.jpeg
318,305.0,26.014319809069214,-12.591780821917808,0.477326968973747,0.1972602739726027,single,fig6a,S11,frequency_GHz,dB,digitized_paper_measurement,p4_0.jpeg
319,305.0,26.252983293556085,-12.591780821917808,0.477326968973747,0.1972602739726027,single,fig6a,S11,frequency_GHz,dB,digitized_paper_measurement,p4_0.jpeg
320,305.5,26.49164677804296,-12.624657534246575,0.477326968973747,0.23013698630136983,single,fig6a,S11,frequency_GHz,dB,digitized_paper_measurement,p4_0.jpeg
321,307.5,26.730310262529834,-12.756164383561643,0.477326968973747,0.29589041095890406,single,fig6a,S11,frequency_GHz,dB,digitized_paper_measurement,p4_0.jpeg
322,308.5,26.968973747016708,-12.821917808219178,0.477326968973747,0.29589041095890406,single,fig6a,S11,frequency_GHz,dB,digitized_paper_measurement,p4_0.jpeg
323,312.5,27.20763723150358,-13.084931506849315,0.477326968973747,0.3616438356164383,single,fig6a,S11,frequency_GHz,dB,digitized_paper_measurement,p4_0.jpeg
324,313.5,27.446300715990454,-13.150684931506849,0.477326968973747,0.3616438356164383,single,fig6a,S11,frequency_GHz,dB,digitized_paper_measurement,p4_0.jpeg
325,319.0,27.684964200477328,-13.512328767123288,0.477326968973747,0.5260273972602739,single,fig6a,S11,frequency_GHz,dB,digitized_paper_measurement,p4_0.jpeg
326,322.0,27.9236276849642,-13.70958904109589,0.477326968973747,0.46027397260273967,single,fig6a,S11,frequency_GHz,dB,digitized_paper_measurement,p4_0.jpeg
327,331.0,28.162291169451073,-14.301369863013699,0.477326968973747,0.5917808219178081,single,fig6a,S11,frequency_GHz,dB,digitized_paper_measurement,p4_0.jpeg
328,335.0,28.400954653937948,-14.564383561643835,0.477326968973747,0.5917808219178081,single,fig6a,S11,frequency_GHz,dB,digitized_paper_measurement,p4_0.jpeg
329,344.5,28.639618138424822,-15.189041095890412,0.477326968973747,0.8876712328767122,single,fig6a,S11,frequency_GHz,dB,digitized_paper_measurement,p4_0.jpeg
330,351.0,28.878281622911693,-15.616438356164384,0.477326968973747,0.7890410958904108,single,fig6a,S11,frequency_GHz,dB,digitized_paper_measurement,p4_0.jpeg
331,365.0,29.116945107398568,-16.53698630136986,0.477326968973747,1.0520547945205478,single,fig6a,S11,frequency_GHz,dB,digitized_paper_measurement,p4_0.jpeg
332,372.5,29.355608591885442,-17.03013698630137,0.477326968973747,1.0191780821917806,single,fig6a,S11,frequency_GHz,dB,digitized_paper_measurement,p4_0.jpeg
333,395.0,29.594272076372317,-18.50958904109589,0.477326968973747,1.4465753424657533,single,fig6a,S11,frequency_GHz,dB,digitized_paper_measurement,p4_0.jpeg
334,405.0,29.832935560859188,-19.167123287671235,0.477326968973747,1.5780821917808217,single,fig6a,S11,frequency_GHz,dB,digitized_paper_measurement,p4_0.jpeg
335,428.0,30.071599045346062,-20.67945205479452,0.477326968973747,1.7753424657534245,single,fig6a,S11,frequency_GHz,dB,digitized_paper_measurement,p4_0.jpeg
336,442.5,30.310262529832936,-21.632876712328766,0.477326968973747,1.4794520547945205,single,fig6a,S11,frequency_GHz,dB,digitized_paper_measurement,p4_0.jpeg
337,467.0,30.548926014319807,-23.243835616438357,0.477326968973747,1.5123287671232875,single,fig6a,S11,frequency_GHz,dB,digitized_paper_measurement,p4_0.jpeg
338,481.5,30.787589498806682,-24.197260273972603,0.477326968973747,1.5452054794520547,single,fig6a,S11,frequency_GHz,dB,digitized_paper_measurement,p4_0.jpeg
339,512.0,31.026252983293556,-26.202739726027396,0.477326968973747,2.16986301369863,single,fig6a,S11,frequency_GHz,dB,digitized_paper_measurement,p4_0.jpeg
340,527.0,31.26491646778043,-27.18904109589041,0.477326968973747,2.0383561643835613,single,fig6a,S11,frequency_GHz,dB,digitized_paper_measurement,p4_0.jpeg
341,541.0,31.5035799522673,-28.10958904109589,0.477326968973747,1.3150684931506849,single,fig6a,S11,frequency_GHz,dB,digitized_paper_measurement,p4_0.jpeg
342,531.5,31.742243436754176,-27.484931506849314,0.477326968973747,1.93972602739726,single,fig6a,S11,frequency_GHz,dB,digitized_paper_measurement,p4_0.jpeg
343,515.0,31.98090692124105,-26.4,0.477326968973747,2.3013698630136985,single,fig6a,S11,frequency_GHz,dB,digitized_paper_measurement,p4_0.jpeg
344,494.5,32.21957040572792,-25.052054794520547,0.477326968973747,2.268493150684931,single,fig6a,S11,frequency_GHz,dB,digitized_paper_measurement,p4_0.jpeg
345,466.5,32.4582338902148,-23.21095890410959,0.477326968973747,2.0054794520547943,single,fig6a,S11,frequency_GHz,dB,digitized_paper_measurement,p4_0.jpeg
346,449.5,32.69689737470167,-22.09315068493151,0.477326968973747,1.3479452054794518,single,fig6a,S11,frequency_GHz,dB,digitized_paper_measurement,p4_0.jpeg
347,426.0,32.93556085918854,-20.54794520547945,0.477326968973747,1.5123287671232875,single,fig6a,S11,frequency_GHz,dB,digitized_paper_measurement,p4_0.jpeg
348,414.5,33.17422434367542,-19.791780821917808,0.477326968973747,1.3479452054794518,single,fig6a,S11,frequency_GHz,dB,digitized_paper_measurement,p4_0.jpeg
349,397.5,33.41288782816229,-18.673972602739727,0.477326968973747,1.2164383561643834,single,fig6a,S11,frequency_GHz,dB,digitized_paper_measurement,p4_0.jpeg
350,383.5,33.65155131264916,-17.753424657534246,0.477326968973747,0.9534246575342464,single,fig6a,S11,frequency_GHz,dB,digitized_paper_measurement,p4_0.jpeg
351,374.0,33.89021479713604,-17.12876712328767,0.477326968973747,0.9205479452054793,single,fig6a,S11,frequency_GHz,dB,digitized_paper_measurement,p4_0.jpeg
352,363.5,34.12887828162291,-16.438356164383563,0.477326968973747,0.6904109589041095,single,fig6a,S11,frequency_GHz,dB,digitized_paper_measurement,p4_0.jpeg
353,356.0,34.36754176610979,-15.945205479452055,0.477326968973747,0.7232876712328766,single,fig6a,S11,frequency_GHz,dB,digitized_paper_measurement,p4_0.jpeg
354,350.0,34.60620525059666,-15.550684931506849,0.477326968973747,0.5917808219178081,single,fig6a,S11,frequency_GHz,dB,digitized_paper_measurement,p4_0.jpeg
355,343.5,34.84486873508353,-15.123287671232877,0.477326968973747,0.4931506849315068,single,fig6a,S11,frequency_GHz,dB,digitized_paper_measurement,p4_0.jpeg
356,339.5,35.08353221957041,-14.860273972602739,0.477326968973747,0.4931506849315068,single,fig6a,S11,frequency_GHz,dB,digitized_paper_measurement,p4_0.jpeg
357,334.0,35.32219570405728,-14.498630136986302,0.477326968973747,0.5260273972602739,single,fig6a,S11,frequency_GHz,dB,digitized_paper_measurement,p4_0.jpeg
358,330.5,35.56085918854415,-14.26849315068493,0.477326968973747,0.42739726027397257,single,fig6a,S11,frequency_GHz,dB,digitized_paper_measurement,p4_0.jpeg
359,327.0,35.79952267303103,-14.038356164383561,0.477326968973747,0.3287671232876712,single,fig6a,S11,frequency_GHz,dB,digitized_paper_measurement,p4_0.jpeg
360,325.0,36.0381861575179,-13.906849315068493,0.477326968973747,0.26301369863013696,single,fig6a,S11,frequency_GHz,dB,digitized_paper_measurement,p4_0.jpeg
361,324.0,36.27684964200478,-13.841095890410958,0.477326968973747,0.26301369863013696,single,fig6a,S11,frequency_GHz,dB,digitized_paper_measurement,p4_0.jpeg
362,324.0,36.51551312649165,-13.841095890410958,0.477326968973747,0.26301369863013696,single,fig6a,S11,frequency_GHz,dB,digitized_paper_measurement,p4_0.jpeg
363,323.5,36.75417661097852,-13.808219178082192,0.477326968973747,0.23013698630136983,single,fig6a,S11,frequency_GHz,dB,digitized_paper_measurement,p4_0.jpeg
364,324.5,36.9928400954654,-13.873972602739727,0.477326968973747,0.23013698630136983,single,fig6a,S11,frequency_GHz,dB,digitized_paper_measurement,p4_0.jpeg
365,325.5,37.23150357995227,-13.93972602739726,0.477326968973747,0.29589041095890406,single,fig6a,S11,frequency_GHz,dB,digitized_paper_measurement,p4_0.jpeg
366,327.5,37.47016706443914,-14.07123287671233,0.477326968973747,0.29589041095890406,single,fig6a,S11,frequency_GHz,dB,digitized_paper_measurement,p4_0.jpeg
367,330.0,37.70883054892602,-14.235616438356164,0.477326968973747,0.3945205479452054,single,fig6a,S11,frequency_GHz,dB,digitized_paper_measurement,p4_0.jpeg
368,334.5,37.94749403341289,-14.531506849315068,0.477326968973747,0.42739726027397257,single,fig6a,S11,frequency_GHz,dB,digitized_paper_measurement,p4_0.jpeg
369,337.5,38.18615751789976,-14.728767123287671,0.477326968973747,0.4931506849315068,single,fig6a,S11,frequency_GHz,dB,digitized_paper_measurement,p4_0.jpeg
370,343.0,38.424821002386636,-15.09041095890411,0.477326968973747,0.5917808219178081,single,fig6a,S11,frequency_GHz,dB,digitized_paper_measurement,p4_0.jpeg
371,350.0,38.66348448687351,-15.550684931506849,0.477326968973747,0.6575342465753424,single,fig6a,S11,frequency_GHz,dB,digitized_paper_measurement,p4_0.jpeg
372,358.5,38.902147971360385,-16.10958904109589,0.477326968973747,0.6904109589041095,single,fig6a,S11,frequency_GHz,dB,digitized_paper_measurement,p4_0.jpeg
373,363.5,39.140811455847256,-16.438356164383563,0.477326968973747,0.8876712328767122,single,fig6a,S11,frequency_GHz,dB,digitized_paper_measurement,p4_0.jpeg
374,376.0,39.37947494033413,-17.26027397260274,0.477326968973747,0.8547945205479451,single,fig6a,S11,frequency_GHz,dB,digitized_paper_measurement,p4_0.jpeg
375,385.5,39.618138424821005,-17.884931506849316,0.477326968973747,1.0191780821917806,single,fig6a,S11,frequency_GHz,dB,digitized_paper_measurement,p4_0.jpeg
376,400.5,39.856801909307876,-18.87123287671233,0.477326968973747,1.084931506849315,single,fig6a,S11,frequency_GHz,dB,digitized_paper_measurement,p4_0.jpeg
377,410.5,40.09546539379475,-19.528767123287672,0.477326968973747,1.2821917808219176,single,fig6a,S11,frequency_GHz,dB,digitized_paper_measurement,p4_0.jpeg
378,420.5,40.334128878281625,-20.186301369863013,0.477326968973747,0.9534246575342464,single,fig6a,S11,frequency_GHz,dB,digitized_paper_measurement,p4_0.jpeg
379,428.5,40.572792362768496,-20.71232876712329,0.477326968973747,0.7561643835616437,single,fig6a,S11,frequency_GHz,dB,digitized_paper_measurement,p4_0.jpeg
380,445.0,40.81145584725537,-21.797260273972604,0.477326968973747,1.0520547945205478,single,fig6a,S11,frequency_GHz,dB,digitized_paper_measurement,p4_0.jpeg
381,455.0,41.050119331742245,-22.454794520547946,0.477326968973747,1.4465753424657533,single,fig6a,S11,frequency_GHz,dB,digitized_paper_measurement,p4_0.jpeg
382,478.5,41.288782816229116,-24.0,0.477326968973747,1.7424657534246573,single,fig6a,S11,frequency_GHz,dB,digitized_paper_measurement,p4_0.jpeg
383,493.5,41.527446300715994,-24.986301369863014,0.477326968973747,2.268493150684931,single,fig6a,S11,frequency_GHz,dB,digitized_paper_measurement,p4_0.jpeg
384,523.0,41.766109785202865,-26.926027397260274,0.477326968973747,1.5123287671232875,single,fig6a,S11,frequency_GHz,dB,digitized_paper_measurement,p4_0.jpeg
385,527.5,42.004773269689736,-27.221917808219178,0.477326968973747,1.2821917808219176,single,fig6a,S11,frequency_GHz,dB,digitized_paper_measurement,p4_0.jpeg
386,526.5,42.243436754176614,-27.156164383561645,0.477326968973747,1.3479452054794518,single,fig6a,S11,frequency_GHz,dB,digitized_paper_measurement,p4_0.jpeg
387,525.5,42.482100238663485,-27.09041095890411,0.477326968973747,1.3479452054794518,single,fig6a,S11,frequency_GHz,dB,digitized_paper_measurement,p4_0.jpeg
389,492.5,42.95942720763723,-24.92054794520548,0.477326968973747,1.8739726027397259,single,fig6a,S11,frequency_GHz,dB,digitized_paper_measurement,p4_0.jpeg
390,465.0,43.198090692124104,-23.112328767123287,0.477326968973747,1.5780821917808217,single,fig6a,S11,frequency_GHz,dB,digitized_paper_measurement,p4_0.jpeg
391,452.5,43.436754176610975,-22.29041095890411,0.477326968973747,1.4794520547945205,single,fig6a,S11,frequency_GHz,dB,digitized_paper_measurement,p4_0.jpeg
392,430.5,43.67541766109785,-20.843835616438355,0.477326968973747,1.4136986301369863,single,fig6a,S11,frequency_GHz,dB,digitized_paper_measurement,p4_0.jpeg
393,423.5,43.914081145584724,-20.383561643835616,0.477326968973747,1.1506849315068493,single,fig6a,S11,frequency_GHz,dB,digitized_paper_measurement,p4_0.jpeg
394,402.5,44.1527446300716,-19.002739726027396,0.477326968973747,1.0191780821917806,single,fig6a,S11,frequency_GHz,dB,digitized_paper_measurement,p4_0.jpeg
395,397.5,44.39140811455847,-18.673972602739727,0.477326968973747,1.0191780821917806,single,fig6a,S11,frequency_GHz,dB,digitized_paper_measurement,p4_0.jpeg
396,387.0,44.630071599045344,-17.983561643835618,0.477326968973747,0.7890410958904108,single,fig6a,S11,frequency_GHz,dB,digitized_paper_measurement,p4_0.jpeg
397,381.0,44.86873508353222,-17.589041095890412,0.477326968973747,0.5917808219178081,single,fig6a,S11,frequency_GHz,dB,digitized_paper_measurement,p4_0.jpeg
398,371.0,45.10739856801909,-16.931506849315067,0.477326968973747,0.5260273972602739,single,fig6a,S11,frequency_GHz,dB,digitized_paper_measurement,p4_0.jpeg
399,369.5,45.346062052505964,-16.832876712328765,0.477326968973747,0.558904109589041,single,fig6a,S11,frequency_GHz,dB,digitized_paper_measurement,p4_0.jpeg
400,361.5,45.58472553699284,-16.306849315068494,0.477326968973747,0.42739726027397257,single,fig6a,S11,frequency_GHz,dB,digitized_paper_measurement,p4_0.jpeg
401,359.5,45.82338902147971,-16.175342465753424,0.477326968973747,0.42739726027397257,single,fig6a,S11,frequency_GHz,dB,digitized_paper_measurement,p4_0.jpeg
403,352.5,46.30071599045346,-15.715068493150685,0.477326968973747,0.3616438356164383,single,fig6a,S11,frequency_GHz,dB,digitized_paper_measurement,p4_0.jpeg
404,348.5,46.53937947494033,-15.452054794520548,0.477326968973747,0.29589041095890406,single,fig6a,S11,frequency_GHz,dB,digitized_paper_measurement,p4_0.jpeg
405,347.0,46.77804295942721,-15.353424657534246,0.477326968973747,0.26301369863013696,single,fig6a,S11,frequency_GHz,dB,digitized_paper_measurement,p4_0.jpeg
406,344.5,47.01670644391408,-15.189041095890412,0.477326968973747,0.29589041095890406,single,fig6a,S11,frequency_GHz,dB,digitized_paper_measurement,p4_0.jpeg
407,344.5,47.25536992840095,-15.189041095890412,0.477326968973747,0.29589041095890406,single,fig6a,S11,frequency_GHz,dB,digitized_paper_measurement,p4_0.jpeg
408,346.0,47.49403341288783,-15.287671232876713,0.477326968973747,0.3287671232876712,single,fig6a,S11,frequency_GHz,dB,digitized_paper_measurement,p4_0.jpeg
409,347.0,47.7326968973747,-15.353424657534246,0.477326968973747,0.3287671232876712,single,fig6a,S11,frequency_GHz,dB,digitized_paper_measurement,p4_0.jpeg
410,349.5,47.97136038186157,-15.517808219178082,0.477326968973747,0.3616438356164383,single,fig6a,S11,frequency_GHz,dB,digitized_paper_measurement,p4_0.jpeg
411,351.0,48.21002386634845,-15.616438356164384,0.477326968973747,0.3945205479452054,single,fig6a,S11,frequency_GHz,dB,digitized_paper_measurement,p4_0.jpeg
412,356.5,48.44868735083532,-15.978082191780821,0.477326968973747,0.42739726027397257,single,fig6a,S11,frequency_GHz,dB,digitized_paper_measurement,p4_0.jpeg
413,358.0,48.68735083532219,-16.076712328767123,0.477326968973747,0.46027397260273967,single,fig6a,S11,frequency_GHz,dB,digitized_paper_measurement,p4_0.jpeg
414,366.0,48.92601431980907,-16.602739726027398,0.477326968973747,0.5917808219178081,single,fig6a,S11,frequency_GHz,dB,digitized_paper_measurement,p4_0.jpeg
415,368.0,49.16467780429594,-16.734246575342464,0.477326968973747,0.5917808219178081,single,fig6a,S11,frequency_GHz,dB,digitized_paper_measurement,p4_0.jpeg
416,378.5,49.40334128878282,-17.424657534246574,0.477326968973747,0.6904109589041095,single,fig6a,S11,frequency_GHz,dB,digitized_paper_measurement,p4_0.jpeg
417,381.5,49.64200477326969,-17.621917808219177,0.477326968973747,0.7561643835616437,single,fig6a,S11,frequency_GHz,dB,digitized_paper_measurement,p4_0.jpeg
418,392.5,49.88066825775656,-18.345205479452055,0.477326968973747,0.6904109589041095,single,fig6a,S11,frequency_GHz,dB,digitized_paper_measurement,p4_0.jpeg
419,395.5,50.11933174224344,-18.542465753424658,0.477326968973747,0.6904109589041095,single,fig6a,S11,frequency_GHz,dB,digitized_paper_measurement,p4_0.jpeg
420,404.5,50.35799522673031,-19.134246575342466,0.477326968973747,0.42739726027397257,single,fig6a,S11,frequency_GHz,dB,digitized_paper_measurement,p4_0.jpeg
421,406.0,50.59665871121718,-19.232876712328768,0.477326968973747,0.3945205479452054,single,fig6a,S11,frequency_GHz,dB,digitized_paper_measurement,p4_0.jpeg
422,415.5,50.83532219570406,-19.85753424657534,0.477326968973747,0.6246575342465753,single,fig6a,S11,frequency_GHz,dB,digitized_paper_measurement,p4_0.jpeg
423,416.5,51.07398568019093,-19.923287671232877,0.477326968973747,0.6246575342465753,single,fig6a,S11,frequency_GHz,dB,digitized_paper_measurement,p4_0.jpeg
424,432.5,51.31264916467781,-20.975342465753425,0.477326968973747,0.8876712328767122,single,fig6a,S11,frequency_GHz,dB,digitized_paper_measurement,p4_0.jpeg
425,435.0,51.55131264916468,-21.13972602739726,0.477326968973747,0.9205479452054793,single,fig6a,S11,frequency_GHz,dB,digitized_paper_measurement,p4_0.jpeg
426,458.5,51.78997613365155,-22.684931506849313,0.477326968973747,1.3479452054794518,single,fig6a,S11,frequency_GHz,dB,digitized_paper_measurement,p4_0.jpeg
427,465.5,52.02863961813843,-23.145205479452056,0.477326968973747,1.6109589041095889,single,fig6a,S11,frequency_GHz,dB,digitized_paper_measurement,p4_0.jpeg
428,490.0,52.2673031026253,-24.756164383561643,0.477326968973747,1.5123287671232875,single,fig6a,S11,frequency_GHz,dB,digitized_paper_measurement,p4_0.jpeg
429,495.5,52.50596658711217,-25.117808219178084,0.477326968973747,1.2821917808219176,single,fig6a,S11,frequency_GHz,dB,digitized_paper_measurement,p4_0.jpeg
430,522.0,52.74463007159905,-26.86027397260274,0.477326968973747,0.9863013698630136,single,fig6a,S11,frequency_GHz,dB,digitized_paper_measurement,p4_0.jpeg
431,523.5,52.98329355608592,-26.958904109589042,0.477326968973747,0.9534246575342464,single,fig6a,S11,frequency_GHz,dB,digitized_paper_measurement,p4_0.jpeg
432,524.0,53.22195704057279,-26.991780821917807,0.477326968973747,0.8547945205479451,single,fig6a,S11,frequency_GHz,dB,digitized_paper_measurement,p4_0.jpeg
433,524.0,53.46062052505967,-26.991780821917807,0.477326968973747,0.8547945205479451,single,fig6a,S11,frequency_GHz,dB,digitized_paper_measurement,p4_0.jpeg
434,506.5,53.69928400954654,-25.84109589041096,0.477326968973747,1.1506849315068493,single,fig6a,S11,frequency_GHz,dB,digitized_paper_measurement,p4_0.jpeg
435,502.0,53.937947494033416,-25.545205479452054,0.477326968973747,0.9863013698630136,single,fig6a,S11,frequency_GHz,dB,digitized_paper_measurement,p4_0.jpeg
436,478.0,54.17661097852029,-23.96712328767123,0.477326968973747,1.1835616438356162,single,fig6a,S11,frequency_GHz,dB,digitized_paper_measurement,p4_0.jpeg
437,474.0,54.41527446300716,-23.704109589041096,0.477326968973747,1.3150684931506849,single,fig6a,S11,frequency_GHz,dB,digitized_paper_measurement,p4_0.jpeg
438,451.0,54.653937947494036,-22.19178082191781,0.477326968973747,0.9205479452054793,single,fig6a,S11,frequency_GHz,dB,digitized_paper_measurement,p4_0.jpeg
439,449.5,54.89260143198091,-22.09315068493151,0.477326968973747,0.9534246575342464,single,fig6a,S11,frequency_GHz,dB,digitized_paper_measurement,p4_0.jpeg
440,432.5,55.13126491646778,-20.975342465753425,0.477326968973747,0.821917808219178,single,fig6a,S11,frequency_GHz,dB,digitized_paper_measurement,p4_0.jpeg
441,429.5,55.369928400954656,-20.778082191780822,0.477326968973747,0.7561643835616437,single,fig6a,S11,frequency_GHz,dB,digitized_paper_measurement,p4_0.jpeg
442,414.5,55.60859188544153,-19.791780821917808,0.477326968973747,0.6904109589041095,single,fig6a,S11,frequency_GHz,dB,digitized_paper_measurement,p4_0.jpeg
443,414.0,55.8472553699284,-19.75890410958904,0.477326968973747,0.7232876712328766,single,fig6a,S11,frequency_GHz,dB,digitized_paper_measurement,p4_0.jpeg
444,404.0,56.085918854415276,-19.101369863013698,0.477326968973747,0.5917808219178081,single,fig6a,S11,frequency_GHz,dB,digitized_paper_measurement,p4_0.jpeg
445,401.0,56.32458233890215,-18.904109589041095,0.477326968973747,0.5260273972602739,single,fig6a,S11,frequency_GHz,dB,digitized_paper_measurement,p4_0.jpeg
446,394.5,56.563245823389025,-18.476712328767125,0.477326968973747,0.42739726027397257,single,fig6a,S11,frequency_GHz,dB,digitized_paper_measurement,p4_0.jpeg
447,393.5,56.801909307875896,-18.410958904109588,0.477326968973747,0.3616438356164383,single,fig6a,S11,frequency_GHz,dB,digitized_paper_measurement,p4_0.jpeg
448,389.5,57.04057279236277,-18.147945205479452,0.477326968973747,0.3616438356164383,single,fig6a,S11,frequency_GHz,dB,digitized_paper_measurement,p4_0.jpeg
449,388.0,57.279236276849645,-18.04931506849315,0.477326968973747,0.3287671232876712,single,fig6a,S11,frequency_GHz,dB,digitized_paper_measurement,p4_0.jpeg
450,386.0,57.517899761336515,-17.91780821917808,0.477326968973747,0.3287671232876712,single,fig6a,S11,frequency_GHz,dB,digitized_paper_measurement,p4_0.jpeg
451,385.0,57.756563245823386,-17.852054794520548,0.477326968973747,0.3287671232876712,single,fig6a,S11,frequency_GHz,dB,digitized_paper_measurement,p4_0.jpeg
452,383.5,57.995226730310264,-17.753424657534246,0.477326968973747,0.29589041095890406,single,fig6a,S11,frequency_GHz,dB,digitized_paper_measurement,p4_0.jpeg
453,384.0,58.233890214797135,-17.786301369863015,0.477326968973747,0.3287671232876712,single,fig6a,S11,frequency_GHz,dB,digitized_paper_measurement,p4_0.jpeg
454,386.0,58.472553699284006,-17.91780821917808,0.477326968973747,0.3287671232876712,single,fig6a,S11,frequency_GHz,dB,digitized_paper_measurement,p4_0.jpeg
455,386.5,58.711217183770884,-17.95068493150685,0.477326968973747,0.3616438356164383,single,fig6a,S11,frequency_GHz,dB,digitized_paper_measurement,p4_0.jpeg
456,391.0,58.949880668257755,-18.246575342465754,0.477326968973747,0.3945205479452054,single,fig6a,S11,frequency_GHz,dB,digitized_paper_measurement,p4_0.jpeg
457,392.5,59.18854415274463,-18.345205479452055,0.477326968973747,0.3616438356164383,single,fig6a,S11,frequency_GHz,dB,digitized_paper_measurement,p4_0.jpeg
458,396.5,59.427207637231504,-18.60821917808219,0.477326968973747,0.42739726027397257,single,fig6a,S11,frequency_GHz,dB,digitized_paper_measurement,p4_0.jpeg
459,398.0,59.665871121718375,-18.706849315068492,0.477326968973747,0.3945205479452054,single,fig6a,S11,frequency_GHz,dB,digitized_paper_measurement,p4_0.jpeg
460,403.0,59.90453460620525,-19.035616438356165,0.477326968973747,0.3945205479452054,single,fig6a,S11,frequency_GHz,dB,digitized_paper_measurement,p4_0.jpeg
461,404.5,60.143198090692124,-19.134246575342466,0.477326968973747,0.42739726027397257,single,fig6a,S11,frequency_GHz,dB,digitized_paper_measurement,p4_0.jpeg
462,409.0,60.381861575178995,-19.43013698630137,0.477326968973747,0.3287671232876712,single,fig6a,S11,frequency_GHz,dB,digitized_paper_measurement,p4_0.jpeg
463,410.0,60.62052505966587,-19.495890410958904,0.477326968973747,0.3945205479452054,single,fig6a,S11,frequency_GHz,dB,digitized_paper_measurement,p4_0.jpeg
464,413.0,60.859188544152744,-19.693150684931506,0.477326968973747,0.3287671232876712,single,fig6a,S11,frequency_GHz,dB,digitized_paper_measurement,p4_0.jpeg
465,413.5,61.097852028639615,-19.726027397260275,0.477326968973747,0.3616438356164383,single,fig6a,S11,frequency_GHz,dB,digitized_paper_measurement,p4_0.jpeg
466,419.5,61.33651551312649,-20.12054794520548,0.477326968973747,0.4931506849315068,single,fig6a,S11,frequency_GHz,dB,digitized_paper_measurement,p4_0.jpeg
467,421.0,61.575178997613364,-20.21917808219178,0.477326968973747,0.5260273972602739,single,fig6a,S11,frequency_GHz,dB,digitized_paper_measurement,p4_0.jpeg
468,433.5,61.81384248210024,-21.041095890410958,0.477326968973747,0.7561643835616437,single,fig6a,S11,frequency_GHz,dB,digitized_paper_measurement,p4_0.jpeg
469,436.5,62.05250596658711,-21.23835616438356,0.477326968973747,0.821917808219178,single,fig6a,S11,frequency_GHz,dB,digitized_paper_measurement,p4_0.jpeg
470,451.5,62.29116945107398,-22.224657534246575,0.477326968973747,0.9534246575342464,single,fig6a,S11,frequency_GHz,dB,digitized_paper_measurement,p4_0.jpeg
471,456.0,62.52983293556086,-22.52054794520548,0.477326968973747,0.9863013698630136,single,fig6a,S11,frequency_GHz,dB,digitized_paper_measurement,p4_0.jpeg
472,478.0,62.76849642004773,-23.96712328767123,0.477326968973747,1.3150684931506849,single,fig6a,S11,frequency_GHz,dB,digitized_paper_measurement,p4_0.jpeg
473,483.5,63.0071599045346,-24.328767123287673,0.477326968973747,1.2821917808219176,single,fig6a,S11,frequency_GHz,dB,digitized_paper_measurement,p4_0.jpeg
474,508.0,63.24582338902148,-25.93972602739726,0.477326968973747,1.2493150684931507,single,fig6a,S11,frequency_GHz,dB,digitized_paper_measurement,p4_0.jpeg
475,515.5,63.48448687350835,-26.432876712328767,0.477326968973747,1.4136986301369863,single,fig6a,S11,frequency_GHz,dB,digitized_paper_measurement,p4_0.jpeg
476,533.5,63.72315035799522,-27.616438356164384,0.477326968973747,1.1506849315068493,single,fig6a,S11,frequency_GHz,dB,digitized_paper_measurement,p4_0.jpeg
477,536.0,63.9618138424821,-27.78082191780822,0.477326968973747,1.117808219178082,single,fig6a,S11,frequency_GHz,dB,digitized_paper_measurement,p4_0.jpeg
478,545.5,64.20047732696898,-28.405479452054795,0.477326968973747,0.6904109589041095,single,fig6a,S11,frequency_GHz,dB,digitized_paper_measurement,p4_0.jpeg
479,545.0,64.43914081145584,-28.372602739726027,0.477326968973747,0.6575342465753424,single,fig6a,S11,frequency_GHz,dB,digitized_paper_measurement,p4_0.jpeg
480,532.5,64.67780429594272,-27.55068493150685,0.477326968973747,0.7561643835616437,single,fig6a,S11,frequency_GHz,dB,digitized_paper_measurement,p4_0.jpeg
481,530.5,64.9164677804296,-27.41917808219178,0.477326968973747,0.7561643835616437,single,fig6a,S11,frequency_GHz,dB,digitized_paper_measurement,p4_0.jpeg
482,516.5,65.15513126491646,-26.4986301369863,0.477326968973747,0.821917808219178,single,fig6a,S11,frequency_GHz,dB,digitized_paper_measurement,p4_0.jpeg
483,514.0,65.39379474940334,-26.334246575342465,0.477326968973747,0.7890410958904108,single,fig6a,S11,frequency_GHz,dB,digitized_paper_measurement,p4_0.jpeg
484,497.0,65.63245823389022,-25.216438356164385,0.477326968973747,0.8547945205479451,single,fig6a,S11,frequency_GHz,dB,digitized_paper_measurement,p4_0.jpeg
485,494.5,65.87112171837708,-25.052054794520547,0.477326968973747,0.821917808219178,single,fig6a,S11,frequency_GHz,dB,digitized_paper_measurement,p4_0.jpeg
486,483.0,66.10978520286396,-24.295890410958904,0.477326968973747,0.6575342465753424,single,fig6a,S11,frequency_GHz,dB,digitized_paper_measurement,p4_0.jpeg
487,481.0,66.34844868735084,-24.164383561643834,0.477326968973747,0.6575342465753424,single,fig6a,S11,frequency_GHz,dB,digitized_paper_measurement,p4_0.jpeg
488,472.5,66.5871121718377,-23.605479452054794,0.477326968973747,0.558904109589041,single,fig6a,S11,frequency_GHz,dB,digitized_paper_measurement,p4_0.jpeg
489,471.0,66.82577565632458,-23.506849315068493,0.477326968973747,0.5917808219178081,single,fig6a,S11,frequency_GHz,dB,digitized_paper_measurement,p4_0.jpeg
490,466.5,67.06443914081146,-23.21095890410959,0.477326968973747,0.42739726027397257,single,fig6a,S11,frequency_GHz,dB,digitized_paper_measurement,p4_0.jpeg
491,463.5,67.30310262529832,-23.013698630136986,0.477326968973747,0.29589041095890406,single,fig6a,S11,frequency_GHz,dB,digitized_paper_measurement,p4_0.jpeg
492,460.0,67.5417661097852,-22.783561643835615,0.477326968973747,0.3287671232876712,single,fig6a,S11,frequency_GHz,dB,digitized_paper_measurement,p4_0.jpeg
493,459.5,67.78042959427208,-22.75068493150685,0.477326968973747,0.29589041095890406,single,fig6a,S11,frequency_GHz,dB,digitized_paper_measurement,p4_0.jpeg
494,458.0,68.01909307875896,-22.65205479452055,0.477326968973747,0.3287671232876712,single,fig6a,S11,frequency_GHz,dB,digitized_paper_measurement,p4_0.jpeg
495,457.5,68.25775656324582,-22.61917808219178,0.477326968973747,0.29589041095890406,single,fig6a,S11,frequency_GHz,dB,digitized_paper_measurement,p4_0.jpeg
496,456.5,68.4964200477327,-22.553424657534247,0.477326968973747,0.3616438356164383,single,fig6a,S11,frequency_GHz,dB,digitized_paper_measurement,p4_0.jpeg
497,457.5,68.73508353221958,-22.61917808219178,0.477326968973747,0.3616438356164383,single,fig6a,S11,frequency_GHz,dB,digitized_paper_measurement,p4_0.jpeg
498,458.5,68.97374701670644,-22.684931506849313,0.477326968973747,0.3616438356164383,single,fig6a,S11,frequency_GHz,dB,digitized_paper_measurement,p4_0.jpeg
499,459.5,69.21241050119332,-22.75068493150685,0.477326968973747,0.29589041095890406,single,fig6a,S11,frequency_GHz,dB,digitized_paper_measurement,p4_0.jpeg
500,459.0,69.4510739856802,-22.71780821917808,0.477326968973747,0.26301369863013696,single,fig6a,S11,frequency_GHz,dB,digitized_paper_measurement,p4_0.jpeg
501,458.0,69.68973747016706,-22.65205479452055,0.477326968973747,0.26301369863013696,single,fig6a,S11,frequency_GHz,dB,digitized_paper_measurement,p4_0.jpeg
502,455.5,69.92840095465394,-22.487671232876714,0.477326968973747,0.42739726027397257,single,fig6a,S11,frequency_GHz,dB,digitized_paper_measurement,p4_0.jpeg
503,454.5,70.16706443914082,-22.421917808219177,0.477326968973747,0.4931506849315068,single,fig6a,S11,frequency_GHz,dB,digitized_paper_measurement,p4_0.jpeg
504,449.5,70.40572792362768,-22.09315068493151,0.477326968973747,0.3616438356164383,single,fig6a,S11,frequency_GHz,dB,digitized_paper_measurement,p4_0.jpeg
505,446.5,70.64439140811456,-21.895890410958906,0.477326968973747,0.3616438356164383,single,fig6a,S11,frequency_GHz,dB,digitized_paper_measurement,p4_0.jpeg
506,442.5,70.88305489260144,-21.632876712328766,0.477326968973747,0.42739726027397257,single,fig6a,S11,frequency_GHz,dB,digitized_paper_measurement,p4_0.jpeg
507,441.5,71.1217183770883,-21.567123287671233,0.477326968973747,0.42739726027397257,single,fig6a,S11,frequency_GHz,dB,digitized_paper_measurement,p4_0.jpeg
508,439.0,71.36038186157518,-21.4027397260274,0.477326968973747,0.3287671232876712,single,fig6a,S11,frequency_GHz,dB,digitized_paper_measurement,p4_0.jpeg
509,440.5,71.59904534606206,-21.5013698630137,0.477326968973747,0.3616438356164383,single,fig6a,S11,frequency_GHz,dB,digitized_paper_measurement,p4_0.jpeg
510,445.0,71.83770883054892,-21.797260273972604,0.477326968973747,0.5917808219178081,single,fig6a,S11,frequency_GHz,dB,digitized_paper_measurement,p4_0.jpeg
511,447.5,72.0763723150358,-21.96164383561644,0.477326968973747,0.558904109589041,single,fig6a,S11,frequency_GHz,dB,digitized_paper_measurement,p4_0.jpeg
512,459.5,72.31503579952268,-22.75068493150685,0.477326968973747,0.6904109589041095,single,fig6a,S11,frequency_GHz,dB,digitized_paper_measurement,p4_0.jpeg
513,464.0,72.55369928400955,-23.046575342465754,0.477326968973747,0.7890410958904108,single,fig6a,S11,frequency_GHz,dB,digitized_paper_measurement,p4_0.jpeg
514,474.5,72.79236276849642,-23.736986301369864,0.477326968973747,1.084931506849315,single,fig6a,S11,frequency_GHz,dB,digitized_paper_measurement,p4_0.jpeg
515,481.0,73.0310262529833,-24.164383561643834,0.477326968973747,0.8547945205479451,single,fig6a,S11,frequency_GHz,dB,digitized_paper_measurement,p4_0.jpeg
516,503.0,73.26968973747017,-25.610958904109587,0.477326968973747,1.380821917808219,single,fig6a,S11,frequency_GHz,dB,digitized_paper_measurement,p4_0.jpeg
517,509.0,73.50835322195704,-26.005479452054793,0.477326968973747,1.3150684931506849,single,fig6a,S11,frequency_GHz,dB,digitized_paper_measurement,p4_0.jpeg
518,533.0,73.74701670644392,-27.583561643835615,0.477326968973747,1.5123287671232875,single,fig6a,S11,frequency_GHz,dB,digitized_paper_measurement,p4_0.jpeg
519,544.5,73.9856801909308,-28.339726027397262,0.477326968973747,1.4136986301369863,single,fig6a,S11,frequency_GHz,dB,digitized_paper_measurement,p4_0.jpeg
520,575.5,74.22434367541766,-30.378082191780823,0.477326968973747,1.93972602739726,single,fig6a,S11,frequency_GHz,dB,digitized_paper_measurement,p4_0.jpeg
521,581.0,74.46300715990454,-30.73972602739726,0.477326968973747,1.7095890410958903,single,fig6a,S11,frequency_GHz,dB,digitized_paper_measurement,p4_0.jpeg
522,603.5,74.70167064439141,-32.21917808219178,0.477326968973747,0.8876712328767122,single,fig6a,S11,frequency_GHz,dB,digitized_paper_measurement,p4_0.jpeg
523,615.5,74.94033412887828,-33.00821917808219,0.477326968973747,1.3479452054794518,single,fig6a,S11,frequency_GHz,dB,digitized_paper_measurement,p4_0.jpeg
524,623.5,75.17899761336515,-33.534246575342465,0.477326968973747,1.1506849315068493,single,fig6a,S11,frequency_GHz,dB,digitized_paper_measurement,p4_0.jpeg
525,628.0,75.41766109785203,-33.83013698630137,0.477326968973747,0.9205479452054793,single,fig6a,S11,frequency_GHz,dB,digitized_paper_measurement,p4_0.jpeg
533,625.5,77.32696897374701,-33.66575342465753,0.477326968973747,0.821917808219178,single,fig6a,S11,frequency_GHz,dB,digitized_paper_measurement,p4_0.jpeg
534,621.5,77.56563245823389,-33.4027397260274,0.477326968973747,1.0191780821917806,single,fig6a,S11,frequency_GHz,dB,digitized_paper_measurement,p4_0.jpeg
535,622.0,77.80429594272077,-33.43561643835616,0.477326968973747,1.0520547945205478,single,fig6a,S11,frequency_GHz,dB,digitized_paper_measurement,p4_0.jpeg
536,624.5,78.04295942720763,-33.6,0.477326968973747,1.1506849315068493,single,fig6a,S11,frequency_GHz,dB,digitized_paper_measurement,p4_0.jpeg
537,626.5,78.28162291169451,-33.73150684931507,0.477326968973747,1.0191780821917806,single,fig6a,S11,frequency_GHz,dB,digitized_paper_measurement,p4_0.jpeg
538,625.0,78.52028639618139,-33.632876712328766,0.477326968973747,0.7890410958904108,single,fig6a,S11,frequency_GHz,dB,digitized_paper_measurement,p4_0.jpeg
539,623.0,78.75894988066825,-33.5013698630137,0.477326968973747,0.7890410958904108,single,fig6a,S11,frequency_GHz,dB,digitized_paper_measurement,p4_0.jpeg
540,617.5,78.99761336515513,-33.13972602739726,0.477326968973747,1.1506849315068493,single,fig6a,S11,frequency_GHz,dB,digitized_paper_measurement,p4_0.jpeg
542,599.5,79.47494033412887,-31.956164383561642,0.477326968973747,0.6246575342465753,single,fig6a,S11,frequency_GHz,dB,digitized_paper_measurement,p4_0.jpeg
543,593.0,79.71360381861575,-31.528767123287672,0.477326968973747,0.9863013698630136,single,fig6a,S11,frequency_GHz,dB,digitized_paper_measurement,p4_0.jpeg
544,587.5,79.95226730310263,-31.167123287671235,0.477326968973747,0.8876712328767122,single,fig6a,S11,frequency_GHz,dB,digitized_paper_measurement,p4_0.jpeg
545,570.0,80.1909307875895,-30.016438356164382,0.477326968973747,1.2493150684931507,single,fig6a,S11,frequency_GHz,dB,digitized_paper_measurement,p4_0.jpeg
546,552.5,80.42959427207637,-28.865753424657534,0.477326968973747,1.8082191780821917,single,fig6a,S11,frequency_GHz,dB,digitized_paper_measurement,p4_0.jpeg
547,537.0,80.66825775656325,-27.846575342465755,0.477326968973747,1.3150684931506849,single,fig6a,S11,frequency_GHz,dB,digitized_paper_measurement,p4_0.jpeg
548,519.0,80.90692124105011,-26.663013698630138,0.477326968973747,1.1835616438356162,single,fig6a,S11,frequency_GHz,dB,digitized_paper_measurement,p4_0.jpeg
549,505.0,81.14558472553699,-25.742465753424657,0.477326968973747,1.1835616438356162,single,fig6a,S11,frequency_GHz,dB,digitized_paper_measurement,p4_0.jpeg
550,494.0,81.38424821002387,-25.019178082191782,0.477326968973747,0.9863013698630136,single,fig6a,S11,frequency_GHz,dB,digitized_paper_measurement,p4_0.jpeg
551,483.5,81.62291169451073,-24.328767123287673,0.477326968973747,0.6246575342465753,single,fig6a,S11,frequency_GHz,dB,digitized_paper_measurement,p4_0.jpeg
552,476.5,81.86157517899761,-23.86849315068493,0.477326968973747,0.6246575342465753,single,fig6a,S11,frequency_GHz,dB,digitized_paper_measurement,p4_0.jpeg
553,476.0,82.10023866348449,-23.835616438356166,0.477326968973747,0.5917808219178081,single,fig6a,S11,frequency_GHz,dB,digitized_paper_measurement,p4_0.jpeg
554,475.0,82.33890214797135,-23.76986301369863,0.477326968973747,0.46027397260273967,single,fig6a,S11,frequency_GHz,dB,digitized_paper_measurement,p4_0.jpeg
555,479.5,82.57756563245823,-24.065753424657533,0.477326968973747,0.6904109589041095,single,fig6a,S11,frequency_GHz,dB,digitized_paper_measurement,p4_0.jpeg
556,483.5,82.81622911694511,-24.328767123287673,0.477326968973747,0.6904109589041095,single,fig6a,S11,frequency_GHz,dB,digitized_paper_measurement,p4_0.jpeg
557,496.0,83.05489260143199,-25.15068493150685,0.477326968973747,0.7890410958904108,single,fig6a,S11,frequency_GHz,dB,digitized_paper_measurement,p4_0.jpeg
558,501.5,83.29355608591885,-25.512328767123286,0.477326968973747,0.9534246575342464,single,fig6a,S11,frequency_GHz,dB,digitized_paper_measurement,p4_0.jpeg
559,508.0,83.53221957040573,-25.93972602739726,0.477326968973747,0.7232876712328766,single,fig6a,S11,frequency_GHz,dB,digitized_paper_measurement,p4_0.jpeg
560,519.0,83.77088305489261,-26.663013698630138,0.477326968973747,0.6575342465753424,single,fig6a,S11,frequency_GHz,dB,digitized_paper_measurement,p4_0.jpeg
561,530.5,84.00954653937947,-27.41917808219178,0.477326968973747,1.2164383561643834,single,fig6a,S11,frequency_GHz,dB,digitized_paper_measurement,p4_0.jpeg
562,534.0,84.24821002386635,-27.649315068493152,0.477326968973747,1.1835616438356162,single,fig6a,S11,frequency_GHz,dB,digitized_paper_measurement,p4_0.jpeg
563,545.5,84.48687350835323,-28.405479452054795,0.477326968973747,0.6246575342465753,single,fig6a,S11,frequency_GHz,dB,digitized_paper_measurement,p4_0.jpeg
564,551.0,84.72553699284009,-28.767123287671232,0.477326968973747,0.9205479452054793,single,fig6a,S11,frequency_GHz,dB,digitized_paper_measurement,p4_0.jpeg
566,561.0,85.20286396181385,-29.424657534246574,0.477326968973747,0.5917808219178081,single,fig6a,S11,frequency_GHz,dB,digitized_paper_measurement,p4_0.jpeg
567,565.5,85.44152744630071,-29.720547945205478,0.477326968973747,0.821917808219178,single,fig6a,S11,frequency_GHz,dB,digitized_paper_measurement,p4_0.jpeg
568,567.0,85.68019093078759,-29.81917808219178,0.477326968973747,0.8547945205479451,single,fig6a,S11,frequency_GHz,dB,digitized_paper_measurement,p4_0.jpeg
569,574.5,85.91885441527447,-30.312328767123287,0.477326968973747,0.4931506849315068,single,fig6a,S11,frequency_GHz,dB,digitized_paper_measurement,p4_0.jpeg
570,580.0,86.15751789976133,-30.673972602739727,0.477326968973747,0.7232876712328766,single,fig6a,S11,frequency_GHz,dB,digitized_paper_measurement,p4_0.jpeg
571,582.0,86.39618138424821,-30.805479452054794,0.477326968973747,0.7232876712328766,single,fig6a,S11,frequency_GHz,dB,digitized_paper_measurement,p4_0.jpeg
572,584.0,86.63484486873509,-30.936986301369863,0.477326968973747,0.5917808219178081,single,fig6a,S11,frequency_GHz,dB,digitized_paper_measurement,p4_0.jpeg
573,583.5,86.87350835322195,-30.904109589041095,0.477326968973747,0.558904109589041,single,fig6a,S11,frequency_GHz,dB,digitized_paper_measurement,p4_0.jpeg
574,581.5,87.11217183770883,-30.77260273972603,0.477326968973747,0.4931506849315068,single,fig6a,S11,frequency_GHz,dB,digitized_paper_measurement,p4_0.jpeg
575,590.5,87.3508353221957,-31.364383561643837,0.477326968973747,0.9534246575342464,single,fig6a,S11,frequency_GHz,dB,digitized_paper_measurement,p4_0.jpeg
576,592.5,87.58949880668258,-31.495890410958904,0.477326968973747,0.9534246575342464,single,fig6a,S11,frequency_GHz,dB,digitized_paper_measurement,p4_0.jpeg
577,590.0,87.82816229116945,-31.33150684931507,0.477326968973747,1.0520547945205478,single,fig6a,S11,frequency_GHz,dB,digitized_paper_measurement,p4_0.jpeg
578,582.0,88.06682577565633,-30.805479452054794,0.477326968973747,0.9863013698630136,single,fig6a,S11,frequency_GHz,dB,digitized_paper_measurement,p4_0.jpeg
579,576.5,88.3054892601432,-30.443835616438356,0.477326968973747,0.6246575342465753,single,fig6a,S11,frequency_GHz,dB,digitized_paper_measurement,p4_0.jpeg
580,576.0,88.54415274463007,-30.410958904109588,0.477326968973747,0.5917808219178081,single,fig6a,S11,frequency_GHz,dB,digitized_paper_measurement,p4_0.jpeg
581,582.0,88.78281622911695,-30.805479452054794,0.477326968973747,0.46027397260273967,single,fig6a,S11,frequency_GHz,dB,digitized_paper_measurement,p4_0.jpeg
582,583.0,89.02147971360382,-30.87123287671233,0.477326968973747,0.46027397260273967,single,fig6a,S11,frequency_GHz,dB,digitized_paper_measurement,p4_0.jpeg
583,582.0,89.26014319809069,-30.805479452054794,0.477326968973747,0.46027397260273967,single,fig6a,S11,frequency_GHz,dB,digitized_paper_measurement,p4_0.jpeg
584,579.5,89.49880668257757,-30.64109589041096,0.477326968973747,0.6246575342465753,single,fig6a,S11,frequency_GHz,dB,digitized_paper_measurement,p4_0.jpeg
585,574.0,89.73747016706444,-30.279452054794522,0.477326968973747,0.6575342465753424,single,fig6a,S11,frequency_GHz,dB,digitized_paper_measurement,p4_0.jpeg
586,570.5,89.97613365155131,-30.04931506849315,0.477326968973747,0.4931506849315068,single,fig6a,S11,frequency_GHz,dB,digitized_paper_measurement,p4_0.jpeg
587,556.0,90.21479713603819,-29.095890410958905,0.477326968973747,1.1835616438356162,single,fig6a,S11,frequency_GHz,dB,digitized_paper_measurement,p4_0.jpeg
588,550.5,90.45346062052506,-28.734246575342464,0.477326968973747,1.2164383561643834,single,fig6a,S11,frequency_GHz,dB,digitized_paper_measurement,p4_0.jpeg
589,537.5,90.69212410501193,-27.87945205479452,0.477326968973747,0.6246575342465753,single,fig6a,S11,frequency_GHz,dB,digitized_paper_measurement,p4_0.jpeg
590,531.0,90.9307875894988,-27.45205479452055,0.477326968973747,0.6575342465753424,single,fig6a,S11,frequency_GHz,dB,digitized_paper_measurement,p4_0.jpeg
591,527.0,91.16945107398568,-27.18904109589041,0.477326968973747,0.7232876712328766,single,fig6a,S11,frequency_GHz,dB,digitized_paper_measurement,p4_0.jpeg
592,523.0,91.40811455847255,-26.926027397260274,0.477326968973747,0.5260273972602739,single,fig6a,S11,frequency_GHz,dB,digitized_paper_measurement,p4_0.jpeg
593,516.5,91.64677804295943,-26.4986301369863,0.477326968973747,0.821917808219178,single,fig6a,S11,frequency_GHz,dB,digitized_paper_measurement,p4_0.jpeg
594,515.0,91.8854415274463,-26.4,0.477326968973747,0.8547945205479451,single,fig6a,S11,frequency_GHz,dB,digitized_paper_measurement,p4_0.jpeg
595,503.5,92.12410501193317,-25.643835616438356,0.477326968973747,0.3616438356164383,single,fig6a,S11,frequency_GHz,dB,digitized_paper_measurement,p4_0.jpeg
596,502.5,92.36276849642005,-25.578082191780823,0.477326968973747,0.42739726027397257,single,fig6a,S11,frequency_GHz,dB,digitized_paper_measurement,p4_0.jpeg
597,505.0,92.60143198090692,-25.742465753424657,0.477326968973747,0.5917808219178081,single,fig6a,S11,frequency_GHz,dB,digitized_paper_measurement,p4_0.jpeg
598,505.0,92.8400954653938,-25.742465753424657,0.477326968973747,0.6575342465753424,single,fig6a,S11,frequency_GHz,dB,digitized_paper_measurement,p4_0.jpeg
599,511.5,93.07875894988067,-26.16986301369863,0.477326968973747,0.3616438356164383,single,fig6a,S11,frequency_GHz,dB,digitized_paper_measurement,p4_0.jpeg
600,512.5,93.31742243436754,-26.235616438356164,0.477326968973747,0.3616438356164383,single,fig6a,S11,frequency_GHz,dB,digitized_paper_measurement,p4_0.jpeg
601,518.0,93.55608591885442,-26.5972602739726,0.477326968973747,0.6575342465753424,single,fig6a,S11,frequency_GHz,dB,digitized_paper_measurement,p4_0.jpeg
602,522.0,93.79474940334129,-26.86027397260274,0.477326968973747,0.8547945205479451,single,fig6a,S11,frequency_GHz,dB,digitized_paper_measurement,p4_0.jpeg
603,528.0,94.03341288782816,-27.254794520547946,0.477326968973747,0.7232876712328766,single,fig6a,S11,frequency_GHz,dB,digitized_paper_measurement,p4_0.jpeg
604,528.5,94.27207637231504,-27.28767123287671,0.477326968973747,0.6904109589041095,single,fig6a,S11,frequency_GHz,dB,digitized_paper_measurement,p4_0.jpeg
605,524.5,94.5107398568019,-27.024657534246575,0.477326968973747,0.6246575342465753,single,fig6a,S11,frequency_GHz,dB,digitized_paper_measurement,p4_0.jpeg
606,518.5,94.74940334128878,-26.63013698630137,0.477326968973747,0.6904109589041095,single,fig6a,S11,frequency_GHz,dB,digitized_paper_measurement,p4_0.jpeg
607,512.5,94.98806682577566,-26.235616438356164,0.477326968973747,0.558904109589041,single,fig6a,S11,frequency_GHz,dB,digitized_paper_measurement,p4_0.jpeg
608,511.0,95.22673031026252,-26.136986301369863,0.477326968973747,0.5260273972602739,single,fig6a,S11,frequency_GHz,dB,digitized_paper_measurement,p4_0.jpeg
609,510.0,95.4653937947494,-26.07123287671233,0.477326968973747,0.46027397260273967,single,fig6a,S11,frequency_GHz,dB,digitized_paper_measurement,p4_0.jpeg
610,509.0,95.70405727923628,-26.005479452054793,0.477326968973747,0.5260273972602739,single,fig6a,S11,frequency_GHz,dB,digitized_paper_measurement,p4_0.jpeg
611,502.0,95.94272076372314,-25.545205479452054,0.477326968973747,0.6575342465753424,single,fig6a,S11,frequency_GHz,dB,digitized_paper_measurement,p4_0.jpeg
612,500.0,96.18138424821002,-25.413698630136988,0.477326968973747,0.5917808219178081,single,fig6a,S11,frequency_GHz,dB,digitized_paper_measurement,p4_0.jpeg
613,495.0,96.4200477326969,-25.084931506849315,0.477326968973747,0.3945205479452054,single,fig6a,S11,frequency_GHz,dB,digitized_paper_measurement,p4_0.jpeg
614,494.5,96.65871121718376,-25.052054794520547,0.477326968973747,0.42739726027397257,single,fig6a,S11,frequency_GHz,dB,digitized_paper_measurement,p4_0.jpeg
615,493.0,96.89737470167064,-24.953424657534246,0.477326968973747,0.46027397260273967,single,fig6a,S11,frequency_GHz,dB,digitized_paper_measurement,p4_0.jpeg
616,492.5,97.13603818615752,-24.92054794520548,0.477326968973747,0.42739726027397257,single,fig6a,S11,frequency_GHz,dB,digitized_paper_measurement,p4_0.jpeg
617,484.5,97.37470167064438,-24.394520547945206,0.477326968973747,0.6246575342465753,single,fig6a,S11,frequency_GHz,dB,digitized_paper_measurement,p4_0.jpeg
618,483.5,97.61336515513126,-24.328767123287673,0.477326968973747,0.6246575342465753,single,fig6a,S11,frequency_GHz,dB,digitized_paper_measurement,p4_0.jpeg
619,476.5,97.85202863961814,-23.86849315068493,0.477326968973747,0.4931506849315068,single,fig6a,S11,frequency_GHz,dB,digitized_paper_measurement,p4_0.jpeg
620,473.5,98.09069212410502,-23.671232876712327,0.477326968973747,0.3616438356164383,single,fig6a,S11,frequency_GHz,dB,digitized_paper_measurement,p4_0.jpeg
621,469.0,98.32935560859188,-23.375342465753423,0.477326968973747,0.3287671232876712,single,fig6a,S11,frequency_GHz,dB,digitized_paper_measurement,p4_0.jpeg
622,469.0,98.56801909307876,-23.375342465753423,0.477326968973747,0.3287671232876712,single,fig6a,S11,frequency_GHz,dB,digitized_paper_measurement,p4_0.jpeg
623,470.0,98.80668257756564,-23.44109589041096,0.477326968973747,0.3287671232876712,single,fig6a,S11,frequency_GHz,dB,digitized_paper_measurement,p4_0.jpeg
624,470.5,99.0453460620525,-23.473972602739725,0.477326968973747,0.3616438356164383,single,fig6a,S11,frequency_GHz,dB,digitized_paper_measurement,p4_0.jpeg
625,472.5,99.28400954653938,-23.605479452054794,0.477326968973747,0.29589041095890406,single,fig6a,S11,frequency_GHz,dB,digitized_paper_measurement,p4_0.jpeg
626,473.0,99.52267303102626,-23.638356164383563,0.477326968973747,0.26301369863013696,single,fig6a,S11,frequency_GHz,dB,digitized_paper_measurement,p4_0.jpeg
627,480.0,99.76133651551312,-24.0986301369863,0.477326968973747,0.7232876712328766,single,fig6a,S11,frequency_GHz,dB,digitized_paper_measurement,p4_0.jpeg
628,482.5,100.0,-24.263013698630136,0.477326968973747,0.7561643835616437,single,fig6a,S11,frequency_GHz,dB,digitized_paper_measurement,p4_0.jpeg
629,495.0,100.23866348448688,-25.084931506849315,0.477326968973747,0.7232876712328766,single,fig6a,S11,frequency_GHz,dB,digitized_paper_measurement,p4_0.jpeg
630,497.5,100.47732696897374,-25.24931506849315,0.477326968973747,0.6904109589041095,single,fig6a,S11,frequency_GHz,dB,digitized_paper_measurement,p4_0.jpeg
631,508.5,100.71599045346062,-25.972602739726028,0.477326968973747,0.6904109589041095,single,fig6a,S11,frequency_GHz,dB,digitized_paper_measurement,p4_0.jpeg
632,519.0,100.9546539379475,-26.663013698630138,0.477326968973747,1.117808219178082,single,fig6a,S11,frequency_GHz,dB,digitized_paper_measurement,p4_0.jpeg
633,561.0,101.19331742243436,-29.424657534246574,0.477326968973747,3.1561643835616433,single,fig6a,S11,frequency_GHz,dB,digitized_paper_measurement,p4_0.jpeg
637,652.5,102.14797136038186,-35.441095890410956,0.477326968973747,0.42739726027397257,single,fig6a,S11,frequency_GHz,dB,digitized_paper_measurement,p4_0.jpeg
638,652.5,102.38663484486874,-35.441095890410956,0.477326968973747,0.42739726027397257,single,fig6a,S11,frequency_GHz,dB,digitized_paper_measurement,p4_0.jpeg
641,575.5,103.10262529832936,-30.378082191780823,0.477326968973747,2.4,single,fig6a,S11,frequency_GHz,dB,digitized_paper_measurement,p4_0.jpeg
642,564.5,103.34128878281624,-29.654794520547945,0.477326968973747,1.8739726027397259,single,fig6a,S11,frequency_GHz,dB,digitized_paper_measurement,p4_0.jpeg
643,536.5,103.5799522673031,-27.813698630136987,0.477326968973747,1.084931506849315,single,fig6a,S11,frequency_GHz,dB,digitized_paper_measurement,p4_0.jpeg
644,530.5,103.81861575178998,-27.41917808219178,0.477326968973747,0.821917808219178,single,fig6a,S11,frequency_GHz,dB,digitized_paper_measurement,p4_0.jpeg
645,510.0,104.05727923627686,-26.07123287671233,0.477326968973747,0.9863013698630136,single,fig6a,S11,frequency_GHz,dB,digitized_paper_measurement,p4_0.jpeg
646,508.5,104.29594272076372,-25.972602739726028,0.477326968973747,0.9534246575342464,single,fig6a,S11,frequency_GHz,dB,digitized_paper_measurement,p4_0.jpeg
647,489.0,104.5346062052506,-24.69041095890411,0.477326968973747,0.9205479452054793,single,fig6a,S11,frequency_GHz,dB,digitized_paper_measurement,p4_0.jpeg
648,486.0,104.77326968973748,-24.493150684931507,0.477326968973747,0.8547945205479451,single,fig6a,S11,frequency_GHz,dB,digitized_paper_measurement,p4_0.jpeg
649,477.0,105.01193317422434,-23.9013698630137,0.477326968973747,0.3945205479452054,single,fig6a,S11,frequency_GHz,dB,digitized_paper_measurement,p4_0.jpeg
650,476.5,105.25059665871122,-23.86849315068493,0.477326968973747,0.3616438356164383,single,fig6a,S11,frequency_GHz,dB,digitized_paper_measurement,p4_0.jpeg
651,472.0,105.4892601431981,-23.572602739726026,0.477326968973747,0.5260273972602739,single,fig6a,S11,frequency_GHz,dB,digitized_paper_measurement,p4_0.jpeg
652,471.5,105.72792362768496,-23.53972602739726,0.477326968973747,0.558904109589041,single,fig6a,S11,frequency_GHz,dB,digitized_paper_measurement,p4_0.jpeg
653,463.0,105.96658711217184,-22.980821917808218,0.477326968973747,0.46027397260273967,single,fig6a,S11,frequency_GHz,dB,digitized_paper_measurement,p4_0.jpeg
654,461.0,106.20525059665871,-22.84931506849315,0.477326968973747,0.46027397260273967,single,fig6a,S11,frequency_GHz,dB,digitized_paper_measurement,p4_0.jpeg
655,454.0,106.44391408114558,-22.389041095890413,0.477326968973747,0.5260273972602739,single,fig6a,S11,frequency_GHz,dB,digitized_paper_measurement,p4_0.jpeg
656,449.5,106.68257756563246,-22.09315068493151,0.477326968973747,0.6246575342465753,single,fig6a,S11,frequency_GHz,dB,digitized_paper_measurement,p4_0.jpeg
657,442.0,106.92124105011933,-21.6,0.477326968973747,0.7890410958904108,single,fig6a,S11,frequency_GHz,dB,digitized_paper_measurement,p4_0.jpeg
658,439.5,107.1599045346062,-21.435616438356163,0.477326968973747,0.6904109589041095,single,fig6a,S11,frequency_GHz,dB,digitized_paper_measurement,p4_0.jpeg
659,427.5,107.39856801909308,-20.646575342465752,0.477326968973747,0.558904109589041,single,fig6a,S11,frequency_GHz,dB,digitized_paper_measurement,p4_0.jpeg
660,426.0,107.63723150357995,-20.54794520547945,0.477326968973747,0.5260273972602739,single,fig6a,S11,frequency_GHz,dB,digitized_paper_measurement,p4_0.jpeg
661,421.5,107.87589498806683,-20.252054794520546,0.477326968973747,0.3616438356164383,single,fig6a,S11,frequency_GHz,dB,digitized_paper_measurement,p4_0.jpeg
662,421.0,108.1145584725537,-20.21917808219178,0.477326968973747,0.3945205479452054,single,fig6a,S11,frequency_GHz,dB,digitized_paper_measurement,p4_0.jpeg
663,416.0,108.35322195704057,-19.89041095890411,0.477326968973747,0.5917808219178081,single,fig6a,S11,frequency_GHz,dB,digitized_paper_measurement,p4_0.jpeg
664,413.5,108.59188544152745,-19.726027397260275,0.477326968973747,0.4931506849315068,single,fig6a,S11,frequency_GHz,dB,digitized_paper_measurement,p4_0.jpeg
665,409.5,108.83054892601432,-19.46301369863014,0.477326968973747,0.29589041095890406,single,fig6a,S11,frequency_GHz,dB,digitized_paper_measurement,p4_0.jpeg
666,409.0,109.0692124105012,-19.43013698630137,0.477326968973747,0.3287671232876712,single,fig6a,S11,frequency_GHz,dB,digitized_paper_measurement,p4_0.jpeg
667,407.0,109.30787589498807,-19.2986301369863,0.477326968973747,0.3287671232876712,single,fig6a,S11,frequency_GHz,dB,digitized_paper_measurement,p4_0.jpeg
668,406.0,109.54653937947494,-19.232876712328768,0.477326968973747,0.3945205479452054,single,fig6a,S11,frequency_GHz,dB,digitized_paper_measurement,p4_0.jpeg
669,400.5,109.78520286396181,-18.87123287671233,0.477326968973747,0.558904109589041,single,fig6a,S11,frequency_GHz,dB,digitized_paper_measurement,p4_0.jpeg
670,397.5,110.02386634844869,-18.673972602739727,0.477326968973747,0.558904109589041,single,fig6a,S11,frequency_GHz,dB,digitized_paper_measurement,p4_0.jpeg
671,390.0,110.26252983293556,-18.18082191780822,0.477326968973747,0.5260273972602739,single,fig6a,S11,frequency_GHz,dB,digitized_paper_measurement,p4_0.jpeg
672,386.5,110.50119331742243,-17.95068493150685,0.477326968973747,0.558904109589041,single,fig6a,S11,frequency_GHz,dB,digitized_paper_measurement,p4_0.jpeg
673,378.0,110.73985680190931,-17.39178082191781,0.477326968973747,0.5260273972602739,single,fig6a,S11,frequency_GHz,dB,digitized_paper_measurement,p4_0.jpeg
674,376.0,110.97852028639618,-17.26027397260274,0.477326968973747,0.5260273972602739,single,fig6a,S11,frequency_GHz,dB,digitized_paper_measurement,p4_0.jpeg
675,368.5,111.21718377088305,-16.767123287671232,0.477326968973747,0.558904109589041,single,fig6a,S11,frequency_GHz,dB,digitized_paper_measurement,p4_0.jpeg
676,364.5,111.45584725536993,-16.504109589041096,0.477326968973747,0.4931506849315068,single,fig6a,S11,frequency_GHz,dB,digitized_paper_measurement,p4_0.jpeg
677,356.5,111.6945107398568,-15.978082191780821,0.477326968973747,0.558904109589041,single,fig6a,S11,frequency_GHz,dB,digitized_paper_measurement,p4_0.jpeg
678,353.5,111.93317422434367,-15.780821917808218,0.477326968973747,0.558904109589041,single,fig6a,S11,frequency_GHz,dB,digitized_paper_measurement,p4_0.jpeg
679,346.5,112.17183770883055,-15.32054794520548,0.477326968973747,0.558904109589041,single,fig6a,S11,frequency_GHz,dB,digitized_paper_measurement,p4_0.jpeg
680,343.0,112.41050119331742,-15.09041095890411,0.477326968973747,0.5260273972602739,single,fig6a,S11,frequency_GHz,dB,digitized_paper_measurement,p4_0.jpeg
681,336.0,112.6491646778043,-14.63013698630137,0.477326968973747,0.5260273972602739,single,fig6a,S11,frequency_GHz,dB,digitized_paper_measurement,p4_0.jpeg
682,334.0,112.88782816229117,-14.498630136986302,0.477326968973747,0.46027397260273967,single,fig6a,S11,frequency_GHz,dB,digitized_paper_measurement,p4_0.jpeg
683,330.5,113.12649164677805,-14.26849315068493,0.477326968973747,0.29589041095890406,single,fig6a,S11,frequency_GHz,dB,digitized_paper_measurement,p4_0.jpeg
684,329.0,113.36515513126491,-14.169863013698631,0.477326968973747,0.3287671232876712,single,fig6a,S11,frequency_GHz,dB,digitized_paper_measurement,p4_0.jpeg
685,327.0,113.60381861575179,-14.038356164383561,0.477326968973747,0.1972602739726027,single,fig6a,S11,frequency_GHz,dB,digitized_paper_measurement,p4_0.jpeg
686,326.0,113.84248210023867,-13.972602739726028,0.477326968973747,0.1972602739726027,single,fig6a,S11,frequency_GHz,dB,digitized_paper_measurement,p4_0.jpeg
687,325.5,114.08114558472553,-13.93972602739726,0.477326968973747,0.1643835616438356,single,fig6a,S11,frequency_GHz,dB,digitized_paper_measurement,p4_0.jpeg
688,325.5,114.31980906921241,-13.93972602739726,0.477326968973747,0.1643835616438356,single,fig6a,S11,frequency_GHz,dB,digitized_paper_measurement,p4_0.jpeg
689,325.5,114.55847255369929,-13.93972602739726,0.477326968973747,0.1643835616438356,single,fig6a,S11,frequency_GHz,dB,digitized_paper_measurement,p4_0.jpeg
690,326.0,114.79713603818615,-13.972602739726028,0.477326968973747,0.1972602739726027,single,fig6a,S11,frequency_GHz,dB,digitized_paper_measurement,p4_0.jpeg
691,327.5,115.03579952267303,-14.07123287671233,0.477326968973747,0.23013698630136983,single,fig6a,S11,frequency_GHz,dB,digitized_paper_measurement,p4_0.jpeg
692,328.0,115.27446300715991,-14.104109589041096,0.477326968973747,0.26301369863013696,single,fig6a,S11,frequency_GHz,dB,digitized_paper_measurement,p4_0.jpeg
693,329.5,115.51312649164677,-14.202739726027398,0.477326968973747,0.23013698630136983,single,fig6a,S11,frequency_GHz,dB,digitized_paper_measurement,p4_0.jpeg
694,330.5,115.75178997613365,-14.26849315068493,0.477326968973747,0.23013698630136983,single,fig6a,S11,frequency_GHz,dB,digitized_paper_measurement,p4_0.jpeg
695,332.5,115.99045346062053,-14.4,0.477326968973747,0.23013698630136983,single,fig6a,S11,frequency_GHz,dB,digitized_paper_measurement,p4_0.jpeg
696,333.5,116.22911694510739,-14.465753424657533,0.477326968973747,0.23013698630136983,single,fig6a,S11,frequency_GHz,dB,digitized_paper_measurement,p4_0.jpeg
697,335.5,116.46778042959427,-14.597260273972603,0.477326968973747,0.23013698630136983,single,fig6a,S11,frequency_GHz,dB,digitized_paper_measurement,p4_0.jpeg
698,336.5,116.70644391408115,-14.663013698630136,0.477326968973747,0.23013698630136983,single,fig6a,S11,frequency_GHz,dB,digitized_paper_measurement,p4_0.jpeg
699,339.0,116.94510739856801,-14.827397260273973,0.477326968973747,0.3287671232876712,single,fig6a,S11,frequency_GHz,dB,digitized_paper_measurement,p4_0.jpeg
700,340.5,117.18377088305489,-14.926027397260274,0.477326968973747,0.29589041095890406,single,fig6a,S11,frequency_GHz,dB,digitized_paper_measurement,p4_0.jpeg
701,344.0,117.42243436754177,-15.156164383561643,0.477326968973747,0.3945205479452054,single,fig6a,S11,frequency_GHz,dB,digitized_paper_measurement,p4_0.jpeg
702,346.5,117.66109785202865,-15.32054794520548,0.477326968973747,0.3616438356164383,single,fig6a,S11,frequency_GHz,dB,digitized_paper_measurement,p4_0.jpeg
703,351.5,117.89976133651551,-15.64931506849315,0.477326968973747,0.42739726027397257,single,fig6a,S11,frequency_GHz,dB,digitized_paper_measurement,p4_0.jpeg
704,354.5,118.13842482100239,-15.846575342465753,0.477326968973747,0.42739726027397257,single,fig6a,S11,frequency_GHz,dB,digitized_paper_measurement,p4_0.jpeg
705,360.0,118.37708830548927,-16.208219178082192,0.477326968973747,0.5260273972602739,single,fig6a,S11,frequency_GHz,dB,digitized_paper_measurement,p4_0.jpeg
706,364.0,118.61575178997613,-16.471232876712328,0.477326968973747,0.5260273972602739,single,fig6a,S11,frequency_GHz,dB,digitized_paper_measurement,p4_0.jpeg
707,372.5,118.85441527446301,-17.03013698630137,0.477326968973747,0.6904109589041095,single,fig6a,S11,frequency_GHz,dB,digitized_paper_measurement,p4_0.jpeg
708,378.5,119.09307875894989,-17.424657534246574,0.477326968973747,0.6904109589041095,single,fig6a,S11,frequency_GHz,dB,digitized_paper_measurement,p4_0.jpeg
709,387.5,119.33174224343675,-18.016438356164382,0.477326968973747,0.8876712328767122,single,fig6a,S11,frequency_GHz,dB,digitized_paper_measurement,p4_0.jpeg
710,396.0,119.57040572792363,-18.575342465753426,0.477326968973747,0.9863013698630136,single,fig6a,S11,frequency_GHz,dB,digitized_paper_measurement,p4_0.jpeg
711,412.5,119.8090692124105,-19.660273972602738,0.477326968973747,1.3479452054794518,single,fig6a,S11,frequency_GHz,dB,digitized_paper_measurement,p4_0.jpeg
712,424.5,120.04773269689737,-20.44931506849315,0.477326968973747,1.2821917808219176,single,fig6a,S11,frequency_GHz,dB,digitized_paper_measurement,p4_0.jpeg
713,443.0,120.28639618138425,-21.665753424657535,0.477326968973747,1.4465753424657533,single,fig6a,S11,frequency_GHz,dB,digitized_paper_measurement,p4_0.jpeg
714,459.0,120.52505966587113,-22.71780821917808,0.477326968973747,1.643835616438356,single,fig6a,S11,frequency_GHz,dB,digitized_paper_measurement,p4_0.jpeg
715,473.5,120.76372315035799,-23.671232876712327,0.477326968973747,1.2821917808219176,single,fig6a,S11,frequency_GHz,dB,digitized_paper_measurement,p4_0.jpeg
716,488.5,121.00238663484487,-24.65753424657534,0.477326968973747,0.6904109589041095,single,fig6a,S11,frequency_GHz,dB,digitized_paper_measurement,p4_0.jpeg
717,493.0,121.24105011933175,-24.953424657534246,0.477326968973747,0.5260273972602739,single,fig6a,S11,frequency_GHz,dB,digitized_paper_measurement,p4_0.jpeg
718,491.5,121.47971360381861,-24.854794520547944,0.477326968973747,0.6246575342465753,single,fig6a,S11,frequency_GHz,dB,digitized_paper_measurement,p4_0.jpeg
719,489.5,121.71837708830549,-24.723287671232878,0.477326968973747,0.7561643835616437,single,fig6a,S11,frequency_GHz,dB,digitized_paper_measurement,p4_0.jpeg
720,477.0,121.95704057279237,-23.9013698630137,0.477326968973747,1.117808219178082,single,fig6a,S11,frequency_GHz,dB,digitized_paper_measurement,p4_0.jpeg
721,463.5,122.19570405727923,-23.013698630136986,0.477326968973747,1.4136986301369863,single,fig6a,S11,frequency_GHz,dB,digitized_paper_measurement,p4_0.jpeg
722,449.5,122.43436754176611,-22.09315068493151,0.477326968973747,1.0191780821917806,single,fig6a,S11,frequency_GHz,dB,digitized_paper_measurement,p4_0.jpeg
723,439.0,122.67303102625299,-21.4027397260274,0.477326968973747,0.9863013698630136,single,fig6a,S11,frequency_GHz,dB,digitized_paper_measurement,p4_0.jpeg
724,428.5,122.91169451073986,-20.71232876712329,0.477326968973747,0.6246575342465753,single,fig6a,S11,frequency_GHz,dB,digitized_paper_measurement,p4_0.jpeg
725,424.0,123.15035799522673,-20.416438356164385,0.477326968973747,0.46027397260273967,single,fig6a,S11,frequency_GHz,dB,digitized_paper_measurement,p4_0.jpeg
726,419.5,123.3890214797136,-20.12054794520548,0.477326968973747,0.29589041095890406,single,fig6a,S11,frequency_GHz,dB,digitized_paper_measurement,p4_0.jpeg
727,418.0,123.62768496420048,-20.02191780821918,0.477326968973747,0.26301369863013696,single,fig6a,S11,frequency_GHz,dB,digitized_paper_measurement,p4_0.jpeg
728,416.5,123.86634844868735,-19.923287671232877,0.477326968973747,0.23013698630136983,single,fig6a,S11,frequency_GHz,dB,digitized_paper_measurement,p4_0.jpeg
729,413.5,124.10501193317423,-19.726027397260275,0.477326968973747,0.3616438356164383,single,fig6a,S11,frequency_GHz,dB,digitized_paper_measurement,p4_0.jpeg
730,410.5,124.3436754176611,-19.528767123287672,0.477326968973747,0.4931506849315068,single,fig6a,S11,frequency_GHz,dB,digitized_paper_measurement,p4_0.jpeg
731,406.5,124.58233890214797,-19.265753424657536,0.477326968973747,0.558904109589041,single,fig6a,S11,frequency_GHz,dB,digitized_paper_measurement,p4_0.jpeg
732,398.5,124.82100238663485,-18.73972602739726,0.477326968973747,0.558904109589041,single,fig6a,S11,frequency_GHz,dB,digitized_paper_measurement,p4_0.jpeg
733,393.5,125.05966587112172,-18.410958904109588,0.477326968973747,0.7561643835616437,single,fig6a,S11,frequency_GHz,dB,digitized_paper_measurement,p4_0.jpeg
734,387.0,125.29832935560859,-17.983561643835618,0.477326968973747,0.5917808219178081,single,fig6a,S11,frequency_GHz,dB,digitized_paper_measurement,p4_0.jpeg
735,379.5,125.53699284009546,-17.49041095890411,0.477326968973747,0.6246575342465753,single,fig6a,S11,frequency_GHz,dB,digitized_paper_measurement,p4_0.jpeg
736,372.5,125.77565632458234,-17.03013698630137,0.477326968973747,0.4931506849315068,single,fig6a,S11,frequency_GHz,dB,digitized_paper_measurement,p4_0.jpeg
737,369.5,126.0143198090692,-16.832876712328765,0.477326968973747,0.4931506849315068,single,fig6a,S11,frequency_GHz,dB,digitized_paper_measurement,p4_0.jpeg
738,364.0,126.25298329355608,-16.471232876712328,0.477326968973747,0.3945205479452054,single,fig6a,S11,frequency_GHz,dB,digitized_paper_measurement,p4_0.jpeg
739,361.5,126.49164677804296,-16.306849315068494,0.477326968973747,0.3616438356164383,single,fig6a,S11,frequency_GHz,dB,digitized_paper_measurement,p4_0.jpeg
740,358.0,126.73031026252983,-16.076712328767123,0.477326968973747,0.3287671232876712,single,fig6a,S11,frequency_GHz,dB,digitized_paper_measurement,p4_0.jpeg
741,355.5,126.9689737470167,-15.912328767123288,0.477326968973747,0.29589041095890406,single,fig6a,S11,frequency_GHz,dB,digitized_paper_measurement,p4_0.jpeg
742,354.0,127.20763723150358,-15.813698630136987,0.477326968973747,0.26301369863013696,single,fig6a,S11,frequency_GHz,dB,digitized_paper_measurement,p4_0.jpeg
743,352.5,127.44630071599045,-15.715068493150685,0.477326968973747,0.23013698630136983,single,fig6a,S11,frequency_GHz,dB,digitized_paper_measurement,p4_0.jpeg
744,352.5,127.68496420047732,-15.715068493150685,0.477326968973747,0.23013698630136983,single,fig6a,S11,frequency_GHz,dB,digitized_paper_measurement,p4_0.jpeg
745,353.0,127.9236276849642,-15.747945205479452,0.477326968973747,0.1972602739726027,single,fig6a,S11,frequency_GHz,dB,digitized_paper_measurement,p4_0.jpeg
746,354.0,128.16229116945107,-15.813698630136987,0.477326968973747,0.26301369863013696,single,fig6a,S11,frequency_GHz,dB,digitized_paper_measurement,p4_0.jpeg
747,356.5,128.40095465393796,-15.978082191780821,0.477326968973747,0.3616438356164383,single,fig6a,S11,frequency_GHz,dB,digitized_paper_measurement,p4_0.jpeg
748,360.5,128.63961813842482,-16.24109589041096,0.477326968973747,0.3616438356164383,single,fig6a,S11,frequency_GHz,dB,digitized_paper_measurement,p4_0.jpeg
749,362.5,128.8782816229117,-16.372602739726027,0.477326968973747,0.42739726027397257,single,fig6a,S11,frequency_GHz,dB,digitized_paper_measurement,p4_0.jpeg
750,368.0,129.11694510739858,-16.734246575342464,0.477326968973747,0.46027397260273967,single,fig6a,S11,frequency_GHz,dB,digitized_paper_measurement,p4_0.jpeg
751,370.5,129.35560859188544,-16.898630136986302,0.477326968973747,0.42739726027397257,single,fig6a,S11,frequency_GHz,dB,digitized_paper_measurement,p4_0.jpeg
752,375.5,129.5942720763723,-17.22739726027397,0.477326968973747,0.29589041095890406,single,fig6a,S11,frequency_GHz,dB,digitized_paper_measurement,p4_0.jpeg
753,376.5,129.8329355608592,-17.293150684931508,0.477326968973747,0.29589041095890406,single,fig6a,S11,frequency_GHz,dB,digitized_paper_measurement,p4_0.jpeg
754,377.0,130.07159904534606,-17.326027397260273,0.477326968973747,0.26301369863013696,single,fig6a,S11,frequency_GHz,dB,digitized_paper_measurement,p4_0.jpeg
755,377.0,130.31026252983293,-17.326027397260273,0.477326968973747,0.26301369863013696,single,fig6a,S11,frequency_GHz,dB,digitized_paper_measurement,p4_0.jpeg
756,375.0,130.54892601431982,-17.194520547945206,0.477326968973747,0.3287671232876712,single,fig6a,S11,frequency_GHz,dB,digitized_paper_measurement,p4_0.jpeg
757,372.0,130.78758949880668,-16.997260273972604,0.477326968973747,0.3945205479452054,single,fig6a,S11,frequency_GHz,dB,digitized_paper_measurement,p4_0.jpeg
758,367.5,131.02625298329355,-16.7013698630137,0.477326968973747,0.42739726027397257,single,fig6a,S11,frequency_GHz,dB,digitized_paper_measurement,p4_0.jpeg
759,365.5,131.26491646778044,-16.56986301369863,0.477326968973747,0.4931506849315068,single,fig6a,S11,frequency_GHz,dB,digitized_paper_measurement,p4_0.jpeg
760,359.5,131.5035799522673,-16.175342465753424,0.477326968973747,0.29589041095890406,single,fig6a,S11,frequency_GHz,dB,digitized_paper_measurement,p4_0.jpeg
761,358.5,131.74224343675417,-16.10958904109589,0.477326968973747,0.29589041095890406,single,fig6a,S11,frequency_GHz,dB,digitized_paper_measurement,p4_0.jpeg
762,357.0,131.98090692124106,-16.01095890410959,0.477326968973747,0.26301369863013696,single,fig6a,S11,frequency_GHz,dB,digitized_paper_measurement,p4_0.jpeg
763,357.0,132.21957040572792,-16.01095890410959,0.477326968973747,0.26301369863013696,single,fig6a,S11,frequency_GHz,dB,digitized_paper_measurement,p4_0.jpeg
764,359.5,132.45823389021479,-16.175342465753424,0.477326968973747,0.3616438356164383,single,fig6a,S11,frequency_GHz,dB,digitized_paper_measurement,p4_0.jpeg
765,362.5,132.69689737470168,-16.372602739726027,0.477326968973747,0.42739726027397257,single,fig6a,S11,frequency_GHz,dB,digitized_paper_measurement,p4_0.jpeg
766,373.5,132.93556085918854,-17.095890410958905,0.477326968973747,0.8876712328767122,single,fig6a,S11,frequency_GHz,dB,digitized_paper_measurement,p4_0.jpeg
767,378.5,133.1742243436754,-17.424657534246574,0.477326968973747,1.084931506849315,single,fig6a,S11,frequency_GHz,dB,digitized_paper_measurement,p4_0.jpeg
768,400.0,133.4128878281623,-18.838356164383562,0.477326968973747,1.2493150684931507,single,fig6a,S11,frequency_GHz,dB,digitized_paper_measurement,p4_0.jpeg
769,408.5,133.65155131264916,-19.397260273972602,0.477326968973747,1.6109589041095889,single,fig6a,S11,frequency_GHz,dB,digitized_paper_measurement,p4_0.jpeg
770,437.0,133.89021479713603,-21.27123287671233,0.477326968973747,1.5780821917808217,single,fig6a,S11,frequency_GHz,dB,digitized_paper_measurement,p4_0.jpeg
771,441.5,134.12887828162292,-21.567123287671233,0.477326968973747,1.7424657534246573,single,fig6a,S11,frequency_GHz,dB,digitized_paper_measurement,p4_0.jpeg
772,476.0,134.36754176610978,-23.835616438356166,0.477326968973747,1.7753424657534245,single,fig6a,S11,frequency_GHz,dB,digitized_paper_measurement,p4_0.jpeg
773,483.5,134.60620525059664,-24.328767123287673,0.477326968973747,1.8739726027397259,single,fig6a,S11,frequency_GHz,dB,digitized_paper_measurement,p4_0.jpeg
774,513.0,134.84486873508354,-26.268493150684932,0.477326968973747,1.0520547945205478,single,fig6a,S11,frequency_GHz,dB,digitized_paper_measurement,p4_0.jpeg
775,515.5,135.0835322195704,-26.432876712328767,0.477326968973747,1.0191780821917806,single,fig6a,S11,frequency_GHz,dB,digitized_paper_measurement,p4_0.jpeg
776,523.0,135.3221957040573,-26.926027397260274,0.477326968973747,0.6575342465753424,single,fig6a,S11,frequency_GHz,dB,digitized_paper_measurement,p4_0.jpeg
777,523.0,135.56085918854416,-26.926027397260274,0.477326968973747,0.6575342465753424,single,fig6a,S11,frequency_GHz,dB,digitized_paper_measurement,p4_0.jpeg
778,511.0,135.79952267303102,-26.136986301369863,0.477326968973747,1.2493150684931507,single,fig6a,S11,frequency_GHz,dB,digitized_paper_measurement,p4_0.jpeg
779,505.5,136.0381861575179,-25.775342465753425,0.477326968973747,1.2821917808219176,single,fig6a,S11,frequency_GHz,dB,digitized_paper_measurement,p4_0.jpeg
780,475.5,136.27684964200478,-23.802739726027397,0.477326968973747,1.4794520547945205,single,fig6a,S11,frequency_GHz,dB,digitized_paper_measurement,p4_0.jpeg
781,471.5,136.51551312649164,-23.53972602739726,0.477326968973747,1.5452054794520547,single,fig6a,S11,frequency_GHz,dB,digitized_paper_measurement,p4_0.jpeg
782,452.0,136.75417661097853,-22.257534246575343,0.477326968973747,0.9205479452054793,single,fig6a,S11,frequency_GHz,dB,digitized_paper_measurement,p4_0.jpeg
783,448.0,136.9928400954654,-21.994520547945207,0.477326968973747,0.7890410958904108,single,fig6a,S11,frequency_GHz,dB,digitized_paper_measurement,p4_0.jpeg
784,437.5,137.23150357995226,-21.304109589041097,0.477326968973747,0.42739726027397257,single,fig6a,S11,frequency_GHz,dB,digitized_paper_measurement,p4_0.jpeg
785,437.5,137.47016706443915,-21.304109589041097,0.477326968973747,0.42739726027397257,single,fig6a,S11,frequency_GHz,dB,digitized_paper_measurement,p4_0.jpeg
786,440.0,137.70883054892602,-21.46849315068493,0.477326968973747,0.5260273972602739,single,fig6a,S11,frequency_GHz,dB,digitized_paper_measurement,p4_0.jpeg
787,442.0,137.94749403341288,-21.6,0.477326968973747,0.5917808219178081,single,fig6a,S11,frequency_GHz,dB,digitized_paper_measurement,p4_0.jpeg
788,453.0,138.18615751789977,-22.323287671232876,0.477326968973747,0.7890410958904108,single,fig6a,S11,frequency_GHz,dB,digitized_paper_measurement,p4_0.jpeg
789,456.5,138.42482100238664,-22.553424657534247,0.477326968973747,0.821917808219178,single,fig6a,S11,frequency_GHz,dB,digitized_paper_measurement,p4_0.jpeg
790,464.5,138.6634844868735,-23.07945205479452,0.477326968973747,0.4931506849315068,single,fig6a,S11,frequency_GHz,dB,digitized_paper_measurement,p4_0.jpeg
791,464.5,138.9021479713604,-23.07945205479452,0.477326968973747,0.4931506849315068,single,fig6a,S11,frequency_GHz,dB,digitized_paper_measurement,p4_0.jpeg
792,456.5,139.14081145584726,-22.553424657534247,0.477326968973747,0.9534246575342464,single,fig6a,S11,frequency_GHz,dB,digitized_paper_measurement,p4_0.jpeg
793,451.5,139.37947494033412,-22.224657534246575,0.477326968973747,1.1506849315068493,single,fig6a,S11,frequency_GHz,dB,digitized_paper_measurement,p4_0.jpeg
794,427.5,139.618138424821,-20.646575342465752,0.477326968973747,1.7424657534246573,single,fig6a,S11,frequency_GHz,dB,digitized_paper_measurement,p4_0.jpeg
795,418.5,139.85680190930788,-20.054794520547944,0.477326968973747,1.7424657534246573,single,fig6a,S11,frequency_GHz,dB,digitized_paper_measurement,p4_0.jpeg
796,390.0,140.09546539379474,-18.18082191780822,0.477326968973747,1.4465753424657533,single,fig6a,S11,frequency_GHz,dB,digitized_paper_measurement,p4_0.jpeg
797,385.5,140.33412887828163,-17.884931506849316,0.477326968973747,1.4136986301369863,single,fig6a,S11,frequency_GHz,dB,digitized_paper_measurement,p4_0.jpeg
798,365.5,140.5727923627685,-16.56986301369863,0.477326968973747,0.7561643835616437,single,fig6a,S11,frequency_GHz,dB,digitized_paper_measurement,p4_0.jpeg
799,363.5,140.81145584725536,-16.438356164383563,0.477326968973747,0.6904109589041095,single,fig6a,S11,frequency_GHz,dB,digitized_paper_measurement,p4_0.jpeg
800,354.5,141.05011933174225,-15.846575342465753,0.477326968973747,0.29589041095890406,single,fig6a,S11,frequency_GHz,dB,digitized_paper_measurement,p4_0.jpeg
801,353.5,141.28878281622912,-15.780821917808218,0.477326968973747,0.29589041095890406,single,fig6a,S11,frequency_GHz,dB,digitized_paper_measurement,p4_0.jpeg
802,352.0,141.52744630071598,-15.682191780821919,0.477326968973747,0.1972602739726027,single,fig6a,S11,frequency_GHz,dB,digitized_paper_measurement,p4_0.jpeg
803,352.0,141.76610978520287,-15.682191780821919,0.477326968973747,0.1972602739726027,single,fig6a,S11,frequency_GHz,dB,digitized_paper_measurement,p4_0.jpeg
804,354.5,142.00477326968974,-15.846575342465753,0.477326968973747,0.29589041095890406,single,fig6a,S11,frequency_GHz,dB,digitized_paper_measurement,p4_0.jpeg
805,355.0,142.2434367541766,-15.87945205479452,0.477326968973747,0.3287671232876712,single,fig6a,S11,frequency_GHz,dB,digitized_paper_measurement,p4_0.jpeg
806,363.0,142.4821002386635,-16.405479452054795,0.477326968973747,0.6575342465753424,single,fig6a,S11,frequency_GHz,dB,digitized_paper_measurement,p4_0.jpeg
807,366.0,142.72076372315036,-16.602739726027398,0.477326968973747,0.7890410958904108,single,fig6a,S11,frequency_GHz,dB,digitized_paper_measurement,p4_0.jpeg
808,380.5,142.95942720763722,-17.556164383561644,0.477326968973747,0.821917808219178,single,fig6a,S11,frequency_GHz,dB,digitized_paper_measurement,p4_0.jpeg
809,383.0,143.1980906921241,-17.720547945205478,0.477326968973747,0.8547945205479451,single,fig6a,S11,frequency_GHz,dB,digitized_paper_measurement,p4_0.jpeg
810,396.5,143.43675417661098,-18.60821917808219,0.477326968973747,0.7561643835616437,single,fig6a,S11,frequency_GHz,dB,digitized_paper_measurement,p4_0.jpeg
811,398.5,143.67541766109784,-18.73972602739726,0.477326968973747,0.6904109589041095,single,fig6a,S11,frequency_GHz,dB,digitized_paper_measurement,p4_0.jpeg
812,410.0,143.91408114558473,-19.495890410958904,0.477326968973747,0.46027397260273967,single,fig6a,S11,frequency_GHz,dB,digitized_paper_measurement,p4_0.jpeg
813,410.5,144.1527446300716,-19.528767123287672,0.477326968973747,0.4931506849315068,single,fig6a,S11,frequency_GHz,dB,digitized_paper_measurement,p4_0.jpeg
814,409.5,144.39140811455846,-19.46301369863014,0.477326968973747,0.558904109589041,single,fig6a,S11,frequency_GHz,dB,digitized_paper_measurement,p4_0.jpeg
815,409.0,144.63007159904535,-19.43013698630137,0.477326968973747,0.5917808219178081,single,fig6a,S11,frequency_GHz,dB,digitized_paper_measurement,p4_0.jpeg
816,395.0,144.86873508353221,-18.50958904109589,0.477326968973747,0.8547945205479451,single,fig6a,S11,frequency_GHz,dB,digitized_paper_measurement,p4_0.jpeg
817,390.0,145.1073985680191,-18.18082191780822,0.477326968973747,1.0520547945205478,single,fig6a,S11,frequency_GHz,dB,digitized_paper_measurement,p4_0.jpeg
818,369.0,145.34606205250597,-16.8,0.477326968973747,1.380821917808219,single,fig6a,S11,frequency_GHz,dB,digitized_paper_measurement,p4_0.jpeg
819,366.5,145.58472553699283,-16.635616438356163,0.477326968973747,1.3479452054794518,single,fig6a,S11,frequency_GHz,dB,digitized_paper_measurement,p4_0.jpeg
820,343.0,145.82338902147973,-15.09041095890411,0.477326968973747,1.117808219178082,single,fig6a,S11,frequency_GHz,dB,digitized_paper_measurement,p4_0.jpeg
821,337.0,146.0620525059666,-14.695890410958905,0.477326968973747,1.0520547945205478,single,fig6a,S11,frequency_GHz,dB,digitized_paper_measurement,p4_0.jpeg
822,323.5,146.30071599045345,-13.808219178082192,0.477326968973747,0.8876712328767122,single,fig6a,S11,frequency_GHz,dB,digitized_paper_measurement,p4_0.jpeg
823,319.5,146.53937947494035,-13.545205479452054,0.477326968973747,0.821917808219178,single,fig6a,S11,frequency_GHz,dB,digitized_paper_measurement,p4_0.jpeg
824,308.0,146.7780429594272,-12.789041095890411,0.477326968973747,0.5260273972602739,single,fig6a,S11,frequency_GHz,dB,digitized_paper_measurement,p4_0.jpeg
825,306.0,147.01670644391407,-12.657534246575343,0.477326968973747,0.46027397260273967,single,fig6a,S11,frequency_GHz,dB,digitized_paper_measurement,p4_0.jpeg
826,301.0,147.25536992840097,-12.32876712328767,0.477326968973747,0.26301369863013696,single,fig6a,S11,frequency_GHz,dB,digitized_paper_measurement,p4_0.jpeg
827,301.0,147.49403341288783,-12.32876712328767,0.477326968973747,0.26301369863013696,single,fig6a,S11,frequency_GHz,dB,digitized_paper_measurement,p4_0.jpeg
828,303.5,147.7326968973747,-12.493150684931507,0.477326968973747,0.3616438356164383,single,fig6a,S11,frequency_GHz,dB,digitized_paper_measurement,p4_0.jpeg
829,304.5,147.9713603818616,-12.558904109589042,0.477326968973747,0.3616438356164383,single,fig6a,S11,frequency_GHz,dB,digitized_paper_measurement,p4_0.jpeg
830,313.0,148.21002386634845,-13.117808219178082,0.477326968973747,0.6575342465753424,single,fig6a,S11,frequency_GHz,dB,digitized_paper_measurement,p4_0.jpeg
831,316.5,148.4486873508353,-13.347945205479451,0.477326968973747,0.6904109589041095,single,fig6a,S11,frequency_GHz,dB,digitized_paper_measurement,p4_0.jpeg
832,329.5,148.6873508353222,-14.202739726027398,0.477326968973747,0.8876712328767122,single,fig6a,S11,frequency_GHz,dB,digitized_paper_measurement,p4_0.jpeg
833,332.5,148.92601431980907,-14.4,0.477326968973747,0.8876712328767122,single,fig6a,S11,frequency_GHz,dB,digitized_paper_measurement,p4_0.jpeg
834,352.5,149.16467780429593,-15.715068493150685,0.477326968973747,1.1506849315068493,single,fig6a,S11,frequency_GHz,dB,digitized_paper_measurement,p4_0.jpeg
835,355.0,149.40334128878283,-15.87945205479452,0.477326968973747,1.117808219178082,single,fig6a,S11,frequency_GHz,dB,digitized_paper_measurement,p4_0.jpeg
836,370.0,149.6420047732697,-16.865753424657534,0.477326968973747,0.7232876712328766,single,fig6a,S11,frequency_GHz,dB,digitized_paper_measurement,p4_0.jpeg
837,375.0,149.88066825775655,-17.194520547945206,0.477326968973747,0.6575342465753424,single,fig6a,S11,frequency_GHz,dB,digitized_paper_measurement,p4_0.jpeg
838,385.5,150.11933174224345,-17.884931506849316,0.477326968973747,0.6246575342465753,single,fig6a,S11,frequency_GHz,dB,digitized_paper_measurement,p4_0.jpeg
839,386.5,150.3579952267303,-17.95068493150685,0.477326968973747,0.558904109589041,single,fig6a,S11,frequency_GHz,dB,digitized_paper_measurement,p4_0.jpeg
840,391.5,150.59665871121717,-18.279452054794522,0.477326968973747,0.29589041095890406,single,fig6a,S11,frequency_GHz,dB,digitized_paper_measurement,p4_0.jpeg
841,391.0,150.83532219570407,-18.246575342465754,0.477326968973747,0.26301369863013696,single,fig6a,S11,frequency_GHz,dB,digitized_paper_measurement,p4_0.jpeg
842,390.0,151.07398568019093,-18.18082191780822,0.477326968973747,0.26301369863013696,single,fig6a,S11,frequency_GHz,dB,digitized_paper_measurement,p4_0.jpeg
843,388.0,151.3126491646778,-18.04931506849315,0.477326968973747,0.3287671232876712,single,fig6a,S11,frequency_GHz,dB,digitized_paper_measurement,p4_0.jpeg
844,382.5,151.5513126491647,-17.687671232876713,0.477326968973747,0.558904109589041,single,fig6a,S11,frequency_GHz,dB,digitized_paper_measurement,p4_0.jpeg
845,380.5,151.78997613365155,-17.556164383561644,0.477326968973747,0.4931506849315068,single,fig6a,S11,frequency_GHz,dB,digitized_paper_measurement,p4_0.jpeg
846,378.0,152.0286396181384,-17.39178082191781,0.477326968973747,0.3287671232876712,single,fig6a,S11,frequency_GHz,dB,digitized_paper_measurement,p4_0.jpeg
847,378.0,152.2673031026253,-17.39178082191781,0.477326968973747,0.3287671232876712,single,fig6a,S11,frequency_GHz,dB,digitized_paper_measurement,p4_0.jpeg
848,388.5,152.50596658711217,-18.08219178082192,0.477326968973747,0.821917808219178,single,fig6a,S11,frequency_GHz,dB,digitized_paper_measurement,p4_0.jpeg
849,391.5,152.74463007159903,-18.279452054794522,0.477326968973747,0.8876712328767122,single,fig6a,S11,frequency_GHz,dB,digitized_paper_measurement,p4_0.jpeg
850,406.5,152.98329355608593,-19.265753424657536,0.477326968973747,1.084931506849315,single,fig6a,S11,frequency_GHz,dB,digitized_paper_measurement,p4_0.jpeg
851,412.0,153.2219570405728,-19.627397260273973,0.477326968973747,1.0520547945205478,single,fig6a,S11,frequency_GHz,dB,digitized_paper_measurement,p4_0.jpeg
852,426.5,153.46062052505965,-20.58082191780822,0.477326968973747,0.9534246575342464,single,fig6a,S11,frequency_GHz,dB,digitized_paper_measurement,p4_0.jpeg
853,430.0,153.69928400954655,-20.81095890410959,0.477326968973747,0.7890410958904108,single,fig6a,S11,frequency_GHz,dB,digitized_paper_measurement,p4_0.jpeg
854,438.5,153.9379474940334,-21.36986301369863,0.477326968973747,0.29589041095890406,single,fig6a,S11,frequency_GHz,dB,digitized_paper_measurement,p4_0.jpeg
855,438.0,154.17661097852027,-21.336986301369862,0.477326968973747,0.3287671232876712,single,fig6a,S11,frequency_GHz,dB,digitized_paper_measurement,p4_0.jpeg
856,435.5,154.41527446300717,-21.172602739726027,0.477326968973747,0.3616438356164383,single,fig6a,S11,frequency_GHz,dB,digitized_paper_measurement,p4_0.jpeg
857,435.0,154.65393794749403,-21.13972602739726,0.477326968973747,0.3287671232876712,single,fig6a,S11,frequency_GHz,dB,digitized_paper_measurement,p4_0.jpeg
858,427.0,154.8926014319809,-20.613698630136987,0.477326968973747,0.5917808219178081,single,fig6a,S11,frequency_GHz,dB,digitized_paper_measurement,p4_0.jpeg
859,424.5,155.13126491646779,-20.44931506849315,0.477326968973747,0.558904109589041,single,fig6a,S11,frequency_GHz,dB,digitized_paper_measurement,p4_0.jpeg
860,418.0,155.36992840095465,-20.02191780821918,0.477326968973747,0.3945205479452054,single,fig6a,S11,frequency_GHz,dB,digitized_paper_measurement,p4_0.jpeg
861,417.0,155.60859188544154,-19.956164383561642,0.477326968973747,0.3287671232876712,single,fig6a,S11,frequency_GHz,dB,digitized_paper_measurement,p4_0.jpeg
862,416.5,155.8472553699284,-19.923287671232877,0.477326968973747,0.29589041095890406,single,fig6a,S11,frequency_GHz,dB,digitized_paper_measurement,p4_0.jpeg
863,417.0,156.08591885441527,-19.956164383561642,0.477326968973747,0.26301369863013696,single,fig6a,S11,frequency_GHz,dB,digitized_paper_measurement,p4_0.jpeg
864,421.0,156.32458233890216,-20.21917808219178,0.477326968973747,0.3287671232876712,single,fig6a,S11,frequency_GHz,dB,digitized_paper_measurement,p4_0.jpeg
865,422.5,156.56324582338902,-20.317808219178083,0.477326968973747,0.3616438356164383,single,fig6a,S11,frequency_GHz,dB,digitized_paper_measurement,p4_0.jpeg
866,428.5,156.8019093078759,-20.71232876712329,0.477326968973747,0.558904109589041,single,fig6a,S11,frequency_GHz,dB,digitized_paper_measurement,p4_0.jpeg
867,430.5,157.04057279236278,-20.843835616438355,0.477326968973747,0.4931506849315068,single,fig6a,S11,frequency_GHz,dB,digitized_paper_measurement,p4_0.jpeg
868,436.5,157.27923627684964,-21.23835616438356,0.477326968973747,0.29589041095890406,single,fig6a,S11,frequency_GHz,dB,digitized_paper_measurement,p4_0.jpeg
869,437.5,157.5178997613365,-21.304109589041097,0.477326968973747,0.29589041095890406,single,fig6a,S11,frequency_GHz,dB,digitized_paper_measurement,p4_0.jpeg
870,439.5,157.7565632458234,-21.435616438356163,0.477326968973747,0.23013698630136983,single,fig6a,S11,frequency_GHz,dB,digitized_paper_measurement,p4_0.jpeg
871,440.0,157.99522673031026,-21.46849315068493,0.477326968973747,0.26301369863013696,single,fig6a,S11,frequency_GHz,dB,digitized_paper_measurement,p4_0.jpeg
872,441.0,158.23389021479713,-21.534246575342465,0.477326968973747,0.26301369863013696,single,fig6a,S11,frequency_GHz,dB,digitized_paper_measurement,p4_0.jpeg
873,441.0,158.47255369928402,-21.534246575342465,0.477326968973747,0.26301369863013696,single,fig6a,S11,frequency_GHz,dB,digitized_paper_measurement,p4_0.jpeg
874,438.5,158.71121718377088,-21.36986301369863,0.477326968973747,0.42739726027397257,single,fig6a,S11,frequency_GHz,dB,digitized_paper_measurement,p4_0.jpeg
875,437.0,158.94988066825775,-21.27123287671233,0.477326968973747,0.46027397260273967,single,fig6a,S11,frequency_GHz,dB,digitized_paper_measurement,p4_0.jpeg
876,428.0,159.18854415274464,-20.67945205479452,0.477326968973747,0.6575342465753424,single,fig6a,S11,frequency_GHz,dB,digitized_paper_measurement,p4_0.jpeg
877,423.0,159.4272076372315,-20.350684931506848,0.477326968973747,0.7890410958904108,single,fig6a,S11,frequency_GHz,dB,digitized_paper_measurement,p4_0.jpeg
878,410.0,159.66587112171837,-19.495890410958904,0.477326968973747,1.1835616438356162,single,fig6a,S11,frequency_GHz,dB,digitized_paper_measurement,p4_0.jpeg
879,403.5,159.90453460620526,-19.068493150684933,0.477326968973747,0.9534246575342464,single,fig6a,S11,frequency_GHz,dB,digitized_paper_measurement,p4_0.jpeg
880,387.5,160.14319809069212,-18.016438356164382,0.477326968973747,0.9534246575342464,single,fig6a,S11,frequency_GHz,dB,digitized_paper_measurement,p4_0.jpeg
881,380.0,160.381861575179,-17.523287671232875,0.477326968973747,0.8547945205479451,single,fig6a,S11,frequency_GHz,dB,digitized_paper_measurement,p4_0.jpeg
882,365.5,160.62052505966588,-16.56986301369863,0.477326968973747,1.0191780821917806,single,fig6a,S11,frequency_GHz,dB,digitized_paper_measurement,p4_0.jpeg
883,360.0,160.85918854415274,-16.208219178082192,0.477326968973747,0.9205479452054793,single,fig6a,S11,frequency_GHz,dB,digitized_paper_measurement,p4_0.jpeg
884,348.5,161.0978520286396,-15.452054794520548,0.477326968973747,0.821917808219178,single,fig6a,S11,frequency_GHz,dB,digitized_paper_measurement,p4_0.jpeg
885,342.5,161.3365155131265,-15.057534246575342,0.477326968973747,0.558904109589041,single,fig6a,S11,frequency_GHz,dB,digitized_paper_measurement,p4_0.jpeg
886,336.5,161.57517899761336,-14.663013698630136,0.477326968973747,0.42739726027397257,single,fig6a,S11,frequency_GHz,dB,digitized_paper_measurement,p4_0.jpeg
887,334.0,161.81384248210023,-14.498630136986302,0.477326968973747,0.26301369863013696,single,fig6a,S11,frequency_GHz,dB,digitized_paper_measurement,p4_0.jpeg
888,332.5,162.05250596658712,-14.4,0.477326968973747,0.23013698630136983,single,fig6a,S11,frequency_GHz,dB,digitized_paper_measurement,p4_0.jpeg
889,332.5,162.29116945107398,-14.4,0.477326968973747,0.23013698630136983,single,fig6a,S11,frequency_GHz,dB,digitized_paper_measurement,p4_0.jpeg
890,333.5,162.52983293556085,-14.465753424657533,0.477326968973747,0.23013698630136983,single,fig6a,S11,frequency_GHz,dB,digitized_paper_measurement,p4_0.jpeg
891,335.0,162.76849642004774,-14.564383561643835,0.477326968973747,0.26301369863013696,single,fig6a,S11,frequency_GHz,dB,digitized_paper_measurement,p4_0.jpeg
892,337.0,163.0071599045346,-14.695890410958905,0.477326968973747,0.3287671232876712,single,fig6a,S11,frequency_GHz,dB,digitized_paper_measurement,p4_0.jpeg
893,339.0,163.24582338902147,-14.827397260273973,0.477326968973747,0.3287671232876712,single,fig6a,S11,frequency_GHz,dB,digitized_paper_measurement,p4_0.jpeg
894,342.5,163.48448687350836,-15.057534246575342,0.477326968973747,0.3616438356164383,single,fig6a,S11,frequency_GHz,dB,digitized_paper_measurement,p4_0.jpeg
895,345.0,163.72315035799522,-15.221917808219178,0.477326968973747,0.3287671232876712,single,fig6a,S11,frequency_GHz,dB,digitized_paper_measurement,p4_0.jpeg
896,349.0,163.9618138424821,-15.484931506849316,0.477326968973747,0.3945205479452054,single,fig6a,S11,frequency_GHz,dB,digitized_paper_measurement,p4_0.jpeg
897,351.5,164.20047732696898,-15.64931506849315,0.477326968973747,0.3616438356164383,single,fig6a,S11,frequency_GHz,dB,digitized_paper_measurement,p4_0.jpeg
898,355.0,164.43914081145584,-15.87945205479452,0.477326968973747,0.3287671232876712,single,fig6a,S11,frequency_GHz,dB,digitized_paper_measurement,p4_0.jpeg
899,357.0,164.6778042959427,-16.01095890410959,0.477326968973747,0.3287671232876712,single,fig6a,S11,frequency_GHz,dB,digitized_paper_measurement,p4_0.jpeg
900,359.5,164.9164677804296,-16.175342465753424,0.477326968973747,0.29589041095890406,single,fig6a,S11,frequency_GHz,dB,digitized_paper_measurement,p4_0.jpeg
901,360.5,165.15513126491646,-16.24109589041096,0.477326968973747,0.23013698630136983,single,fig6a,S11,frequency_GHz,dB,digitized_paper_measurement,p4_0.jpeg
902,361.5,165.39379474940336,-16.306849315068494,0.477326968973747,0.23013698630136983,single,fig6a,S11,frequency_GHz,dB,digitized_paper_measurement,p4_0.jpeg
903,360.5,165.63245823389022,-16.24109589041096,0.477326968973747,0.23013698630136983,single,fig6a,S11,frequency_GHz,dB,digitized_paper_measurement,p4_0.jpeg
904,357.0,165.87112171837708,-16.01095890410959,0.477326968973747,0.3945205479452054,single,fig6a,S11,frequency_GHz,dB,digitized_paper_measurement,p4_0.jpeg
905,353.0,166.10978520286397,-15.747945205479452,0.477326968973747,0.5260273972602739,single,fig6a,S11,frequency_GHz,dB,digitized_paper_measurement,p4_0.jpeg
906,347.5,166.34844868735084,-15.386301369863014,0.477326968973747,0.6904109589041095,single,fig6a,S11,frequency_GHz,dB,digitized_paper_measurement,p4_0.jpeg
907,340.0,166.5871121718377,-14.893150684931507,0.477326968973747,0.7232876712328766,single,fig6a,S11,frequency_GHz,dB,digitized_paper_measurement,p4_0.jpeg
908,330.0,166.8257756563246,-14.235616438356164,0.477326968973747,0.8547945205479451,single,fig6a,S11,frequency_GHz,dB,digitized_paper_measurement,p4_0.jpeg
909,322.5,167.06443914081146,-13.742465753424657,0.477326968973747,0.7561643835616437,single,fig6a,S11,frequency_GHz,dB,digitized_paper_measurement,p4_0.jpeg
910,316.0,167.30310262529832,-13.315068493150685,0.477326968973747,0.7890410958904108,single,fig6a,S11,frequency_GHz,dB,digitized_paper_measurement,p4_0.jpeg
911,308.0,167.54176610978521,-12.789041095890411,0.477326968973747,0.5260273972602739,single,fig6a,S11,frequency_GHz,dB,digitized_paper_measurement,p4_0.jpeg
912,302.5,167.78042959427208,-12.427397260273972,0.477326968973747,0.4931506849315068,single,fig6a,S11,frequency_GHz,dB,digitized_paper_measurement,p4_0.jpeg
913,297.5,168.01909307875894,-12.098630136986301,0.477326968973747,0.42739726027397257,single,fig6a,S11,frequency_GHz,dB,digitized_paper_measurement,p4_0.jpeg
914,295.0,168.25775656324583,-11.934246575342465,0.477326968973747,0.3287671232876712,single,fig6a,S11,frequency_GHz,dB,digitized_paper_measurement,p4_0.jpeg
915,292.5,168.4964200477327,-11.76986301369863,0.477326968973747,0.42739726027397257,single,fig6a,S11,frequency_GHz,dB,digitized_paper_measurement,p4_0.jpeg
916,289.0,168.73508353221956,-11.53972602739726,0.477326968973747,0.3287671232876712,single,fig6a,S11,frequency_GHz,dB,digitized_paper_measurement,p4_0.jpeg
917,286.5,168.97374701670645,-11.375342465753425,0.477326968973747,0.3616438356164383,single,fig6a,S11,frequency_GHz,dB,digitized_paper_measurement,p4_0.jpeg
918,283.0,169.21241050119332,-11.145205479452056,0.477326968973747,0.3287671232876712,single,fig6a,S11,frequency_GHz,dB,digitized_paper_measurement,p4_0.jpeg
1160,416.5,0.9456264775413712,2.4456621004566212,0.4728132387706856,0.028310502283105023,single,fig6b,nm_microwave,frequency_GHz,1,digitized_paper_measurement,p4_0.jpeg
1161,419.0,1.1820330969267139,2.441095890410959,0.4728132387706856,0.0273972602739726,single,fig6b,nm_microwave,frequency_GHz,1,digitized_paper_measurement,p4_0.jpeg
1162,432.0,1.4184397163120568,2.417351598173516,0.4728132387706856,0.031050228310502283,single,fig6b,nm_microwave,frequency_GHz,1,digitized_paper_measurement,p4_0.jpeg
1163,434.0,1.6548463356973995,2.4136986301369863,0.4728132387706856,0.029223744292237442,single,fig6b,nm_microwave,frequency_GHz,1,digitized_paper_measurement,p4_0.jpeg
1164,441.0,1.8912529550827424,2.4009132420091324,0.4728132387706856,0.023744292237442923,single,fig6b,nm_microwave,frequency_GHz,1,digitized_paper_measurement,p4_0.jpeg
1165,446.0,2.127659574468085,2.3917808219178083,0.4728132387706856,0.0182648401826484,single,fig6b,nm_microwave,frequency_GHz,1,digitized_paper_measurement,p4_0.jpeg
1166,453.5,2.3640661938534278,2.378082191780822,0.4728132387706856,0.015525114155251141,single,fig6b,nm_microwave,frequency_GHz,1,digitized_paper_measurement,p4_0.jpeg
1167,455.5,2.600472813238771,2.374429223744292,0.4728132387706856,0.015525114155251141,single,fig6b,nm_microwave,frequency_GHz,1,digitized_paper_measurement,p4_0.jpeg
1168,462.0,2.8368794326241136,2.3625570776255707,0.4728132387706856,0.0182648401826484,single,fig6b,nm_microwave,frequency_GHz,1,digitized_paper_measurement,p4_0.jpeg
1169,463.0,3.0732860520094563,2.3607305936073057,0.4728132387706856,0.0182648401826484,single,fig6b,nm_microwave,frequency_GHz,1,digitized_paper_measurement,p4_0.jpeg
1170,470.0,3.309692671394799,2.3479452054794523,0.4728132387706856,0.02009132420091324,single,fig6b,nm_microwave,frequency_GHz,1,digitized_paper_measurement,p4_0.jpeg
1171,472.0,3.5460992907801416,2.3442922374429225,0.4728132387706856,0.0182648401826484,single,fig6b,nm_microwave,frequency_GHz,1,digitized_paper_measurement,p4_0.jpeg
1172,479.0,3.7825059101654848,2.3315068493150686,0.4728132387706856,0.01643835616438356,single,fig6b,nm_microwave,frequency_GHz,1,digitized_paper_measurement,p4_0.jpeg
1173,480.5,4.0189125295508275,2.328767123287671,0.4728132387706856,0.017351598173515982,single,fig6b,nm_microwave,frequency_GHz,1,digitized_paper_measurement,p4_0.jpeg
1174,486.0,4.25531914893617,2.3187214611872147,0.4728132387706856,0.014611872146118721,single,fig6b,nm_microwave,frequency_GHz,1,digitized_paper_measurement,p4_0.jpeg
1175,487.5,4.491725768321513,2.3159817351598173,0.4728132387706856,0.0136986301369863,single,fig6b,nm_microwave,frequency_GHz,1,digitized_paper_measurement,p4_0.jpeg
1176,493.0,4.7281323877068555,2.3059360730593608,0.4728132387706856,0.014611872146118721,single,fig6b,nm_microwave,frequency_GHz,1,digitized_paper_measurement,p4_0.jpeg
1177,494.5,4.964539007092198,2.3031963470319634,0.4728132387706856,0.0136986301369863,single,fig6b,nm_microwave,frequency_GHz,1,digitized_paper_measurement,p4_0.jpeg
1178,498.0,5.200945626477542,2.2968036529680367,0.4728132387706856,0.01278538812785388,single,fig6b,nm_microwave,frequency_GHz,1,digitized_paper_measurement,p4_0.jpeg
1179,499.0,5.4373522458628845,2.2949771689497718,0.4728132387706856,0.010958904109589041,single,fig6b,nm_microwave,frequency_GHz,1,digitized_paper_measurement,p4_0.jpeg
1180,503.5,5.673758865248227,2.2867579908675797,0.4728132387706856,0.011872146118721462,single,fig6b,nm_microwave,frequency_GHz,1,digitized_paper_measurement,p4_0.jpeg
1181,504.5,5.91016548463357,2.2849315068493152,0.4728132387706856,0.011872146118721462,single,fig6b,nm_microwave,frequency_GHz,1,digitized_paper_measurement,p4_0.jpeg
1182,507.5,6.1465721040189125,2.2794520547945205,0.4728132387706856,0.011872146118721462,single,fig6b,nm_microwave,frequency_GHz,1,digitized_paper_measurement,p4_0.jpeg
1183,508.5,6.382978723404255,2.2776255707762556,0.4728132387706856,0.011872146118721462,single,fig6b,nm_microwave,frequency_GHz,1,digitized_paper_measurement,p4_0.jpeg
1184,514.5,6.619385342789598,2.2666666666666666,0.4728132387706856,0.0136986301369863,single,fig6b,nm_microwave,frequency_GHz,1,digitized_paper_measurement,p4_0.jpeg
1185,515.5,6.855791962174941,2.2648401826484017,0.4728132387706856,0.011872146118721462,single,fig6b,nm_microwave,frequency_GHz,1,digitized_paper_measurement,p4_0.jpeg
1186,517.0,7.092198581560283,2.2621004566210043,0.4728132387706856,0.0091324200913242,single,fig6b,nm_microwave,frequency_GHz,1,digitized_paper_measurement,p4_0.jpeg
1187,517.5,7.328605200945627,2.2611872146118723,0.4728132387706856,0.00821917808219178,single,fig6b,nm_microwave,frequency_GHz,1,digitized_paper_measurement,p4_0.jpeg
1188,519.5,7.5650118203309695,2.2575342465753425,0.4728132387706856,0.0045662100456621,single,fig6b,nm_microwave,frequency_GHz,1,digitized_paper_measurement,p4_0.jpeg
1189,519.5,7.801418439716312,2.2575342465753425,0.4728132387706856,0.0045662100456621,single,fig6b,nm_microwave,frequency_GHz,1,digitized_paper_measurement,p4_0.jpeg
1190,523.5,8.037825059101655,2.2502283105022833,0.4728132387706856,0.0045662100456621,occluded,fig6b,nm_microwave,frequency_GHz,1,digitized_paper_measurement,p4_0.jpeg
1191,523.0,8.274231678486998,2.2511415525114153,0.4728132387706856,0.005479452054794521,occluded,fig6b,nm_microwave,frequency_GHz,1,digitized_paper_measurement,p4_0.jpeg
1192,523.5,8.51063829787234,2.2502283105022833,0.4728132387706856,0.0045662100456621,occluded,fig6b,nm_microwave,frequency_GHz,1,digitized_paper_measurement,p4_0.jpeg
1193,523.5,8.747044917257684,2.2502283105022833,0.4728132387706856,0.0045662100456621,occluded,fig6b,nm_microwave,frequency_GHz,1,digitized_paper_measurement,p4_0.jpeg
1194,523.5,8.983451536643026,2.2502283105022833,0.4728132387706856,0.0045662100456621,occluded,fig6b,nm_microwave,frequency_GHz,1,digitized_paper_measurement,p4_0.jpeg
1195,523.0,9.21985815602837,2.2511415525114153,0.4728132387706856,0.005479452054794521,occluded,fig6b,nm_microwave,frequency_GHz,1,digitized_paper_measurement,p4_0.jpeg
1196,519.0,9.456264775413711,2.258447488584475,0.4728132387706856,0.0036529680365296802,single,fig6b,nm_microwave,frequency_GHz,1,digitized_paper_measurement,p4_0.jpeg
1197,519.5,9.692671394799055,2.2575342465753425,0.4728132387706856,0.0045662100456621,single,fig6b,nm_microwave,frequency_GHz,1,digitized_paper_measurement,p4_0.jpeg
1198,519.0,9.929078014184396,2.258447488584475,0.4728132387706856,0.0073059360730593605,single,fig6b,nm_microwave,frequency_GHz,1,digitized_paper_measurement,p4_0.jpeg
1199,518.5,10.16548463356974,2.2593607305936074,0.4728132387706856,0.00639269406392694,single,fig6b,nm_microwave,frequency_GHz,1,digitized_paper_measurement,p4_0.jpeg
1200,517.0,10.401891252955084,2.2621004566210043,0.4728132387706856,0.0073059360730593605,single,fig6b,nm_microwave,frequency_GHz,1,digitized_paper_measurement,p4_0.jpeg
1201,517.0,10.638297872340425,2.2621004566210043,0.4728132387706856,0.0073059360730593605,single,fig6b,nm_microwave,frequency_GHz,1,digitized_paper_measurement,p4_0.jpeg
1202,516.0,10.874704491725769,2.2639269406392692,0.4728132387706856,0.0073059360730593605,single,fig6b,nm_microwave,frequency_GHz,1,digitized_paper_measurement,p4_0.jpeg
1203,515.5,11.11111111111111,2.2648401826484017,0.4728132387706856,0.00821917808219178,single,fig6b,nm_microwave,frequency_GHz,1,digitized_paper_measurement,p4_0.jpeg
1204,514.0,11.347517730496454,2.267579908675799,0.4728132387706856,0.0073059360730593605,single,fig6b,nm_microwave,frequency_GHz,1,digitized_paper_measurement,p4_0.jpeg
1205,513.5,11.583924349881796,2.2684931506849315,0.4728132387706856,0.00821917808219178,single,fig6b,nm_microwave,frequency_GHz,1,digitized_paper_measurement,p4_0.jpeg
1206,512.5,11.82033096926714,2.2703196347031964,0.4728132387706856,0.00639269406392694,single,fig6b,nm_microwave,frequency_GHz,1,digitized_paper_measurement,p4_0.jpeg
1207,512.5,12.056737588652481,2.2703196347031964,0.4728132387706856,0.00639269406392694,single,fig6b,nm_microwave,frequency_GHz,1,digitized_paper_measurement,p4_0.jpeg
1208,512.0,12.293144208037825,2.271232876712329,0.4728132387706856,0.0073059360730593605,single,fig6b,nm_microwave,frequency_GHz,1,digitized_paper_measurement,p4_0.jpeg
1209,512.0,12.529550827423169,2.271232876712329,0.4728132387706856,0.0073059360730593605,single,fig6b,nm_microwave,frequency_GHz,1,digitized_paper_measurement,p4_0.jpeg
1210,512.0,12.76595744680851,2.271232876712329,0.4728132387706856,0.0073059360730593605,single,fig6b,nm_microwave,frequency_GHz,1,digitized_paper_measurement,p4_0.jpeg
1211,512.0,13.002364066193854,2.271232876712329,0.4728132387706856,0.0073059360730593605,single,fig6b,nm_microwave,frequency_GHz,1,digitized_paper_measurement,p4_0.jpeg
1212,513.0,13.238770685579196,2.269406392694064,0.4728132387706856,0.0073059360730593605,single,fig6b,nm_microwave,frequency_GHz,1,digitized_paper_measurement,p4_0.jpeg
1213,513.5,13.47517730496454,2.2684931506849315,0.4728132387706856,0.00821917808219178,single,fig6b,nm_microwave,frequency_GHz,1,digitized_paper_measurement,p4_0.jpeg
1214,515.0,13.711583924349881,2.265753424657534,0.4728132387706856,0.0073059360730593605,single,fig6b,nm_microwave,frequency_GHz,1,digitized_paper_measurement,p4_0.jpeg
1215,515.5,13.947990543735225,2.2648401826484017,0.4728132387706856,0.00821917808219178,single,fig6b,nm_microwave,frequency_GHz,1,digitized_paper_measurement,p4_0.jpeg
1216,516.5,14.184397163120567,2.263013698630137,0.4728132387706856,0.00639269406392694,single,fig6b,nm_microwave,frequency_GHz,1,digitized_paper_measurement,p4_0.jpeg
1217,517.0,14.42080378250591,2.2621004566210043,0.4728132387706856,0.0073059360730593605,single,fig6b,nm_microwave,frequency_GHz,1,digitized_paper_measurement,p4_0.jpeg
1218,518.5,14.657210401891254,2.2593607305936074,0.4728132387706856,0.00639269406392694,single,fig6b,nm_microwave,frequency_GHz,1,digitized_paper_measurement,p4_0.jpeg
1219,518.5,14.893617021276595,2.2593607305936074,0.4728132387706856,0.00639269406392694,single,fig6b,nm_microwave,frequency_GHz,1,digitized_paper_measurement,p4_0.jpeg
1220,518.5,15.130023640661939,2.2593607305936074,0.4728132387706856,0.00639269406392694,single,fig6b,nm_microwave,frequency_GHz,1,digitized_paper_measurement,p4_0.jpeg
1221,518.5,15.36643026004728,2.2593607305936074,0.4728132387706856,0.00639269406392694,single,fig6b,nm_microwave,frequency_GHz,1,digitized_paper_measurement,p4_0.jpeg
1222,519.0,15.602836879432624,2.258447488584475,0.4728132387706856,0.005479452054794521,single,fig6b,nm_microwave,frequency_GHz,1,digitized_paper_measurement,p4_0.jpeg
1223,519.5,15.839243498817966,2.2575342465753425,0.4728132387706856,0.0045662100456621,single,fig6b,nm_microwave,frequency_GHz,1,digitized_paper_measurement,p4_0.jpeg
1224,523.5,16.07565011820331,2.2502283105022833,0.4728132387706856,0.0045662100456621,occluded,fig6b,nm_microwave,frequency_GHz,1,digitized_paper_measurement,p4_0.jpeg
1225,523.5,16.31205673758865,2.2502283105022833,0.4728132387706856,0.0045662100456621,occluded,fig6b,nm_microwave,frequency_GHz,1,digitized_paper_measurement,p4_0.jpeg
1226,523.5,16.548463356973997,2.2502283105022833,0.4728132387706856,0.0045662100456621,occluded,fig6b,nm_microwave,frequency_GHz,1,digitized_paper_measurement,p4_0.jpeg
1227,523.5,16.78486997635934,2.2502283105022833,0.4728132387706856,0.0045662100456621,occluded,fig6b,nm_microwave,frequency_GHz,1,digitized_paper_measurement,p4_0.jpeg
1228,523.5,17.02127659574468,2.2502283105022833,0.4728132387706856,0.0045662100456621,occluded,fig6b,nm_microwave,frequency_GHz,1,digitized_paper_measurement,p4_0.jpeg
1229,526.5,17.257683215130022,2.2447488584474886,0.4728132387706856,0.0045662100456621,single,fig6b,nm_microwave,frequency_GHz,1,digitized_paper_measurement,p4_0.jpeg
1230,526.5,17.494089834515368,2.2447488584474886,0.4728132387706856,0.0045662100456621,single,fig6b,nm_microwave,frequency_GHz,1,digitized_paper_measurement,p4_0.jpeg
1231,527.0,17.73049645390071,2.243835616438356,0.4728132387706856,0.005479452054794521,single,fig6b,nm_microwave,frequency_GHz,1,digitized_paper_measurement,p4_0.jpeg
1232,527.0,17.96690307328605,2.243835616438356,0.4728132387706856,0.005479452054794521,single,fig6b,nm_microwave,frequency_GHz,1,digitized_paper_measurement,p4_0.jpeg
1233,527.0,18.203309692671393,2.243835616438356,0.4728132387706856,0.005479452054794521,single,fig6b,nm_microwave,frequency_GHz,1,digitized_paper_measurement,p4_0.jpeg
1234,527.0,18.43971631205674,2.243835616438356,0.4728132387706856,0.005479452054794521,single,fig6b,nm_microwave,frequency_GHz,1,digitized_paper_measurement,p4_0.jpeg
1235,526.5,18.67612293144208,2.2447488584474886,0.4728132387706856,0.0045662100456621,single,fig6b,nm_microwave,frequency_GHz,1,digitized_paper_measurement,p4_0.jpeg
1236,526.5,18.912529550827422,2.2447488584474886,0.4728132387706856,0.0045662100456621,single,fig6b,nm_microwave,frequency_GHz,1,digitized_paper_measurement,p4_0.jpeg
1237,523.5,19.148936170212767,2.2502283105022833,0.4728132387706856,0.0045662100456621,occluded,fig6b,nm_microwave,frequency_GHz,1,digitized_paper_measurement,p4_0.jpeg
1238,523.5,19.38534278959811,2.2502283105022833,0.4728132387706856,0.0045662100456621,occluded,fig6b,nm_microwave,frequency_GHz,1,digitized_paper_measurement,p4_0.jpeg
1239,523.0,19.62174940898345,2.2511415525114153,0.4728132387706856,0.005479452054794521,occluded,fig6b,nm_microwave,frequency_GHz,1,digitized_paper_measurement,p4_0.jpeg
1240,523.5,19.858156028368793,2.2502283105022833,0.4728132387706856,0.0045662100456621,occluded,fig6b,nm_microwave,frequency_GHz,1,digitized_paper_measurement,p4_0.jpeg
1241,519.5,20.094562647754138,2.2575342465753425,0.4728132387706856,0.0045662100456621,single,fig6b,nm_microwave,frequency_GHz,1,digitized_paper_measurement,p4_0.jpeg
1242,519.5,20.33096926713948,2.2575342465753425,0.4728132387706856,0.0045662100456621,single,fig6b,nm_microwave,frequency_GHz,1,digitized_paper_measurement,p4_0.jpeg
1243,519.0,20.56737588652482,2.258447488584475,0.4728132387706856,0.005479452054794521,single,fig6b,nm_microwave,frequency_GHz,1,digitized_paper_measurement,p4_0.jpeg
1244,518.5,20.803782505910167,2.2593607305936074,0.4728132387706856,0.00639269406392694,single,fig6b,nm_microwave,frequency_GHz,1,digitized_paper_measurement,p4_0.jpeg
1245,517.5,21.04018912529551,2.2611872146118723,0.4728132387706856,0.00821917808219178,single,fig6b,nm_microwave,frequency_GHz,1,digitized_paper_measurement,p4_0.jpeg
1246,517.5,21.27659574468085,2.2611872146118723,0.4728132387706856,0.00821917808219178,single,fig6b,nm_microwave,frequency_GHz,1,digitized_paper_measurement,p4_0.jpeg
1247,516.0,21.513002364066192,2.2639269406392692,0.4728132387706856,0.0091324200913242,single,fig6b,nm_microwave,frequency_GHz,1,digitized_paper_measurement,p4_0.jpeg
1248,514.5,21.749408983451538,2.2666666666666666,0.4728132387706856,0.00639269406392694,single,fig6b,nm_microwave,frequency_GHz,1,digitized_paper_measurement,p4_0.jpeg
1249,514.0,21.98581560283688,2.267579908675799,0.4728132387706856,0.0073059360730593605,single,fig6b,nm_microwave,frequency_GHz,1,digitized_paper_measurement,p4_0.jpeg
1250,512.5,22.22222222222222,2.2703196347031964,0.4728132387706856,0.00639269406392694,single,fig6b,nm_microwave,frequency_GHz,1,digitized_paper_measurement,p4_0.jpeg
1251,512.5,22.458628841607567,2.2703196347031964,0.4728132387706856,0.00639269406392694,single,fig6b,nm_microwave,frequency_GHz,1,digitized_paper_measurement,p4_0.jpeg
1252,512.5,22.69503546099291,2.2703196347031964,0.4728132387706856,0.00639269406392694,single,fig6b,nm_microwave,frequency_GHz,1,digitized_paper_measurement,p4_0.jpeg
1253,512.5,22.93144208037825,2.2703196347031964,0.4728132387706856,0.00639269406392694,single,fig6b,nm_microwave,frequency_GHz,1,digitized_paper_measurement,p4_0.jpeg
1254,512.5,23.167848699763592,2.2703196347031964,0.4728132387706856,0.00639269406392694,single,fig6b,nm_microwave,frequency_GHz,1,digitized_paper_measurement,p4_0.jpeg
1255,512.5,23.404255319148938,2.2703196347031964,0.4728132387706856,0.00639269406392694,single,fig6b,nm_microwave,frequency_GHz,1,digitized_paper_measurement,p4_0.jpeg
1256,512.5,23.64066193853428,2.2703196347031964,0.4728132387706856,0.00639269406392694,single,fig6b,nm_microwave,frequency_GHz,1,digitized_paper_measurement,p4_0.jpeg
1257,513.5,23.87706855791962,2.2684931506849315,0.4728132387706856,0.00821917808219178,single,fig6b,nm_microwave,frequency_GHz,1,digitized_paper_measurement,p4_0.jpeg
1258,513.5,24.113475177304963,2.2684931506849315,0.4728132387706856,0.00821917808219178,single,fig6b,nm_microwave,frequency_GHz,1,digitized_paper_measurement,p4_0.jpeg
1259,516.0,24.34988179669031,2.2639269406392692,0.4728132387706856,0.0091324200913242,single,fig6b,nm_microwave,frequency_GHz,1,digitized_paper_measurement,p4_0.jpeg
1260,516.5,24.58628841607565,2.263013698630137,0.4728132387706856,0.00821917808219178,single,fig6b,nm_microwave,frequency_GHz,1,digitized_paper_measurement,p4_0.jpeg
1261,517.5,24.822695035460992,2.2611872146118723,0.4728132387706856,0.00821917808219178,single,fig6b,nm_microwave,frequency_GHz,1,digitized_paper_measurement,p4_0.jpeg
1262,518.5,25.059101654846337,2.2593607305936074,0.4728132387706856,0.00639269406392694,single,fig6b,nm_microwave,frequency_GHz,1,digitized_paper_measurement,p4_0.jpeg
1263,518.5,25.29550827423168,2.2593607305936074,0.4728132387706856,0.00639269406392694,single,fig6b,nm_microwave,frequency_GHz,1,digitized_paper_measurement,p4_0.jpeg
1264,523.5,25.53191489361702,2.2502283105022833,0.4728132387706856,0.0045662100456621,occluded,fig6b,nm_microwave,frequency_GHz,1,digitized_paper_measurement,p4_0.jpeg
1265,523.0,25.768321513002363,2.2511415525114153,0.4728132387706856,0.005479452054794521,occluded,fig6b,nm_microwave,frequency_GHz,1,digitized_paper_measurement,p4_0.jpeg
1266,523.5,26.004728132387708,2.2502283105022833,0.4728132387706856,0.0045662100456621,occluded,fig6b,nm_microwave,frequency_GHz,1,digitized_paper_measurement,p4_0.jpeg
1267,527.0,26.24113475177305,2.243835616438356,0.4728132387706856,0.005479452054794521,single,fig6b,nm_microwave,frequency_GHz,1,digitized_paper_measurement,p4_0.jpeg
1268,527.0,26.47754137115839,2.243835616438356,0.4728132387706856,0.005479452054794521,single,fig6b,nm_microwave,frequency_GHz,1,digitized_paper_measurement,p4_0.jpeg
1269,527.5,26.713947990543737,2.2429223744292237,0.4728132387706856,0.00639269406392694,single,fig6b,nm_microwave,frequency_GHz,1,digitized_paper_measurement,p4_0.jpeg
1270,528.0,26.95035460992908,2.2420091324200913,0.4728132387706856,0.0073059360730593605,single,fig6b,nm_microwave,frequency_GHz,1,digitized_paper_measurement,p4_0.jpeg
1271,528.5,27.18676122931442,2.241095890410959,0.4728132387706856,0.00639269406392694,single,fig6b,nm_microwave,frequency_GHz,1,digitized_paper_measurement,p4_0.jpeg
1272,528.5,27.423167848699762,2.241095890410959,0.4728132387706856,0.00639269406392694,single,fig6b,nm_microwave,frequency_GHz,1,digitized_paper_measurement,p4_0.jpeg
1273,528.5,27.659574468085108,2.241095890410959,0.4728132387706856,0.00639269406392694,single,fig6b,nm_microwave,frequency_GHz,1,digitized_paper_measurement,p4_0.jpeg
1274,528.5,27.89598108747045,2.241095890410959,0.4728132387706856,0.00639269406392694,single,fig6b,nm_microwave,frequency_GHz,1,digitized_paper_measurement,p4_0.jpeg
1275,528.5,28.13238770685579,2.241095890410959,0.4728132387706856,0.00639269406392694,single,fig6b,nm_microwave,frequency_GHz,1,digitized_paper_measurement,p4_0.jpeg
1276,528.5,28.368794326241133,2.241095890410959,0.4728132387706856,0.00639269406392694,single,fig6b,nm_microwave,frequency_GHz,1,digitized_paper_measurement,p4_0.jpeg
1277,528.5,28.60520094562648,2.241095890410959,0.4728132387706856,0.00639269406392694,single,fig6b,nm_microwave,frequency_GHz,1,digitized_paper_measurement,p4_0.jpeg
1278,528.5,28.84160756501182,2.241095890410959,0.4728132387706856,0.00639269406392694,single,fig6b,nm_microwave,frequency_GHz,1,digitized_paper_measurement,p4_0.jpeg
1279,528.5,29.078014184397162,2.241095890410959,0.4728132387706856,0.00639269406392694,single,fig6b,nm_microwave,frequency_GHz,1,digitized_paper_measurement,p4_0.jpeg
1280,528.5,29.314420803782507,2.241095890410959,0.4728132387706856,0.00639269406392694,single,fig6b,nm_microwave,frequency_GHz,1,digitized_paper_measurement,p4_0.jpeg
1281,528.5,29.55082742316785,2.241095890410959,0.4728132387706856,0.00639269406392694,single,fig6b,nm_microwave,frequency_GHz,1,digitized_paper_measurement,p4_0.jpeg
1282,528.5,29.78723404255319,2.241095890410959,0.4728132387706856,0.00639269406392694,single,fig6b,nm_microwave,frequency_GHz,1,digitized_paper_measurement,p4_0.jpeg
1283,528.5,30.023640661938533,2.241095890410959,0.4728132387706856,0.00639269406392694,single,fig6b,nm_microwave,frequency_GHz,1,digitized_paper_measurement,p4_0.jpeg
1284,528.5,30.260047281323878,2.241095890410959,0.4728132387706856,0.00639269406392694,single,fig6b,nm_microwave,frequency_GHz,1,digitized_paper_measurement,p4_0.jpeg
1285,528.0,30.49645390070922,2.2420091324200913,0.4728132387706856,0.0073059360730593605,single,fig6b,nm_microwave,frequency_GHz,1,digitized_paper_measurement,p4_0.jpeg
1286,527.5,30.73286052009456,2.2429223744292237,0.4728132387706856,0.00639269406392694,single,fig6b,nm_microwave,frequency_GHz,1,digitized_paper_measurement,p4_0.jpeg
1287,527.5,30.969267139479907,2.2429223744292237,0.4728132387706856,0.00639269406392694,single,fig6b,nm_microwave,frequency_GHz,1,digitized_paper_measurement,p4_0.jpeg
1288,527.5,31.20567375886525,2.2429223744292237,0.4728132387706856,0.00639269406392694,single,fig6b,nm_microwave,frequency_GHz,1,digitized_paper_measurement,p4_0.jpeg
1289,527.0,31.44208037825059,2.243835616438356,0.4728132387706856,0.005479452054794521,single,fig6b,nm_microwave,frequency_GHz,1,digitized_paper_measurement,p4_0.jpeg
1290,527.0,31.678486997635932,2.243835616438356,0.4728132387706856,0.005479452054794521,single,fig6b,nm_microwave,frequency_GHz,1,digitized_paper_measurement,p4_0.jpeg
1291,527.0,31.914893617021278,2.243835616438356,0.4728132387706856,0.005479452054794521,single,fig6b,nm_microwave,frequency_GHz,1,digitized_paper_measurement,p4_0.jpeg
1292,527.0,32.15130023640662,2.243835616438356,0.4728132387706856,0.005479452054794521,single,fig6b,nm_microwave,frequency_GHz,1,digitized_paper_measurement,p4_0.jpeg
1293,527.0,32.38770685579196,2.243835616438356,0.4728132387706856,0.005479452054794521,single,fig6b,nm_microwave,frequency_GHz,1,digitized_paper_measurement,p4_0.jpeg
1294,527.0,32.6241134751773,2.243835616438356,0.4728132387706856,0.005479452054794521,single,fig6b,nm_microwave,frequency_GHz,1,digitized_paper_measurement,p4_0.jpeg
1295,527.0,32.860520094562645,2.243835616438356,0.4728132387706856,0.005479452054794521,single,fig6b,nm_microwave,frequency_GHz,1,digitized_paper_measurement,p4_0.jpeg
1296,527.0,33.096926713947994,2.243835616438356,0.4728132387706856,0.005479452054794521,single,fig6b,nm_microwave,frequency_GHz,1,digitized_paper_measurement,p4_0.jpeg
1297,527.0,33.333333333333336,2.243835616438356,0.4728132387706856,0.005479452054794521,single,fig6b,nm_microwave,frequency_GHz,1,digitized_paper_measurement,p4_0.jpeg
1298,527.0,33.56973995271868,2.243835616438356,0.4728132387706856,0.005479452054794521,single,fig6b,nm_microwave,frequency_GHz,1,digitized_paper_measurement,p4_0.jpeg
1299,527.0,33.80614657210402,2.243835616438356,0.4728132387706856,0.005479452054794521,single,fig6b,nm_microwave,frequency_GHz,1,digitized_paper_measurement,p4_0.jpeg
1300,527.0,34.04255319148936,2.243835616438356,0.4728132387706856,0.005479452054794521,single,fig6b,nm_microwave,frequency_GHz,1,digitized_paper_measurement,p4_0.jpeg
1301,527.0,34.2789598108747,2.243835616438356,0.4728132387706856,0.005479452054794521,single,fig6b,nm_microwave,frequency_GHz,1,digitized_paper_measurement,p4_0.jpeg
1302,527.0,34.515366430260045,2.243835616438356,0.4728132387706856,0.005479452054794521,single,fig6b,nm_microwave,frequency_GHz,1,digitized_paper_measurement,p4_0.jpeg
1303,527.0,34.751773049645394,2.243835616438356,0.4728132387706856,0.005479452054794521,single,fig6b,nm_microwave,frequency_GHz,1,digitized_paper_measurement,p4_0.jpeg
1304,527.0,34.988179669030735,2.243835616438356,0.4728132387706856,0.005479452054794521,single,fig6b,nm_microwave,frequency_GHz,1,digitized_paper_measurement,p4_0.jpeg
1305,527.0,35.22458628841608,2.243835616438356,0.4728132387706856,0.005479452054794521,single,fig6b,nm_microwave,frequency_GHz,1,digitized_paper_measurement,p4_0.jpeg
1306,527.0,35.46099290780142,2.243835616438356,0.4728132387706856,0.005479452054794521,single,fig6b,nm_microwave,frequency_GHz,1,digitized_paper_measurement,p4_0.jpeg
1307,527.0,35.69739952718676,2.243835616438356,0.4728132387706856,0.005479452054794521,single,fig6b,nm_microwave,frequency_GHz,1,digitized_paper_measurement,p4_0.jpeg
1308,527.0,35.9338061465721,2.243835616438356,0.4728132387706856,0.005479452054794521,single,fig6b,nm_microwave,frequency_GHz,1,digitized_paper_measurement,p4_0.jpeg
1309,527.0,36.170212765957444,2.243835616438356,0.4728132387706856,0.005479452054794521,single,fig6b,nm_microwave,frequency_GHz,1,digitized_paper_measurement,p4_0.jpeg
1310,527.0,36.406619385342786,2.243835616438356,0.4728132387706856,0.005479452054794521,single,fig6b,nm_microwave,frequency_GHz,1,digitized_paper_measurement,p4_0.jpeg
1311,527.0,36.643026004728135,2.243835616438356,0.4728132387706856,0.005479452054794521,single,fig6b,nm_microwave,frequency_GHz,1,digitized_paper_measurement,p4_0.jpeg
1312,527.5,36.87943262411348,2.2429223744292237,0.4728132387706856,0.00639269406392694,single,fig6b,nm_microwave,frequency_GHz,1,digitized_paper_measurement,p4_0.jpeg
1313,527.5,37.11583924349882,2.2429223744292237,0.4728132387706856,0.00639269406392694,single,fig6b,nm_microwave,frequency_GHz,1,digitized_paper_measurement,p4_0.jpeg
1314,528.5,37.35224586288416,2.241095890410959,0.4728132387706856,0.00639269406392694,single,fig6b,nm_microwave,frequency_GHz,1,digitized_paper_measurement,p4_0.jpeg
1315,528.5,37.5886524822695,2.241095890410959,0.4728132387706856,0.00639269406392694,single,fig6b,nm_microwave,frequency_GHz,1,digitized_paper_measurement,p4_0.jpeg
1316,528.5,37.825059101654844,2.241095890410959,0.4728132387706856,0.00639269406392694,single,fig6b,nm_microwave,frequency_GHz,1,digitized_paper_measurement,p4_0.jpeg
1317,528.5,38.061465721040186,2.241095890410959,0.4728132387706856,0.00639269406392694,single,fig6b,nm_microwave,frequency_GHz,1,digitized_paper_measurement,p4_0.jpeg
1318,528.5,38.297872340425535,2.241095890410959,0.4728132387706856,0.00639269406392694,single,fig6b,nm_microwave,frequency_GHz,1,digitized_paper_measurement,p4_0.jpeg
1319,528.5,38.53427895981088,2.241095890410959,0.4728132387706856,0.00639269406392694,single,fig6b,nm_microwave,frequency_GHz,1,digitized_paper_measurement,p4_0.jpeg
1320,528.5,38.77068557919622,2.241095890410959,0.4728132387706856,0.00639269406392694,single,fig6b,nm_microwave,frequency_GHz,1,digitized_paper_measurement,p4_0.jpeg
1321,528.5,39.00709219858156,2.241095890410959,0.4728132387706856,0.00639269406392694,single,fig6b,nm_microwave,frequency_GHz,1,digitized_paper_measurement,p4_0.jpeg
1322,528.5,39.2434988179669,2.241095890410959,0.4728132387706856,0.00639269406392694,single,fig6b,nm_microwave,frequency_GHz,1,digitized_paper_measurement,p4_0.jpeg
1323,528.5,39.479905437352244,2.241095890410959,0.4728132387706856,0.00639269406392694,single,fig6b,nm_microwave,frequency_GHz,1,digitized_paper_measurement,p4_0.jpeg
1324,528.5,39.716312056737586,2.241095890410959,0.4728132387706856,0.00639269406392694,single,fig6b,nm_microwave,frequency_GHz,1,digitized_paper_measurement,p4_0.jpeg
1325,528.5,39.952718676122934,2.241095890410959,0.4728132387706856,0.00639269406392694,single,fig6b,nm_microwave,frequency_GHz,1,digitized_paper_measurement,p4_0.jpeg
1326,528.5,40.189125295508276,2.241095890410959,0.4728132387706856,0.00639269406392694,single,fig6b,nm_microwave,frequency_GHz,1,digitized_paper_measurement,p4_0.jpeg
1327,528.5,40.42553191489362,2.241095890410959,0.4728132387706856,0.00639269406392694,single,fig6b,nm_microwave,frequency_GHz,1,digitized_paper_measurement,p4_0.jpeg
1328,529.5,40.66193853427896,2.239269406392694,0.4728132387706856,0.00639269406392694,single,fig6b,nm_microwave,frequency_GHz,1,digitized_paper_measurement,p4_0.jpeg
1329,530.0,40.8983451536643,2.2383561643835614,0.4728132387706856,0.0073059360730593605,single,fig6b,nm_microwave,frequency_GHz,1,digitized_paper_measurement,p4_0.jpeg
1330,530.5,41.13475177304964,2.237442922374429,0.4728132387706856,0.00639269406392694,single,fig6b,nm_microwave,frequency_GHz,1,digitized_paper_measurement,p4_0.jpeg
1331,530.5,41.371158392434985,2.237442922374429,0.4728132387706856,0.00639269406392694,single,fig6b,nm_microwave,frequency_GHz,1,digitized_paper_measurement,p4_0.jpeg
1332,530.5,41.607565011820334,2.237442922374429,0.4728132387706856,0.00639269406392694,single,fig6b,nm_microwave,frequency_GHz,1,digitized_paper_measurement,p4_0.jpeg
1333,530.5,41.843971631205676,2.237442922374429,0.4728132387706856,0.00639269406392694,single,fig6b,nm_microwave,frequency_GHz,1,digitized_paper_measurement,p4_0.jpeg
1334,530.5,42.08037825059102,2.237442922374429,0.4728132387706856,0.00639269406392694,single,fig6b,nm_microwave,frequency_GHz,1,digitized_paper_measurement,p4_0.jpeg
1335,530.5,42.31678486997636,2.237442922374429,0.4728132387706856,0.00639269406392694,single,fig6b,nm_microwave,frequency_GHz,1,digitized_paper_measurement,p4_0.jpeg
1336,530.5,42.5531914893617,2.237442922374429,0.4728132387706856,0.00639269406392694,single,fig6b,nm_microwave,frequency_GHz,1,digitized_paper_measurement,p4_0.jpeg
1337,530.5,42.78959810874704,2.237442922374429,0.4728132387706856,0.00639269406392694,single,fig6b,nm_microwave,frequency_GHz,1,digitized_paper_measurement,p4_0.jpeg
1338,530.5,43.026004728132385,2.237442922374429,0.4728132387706856,0.00639269406392694,single,fig6b,nm_microwave,frequency_GHz,1,digitized_paper_measurement,p4_0.jpeg
1339,530.5,43.262411347517734,2.237442922374429,0.4728132387706856,0.00639269406392694,single,fig6b,nm_microwave,frequency_GHz,1,digitized_paper_measurement,p4_0.jpeg
1340,530.5,43.498817966903076,2.237442922374429,0.4728132387706856,0.00639269406392694,single,fig6b,nm_microwave,frequency_GHz,1,digitized_paper_measurement,p4_0.jpeg
1341,530.5,43.73522458628842,2.237442922374429,0.4728132387706856,0.00639269406392694,single,fig6b,nm_microwave,frequency_GHz,1,digitized_paper_measurement,p4_0.jpeg
1342,529.5,43.97163120567376,2.239269406392694,0.4728132387706856,0.00639269406392694,single,fig6b,nm_microwave,frequency_GHz,1,digitized_paper_measurement,p4_0.jpeg
1344,528.5,44.44444444444444,2.241095890410959,0.4728132387706856,0.00639269406392694,single,fig6b,nm_microwave,frequency_GHz,1,digitized_paper_measurement,p4_0.jpeg
1345,528.5,44.680851063829785,2.241095890410959,0.4728132387706856,0.00639269406392694,single,fig6b,nm_microwave,frequency_GHz,1,digitized_paper_measurement,p4_0.jpeg
1346,528.5,44.917257683215134,2.241095890410959,0.4728132387706856,0.00639269406392694,single,fig6b,nm_microwave,frequency_GHz,1,digitized_paper_measurement,p4_0.jpeg
1347,528.5,45.153664302600475,2.241095890410959,0.4728132387706856,0.00639269406392694,single,fig6b,nm_microwave,frequency_GHz,1,digitized_paper_measurement,p4_0.jpeg
1348,528.5,45.39007092198582,2.241095890410959,0.4728132387706856,0.00639269406392694,single,fig6b,nm_microwave,frequency_GHz,1,digitized_paper_measurement,p4_0.jpeg
1349,528.5,45.62647754137116,2.241095890410959,0.4728132387706856,0.00639269406392694,single,fig6b,nm_microwave,frequency_GHz,1,digitized_paper_measurement,p4_0.jpeg
1350,528.5,45.8628841607565,2.241095890410959,0.4728132387706856,0.00639269406392694,single,fig6b,nm_microwave,frequency_GHz,1,digitized_paper_measurement,p4_0.jpeg
1351,528.5,46.09929078014184,2.241095890410959,0.4728132387706856,0.00639269406392694,single,fig6b,nm_microwave,frequency_GHz,1,digitized_paper_measurement,p4_0.jpeg
1352,528.5,46.335697399527184,2.241095890410959,0.4728132387706856,0.00639269406392694,single,fig6b,nm_microwave,frequency_GHz,1,digitized_paper_measurement,p4_0.jpeg
1353,528.5,46.572104018912526,2.241095890410959,0.4728132387706856,0.00639269406392694,single,fig6b,nm_microwave,frequency_GHz,1,digitized_paper_measurement,p4_0.jpeg
1354,528.5,46.808510638297875,2.241095890410959,0.4728132387706856,0.00639269406392694,single,fig6b,nm_microwave,frequency_GHz,1,digitized_paper_measurement,p4_0.jpeg
1355,528.5,47.04491725768322,2.241095890410959,0.4728132387706856,0.00639269406392694,single,fig6b,nm_microwave,frequency_GHz,1,digitized_paper_measurement,p4_0.jpeg
1356,528.5,47.28132387706856,2.241095890410959,0.4728132387706856,0.00639269406392694,single,fig6b,nm_microwave,frequency_GHz,1,digitized_paper_measurement,p4_0.jpeg
1357,528.5,47.5177304964539,2.241095890410959,0.4728132387706856,0.00639269406392694,single,fig6b,nm_microwave,frequency_GHz,1,digitized_paper_measurement,p4_0.jpeg
1358,528.5,47.75413711583924,2.241095890410959,0.4728132387706856,0.00639269406392694,single,fig6b,nm_microwave,frequency_GHz,1,digitized_paper_measurement,p4_0.jpeg
1359,528.5,47.990543735224584,2.241095890410959,0.4728132387706856,0.00639269406392694,single,fig6b,nm_microwave,frequency_GHz,1,digitized_paper_measurement,p4_0.jpeg
1360,528.5,48.226950354609926,2.241095890410959,0.4728132387706856,0.00639269406392694,single,fig6b,nm_microwave,frequency_GHz,1,digitized_paper_measurement,p4_0.jpeg
1361,528.5,48.463356973995275,2.241095890410959,0.4728132387706856,0.00639269406392694,single,fig6b,nm_microwave,frequency_GHz,1,digitized_paper_measurement,p4_0.jpeg
1362,528.5,48.69976359338062,2.241095890410959,0.4728132387706856,0.00639269406392694,single,fig6b,nm_microwave,frequency_GHz,1,digitized_paper_measurement,p4_0.jpeg
1363,528.5,48.93617021276596,2.241095890410959,0.4728132387706856,0.00639269406392694,single,fig6b,nm_microwave,frequency_GHz,1,digitized_paper_measurement,p4_0.jpeg
1364,528.5,49.1725768321513,2.241095890410959,0.4728132387706856,0.00639269406392694,single,fig6b,nm_microwave,frequency_GHz,1,digitized_paper_measurement,p4_0.jpeg
1365,528.5,49.40898345153664,2.241095890410959,0.4728132387706856,0.00639269406392694,single,fig6b,nm_microwave,frequency_GHz,1,digitized_paper_measurement,p4_0.jpeg
1366,528.5,49.645390070921984,2.241095890410959,0.4728132387706856,0.00639269406392694,single,fig6b,nm_microwave,frequency_GHz,1,digitized_paper_measurement,p4_0.jpeg
1367,528.5,49.881796690307326,2.241095890410959,0.4728132387706856,0.00639269406392694,single,fig6b,nm_microwave,frequency_GHz,1,digitized_paper_measurement,p4_0.jpeg
1368,528.5,50.118203309692674,2.241095890410959,0.4728132387706856,0.00639269406392694,single,fig6b,nm_microwave,frequency_GHz,1,digitized_paper_measurement,p4_0.jpeg
1369,528.5,50.354609929078016,2.241095890410959,0.4728132387706856,0.00639269406392694,single,fig6b,nm_microwave,frequency_GHz,1,digitized_paper_measurement,p4_0.jpeg
1370,529.5,50.59101654846336,2.239269406392694,0.4728132387706856,0.00639269406392694,single,fig6b,nm_microwave,frequency_GHz,1,digitized_paper_measurement,p4_0.jpeg
1371,530.0,50.8274231678487,2.2383561643835614,0.4728132387706856,0.0073059360730593605,single,fig6b,nm_microwave,frequency_GHz,1,digitized_paper_measurement,p4_0.jpeg
1372,530.5,51.06382978723404,2.237442922374429,0.4728132387706856,0.00639269406392694,single,fig6b,nm_microwave,frequency_GHz,1,digitized_paper_measurement,p4_0.jpeg
1373,530.5,51.30023640661938,2.237442922374429,0.4728132387706856,0.00639269406392694,single,fig6b,nm_microwave,frequency_GHz,1,digitized_paper_measurement,p4_0.jpeg
1374,530.5,51.536643026004725,2.237442922374429,0.4728132387706856,0.00639269406392694,single,fig6b,nm_microwave,frequency_GHz,1,digitized_paper_measurement,p4_0.jpeg
1375,530.5,51.773049645390074,2.237442922374429,0.4728132387706856,0.00639269406392694,single,fig6b,nm_microwave,frequency_GHz,1,digitized_paper_measurement,p4_0.jpeg
1376,530.5,52.009456264775416,2.237442922374429,0.4728132387706856,0.00639269406392694,single,fig6b,nm_microwave,frequency_GHz,1,digitized_paper_measurement,p4_0.jpeg
1377,530.5,52.24586288416076,2.237442922374429,0.4728132387706856,0.00639269406392694,single,fig6b,nm_microwave,frequency_GHz,1,digitized_paper_measurement,p4_0.jpeg
1378,530.5,52.4822695035461,2.237442922374429,0.4728132387706856,0.00639269406392694,single,fig6b,nm_microwave,frequency_GHz,1,digitized_paper_measurement,p4_0.jpeg
1379,530.5,52.71867612293144,2.237442922374429,0.4728132387706856,0.00639269406392694,single,fig6b,nm_microwave,frequency_GHz,1,digitized_paper_measurement,p4_0.jpeg
1380,530.5,52.95508274231678,2.237442922374429,0.4728132387706856,0.00639269406392694,single,fig6b,nm_microwave,frequency_GHz,1,digitized_paper_measurement,p4_0.jpeg
1381,530.5,53.191489361702125,2.237442922374429,0.4728132387706856,0.00639269406392694,single,fig6b,nm_microwave,frequency_GHz,1,digitized_paper_measurement,p4_0.jpeg
1382,530.5,53.427895981087474,2.237442922374429,0.4728132387706856,0.00639269406392694,single,fig6b,nm_microwave,frequency_GHz,1,digitized_paper_measurement,p4_0.jpeg
1383,530.5,53.664302600472816,2.237442922374429,0.4728132387706856,0.00639269406392694,single,fig6b,nm_microwave,frequency_GHz,1,digitized_paper_measurement,p4_0.jpeg
1384,530.0,53.90070921985816,2.2383561643835614,0.4728132387706856,0.0073059360730593605,single,fig6b,nm_microwave,frequency_GHz,1,digitized_paper_measurement,p4_0.jpeg
1385,529.5,54.1371158392435,2.239269406392694,0.4728132387706856,0.00639269406392694,single,fig6b,nm_microwave,frequency_GHz,1,digitized_paper_measurement,p4_0.jpeg
1386,529.0,54.37352245862884,2.2401826484018263,0.4728132387706856,0.005479452054794521,single,fig6b,nm_microwave,frequency_GHz,1,digitized_paper_measurement,p4_0.jpeg
1387,528.5,54.60992907801418,2.241095890410959,0.4728132387706856,0.00639269406392694,single,fig6b,nm_microwave,frequency_GHz,1,digitized_paper_measurement,p4_0.jpeg
1388,528.5,54.846335697399525,2.241095890410959,0.4728132387706856,0.00639269406392694,single,fig6b,nm_microwave,frequency_GHz,1,digitized_paper_measurement,p4_0.jpeg
1389,528.5,55.082742316784866,2.241095890410959,0.4728132387706856,0.00639269406392694,single,fig6b,nm_microwave,frequency_GHz,1,digitized_paper_measurement,p4_0.jpeg
1390,528.5,55.319148936170215,2.241095890410959,0.4728132387706856,0.00639269406392694,single,fig6b,nm_microwave,frequency_GHz,1,digitized_paper_measurement,p4_0.jpeg
1391,528.5,55.55555555555556,2.241095890410959,0.4728132387706856,0.00639269406392694,single,fig6b,nm_microwave,frequency_GHz,1,digitized_paper_measurement,p4_0.jpeg
1392,528.5,55.7919621749409,2.241095890410959,0.4728132387706856,0.00639269406392694,single,fig6b,nm_microwave,frequency_GHz,1,digitized_paper_measurement,p4_0.jpeg
1393,528.5,56.02836879432624,2.241095890410959,0.4728132387706856,0.00639269406392694,single,fig6b,nm_microwave,frequency_GHz,1,digitized_paper_measurement,p4_0.jpeg
1394,528.5,56.26477541371158,2.241095890410959,0.4728132387706856,0.00639269406392694,single,fig6b,nm_microwave,frequency_GHz,1,digitized_paper_measurement,p4_0.jpeg
1395,528.5,56.501182033096924,2.241095890410959,0.4728132387706856,0.00639269406392694,single,fig6b,nm_microwave,frequency_GHz,1,digitized_paper_measurement,p4_0.jpeg
1396,528.5,56.737588652482266,2.241095890410959,0.4728132387706856,0.00639269406392694,single,fig6b,nm_microwave,frequency_GHz,1,digitized_paper_measurement,p4_0.jpeg
1397,528.5,56.973995271867615,2.241095890410959,0.4728132387706856,0.00639269406392694,single,fig6b,nm_microwave,frequency_GHz,1,digitized_paper_measurement,p4_0.jpeg
1398,527.5,57.21040189125296,2.2429223744292237,0.4728132387706856,0.00639269406392694,single,fig6b,nm_microwave,frequency_GHz,1,digitized_paper_measurement,p4_0.jpeg
1399,527.5,57.4468085106383,2.2429223744292237,0.4728132387706856,0.00639269406392694,single,fig6b,nm_microwave,frequency_GHz,1,digitized_paper_measurement,p4_0.jpeg
1400,527.0,57.68321513002364,2.243835616438356,0.4728132387706856,0.005479452054794521,single,fig6b,nm_microwave,frequency_GHz,1,digitized_paper_measurement,p4_0.jpeg
1401,527.0,57.91962174940898,2.243835616438356,0.4728132387706856,0.005479452054794521,single,fig6b,nm_microwave,frequency_GHz,1,digitized_paper_measurement,p4_0.jpeg
1402,527.0,58.156028368794324,2.243835616438356,0.4728132387706856,0.005479452054794521,single,fig6b,nm_microwave,frequency_GHz,1,digitized_paper_measurement,p4_0.jpeg
1403,527.0,58.392434988179666,2.243835616438356,0.4728132387706856,0.005479452054794521,single,fig6b,nm_microwave,frequency_GHz,1,digitized_paper_measurement,p4_0.jpeg
1404,527.0,58.628841607565015,2.243835616438356,0.4728132387706856,0.005479452054794521,single,fig6b,nm_microwave,frequency_GHz,1,digitized_paper_measurement,p4_0.jpeg
1405,527.0,58.86524822695036,2.243835616438356,0.4728132387706856,0.005479452054794521,single,fig6b,nm_microwave,frequency_GHz,1,digitized_paper_measurement,p4_0.jpeg
1406,527.0,59.1016548463357,2.243835616438356,0.4728132387706856,0.005479452054794521,single,fig6b,nm_microwave,frequency_GHz,1,digitized_paper_measurement,p4_0.jpeg
1407,527.0,59.33806146572104,2.243835616438356,0.4728132387706856,0.005479452054794521,single,fig6b,nm_microwave,frequency_GHz,1,digitized_paper_measurement,p4_0.jpeg
1408,527.0,59.57446808510638,2.243835616438356,0.4728132387706856,0.005479452054794521,single,fig6b,nm_microwave,frequency_GHz,1,digitized_paper_measurement,p4_0.jpeg
1409,527.0,59.810874704491724,2.243835616438356,0.4728132387706856,0.005479452054794521,single,fig6b,nm_microwave,frequency_GHz,1,digitized_paper_measurement,p4_0.jpeg
1410,526.5,60.047281323877066,2.2447488584474886,0.4728132387706856,0.0045662100456621,single,fig6b,nm_microwave,frequency_GHz,1,digitized_paper_measurement,p4_0.jpeg
1411,526.5,60.283687943262414,2.2447488584474886,0.4728132387706856,0.0045662100456621,single,fig6b,nm_microwave,frequency_GHz,1,digitized_paper_measurement,p4_0.jpeg
1412,527.0,60.520094562647756,2.243835616438356,0.4728132387706856,0.005479452054794521,single,fig6b,nm_microwave,frequency_GHz,1,digitized_paper_measurement,p4_0.jpeg
1413,527.0,60.7565011820331,2.243835616438356,0.4728132387706856,0.005479452054794521,single,fig6b,nm_microwave,frequency_GHz,1,digitized_paper_measurement,p4_0.jpeg
1414,527.0,60.99290780141844,2.243835616438356,0.4728132387706856,0.005479452054794521,single,fig6b,nm_microwave,frequency_GHz,1,digitized_paper_measurement,p4_0.jpeg
1415,527.0,61.22931442080378,2.243835616438356,0.4728132387706856,0.005479452054794521,single,fig6b,nm_microwave,frequency_GHz,1,digitized_paper_measurement,p4_0.jpeg
1416,527.0,61.46572104018912,2.243835616438356,0.4728132387706856,0.005479452054794521,single,fig6b,nm_microwave,frequency_GHz,1,digitized_paper_measurement,p4_0.jpeg
1417,527.0,61.702127659574465,2.243835616438356,0.4728132387706856,0.005479452054794521,single,fig6b,nm_microwave,frequency_GHz,1,digitized_paper_measurement,p4_0.jpeg
1418,527.0,61.938534278959814,2.243835616438356,0.4728132387706856,0.005479452054794521,single,fig6b,nm_microwave,frequency_GHz,1,digitized_paper_measurement,p4_0.jpeg
1419,527.0,62.174940898345156,2.243835616438356,0.4728132387706856,0.005479452054794521,single,fig6b,nm_microwave,frequency_GHz,1,digitized_paper_measurement,p4_0.jpeg
1420,526.5,62.4113475177305,2.2447488584474886,0.4728132387706856,0.0045662100456621,single,fig6b,nm_microwave,frequency_GHz,1,digitized_paper_measurement,p4_0.jpeg
1421,526.5,62.64775413711584,2.2447488584474886,0.4728132387706856,0.0045662100456621,single,fig6b,nm_microwave,frequency_GHz,1,digitized_paper_measurement,p4_0.jpeg
1422,526.5,62.88416075650118,2.2447488584474886,0.4728132387706856,0.0045662100456621,single,fig6b,nm_microwave,frequency_GHz,1,digitized_paper_measurement,p4_0.jpeg
1423,526.0,63.12056737588652,2.245662100456621,0.4728132387706856,0.0036529680365296802,single,fig6b,nm_microwave,frequency_GHz,1,digitized_paper_measurement,p4_0.jpeg
1424,523.5,63.356973995271865,2.2502283105022833,0.4728132387706856,0.0045662100456621,occluded,fig6b,nm_microwave,frequency_GHz,1,digitized_paper_measurement,p4_0.jpeg
1425,523.5,63.593380614657214,2.2502283105022833,0.4728132387706856,0.0045662100456621,occluded,fig6b,nm_microwave,frequency_GHz,1,digitized_paper_measurement,p4_0.jpeg
1426,523.5,63.829787234042556,2.2502283105022833,0.4728132387706856,0.0045662100456621,occluded,fig6b,nm_microwave,frequency_GHz,1,digitized_paper_measurement,p4_0.jpeg
1427,523.0,64.06619385342789,2.2511415525114153,0.4728132387706856,0.005479452054794521,occluded,fig6b,nm_microwave,frequency_GHz,1,digitized_paper_measurement,p4_0.jpeg
1428,523.0,64.30260047281324,2.2511415525114153,0.4728132387706856,0.005479452054794521,occluded,fig6b,nm_microwave,frequency_GHz,1,digitized_paper_measurement,p4_0.jpeg
1429,523.5,64.53900709219859,2.2502283105022833,0.4728132387706856,0.0045662100456621,occluded,fig6b,nm_microwave,frequency_GHz,1,digitized_paper_measurement,p4_0.jpeg
1430,519.5,64.77541371158392,2.2575342465753425,0.4728132387706856,0.0045662100456621,single,fig6b,nm_microwave,frequency_GHz,1,digitized_paper_measurement,p4_0.jpeg
1431,519.5,65.01182033096927,2.2575342465753425,0.4728132387706856,0.0045662100456621,single,fig6b,nm_microwave,frequency_GHz,1,digitized_paper_measurement,p4_0.jpeg
1432,520.0,65.2482269503546,2.25662100456621,0.4728132387706856,0.005479452054794521,single,fig6b,nm_microwave,frequency_GHz,1,digitized_paper_measurement,p4_0.jpeg
1433,520.0,65.48463356973996,2.25662100456621,0.4728132387706856,0.005479452054794521,single,fig6b,nm_microwave,frequency_GHz,1,digitized_paper_measurement,p4_0.jpeg
1434,520.0,65.72104018912529,2.25662100456621,0.4728132387706856,0.005479452054794521,single,fig6b,nm_microwave,frequency_GHz,1,digitized_paper_measurement,p4_0.jpeg
1435,519.0,65.95744680851064,2.258447488584475,0.4728132387706856,0.005479452054794521,single,fig6b,nm_microwave,frequency_GHz,1,digitized_paper_measurement,p4_0.jpeg
1436,519.0,66.19385342789599,2.258447488584475,0.4728132387706856,0.005479452054794521,single,fig6b,nm_microwave,frequency_GHz,1,digitized_paper_measurement,p4_0.jpeg
1437,518.5,66.43026004728132,2.2593607305936074,0.4728132387706856,0.00639269406392694,single,fig6b,nm_microwave,frequency_GHz,1,digitized_paper_measurement,p4_0.jpeg
1438,518.5,66.66666666666667,2.2593607305936074,0.4728132387706856,0.00639269406392694,single,fig6b,nm_microwave,frequency_GHz,1,digitized_paper_measurement,p4_0.jpeg
1439,518.5,66.903073286052,2.2593607305936074,0.4728132387706856,0.00639269406392694,single,fig6b,nm_microwave,frequency_GHz,1,digitized_paper_measurement,p4_0.jpeg
1440,518.5,67.13947990543736,2.2593607305936074,0.4728132387706856,0.00639269406392694,single,fig6b,nm_microwave,frequency_GHz,1,digitized_paper_measurement,p4_0.jpeg
1441,518.5,67.37588652482269,2.2593607305936074,0.4728132387706856,0.00639269406392694,single,fig6b,nm_microwave,frequency_GHz,1,digitized_paper_measurement,p4_0.jpeg
1442,518.5,67.61229314420804,2.2593607305936074,0.4728132387706856,0.00639269406392694,single,fig6b,nm_microwave,frequency_GHz,1,digitized_paper_measurement,p4_0.jpeg
1443,518.5,67.84869976359339,2.2593607305936074,0.4728132387706856,0.00639269406392694,single,fig6b,nm_microwave,frequency_GHz,1,digitized_paper_measurement,p4_0.jpeg
1444,518.0,68.08510638297872,2.26027397260274,0.4728132387706856,0.005479452054794521,single,fig6b,nm_microwave,frequency_GHz,1,digitized_paper_measurement,p4_0.jpeg
1445,518.0,68.32151300236407,2.26027397260274,0.4728132387706856,0.005479452054794521,single,fig6b,nm_microwave,frequency_GHz,1,digitized_paper_measurement,p4_0.jpeg
1446,518.0,68.5579196217494,2.26027397260274,0.4728132387706856,0.005479452054794521,single,fig6b,nm_microwave,frequency_GHz,1,digitized_paper_measurement,p4_0.jpeg
1447,517.5,68.79432624113475,2.2611872146118723,0.4728132387706856,0.00639269406392694,single,fig6b,nm_microwave,frequency_GHz,1,digitized_paper_measurement,p4_0.jpeg
1448,517.5,69.03073286052009,2.2611872146118723,0.4728132387706856,0.00639269406392694,single,fig6b,nm_microwave,frequency_GHz,1,digitized_paper_measurement,p4_0.jpeg
1449,517.5,69.26713947990544,2.2611872146118723,0.4728132387706856,0.00639269406392694,single,fig6b,nm_microwave,frequency_GHz,1,digitized_paper_measurement,p4_0.jpeg
1450,517.5,69.50354609929079,2.2611872146118723,0.4728132387706856,0.00639269406392694,single,fig6b,nm_microwave,frequency_GHz,1,digitized_paper_measurement,p4_0.jpeg
1451,517.5,69.73995271867612,2.2611872146118723,0.4728132387706856,0.00639269406392694,single,fig6b,nm_microwave,frequency_GHz,1,digitized_paper_measurement,p4_0.jpeg
1452,517.5,69.97635933806147,2.2611872146118723,0.4728132387706856,0.00639269406392694,single,fig6b,nm_microwave,frequency_GHz,1,digitized_paper_measurement,p4_0.jpeg
1453,518.0,70.2127659574468,2.26027397260274,0.4728132387706856,0.005479452054794521,single,fig6b,nm_microwave,frequency_GHz,1,digitized_paper_measurement,p4_0.jpeg
1454,518.0,70.44917257683215,2.26027397260274,0.4728132387706856,0.005479452054794521,single,fig6b,nm_microwave,frequency_GHz,1,digitized_paper_measurement,p4_0.jpeg
1455,518.0,70.68557919621749,2.26027397260274,0.4728132387706856,0.005479452054794521,single,fig6b,nm_microwave,frequency_GHz,1,digitized_paper_measurement,p4_0.jpeg
1456,518.5,70.92198581560284,2.2593607305936074,0.4728132387706856,0.00639269406392694,single,fig6b,nm_microwave,frequency_GHz,1,digitized_paper_measurement,p4_0.jpeg
1457,518.5,71.15839243498817,2.2593607305936074,0.4728132387706856,0.00639269406392694,single,fig6b,nm_microwave,frequency_GHz,1,digitized_paper_measurement,p4_0.jpeg
1458,519.0,71.39479905437352,2.258447488584475,0.4728132387706856,0.005479452054794521,single,fig6b,nm_microwave,frequency_GHz,1,digitized_paper_measurement,p4_0.jpeg
1459,519.0,71.63120567375887,2.258447488584475,0.4728132387706856,0.005479452054794521,single,fig6b,nm_microwave,frequency_GHz,1,digitized_paper_measurement,p4_0.jpeg
1460,520.0,71.8676122931442,2.25662100456621,0.4728132387706856,0.005479452054794521,single,fig6b,nm_microwave,frequency_GHz,1,digitized_paper_measurement,p4_0.jpeg
1461,520.0,72.10401891252955,2.25662100456621,0.4728132387706856,0.005479452054794521,single,fig6b,nm_microwave,frequency_GHz,1,digitized_paper_measurement,p4_0.jpeg
1462,520.0,72.34042553191489,2.25662100456621,0.4728132387706856,0.005479452054794521,single,fig6b,nm_microwave,frequency_GHz,1,digitized_paper_measurement,p4_0.jpeg
1463,519.5,72.57683215130024,2.2575342465753425,0.4728132387706856,0.0045662100456621,single,fig6b,nm_microwave,frequency_GHz,1,digitized_paper_measurement,p4_0.jpeg
1464,520.0,72.81323877068557,2.25662100456621,0.4728132387706856,0.0036529680365296802,single,fig6b,nm_microwave,frequency_GHz,1,digitized_paper_measurement,p4_0.jpeg
1465,523.5,73.04964539007092,2.2502283105022833,0.4728132387706856,0.0045662100456621,occluded,fig6b,nm_microwave,frequency_GHz,1,digitized_paper_measurement,p4_0.jpeg
1466,523.0,73.28605200945627,2.2511415525114153,0.4728132387706856,0.005479452054794521,occluded,fig6b,nm_microwave,frequency_GHz,1,digitized_paper_measurement,p4_0.jpeg
1467,523.0,73.5224586288416,2.2511415525114153,0.4728132387706856,0.005479452054794521,occluded,fig6b,nm_microwave,frequency_GHz,1,digitized_paper_measurement,p4_0.jpeg
1468,523.0,73.75886524822695,2.2511415525114153,0.4728132387706856,0.005479452054794521,occluded,fig6b,nm_microwave,frequency_GHz,1,digitized_paper_measurement,p4_0.jpeg
1469,523.5,73.99527186761229,2.2502283105022833,0.4728132387706856,0.0045662100456621,occluded,fig6b,nm_microwave,frequency_GHz,1,digitized_paper_measurement,p4_0.jpeg
1470,523.5,74.23167848699764,2.2502283105022833,0.4728132387706856,0.0045662100456621,occluded,fig6b,nm_microwave,frequency_GHz,1,digitized_paper_measurement,p4_0.jpeg
1471,528.0,74.46808510638297,2.2420091324200913,0.4728132387706856,0.005479452054794521,single,fig6b,nm_microwave,frequency_GHz,1,digitized_paper_measurement,p4_0.jpeg
1472,529.0,74.70449172576832,2.2401826484018263,0.4728132387706856,0.0091324200913242,single,fig6b,nm_microwave,frequency_GHz,1,digitized_paper_measurement,p4_0.jpeg
1473,529.5,74.94089834515367,2.239269406392694,0.4728132387706856,0.00821917808219178,single,fig6b,nm_microwave,frequency_GHz,1,digitized_paper_measurement,p4_0.jpeg
1474,529.5,75.177304964539,2.239269406392694,0.4728132387706856,0.00821917808219178,single,fig6b,nm_microwave,frequency_GHz,1,digitized_paper_measurement,p4_0.jpeg
1475,530.5,75.41371158392435,2.237442922374429,0.4728132387706856,0.00639269406392694,single,fig6b,nm_microwave,frequency_GHz,1,digitized_paper_measurement,p4_0.jpeg
1476,530.5,75.65011820330969,2.237442922374429,0.4728132387706856,0.00639269406392694,single,fig6b,nm_microwave,frequency_GHz,1,digitized_paper_measurement,p4_0.jpeg
1477,530.5,75.88652482269504,2.237442922374429,0.4728132387706856,0.00639269406392694,single,fig6b,nm_microwave,frequency_GHz,1,digitized_paper_measurement,p4_0.jpeg
1478,530.5,76.12293144208037,2.237442922374429,0.4728132387706856,0.00639269406392694,single,fig6b,nm_microwave,frequency_GHz,1,digitized_paper_measurement,p4_0.jpeg
1479,530.0,76.35933806146572,2.2383561643835614,0.4728132387706856,0.005479452054794521,single,fig6b,nm_microwave,frequency_GHz,1,digitized_paper_measurement,p4_0.jpeg
1480,529.5,76.59574468085107,2.239269406392694,0.4728132387706856,0.00639269406392694,single,fig6b,nm_microwave,frequency_GHz,1,digitized_paper_measurement,p4_0.jpeg
1481,529.5,76.8321513002364,2.239269406392694,0.4728132387706856,0.00639269406392694,single,fig6b,nm_microwave,frequency_GHz,1,digitized_paper_measurement,p4_0.jpeg
1482,529.0,77.06855791962175,2.2401826484018263,0.4728132387706856,0.005479452054794521,single,fig6b,nm_microwave,frequency_GHz,1,digitized_paper_measurement,p4_0.jpeg
1483,529.0,77.30496453900709,2.2401826484018263,0.4728132387706856,0.005479452054794521,single,fig6b,nm_microwave,frequency_GHz,1,digitized_paper_measurement,p4_0.jpeg
1484,528.5,77.54137115839244,2.241095890410959,0.4728132387706856,0.00639269406392694,single,fig6b,nm_microwave,frequency_GHz,1,digitized_paper_measurement,p4_0.jpeg
1485,528.5,77.77777777777777,2.241095890410959,0.4728132387706856,0.00639269406392694,single,fig6b,nm_microwave,frequency_GHz,1,digitized_paper_measurement,p4_0.jpeg
1486,528.5,78.01418439716312,2.241095890410959,0.4728132387706856,0.00639269406392694,single,fig6b,nm_microwave,frequency_GHz,1,digitized_paper_measurement,p4_0.jpeg
1487,528.5,78.25059101654847,2.241095890410959,0.4728132387706856,0.00639269406392694,single,fig6b,nm_microwave,frequency_GHz,1,digitized_paper_measurement,p4_0.jpeg
1488,528.5,78.4869976359338,2.241095890410959,0.4728132387706856,0.00639269406392694,single,fig6b,nm_microwave,frequency_GHz,1,digitized_paper_measurement,p4_0.jpeg
1489,528.5,78.72340425531915,2.241095890410959,0.4728132387706856,0.00639269406392694,single,fig6b,nm_microwave,frequency_GHz,1,digitized_paper_measurement,p4_0.jpeg
1490,528.5,78.95981087470449,2.241095890410959,0.4728132387706856,0.00639269406392694,single,fig6b,nm_microwave,frequency_GHz,1,digitized_paper_measurement,p4_0.jpeg
1491,528.5,79.19621749408984,2.241095890410959,0.4728132387706856,0.00639269406392694,single,fig6b,nm_microwave,frequency_GHz,1,digitized_paper_measurement,p4_0.jpeg
1492,528.5,79.43262411347517,2.241095890410959,0.4728132387706856,0.00639269406392694,single,fig6b,nm_microwave,frequency_GHz,1,digitized_paper_measurement,p4_0.jpeg
1493,528.5,79.66903073286052,2.241095890410959,0.4728132387706856,0.00639269406392694,single,fig6b,nm_microwave,frequency_GHz,1,digitized_paper_measurement,p4_0.jpeg
1494,528.5,79.90543735224587,2.241095890410959,0.4728132387706856,0.00639269406392694,single,fig6b,nm_microwave,frequency_GHz,1,digitized_paper_measurement,p4_0.jpeg
1495,528.5,80.1418439716312,2.241095890410959,0.4728132387706856,0.00639269406392694,single,fig6b,nm_microwave,frequency_GHz,1,digitized_paper_measurement,p4_0.jpeg
1496,528.5,80.37825059101655,2.241095890410959,0.4728132387706856,0.00639269406392694,single,fig6b,nm_microwave,frequency_GHz,1,digitized_paper_measurement,p4_0.jpeg
1497,528.5,80.61465721040189,2.241095890410959,0.4728132387706856,0.00639269406392694,single,fig6b,nm_microwave,frequency_GHz,1,digitized_paper_measurement,p4_0.jpeg
1498,528.5,80.85106382978724,2.241095890410959,0.4728132387706856,0.00639269406392694,single,fig6b,nm_microwave,frequency_GHz,1,digitized_paper_measurement,p4_0.jpeg
1499,528.5,81.08747044917257,2.241095890410959,0.4728132387706856,0.00639269406392694,single,fig6b,nm_microwave,frequency_GHz,1,digitized_paper_measurement,p4_0.jpeg
1500,528.5,81.32387706855792,2.241095890410959,0.4728132387706856,0.00639269406392694,single,fig6b,nm_microwave,frequency_GHz,1,digitized_paper_measurement,p4_0.jpeg
1501,528.5,81.56028368794327,2.241095890410959,0.4728132387706856,0.00639269406392694,single,fig6b,nm_microwave,frequency_GHz,1,digitized_paper_measurement,p4_0.jpeg
1502,529.0,81.7966903073286,2.2401826484018263,0.4728132387706856,0.005479452054794521,single,fig6b,nm_microwave,frequency_GHz,1,digitized_paper_measurement,p4_0.jpeg
1503,529.5,82.03309692671395,2.239269406392694,0.4728132387706856,0.00639269406392694,single,fig6b,nm_microwave,frequency_GHz,1,digitized_paper_measurement,p4_0.jpeg
1504,530.0,82.26950354609929,2.2383561643835614,0.4728132387706856,0.005479452054794521,single,fig6b,nm_microwave,frequency_GHz,1,digitized_paper_measurement,p4_0.jpeg
1505,530.0,82.50591016548464,2.2383561643835614,0.4728132387706856,0.005479452054794521,single,fig6b,nm_microwave,frequency_GHz,1,digitized_paper_measurement,p4_0.jpeg
1506,530.0,82.74231678486997,2.2383561643835614,0.4728132387706856,0.005479452054794521,single,fig6b,nm_microwave,frequency_GHz,1,digitized_paper_measurement,p4_0.jpeg
1507,530.0,82.97872340425532,2.2383561643835614,0.4728132387706856,0.005479452054794521,single,fig6b,nm_microwave,frequency_GHz,1,digitized_paper_measurement,p4_0.jpeg
1508,529.5,83.21513002364067,2.239269406392694,0.4728132387706856,0.00639269406392694,single,fig6b,nm_microwave,frequency_GHz,1,digitized_paper_measurement,p4_0.jpeg
1509,529.5,83.451536643026,2.239269406392694,0.4728132387706856,0.00639269406392694,single,fig6b,nm_microwave,frequency_GHz,1,digitized_paper_measurement,p4_0.jpeg
1510,529.5,83.68794326241135,2.239269406392694,0.4728132387706856,0.00639269406392694,single,fig6b,nm_microwave,frequency_GHz,1,digitized_paper_measurement,p4_0.jpeg
1511,529.5,83.92434988179669,2.239269406392694,0.4728132387706856,0.00639269406392694,single,fig6b,nm_microwave,frequency_GHz,1,digitized_paper_measurement,p4_0.jpeg
1512,529.5,84.16075650118204,2.239269406392694,0.4728132387706856,0.00639269406392694,single,fig6b,nm_microwave,frequency_GHz,1,digitized_paper_measurement,p4_0.jpeg
1513,529.5,84.39716312056737,2.239269406392694,0.4728132387706856,0.00639269406392694,single,fig6b,nm_microwave,frequency_GHz,1,digitized_paper_measurement,p4_0.jpeg
1514,529.5,84.63356973995272,2.239269406392694,0.4728132387706856,0.00639269406392694,single,fig6b,nm_microwave,frequency_GHz,1,digitized_paper_measurement,p4_0.jpeg
1515,529.5,84.86997635933807,2.239269406392694,0.4728132387706856,0.00639269406392694,single,fig6b,nm_microwave,frequency_GHz,1,digitized_paper_measurement,p4_0.jpeg
1516,529.5,85.1063829787234,2.239269406392694,0.4728132387706856,0.00639269406392694,single,fig6b,nm_microwave,frequency_GHz,1,digitized_paper_measurement,p4_0.jpeg
1517,529.5,85.34278959810875,2.239269406392694,0.4728132387706856,0.00639269406392694,single,fig6b,nm_microwave,frequency_GHz,1,digitized_paper_measurement,p4_0.jpeg
1518,529.5,85.57919621749409,2.239269406392694,0.4728132387706856,0.00639269406392694,single,fig6b,nm_microwave,frequency_GHz,1,digitized_paper_measurement,p4_0.jpeg
1519,529.5,85.81560283687944,2.239269406392694,0.4728132387706856,0.00639269406392694,single,fig6b,nm_microwave,frequency_GHz,1,digitized_paper_measurement,p4_0.jpeg
1520,529.0,86.05200945626477,2.2401826484018263,0.4728132387706856,0.005479452054794521,single,fig6b,nm_microwave,frequency_GHz,1,digitized_paper_measurement,p4_0.jpeg
1521,529.0,86.28841607565012,2.2401826484018263,0.4728132387706856,0.005479452054794521,single,fig6b,nm_microwave,frequency_GHz,1,digitized_paper_measurement,p4_0.jpeg
1522,529.0,86.52482269503547,2.2401826484018263,0.4728132387706856,0.005479452054794521,single,fig6b,nm_microwave,frequency_GHz,1,digitized_paper_measurement,p4_0.jpeg
1523,528.5,86.7612293144208,2.241095890410959,0.4728132387706856,0.00639269406392694,single,fig6b,nm_microwave,frequency_GHz,1,digitized_paper_measurement,p4_0.jpeg
1524,528.5,86.99763593380615,2.241095890410959,0.4728132387706856,0.00639269406392694,single,fig6b,nm_microwave,frequency_GHz,1,digitized_paper_measurement,p4_0.jpeg
1525,528.5,87.23404255319149,2.241095890410959,0.4728132387706856,0.00639269406392694,single,fig6b,nm_microwave,frequency_GHz,1,digitized_paper_measurement,p4_0.jpeg
1526,528.5,87.47044917257683,2.241095890410959,0.4728132387706856,0.00639269406392694,single,fig6b,nm_microwave,frequency_GHz,1,digitized_paper_measurement,p4_0.jpeg
1527,528.5,87.70685579196217,2.241095890410959,0.4728132387706856,0.00639269406392694,single,fig6b,nm_microwave,frequency_GHz,1,digitized_paper_measurement,p4_0.jpeg
1528,528.5,87.94326241134752,2.241095890410959,0.4728132387706856,0.00639269406392694,single,fig6b,nm_microwave,frequency_GHz,1,digitized_paper_measurement,p4_0.jpeg
1529,528.5,88.17966903073287,2.241095890410959,0.4728132387706856,0.00639269406392694,single,fig6b,nm_microwave,frequency_GHz,1,digitized_paper_measurement,p4_0.jpeg
1530,528.5,88.4160756501182,2.241095890410959,0.4728132387706856,0.00639269406392694,single,fig6b,nm_microwave,frequency_GHz,1,digitized_paper_measurement,p4_0.jpeg
1531,528.5,88.65248226950355,2.241095890410959,0.4728132387706856,0.00639269406392694,single,fig6b,nm_microwave,frequency_GHz,1,digitized_paper_measurement,p4_0.jpeg
1532,528.5,88.88888888888889,2.241095890410959,0.4728132387706856,0.00639269406392694,single,fig6b,nm_microwave,frequency_GHz,1,digitized_paper_measurement,p4_0.jpeg
1533,528.5,89.12529550827423,2.241095890410959,0.4728132387706856,0.00639269406392694,single,fig6b,nm_microwave,frequency_GHz,1,digitized_paper_measurement,p4_0.jpeg
1534,528.5,89.36170212765957,2.241095890410959,0.4728132387706856,0.00639269406392694,single,fig6b,nm_microwave,frequency_GHz,1,digitized_paper_measurement,p4_0.jpeg
1535,528.5,89.59810874704492,2.241095890410959,0.4728132387706856,0.00639269406392694,single,fig6b,nm_microwave,frequency_GHz,1,digitized_paper_measurement,p4_0.jpeg
1536,528.0,89.83451536643027,2.2420091324200913,0.4728132387706856,0.0073059360730593605,single,fig6b,nm_microwave,frequency_GHz,1,digitized_paper_measurement,p4_0.jpeg
1537,528.0,90.0709219858156,2.2420091324200913,0.4728132387706856,0.0073059360730593605,single,fig6b,nm_microwave,frequency_GHz,1,digitized_paper_measurement,p4_0.jpeg
1538,528.0,90.30732860520095,2.2420091324200913,0.4728132387706856,0.005479452054794521,single,fig6b,nm_microwave,frequency_GHz,1,digitized_paper_measurement,p4_0.jpeg
1539,528.5,90.54373522458629,2.241095890410959,0.4728132387706856,0.00639269406392694,single,fig6b,nm_microwave,frequency_GHz,1,digitized_paper_measurement,p4_0.jpeg
1540,528.5,90.78014184397163,2.241095890410959,0.4728132387706856,0.00639269406392694,single,fig6b,nm_microwave,frequency_GHz,1,digitized_paper_measurement,p4_0.jpeg
1541,528.5,91.01654846335697,2.241095890410959,0.4728132387706856,0.00639269406392694,single,fig6b,nm_microwave,frequency_GHz,1,digitized_paper_measurement,p4_0.jpeg
1542,528.5,91.25295508274232,2.241095890410959,0.4728132387706856,0.00639269406392694,single,fig6b,nm_microwave,frequency_GHz,1,digitized_paper_measurement,p4_0.jpeg
1543,528.5,91.48936170212765,2.241095890410959,0.4728132387706856,0.00639269406392694,single,fig6b,nm_microwave,frequency_GHz,1,digitized_paper_measurement,p4_0.jpeg
1544,528.5,91.725768321513,2.241095890410959,0.4728132387706856,0.00639269406392694,single,fig6b,nm_microwave,frequency_GHz,1,digitized_paper_measurement,p4_0.jpeg
1545,528.5,91.96217494089835,2.241095890410959,0.4728132387706856,0.00639269406392694,single,fig6b,nm_microwave,frequency_GHz,1,digitized_paper_measurement,p4_0.jpeg
1546,528.5,92.19858156028369,2.241095890410959,0.4728132387706856,0.00639269406392694,single,fig6b,nm_microwave,frequency_GHz,1,digitized_paper_measurement,p4_0.jpeg
1547,528.5,92.43498817966903,2.241095890410959,0.4728132387706856,0.00639269406392694,single,fig6b,nm_microwave,frequency_GHz,1,digitized_paper_measurement,p4_0.jpeg
1548,529.0,92.67139479905437,2.2401826484018263,0.4728132387706856,0.005479452054794521,single,fig6b,nm_microwave,frequency_GHz,1,digitized_paper_measurement,p4_0.jpeg
1549,529.0,92.90780141843972,2.2401826484018263,0.4728132387706856,0.005479452054794521,single,fig6b,nm_microwave,frequency_GHz,1,digitized_paper_measurement,p4_0.jpeg
1550,528.5,93.14420803782505,2.241095890410959,0.4728132387706856,0.00639269406392694,single,fig6b,nm_microwave,frequency_GHz,1,digitized_paper_measurement,p4_0.jpeg
1551,528.5,93.3806146572104,2.241095890410959,0.4728132387706856,0.00639269406392694,single,fig6b,nm_microwave,frequency_GHz,1,digitized_paper_measurement,p4_0.jpeg
1552,528.5,93.61702127659575,2.241095890410959,0.4728132387706856,0.00639269406392694,single,fig6b,nm_microwave,frequency_GHz,1,digitized_paper_measurement,p4_0.jpeg
1553,528.5,93.85342789598108,2.241095890410959,0.4728132387706856,0.00639269406392694,single,fig6b,nm_microwave,frequency_GHz,1,digitized_paper_measurement,p4_0.jpeg
1554,528.5,94.08983451536643,2.241095890410959,0.4728132387706856,0.00639269406392694,single,fig6b,nm_microwave,frequency_GHz,1,digitized_paper_measurement,p4_0.jpeg
1555,528.5,94.32624113475177,2.241095890410959,0.4728132387706856,0.00639269406392694,single,fig6b,nm_microwave,frequency_GHz,1,digitized_paper_measurement,p4_0.jpeg
1556,528.5,94.56264775413712,2.241095890410959,0.4728132387706856,0.00639269406392694,single,fig6b,nm_microwave,frequency_GHz,1,digitized_paper_measurement,p4_0.jpeg
1557,528.5,94.79905437352245,2.241095890410959,0.4728132387706856,0.00639269406392694,single,fig6b,nm_microwave,frequency_GHz,1,digitized_paper_measurement,p4_0.jpeg
1558,528.0,95.0354609929078,2.2420091324200913,0.4728132387706856,0.005479452054794521,single,fig6b,nm_microwave,frequency_GHz,1,digitized_paper_measurement,p4_0.jpeg
1559,527.5,95.27186761229315,2.2429223744292237,0.4728132387706856,0.00639269406392694,single,fig6b,nm_microwave,frequency_GHz,1,digitized_paper_measurement,p4_0.jpeg
1560,527.0,95.50827423167848,2.243835616438356,0.4728132387706856,0.005479452054794521,single,fig6b,nm_microwave,frequency_GHz,1,digitized_paper_measurement,p4_0.jpeg
1561,527.0,95.74468085106383,2.243835616438356,0.4728132387706856,0.005479452054794521,single,fig6b,nm_microwave,frequency_GHz,1,digitized_paper_measurement,p4_0.jpeg
1562,527.0,95.98108747044917,2.243835616438356,0.4728132387706856,0.005479452054794521,single,fig6b,nm_microwave,frequency_GHz,1,digitized_paper_measurement,p4_0.jpeg
1563,527.0,96.21749408983452,2.243835616438356,0.4728132387706856,0.005479452054794521,single,fig6b,nm_microwave,frequency_GHz,1,digitized_paper_measurement,p4_0.jpeg
1564,527.0,96.45390070921985,2.243835616438356,0.4728132387706856,0.005479452054794521,single,fig6b,nm_microwave,frequency_GHz,1,digitized_paper_measurement,p4_0.jpeg
1565,527.0,96.6903073286052,2.243835616438356,0.4728132387706856,0.005479452054794521,single,fig6b,nm_microwave,frequency_GHz,1,digitized_paper_measurement,p4_0.jpeg
1566,527.0,96.92671394799055,2.243835616438356,0.4728132387706856,0.005479452054794521,single,fig6b,nm_microwave,frequency_GHz,1,digitized_paper_measurement,p4_0.jpeg
1567,527.0,97.16312056737588,2.243835616438356,0.4728132387706856,0.005479452054794521,single,fig6b,nm_microwave,frequency_GHz,1,digitized_paper_measurement,p4_0.jpeg
1568,526.5,97.39952718676123,2.2447488584474886,0.4728132387706856,0.0045662100456621,single,fig6b,nm_microwave,frequency_GHz,1,digitized_paper_measurement,p4_0.jpeg
1569,526.5,97.63593380614657,2.2447488584474886,0.4728132387706856,0.0045662100456621,single,fig6b,nm_microwave,frequency_GHz,1,digitized_paper_measurement,p4_0.jpeg
1570,526.5,97.87234042553192,2.2447488584474886,0.4728132387706856,0.0045662100456621,single,fig6b,nm_microwave,frequency_GHz,1,digitized_paper_measurement,p4_0.jpeg
1571,526.5,98.10874704491725,2.2447488584474886,0.4728132387706856,0.0045662100456621,single,fig6b,nm_microwave,frequency_GHz,1,digitized_paper_measurement,p4_0.jpeg
1572,526.0,98.3451536643026,2.245662100456621,0.4728132387706856,0.0036529680365296802,single,fig6b,nm_microwave,frequency_GHz,1,digitized_paper_measurement,p4_0.jpeg
1573,526.0,98.58156028368795,2.245662100456621,0.4728132387706856,0.0036529680365296802,single,fig6b,nm_microwave,frequency_GHz,1,digitized_paper_measurement,p4_0.jpeg
1574,523.5,98.81796690307328,2.2502283105022833,0.4728132387706856,0.0045662100456621,occluded,fig6b,nm_microwave,frequency_GHz,1,digitized_paper_measurement,p4_0.jpeg
1575,523.5,99.05437352245863,2.2502283105022833,0.4728132387706856,0.0045662100456621,occluded,fig6b,nm_microwave,frequency_GHz,1,digitized_paper_measurement,p4_0.jpeg
1576,523.5,99.29078014184397,2.2502283105022833,0.4728132387706856,0.0045662100456621,occluded,fig6b,nm_microwave,frequency_GHz,1,digitized_paper_measurement,p4_0.jpeg
1577,523.5,99.52718676122932,2.2502283105022833,0.4728132387706856,0.0045662100456621,occluded,fig6b,nm_microwave,frequency_GHz,1,digitized_paper_measurement,p4_0.jpeg
1578,523.5,99.76359338061465,2.2502283105022833,0.4728132387706856,0.0045662100456621,occluded,fig6b,nm_microwave,frequency_GHz,1,digitized_paper_measurement,p4_0.jpeg
1579,523.5,100.0,2.2502283105022833,0.4728132387706856,0.0045662100456621,occluded,fig6b,nm_microwave,frequency_GHz,1,digitized_paper_measurement,p4_0.jpeg
1580,523.5,100.23640661938535,2.2502283105022833,0.4728132387706856,0.0045662100456621,occluded,fig6b,nm_microwave,frequency_GHz,1,digitized_paper_measurement,p4_0.jpeg
1581,523.5,100.47281323877068,2.2502283105022833,0.4728132387706856,0.0045662100456621,occluded,fig6b,nm_microwave,frequency_GHz,1,digitized_paper_measurement,p4_0.jpeg
1582,523.5,100.70921985815603,2.2502283105022833,0.4728132387706856,0.0045662100456621,occluded,fig6b,nm_microwave,frequency_GHz,1,digitized_paper_measurement,p4_0.jpeg
1583,523.5,100.94562647754137,2.2502283105022833,0.4728132387706856,0.0045662100456621,occluded,fig6b,nm_microwave,frequency_GHz,1,digitized_paper_measurement,p4_0.jpeg
1584,523.5,101.18203309692672,2.2502283105022833,0.4728132387706856,0.0045662100456621,occluded,fig6b,nm_microwave,frequency_GHz,1,digitized_paper_measurement,p4_0.jpeg
1585,523.5,101.41843971631205,2.2502283105022833,0.4728132387706856,0.0045662100456621,occluded,fig6b,nm_microwave,frequency_GHz,1,digitized_paper_measurement,p4_0.jpeg
1586,523.5,101.6548463356974,2.2502283105022833,0.4728132387706856,0.0045662100456621,occluded,fig6b,nm_microwave,frequency_GHz,1,digitized_paper_measurement,p4_0.jpeg
1587,523.5,101.89125295508275,2.2502283105022833,0.4728132387706856,0.0045662100456621,occluded,fig6b,nm_microwave,frequency_GHz,1,digitized_paper_measurement,p4_0.jpeg
1588,523.5,102.12765957446808,2.2502283105022833,0.4728132387706856,0.0045662100456621,occluded,fig6b,nm_microwave,frequency_GHz,1,digitized_paper_measurement,p4_0.jpeg
1589,523.5,102.36406619385343,2.2502283105022833,0.4728132387706856,0.0045662100456621,occluded,fig6b,nm_microwave,frequency_GHz,1,digitized_paper_measurement,p4_0.jpeg
1590,523.0,102.60047281323877,2.2511415525114153,0.4728132387706856,0.0036529680365296802,occluded,fig6b,nm_microwave,frequency_GHz,1,digitized_paper_measurement,p4_0.jpeg
1591,523.0,102.83687943262412,2.2511415525114153,0.4728132387706856,0.0036529680365296802,occluded,fig6b,nm_microwave,frequency_GHz,1,digitized_paper_measurement,p4_0.jpeg
1592,523.0,103.07328605200945,2.2511415525114153,0.4728132387706856,0.0036529680365296802,occluded,fig6b,nm_microwave,frequency_GHz,1,digitized_paper_measurement,p4_0.jpeg
1593,523.5,103.3096926713948,2.2502283105022833,0.4728132387706856,0.0045662100456621,occluded,fig6b,nm_microwave,frequency_GHz,1,digitized_paper_measurement,p4_0.jpeg
1594,523.5,103.54609929078015,2.2502283105022833,0.4728132387706856,0.0045662100456621,occluded,fig6b,nm_microwave,frequency_GHz,1,digitized_paper_measurement,p4_0.jpeg
1595,523.5,103.78250591016548,2.2502283105022833,0.4728132387706856,0.0045662100456621,occluded,fig6b,nm_microwave,frequency_GHz,1,digitized_paper_measurement,p4_0.jpeg
1596,523.5,104.01891252955083,2.2502283105022833,0.4728132387706856,0.0045662100456621,occluded,fig6b,nm_microwave,frequency_GHz,1,digitized_paper_measurement,p4_0.jpeg
1597,523.5,104.25531914893617,2.2502283105022833,0.4728132387706856,0.0045662100456621,occluded,fig6b,nm_microwave,frequency_GHz,1,digitized_paper_measurement,p4_0.jpeg
1598,523.5,104.49172576832152,2.2502283105022833,0.4728132387706856,0.0045662100456621,occluded,fig6b,nm_microwave,frequency_GHz,1,digitized_paper_measurement,p4_0.jpeg
1599,523.5,104.72813238770685,2.2502283105022833,0.4728132387706856,0.0045662100456621,occluded,fig6b,nm_microwave,frequency_GHz,1,digitized_paper_measurement,p4_0.jpeg
1600,523.0,104.9645390070922,2.2511415525114153,0.4728132387706856,0.005479452054794521,occluded,fig6b,nm_microwave,frequency_GHz,1,digitized_paper_measurement,p4_0.jpeg
1601,523.0,105.20094562647755,2.2511415525114153,0.4728132387706856,0.005479452054794521,occluded,fig6b,nm_microwave,frequency_GHz,1,digitized_paper_measurement,p4_0.jpeg
1602,523.0,105.43735224586288,2.2511415525114153,0.4728132387706856,0.005479452054794521,occluded,fig6b,nm_microwave,frequency_GHz,1,digitized_paper_measurement,p4_0.jpeg
1603,523.5,105.67375886524823,2.2502283105022833,0.4728132387706856,0.0045662100456621,occluded,fig6b,nm_microwave,frequency_GHz,1,digitized_paper_measurement,p4_0.jpeg
1604,523.5,105.91016548463357,2.2502283105022833,0.4728132387706856,0.0045662100456621,occluded,fig6b,nm_microwave,frequency_GHz,1,digitized_paper_measurement,p4_0.jpeg
1605,520.0,106.14657210401892,2.25662100456621,0.4728132387706856,0.0036529680365296802,single,fig6b,nm_microwave,frequency_GHz,1,digitized_paper_measurement,p4_0.jpeg
1606,520.0,106.38297872340425,2.25662100456621,0.4728132387706856,0.005479452054794521,single,fig6b,nm_microwave,frequency_GHz,1,digitized_paper_measurement,p4_0.jpeg
1607,520.0,106.6193853427896,2.25662100456621,0.4728132387706856,0.005479452054794521,single,fig6b,nm_microwave,frequency_GHz,1,digitized_paper_measurement,p4_0.jpeg
1608,520.0,106.85579196217495,2.25662100456621,0.4728132387706856,0.005479452054794521,single,fig6b,nm_microwave,frequency_GHz,1,digitized_paper_measurement,p4_0.jpeg
1609,520.0,107.09219858156028,2.25662100456621,0.4728132387706856,0.005479452054794521,single,fig6b,nm_microwave,frequency_GHz,1,digitized_paper_measurement,p4_0.jpeg
1610,519.0,107.32860520094563,2.258447488584475,0.4728132387706856,0.005479452054794521,single,fig6b,nm_microwave,frequency_GHz,1,digitized_paper_measurement,p4_0.jpeg
1611,518.5,107.56501182033097,2.2593607305936074,0.4728132387706856,0.00639269406392694,single,fig6b,nm_microwave,frequency_GHz,1,digitized_paper_measurement,p4_0.jpeg
1612,518.5,107.80141843971631,2.2593607305936074,0.4728132387706856,0.00639269406392694,single,fig6b,nm_microwave,frequency_GHz,1,digitized_paper_measurement,p4_0.jpeg
1613,518.5,108.03782505910165,2.2593607305936074,0.4728132387706856,0.00639269406392694,single,fig6b,nm_microwave,frequency_GHz,1,digitized_paper_measurement,p4_0.jpeg
1614,518.5,108.274231678487,2.2593607305936074,0.4728132387706856,0.00639269406392694,single,fig6b,nm_microwave,frequency_GHz,1,digitized_paper_measurement,p4_0.jpeg
1615,518.0,108.51063829787235,2.26027397260274,0.4728132387706856,0.005479452054794521,single,fig6b,nm_microwave,frequency_GHz,1,digitized_paper_measurement,p4_0.jpeg
1616,518.0,108.74704491725768,2.26027397260274,0.4728132387706856,0.005479452054794521,single,fig6b,nm_microwave,frequency_GHz,1,digitized_paper_measurement,p4_0.jpeg
1617,517.5,108.98345153664303,2.2611872146118723,0.4728132387706856,0.00639269406392694,single,fig6b,nm_microwave,frequency_GHz,1,digitized_paper_measurement,p4_0.jpeg
1618,517.5,109.21985815602837,2.2611872146118723,0.4728132387706856,0.00639269406392694,single,fig6b,nm_microwave,frequency_GHz,1,digitized_paper_measurement,p4_0.jpeg
1619,517.5,109.45626477541371,2.2611872146118723,0.4728132387706856,0.00639269406392694,single,fig6b,nm_microwave,frequency_GHz,1,digitized_paper_measurement,p4_0.jpeg
1620,518.0,109.69267139479905,2.26027397260274,0.4728132387706856,0.0073059360730593605,single,fig6b,nm_microwave,frequency_GHz,1,digitized_paper_measurement,p4_0.jpeg
1621,518.0,109.9290780141844,2.26027397260274,0.4728132387706856,0.0073059360730593605,single,fig6b,nm_microwave,frequency_GHz,1,digitized_paper_measurement,p4_0.jpeg
1622,518.5,110.16548463356973,2.2593607305936074,0.4728132387706856,0.00639269406392694,single,fig6b,nm_microwave,frequency_GHz,1,digitized_paper_measurement,p4_0.jpeg
1623,518.5,110.40189125295508,2.2593607305936074,0.4728132387706856,0.00639269406392694,single,fig6b,nm_microwave,frequency_GHz,1,digitized_paper_measurement,p4_0.jpeg
1624,519.0,110.63829787234043,2.258447488584475,0.4728132387706856,0.005479452054794521,single,fig6b,nm_microwave,frequency_GHz,1,digitized_paper_measurement,p4_0.jpeg
1625,519.5,110.87470449172577,2.2575342465753425,0.4728132387706856,0.0045662100456621,single,fig6b,nm_microwave,frequency_GHz,1,digitized_paper_measurement,p4_0.jpeg
1626,520.0,111.11111111111111,2.25662100456621,0.4728132387706856,0.0036529680365296802,single,fig6b,nm_microwave,frequency_GHz,1,digitized_paper_measurement,p4_0.jpeg
1627,523.5,111.34751773049645,2.2502283105022833,0.4728132387706856,0.0045662100456621,occluded,fig6b,nm_microwave,frequency_GHz,1,digitized_paper_measurement,p4_0.jpeg
1628,523.0,111.5839243498818,2.2511415525114153,0.4728132387706856,0.005479452054794521,occluded,fig6b,nm_microwave,frequency_GHz,1,digitized_paper_measurement,p4_0.jpeg
1629,523.5,111.82033096926713,2.2502283105022833,0.4728132387706856,0.0045662100456621,occluded,fig6b,nm_microwave,frequency_GHz,1,digitized_paper_measurement,p4_0.jpeg
1630,523.5,112.05673758865248,2.2502283105022833,0.4728132387706856,0.0045662100456621,occluded,fig6b,nm_microwave,frequency_GHz,1,digitized_paper_measurement,p4_0.jpeg
1631,523.5,112.29314420803783,2.2502283105022833,0.4728132387706856,0.0045662100456621,occluded,fig6b,nm_microwave,frequency_GHz,1,digitized_paper_measurement,p4_0.jpeg
1632,523.5,112.52955082742317,2.2502283105022833,0.4728132387706856,0.0045662100456621,occluded,fig6b,nm_microwave,frequency_GHz,1,digitized_paper_measurement,p4_0.jpeg
1633,523.5,112.76595744680851,2.2502283105022833,0.4728132387706856,0.0045662100456621,occluded,fig6b,nm_microwave,frequency_GHz,1,digitized_paper_measurement,p4_0.jpeg
1634,523.5,113.00236406619385,2.2502283105022833,0.4728132387706856,0.0045662100456621,occluded,fig6b,nm_microwave,frequency_GHz,1,digitized_paper_measurement,p4_0.jpeg
1635,523.5,113.2387706855792,2.2502283105022833,0.4728132387706856,0.0045662100456621,occluded,fig6b,nm_microwave,frequency_GHz,1,digitized_paper_measurement,p4_0.jpeg
1636,523.5,113.47517730496453,2.2502283105022833,0.4728132387706856,0.0045662100456621,occluded,fig6b,nm_microwave,frequency_GHz,1,digitized_paper_measurement,p4_0.jpeg
1637,523.5,113.71158392434988,2.2502283105022833,0.4728132387706856,0.0045662100456621,occluded,fig6b,nm_microwave,frequency_GHz,1,digitized_paper_measurement,p4_0.jpeg
1638,523.5,113.94799054373523,2.2502283105022833,0.4728132387706856,0.0045662100456621,occluded,fig6b,nm_microwave,frequency_GHz,1,digitized_paper_measurement,p4_0.jpeg
1639,523.5,114.18439716312056,2.2502283105022833,0.4728132387706856,0.0045662100456621,occluded,fig6b,nm_microwave,frequency_GHz,1,digitized_paper_measurement,p4_0.jpeg
1640,523.5,114.42080378250591,2.2502283105022833,0.4728132387706856,0.0045662100456621,occluded,fig6b,nm_microwave,frequency_GHz,1,digitized_paper_measurement,p4_0.jpeg
1641,523.5,114.65721040189125,2.2502283105022833,0.4728132387706856,0.0045662100456621,occluded,fig6b,nm_microwave,frequency_GHz,1,digitized_paper_measurement,p4_0.jpeg
1642,523.5,114.8936170212766,2.2502283105022833,0.4728132387706856,0.0045662100456621,occluded,fig6b,nm_microwave,frequency_GHz,1,digitized_paper_measurement,p4_0.jpeg
1643,523.5,115.13002364066193,2.2502283105022833,0.4728132387706856,0.0045662100456621,occluded,fig6b,nm_microwave,frequency_GHz,1,digitized_paper_measurement,p4_0.jpeg
1644,523.5,115.36643026004728,2.2502283105022833,0.4728132387706856,0.0045662100456621,occluded,fig6b,nm_microwave,frequency_GHz,1,digitized_paper_measurement,p4_0.jpeg
1645,523.5,115.60283687943263,2.2502283105022833,0.4728132387706856,0.0045662100456621,occluded,fig6b,nm_microwave,frequency_GHz,1,digitized_paper_measurement,p4_0.jpeg
1646,523.0,115.83924349881796,2.2511415525114153,0.4728132387706856,0.005479452054794521,occluded,fig6b,nm_microwave,frequency_GHz,1,digitized_paper_measurement,p4_0.jpeg
1647,523.0,116.07565011820331,2.2511415525114153,0.4728132387706856,0.005479452054794521,occluded,fig6b,nm_microwave,frequency_GHz,1,digitized_paper_measurement,p4_0.jpeg
1648,523.0,116.31205673758865,2.2511415525114153,0.4728132387706856,0.005479452054794521,occluded,fig6b,nm_microwave,frequency_GHz,1,digitized_paper_measurement,p4_0.jpeg
1649,523.0,116.548463356974,2.2511415525114153,0.4728132387706856,0.005479452054794521,occluded,fig6b,nm_microwave,frequency_GHz,1,digitized_paper_measurement,p4_0.jpeg
1650,523.0,116.78486997635933,2.2511415525114153,0.4728132387706856,0.005479452054794521,occluded,fig6b,nm_microwave,frequency_GHz,1,digitized_paper_measurement,p4_0.jpeg
1651,523.5,117.02127659574468,2.2502283105022833,0.4728132387706856,0.0045662100456621,occluded,fig6b,nm_microwave,frequency_GHz,1,digitized_paper_measurement,p4_0.jpeg
1652,520.0,117.25768321513003,2.25662100456621,0.4728132387706856,0.0036529680365296802,single,fig6b,nm_microwave,frequency_GHz,1,digitized_paper_measurement,p4_0.jpeg
1653,520.0,117.49408983451536,2.25662100456621,0.4728132387706856,0.0036529680365296802,single,fig6b,nm_microwave,frequency_GHz,1,digitized_paper_measurement,p4_0.jpeg
1654,520.0,117.73049645390071,2.25662100456621,0.4728132387706856,0.0036529680365296802,single,fig6b,nm_microwave,frequency_GHz,1,digitized_paper_measurement,p4_0.jpeg
1655,520.0,117.96690307328605,2.25662100456621,0.4728132387706856,0.0036529680365296802,single,fig6b,nm_microwave,frequency_GHz,1,digitized_paper_measurement,p4_0.jpeg
1656,520.0,118.2033096926714,2.25662100456621,0.4728132387706856,0.0036529680365296802,single,fig6b,nm_microwave,frequency_GHz,1,digitized_paper_measurement,p4_0.jpeg
1657,520.0,118.43971631205673,2.25662100456621,0.4728132387706856,0.0036529680365296802,single,fig6b,nm_microwave,frequency_GHz,1,digitized_paper_measurement,p4_0.jpeg
1658,523.5,118.67612293144208,2.2502283105022833,0.4728132387706856,0.0045662100456621,occluded,fig6b,nm_microwave,frequency_GHz,1,digitized_paper_measurement,p4_0.jpeg
1659,523.5,118.91252955082743,2.2502283105022833,0.4728132387706856,0.0045662100456621,occluded,fig6b,nm_microwave,frequency_GHz,1,digitized_paper_measurement,p4_0.jpeg
1660,523.0,119.14893617021276,2.2511415525114153,0.4728132387706856,0.005479452054794521,occluded,fig6b,nm_microwave,frequency_GHz,1,digitized_paper_measurement,p4_0.jpeg
1661,523.0,119.38534278959811,2.2511415525114153,0.4728132387706856,0.005479452054794521,occluded,fig6b,nm_microwave,frequency_GHz,1,digitized_paper_measurement,p4_0.jpeg
1662,523.0,119.62174940898345,2.2511415525114153,0.4728132387706856,0.005479452054794521,occluded,fig6b,nm_microwave,frequency_GHz,1,digitized_paper_measurement,p4_0.jpeg
1663,523.0,119.8581560283688,2.2511415525114153,0.4728132387706856,0.005479452054794521,occluded,fig6b,nm_microwave,frequency_GHz,1,digitized_paper_measurement,p4_0.jpeg
1664,523.5,120.09456264775413,2.2502283105022833,0.4728132387706856,0.0045662100456621,occluded,fig6b,nm_microwave,frequency_GHz,1,digitized_paper_measurement,p4_0.jpeg
1665,523.5,120.33096926713948,2.2502283105022833,0.4728132387706856,0.0045662100456621,occluded,fig6b,nm_microwave,frequency_GHz,1,digitized_paper_measurement,p4_0.jpeg
1666,523.5,120.56737588652483,2.2502283105022833,0.4728132387706856,0.0045662100456621,occluded,fig6b,nm_microwave,frequency_GHz,1,digitized_paper_measurement,p4_0.jpeg
1667,523.5,120.80378250591016,2.2502283105022833,0.4728132387706856,0.0045662100456621,occluded,fig6b,nm_microwave,frequency_GHz,1,digitized_paper_measurement,p4_0.jpeg
1668,523.5,121.04018912529551,2.2502283105022833,0.4728132387706856,0.0045662100456621,occluded,fig6b,nm_microwave,frequency_GHz,1,digitized_paper_measurement,p4_0.jpeg
1669,523.5,121.27659574468085,2.2502283105022833,0.4728132387706856,0.0045662100456621,occluded,fig6b,nm_microwave,frequency_GHz,1,digitized_paper_measurement,p4_0.jpeg
1670,523.5,121.5130023640662,2.2502283105022833,0.4728132387706856,0.0045662100456621,occluded,fig6b,nm_microwave,frequency_GHz,1,digitized_paper_measurement,p4_0.jpeg
1671,523.5,121.74940898345153,2.2502283105022833,0.4728132387706856,0.0045662100456621,occluded,fig6b,nm_microwave,frequency_GHz,1,digitized_paper_measurement,p4_0.jpeg
1672,523.0,121.98581560283688,2.2511415525114153,0.4728132387706856,0.0036529680365296802,occluded,fig6b,nm_microwave,frequency_GHz,1,digitized_paper_measurement,p4_0.jpeg
1673,526.0,122.22222222222223,2.245662100456621,0.4728132387706856,0.0036529680365296802,single,fig6b,nm_microwave,frequency_GHz,1,digitized_paper_measurement,p4_0.jpeg
1674,526.0,122.45862884160756,2.245662100456621,0.4728132387706856,0.0036529680365296802,single,fig6b,nm_microwave,frequency_GHz,1,digitized_paper_measurement,p4_0.jpeg
1675,526.5,122.69503546099291,2.2447488584474886,0.4728132387706856,0.0045662100456621,single,fig6b,nm_microwave,frequency_GHz,1,digitized_paper_measurement,p4_0.jpeg
1676,526.5,122.93144208037825,2.2447488584474886,0.4728132387706856,0.0045662100456621,single,fig6b,nm_microwave,frequency_GHz,1,digitized_paper_measurement,p4_0.jpeg
1677,526.5,123.1678486997636,2.2447488584474886,0.4728132387706856,0.0045662100456621,single,fig6b,nm_microwave,frequency_GHz,1,digitized_paper_measurement,p4_0.jpeg
1678,526.5,123.40425531914893,2.2447488584474886,0.4728132387706856,0.0045662100456621,single,fig6b,nm_microwave,frequency_GHz,1,digitized_paper_measurement,p4_0.jpeg
1679,526.5,123.64066193853428,2.2447488584474886,0.4728132387706856,0.0045662100456621,single,fig6b,nm_microwave,frequency_GHz,1,digitized_paper_measurement,p4_0.jpeg
1680,527.0,123.87706855791963,2.243835616438356,0.4728132387706856,0.005479452054794521,single,fig6b,nm_microwave,frequency_GHz,1,digitized_paper_measurement,p4_0.jpeg
1681,527.0,124.11347517730496,2.243835616438356,0.4728132387706856,0.005479452054794521,single,fig6b,nm_microwave,frequency_GHz,1,digitized_paper_measurement,p4_0.jpeg
1682,527.0,124.34988179669031,2.243835616438356,0.4728132387706856,0.005479452054794521,single,fig6b,nm_microwave,frequency_GHz,1,digitized_paper_measurement,p4_0.jpeg
1683,527.0,124.58628841607565,2.243835616438356,0.4728132387706856,0.005479452054794521,single,fig6b,nm_microwave,frequency_GHz,1,digitized_paper_measurement,p4_0.jpeg
1684,527.0,124.822695035461,2.243835616438356,0.4728132387706856,0.005479452054794521,single,fig6b,nm_microwave,frequency_GHz,1,digitized_paper_measurement,p4_0.jpeg
1685,526.5,125.05910165484633,2.2447488584474886,0.4728132387706856,0.0045662100456621,single,fig6b,nm_microwave,frequency_GHz,1,digitized_paper_measurement,p4_0.jpeg
1686,526.5,125.29550827423168,2.2447488584474886,0.4728132387706856,0.0045662100456621,single,fig6b,nm_microwave,frequency_GHz,1,digitized_paper_measurement,p4_0.jpeg
1687,526.5,125.53191489361703,2.2447488584474886,0.4728132387706856,0.0045662100456621,single,fig6b,nm_microwave,frequency_GHz,1,digitized_paper_measurement,p4_0.jpeg
1688,526.5,125.76832151300236,2.2447488584474886,0.4728132387706856,0.0045662100456621,single,fig6b,nm_microwave,frequency_GHz,1,digitized_paper_measurement,p4_0.jpeg
1689,526.5,126.00472813238771,2.2447488584474886,0.4728132387706856,0.0045662100456621,single,fig6b,nm_microwave,frequency_GHz,1,digitized_paper_measurement,p4_0.jpeg
1690,526.0,126.24113475177305,2.245662100456621,0.4728132387706856,0.0036529680365296802,single,fig6b,nm_microwave,frequency_GHz,1,digitized_paper_measurement,p4_0.jpeg
1691,526.0,126.4775413711584,2.245662100456621,0.4728132387706856,0.0036529680365296802,single,fig6b,nm_microwave,frequency_GHz,1,digitized_paper_measurement,p4_0.jpeg
1692,523.0,126.71394799054373,2.2511415525114153,0.4728132387706856,0.0036529680365296802,occluded,fig6b,nm_microwave,frequency_GHz,1,digitized_paper_measurement,p4_0.jpeg
1693,523.0,126.95035460992908,2.2511415525114153,0.4728132387706856,0.0036529680365296802,occluded,fig6b,nm_microwave,frequency_GHz,1,digitized_paper_measurement,p4_0.jpeg
1694,523.5,127.18676122931443,2.2502283105022833,0.4728132387706856,0.0045662100456621,occluded,fig6b,nm_microwave,frequency_GHz,1,digitized_paper_measurement,p4_0.jpeg
1695,523.5,127.42316784869976,2.2502283105022833,0.4728132387706856,0.0045662100456621,occluded,fig6b,nm_microwave,frequency_GHz,1,digitized_paper_measurement,p4_0.jpeg
1696,523.5,127.65957446808511,2.2502283105022833,0.4728132387706856,0.0045662100456621,occluded,fig6b,nm_microwave,frequency_GHz,1,digitized_paper_measurement,p4_0.jpeg
1697,523.5,127.89598108747045,2.2502283105022833,0.4728132387706856,0.0045662100456621,occluded,fig6b,nm_microwave,frequency_GHz,1,digitized_paper_measurement,p4_0.jpeg
1698,523.5,128.13238770685578,2.2502283105022833,0.4728132387706856,0.0045662100456621,occluded,fig6b,nm_microwave,frequency_GHz,1,digitized_paper_measurement,p4_0.jpeg
1699,523.5,128.36879432624113,2.2502283105022833,0.4728132387706856,0.0045662100456621,occluded,fig6b,nm_microwave,frequency_GHz,1,digitized_paper_measurement,p4_0.jpeg
1700,523.5,128.60520094562648,2.2502283105022833,0.4728132387706856,0.0045662100456621,occluded,fig6b,nm_microwave,frequency_GHz,1,digitized_paper_measurement,p4_0.jpeg
1701,523.5,128.84160756501183,2.2502283105022833,0.4728132387706856,0.0045662100456621,occluded,fig6b,nm_microwave,frequency_GHz,1,digitized_paper_measurement,p4_0.jpeg
1702,523.5,129.07801418439718,2.2502283105022833,0.4728132387706856,0.0045662100456621,occluded,fig6b,nm_microwave,frequency_GHz,1,digitized_paper_measurement,p4_0.jpeg
1703,523.5,129.3144208037825,2.2502283105022833,0.4728132387706856,0.0045662100456621,occluded,fig6b,nm_microwave,frequency_GHz,1,digitized_paper_measurement,p4_0.jpeg
1704,523.5,129.55082742316785,2.2502283105022833,0.4728132387706856,0.0045662100456621,occluded,fig6b,nm_microwave,frequency_GHz,1,digitized_paper_measurement,p4_0.jpeg
1705,523.5,129.7872340425532,2.2502283105022833,0.4728132387706856,0.0045662100456621,occluded,fig6b,nm_microwave,frequency_GHz,1,digitized_paper_measurement,p4_0.jpeg
1706,523.5,130.02364066193854,2.2502283105022833,0.4728132387706856,0.0045662100456621,occluded,fig6b,nm_microwave,frequency_GHz,1,digitized_paper_measurement,p4_0.jpeg
1707,523.5,130.26004728132386,2.2502283105022833,0.4728132387706856,0.0045662100456621,occluded,fig6b,nm_microwave,frequency_GHz,1,digitized_paper_measurement,p4_0.jpeg
1708,523.5,130.4964539007092,2.2502283105022833,0.4728132387706856,0.0045662100456621,occluded,fig6b,nm_microwave,frequency_GHz,1,digitized_paper_measurement,p4_0.jpeg
1709,523.5,130.73286052009456,2.2502283105022833,0.4728132387706856,0.0045662100456621,occluded,fig6b,nm_microwave,frequency_GHz,1,digitized_paper_measurement,p4_0.jpeg
1710,523.5,130.9692671394799,2.2502283105022833,0.4728132387706856,0.0045662100456621,occluded,fig6b,nm_microwave,frequency_GHz,1,digitized_paper_measurement,p4_0.jpeg
1711,523.0,131.20567375886526,2.2511415525114153,0.4728132387706856,0.0036529680365296802,occluded,fig6b,nm_microwave,frequency_GHz,1,digitized_paper_measurement,p4_0.jpeg
1712,523.0,131.44208037825058,2.2511415525114153,0.4728132387706856,0.0036529680365296802,occluded,fig6b,nm_microwave,frequency_GHz,1,digitized_paper_measurement,p4_0.jpeg
1713,523.0,131.67848699763593,2.2511415525114153,0.4728132387706856,0.0036529680365296802,occluded,fig6b,nm_microwave,frequency_GHz,1,digitized_paper_measurement,p4_0.jpeg
1714,523.0,131.91489361702128,2.2511415525114153,0.4728132387706856,0.0036529680365296802,occluded,fig6b,nm_microwave,frequency_GHz,1,digitized_paper_measurement,p4_0.jpeg
1715,523.0,132.15130023640663,2.2511415525114153,0.4728132387706856,0.0036529680365296802,occluded,fig6b,nm_microwave,frequency_GHz,1,digitized_paper_measurement,p4_0.jpeg
1716,523.0,132.38770685579198,2.2511415525114153,0.4728132387706856,0.0036529680365296802,occluded,fig6b,nm_microwave,frequency_GHz,1,digitized_paper_measurement,p4_0.jpeg
1717,523.0,132.6241134751773,2.2511415525114153,0.4728132387706856,0.0036529680365296802,occluded,fig6b,nm_microwave,frequency_GHz,1,digitized_paper_measurement,p4_0.jpeg
1718,523.0,132.86052009456264,2.2511415525114153,0.4728132387706856,0.0036529680365296802,occluded,fig6b,nm_microwave,frequency_GHz,1,digitized_paper_measurement,p4_0.jpeg
1719,523.0,133.096926713948,2.2511415525114153,0.4728132387706856,0.0036529680365296802,occluded,fig6b,nm_microwave,frequency_GHz,1,digitized_paper_measurement,p4_0.jpeg
1720,523.0,133.33333333333334,2.2511415525114153,0.4728132387706856,0.0036529680365296802,occluded,fig6b,nm_microwave,frequency_GHz,1,digitized_paper_measurement,p4_0.jpeg
1721,523.0,133.56973995271866,2.2511415525114153,0.4728132387706856,0.0036529680365296802,occluded,fig6b,nm_microwave,frequency_GHz,1,digitized_paper_measurement,p4_0.jpeg
1722,523.0,133.806146572104,2.2511415525114153,0.4728132387706856,0.0036529680365296802,occluded,fig6b,nm_microwave,frequency_GHz,1,digitized_paper_measurement,p4_0.jpeg
1723,523.0,134.04255319148936,2.2511415525114153,0.4728132387706856,0.0036529680365296802,occluded,fig6b,nm_microwave,frequency_GHz,1,digitized_paper_measurement,p4_0.jpeg
1724,523.0,134.2789598108747,2.2511415525114153,0.4728132387706856,0.0036529680365296802,occluded,fig6b,nm_microwave,frequency_GHz,1,digitized_paper_measurement,p4_0.jpeg
1725,523.0,134.51536643026006,2.2511415525114153,0.4728132387706856,0.0036529680365296802,occluded,fig6b,nm_microwave,frequency_GHz,1,digitized_paper_measurement,p4_0.jpeg
1726,523.5,134.75177304964538,2.2502283105022833,0.4728132387706856,0.0045662100456621,occluded,fig6b,nm_microwave,frequency_GHz,1,digitized_paper_measurement,p4_0.jpeg
1727,523.5,134.98817966903073,2.2502283105022833,0.4728132387706856,0.0045662100456621,occluded,fig6b,nm_microwave,frequency_GHz,1,digitized_paper_measurement,p4_0.jpeg
1728,523.5,135.22458628841608,2.2502283105022833,0.4728132387706856,0.0045662100456621,occluded,fig6b,nm_microwave,frequency_GHz,1,digitized_paper_measurement,p4_0.jpeg
1729,524.0,135.46099290780143,2.249315068493151,0.4728132387706856,0.005479452054794521,occluded,fig6b,nm_microwave,frequency_GHz,1,digitized_paper_measurement,p4_0.jpeg
1730,523.5,135.69739952718678,2.2502283105022833,0.4728132387706856,0.0045662100456621,occluded,fig6b,nm_microwave,frequency_GHz,1,digitized_paper_measurement,p4_0.jpeg
1731,523.5,135.9338061465721,2.2502283105022833,0.4728132387706856,0.0045662100456621,occluded,fig6b,nm_microwave,frequency_GHz,1,digitized_paper_measurement,p4_0.jpeg
1732,523.5,136.17021276595744,2.2502283105022833,0.4728132387706856,0.0045662100456621,occluded,fig6b,nm_microwave,frequency_GHz,1,digitized_paper_measurement,p4_0.jpeg
1733,523.5,136.4066193853428,2.2502283105022833,0.4728132387706856,0.0045662100456621,occluded,fig6b,nm_microwave,frequency_GHz,1,digitized_paper_measurement,p4_0.jpeg
1734,523.0,136.64302600472814,2.2511415525114153,0.4728132387706856,0.005479452054794521,occluded,fig6b,nm_microwave,frequency_GHz,1,digitized_paper_measurement,p4_0.jpeg
1735,523.0,136.87943262411346,2.2511415525114153,0.4728132387706856,0.005479452054794521,occluded,fig6b,nm_microwave,frequency_GHz,1,digitized_paper_measurement,p4_0.jpeg
1736,523.0,137.1158392434988,2.2511415525114153,0.4728132387706856,0.005479452054794521,occluded,fig6b,nm_microwave,frequency_GHz,1,digitized_paper_measurement,p4_0.jpeg
1737,523.0,137.35224586288416,2.2511415525114153,0.4728132387706856,0.005479452054794521,occluded,fig6b,nm_microwave,frequency_GHz,1,digitized_paper_measurement,p4_0.jpeg
1738,523.0,137.5886524822695,2.2511415525114153,0.4728132387706856,0.005479452054794521,occluded,fig6b,nm_microwave,frequency_GHz,1,digitized_paper_measurement,p4_0.jpeg
1739,523.0,137.82505910165486,2.2511415525114153,0.4728132387706856,0.005479452054794521,occluded,fig6b,nm_microwave,frequency_GHz,1,digitized_paper_measurement,p4_0.jpeg
1740,523.0,138.06146572104018,2.2511415525114153,0.4728132387706856,0.005479452054794521,occluded,fig6b,nm_microwave,frequency_GHz,1,digitized_paper_measurement,p4_0.jpeg
1741,523.0,138.29787234042553,2.2511415525114153,0.4728132387706856,0.005479452054794521,occluded,fig6b,nm_microwave,frequency_GHz,1,digitized_paper_measurement,p4_0.jpeg
1742,523.0,138.53427895981088,2.2511415525114153,0.4728132387706856,0.005479452054794521,occluded,fig6b,nm_microwave,frequency_GHz,1,digitized_paper_measurement,p4_0.jpeg
1743,523.5,138.77068557919623,2.2502283105022833,0.4728132387706856,0.0045662100456621,occluded,fig6b,nm_microwave,frequency_GHz,1,digitized_paper_measurement,p4_0.jpeg
1744,523.5,139.00709219858157,2.2502283105022833,0.4728132387706856,0.0045662100456621,occluded,fig6b,nm_microwave,frequency_GHz,1,digitized_paper_measurement,p4_0.jpeg
1745,523.5,139.2434988179669,2.2502283105022833,0.4728132387706856,0.0045662100456621,occluded,fig6b,nm_microwave,frequency_GHz,1,digitized_paper_measurement,p4_0.jpeg
1746,523.5,139.47990543735224,2.2502283105022833,0.4728132387706856,0.0045662100456621,occluded,fig6b,nm_microwave,frequency_GHz,1,digitized_paper_measurement,p4_0.jpeg
1747,523.5,139.7163120567376,2.2502283105022833,0.4728132387706856,0.0045662100456621,occluded,fig6b,nm_microwave,frequency_GHz,1,digitized_paper_measurement,p4_0.jpeg
1748,523.5,139.95271867612294,2.2502283105022833,0.4728132387706856,0.0045662100456621,occluded,fig6b,nm_microwave,frequency_GHz,1,digitized_paper_measurement,p4_0.jpeg
1749,523.5,140.18912529550826,2.2502283105022833,0.4728132387706856,0.0045662100456621,occluded,fig6b,nm_microwave,frequency_GHz,1,digitized_paper_measurement,p4_0.jpeg
1750,523.5,140.4255319148936,2.2502283105022833,0.4728132387706856,0.0045662100456621,occluded,fig6b,nm_microwave,frequency_GHz,1,digitized_paper_measurement,p4_0.jpeg
1751,526.0,140.66193853427896,2.245662100456621,0.4728132387706856,0.0036529680365296802,single,fig6b,nm_microwave,frequency_GHz,1,digitized_paper_measurement,p4_0.jpeg
1752,526.0,140.8983451536643,2.245662100456621,0.4728132387706856,0.0036529680365296802,single,fig6b,nm_microwave,frequency_GHz,1,digitized_paper_measurement,p4_0.jpeg
1753,526.0,141.13475177304966,2.245662100456621,0.4728132387706856,0.0036529680365296802,single,fig6b,nm_microwave,frequency_GHz,1,digitized_paper_measurement,p4_0.jpeg
1754,523.0,141.37115839243498,2.2511415525114153,0.4728132387706856,0.0036529680365296802,occluded,fig6b,nm_microwave,frequency_GHz,1,digitized_paper_measurement,p4_0.jpeg
1755,523.0,141.60756501182033,2.2511415525114153,0.4728132387706856,0.0036529680365296802,occluded,fig6b,nm_microwave,frequency_GHz,1,digitized_paper_measurement,p4_0.jpeg
1756,523.5,141.84397163120568,2.2502283105022833,0.4728132387706856,0.0045662100456621,occluded,fig6b,nm_microwave,frequency_GHz,1,digitized_paper_measurement,p4_0.jpeg
1757,523.5,142.08037825059102,2.2502283105022833,0.4728132387706856,0.0045662100456621,occluded,fig6b,nm_microwave,frequency_GHz,1,digitized_paper_measurement,p4_0.jpeg
1758,523.5,142.31678486997635,2.2502283105022833,0.4728132387706856,0.0045662100456621,occluded,fig6b,nm_microwave,frequency_GHz,1,digitized_paper_measurement,p4_0.jpeg
1759,523.5,142.5531914893617,2.2502283105022833,0.4728132387706856,0.0045662100456621,occluded,fig6b,nm_microwave,frequency_GHz,1,digitized_paper_measurement,p4_0.jpeg
1760,523.5,142.78959810874704,2.2502283105022833,0.4728132387706856,0.0045662100456621,occluded,fig6b,nm_microwave,frequency_GHz,1,digitized_paper_measurement,p4_0.jpeg
1761,523.5,143.0260047281324,2.2502283105022833,0.4728132387706856,0.0045662100456621,occluded,fig6b,nm_microwave,frequency_GHz,1,digitized_paper_measurement,p4_0.jpeg
1762,523.5,143.26241134751774,2.2502283105022833,0.4728132387706856,0.0045662100456621,occluded,fig6b,nm_microwave,frequency_GHz,1,digitized_paper_measurement,p4_0.jpeg
1763,523.5,143.49881796690306,2.2502283105022833,0.4728132387706856,0.0045662100456621,occluded,fig6b,nm_microwave,frequency_GHz,1,digitized_paper_measurement,p4_0.jpeg
1764,523.5,143.7352245862884,2.2502283105022833,0.4728132387706856,0.0045662100456621,occluded,fig6b,nm_microwave,frequency_GHz,1,digitized_paper_measurement,p4_0.jpeg
1765,523.5,143.97163120567376,2.2502283105022833,0.4728132387706856,0.0045662100456621,occluded,fig6b,nm_microwave,frequency_GHz,1,digitized_paper_measurement,p4_0.jpeg
1766,523.5,144.2080378250591,2.2502283105022833,0.4728132387706856,0.0045662100456621,occluded,fig6b,nm_microwave,frequency_GHz,1,digitized_paper_measurement,p4_0.jpeg
1767,523.5,144.44444444444446,2.2502283105022833,0.4728132387706856,0.0045662100456621,occluded,fig6b,nm_microwave,frequency_GHz,1,digitized_paper_measurement,p4_0.jpeg
1768,523.5,144.68085106382978,2.2502283105022833,0.4728132387706856,0.0045662100456621,occluded,fig6b,nm_microwave,frequency_GHz,1,digitized_paper_measurement,p4_0.jpeg
1769,523.5,144.91725768321513,2.2502283105022833,0.4728132387706856,0.0045662100456621,occluded,fig6b,nm_microwave,frequency_GHz,1,digitized_paper_measurement,p4_0.jpeg
1770,523.5,145.15366430260048,2.2502283105022833,0.4728132387706856,0.0045662100456621,occluded,fig6b,nm_microwave,frequency_GHz,1,digitized_paper_measurement,p4_0.jpeg
1771,523.5,145.39007092198582,2.2502283105022833,0.4728132387706856,0.0045662100456621,occluded,fig6b,nm_microwave,frequency_GHz,1,digitized_paper_measurement,p4_0.jpeg
1772,523.5,145.62647754137114,2.2502283105022833,0.4728132387706856,0.0045662100456621,occluded,fig6b,nm_microwave,frequency_GHz,1,digitized_paper_measurement,p4_0.jpeg
1773,523.5,145.8628841607565,2.2502283105022833,0.4728132387706856,0.0045662100456621,occluded,fig6b,nm_microwave,frequency_GHz,1,digitized_paper_measurement,p4_0.jpeg
1774,523.5,146.09929078014184,2.2502283105022833,0.4728132387706856,0.0045662100456621,occluded,fig6b,nm_microwave,frequency_GHz,1,digitized_paper_measurement,p4_0.jpeg
1775,523.5,146.3356973995272,2.2502283105022833,0.4728132387706856,0.0045662100456621,occluded,fig6b,nm_microwave,frequency_GHz,1,digitized_paper_measurement,p4_0.jpeg
1776,523.5,146.57210401891254,2.2502283105022833,0.4728132387706856,0.0045662100456621,occluded,fig6b,nm_microwave,frequency_GHz,1,digitized_paper_measurement,p4_0.jpeg
1777,523.5,146.80851063829786,2.2502283105022833,0.4728132387706856,0.0045662100456621,occluded,fig6b,nm_microwave,frequency_GHz,1,digitized_paper_measurement,p4_0.jpeg
1778,523.5,147.0449172576832,2.2502283105022833,0.4728132387706856,0.0045662100456621,occluded,fig6b,nm_microwave,frequency_GHz,1,digitized_paper_measurement,p4_0.jpeg
1779,523.5,147.28132387706856,2.2502283105022833,0.4728132387706856,0.0045662100456621,occluded,fig6b,nm_microwave,frequency_GHz,1,digitized_paper_measurement,p4_0.jpeg
1780,523.5,147.5177304964539,2.2502283105022833,0.4728132387706856,0.0045662100456621,occluded,fig6b,nm_microwave,frequency_GHz,1,digitized_paper_measurement,p4_0.jpeg
1781,523.5,147.75413711583926,2.2502283105022833,0.4728132387706856,0.0045662100456621,occluded,fig6b,nm_microwave,frequency_GHz,1,digitized_paper_measurement,p4_0.jpeg
1782,523.5,147.99054373522458,2.2502283105022833,0.4728132387706856,0.0045662100456621,occluded,fig6b,nm_microwave,frequency_GHz,1,digitized_paper_measurement,p4_0.jpeg
1783,523.5,148.22695035460993,2.2502283105022833,0.4728132387706856,0.0045662100456621,occluded,fig6b,nm_microwave,frequency_GHz,1,digitized_paper_measurement,p4_0.jpeg
1784,523.5,148.46335697399527,2.2502283105022833,0.4728132387706856,0.0045662100456621,occluded,fig6b,nm_microwave,frequency_GHz,1,digitized_paper_measurement,p4_0.jpeg
1785,523.5,148.69976359338062,2.2502283105022833,0.4728132387706856,0.0045662100456621,occluded,fig6b,nm_microwave,frequency_GHz,1,digitized_paper_measurement,p4_0.jpeg
1786,523.5,148.93617021276594,2.2502283105022833,0.4728132387706856,0.0045662100456621,occluded,fig6b,nm_microwave,frequency_GHz,1,digitized_paper_measurement,p4_0.jpeg
1787,523.5,149.1725768321513,2.2502283105022833,0.4728132387706856,0.0045662100456621,occluded,fig6b,nm_microwave,frequency_GHz,1,digitized_paper_measurement,p4_0.jpeg
1788,523.5,149.40898345153664,2.2502283105022833,0.4728132387706856,0.0045662100456621,occluded,fig6b,nm_microwave,frequency_GHz,1,digitized_paper_measurement,p4_0.jpeg
1789,523.5,149.645390070922,2.2502283105022833,0.4728132387706856,0.0045662100456621,occluded,fig6b,nm_microwave,frequency_GHz,1,digitized_paper_measurement,p4_0.jpeg
1790,523.5,149.88179669030734,2.2502283105022833,0.4728132387706856,0.0045662100456621,occluded,fig6b,nm_microwave,frequency_GHz,1,digitized_paper_measurement,p4_0.jpeg
1791,523.5,150.11820330969266,2.2502283105022833,0.4728132387706856,0.0045662100456621,occluded,fig6b,nm_microwave,frequency_GHz,1,digitized_paper_measurement,p4_0.jpeg
1792,523.5,150.354609929078,2.2502283105022833,0.4728132387706856,0.0045662100456621,occluded,fig6b,nm_microwave,frequency_GHz,1,digitized_paper_measurement,p4_0.jpeg
1793,523.5,150.59101654846336,2.2502283105022833,0.4728132387706856,0.0045662100456621,occluded,fig6b,nm_microwave,frequency_GHz,1,digitized_paper_measurement,p4_0.jpeg
1794,524.0,150.8274231678487,2.249315068493151,0.4728132387706856,0.005479452054794521,occluded,fig6b,nm_microwave,frequency_GHz,1,digitized_paper_measurement,p4_0.jpeg
1795,524.0,151.06382978723406,2.249315068493151,0.4728132387706856,0.005479452054794521,occluded,fig6b,nm_microwave,frequency_GHz,1,digitized_paper_measurement,p4_0.jpeg
1796,524.0,151.30023640661938,2.249315068493151,0.4728132387706856,0.005479452054794521,occluded,fig6b,nm_microwave,frequency_GHz,1,digitized_paper_measurement,p4_0.jpeg
1797,524.0,151.53664302600473,2.249315068493151,0.4728132387706856,0.005479452054794521,occluded,fig6b,nm_microwave,frequency_GHz,1,digitized_paper_measurement,p4_0.jpeg
1798,524.0,151.77304964539007,2.249315068493151,0.4728132387706856,0.005479452054794521,occluded,fig6b,nm_microwave,frequency_GHz,1,digitized_paper_measurement,p4_0.jpeg
1799,523.5,152.00945626477542,2.2502283105022833,0.4728132387706856,0.0045662100456621,occluded,fig6b,nm_microwave,frequency_GHz,1,digitized_paper_measurement,p4_0.jpeg
1800,523.5,152.24586288416074,2.2502283105022833,0.4728132387706856,0.0045662100456621,occluded,fig6b,nm_microwave,frequency_GHz,1,digitized_paper_measurement,p4_0.jpeg
1801,523.5,152.4822695035461,2.2502283105022833,0.4728132387706856,0.0045662100456621,occluded,fig6b,nm_microwave,frequency_GHz,1,digitized_paper_measurement,p4_0.jpeg
1802,523.5,152.71867612293144,2.2502283105022833,0.4728132387706856,0.0045662100456621,occluded,fig6b,nm_microwave,frequency_GHz,1,digitized_paper_measurement,p4_0.jpeg
1803,523.5,152.9550827423168,2.2502283105022833,0.4728132387706856,0.0045662100456621,occluded,fig6b,nm_microwave,frequency_GHz,1,digitized_paper_measurement,p4_0.jpeg
1804,523.0,153.19148936170214,2.2511415525114153,0.4728132387706856,0.005479452054794521,occluded,fig6b,nm_microwave,frequency_GHz,1,digitized_paper_measurement,p4_0.jpeg
1805,523.0,153.42789598108746,2.2511415525114153,0.4728132387706856,0.005479452054794521,occluded,fig6b,nm_microwave,frequency_GHz,1,digitized_paper_measurement,p4_0.jpeg
1806,523.0,153.6643026004728,2.2511415525114153,0.4728132387706856,0.005479452054794521,occluded,fig6b,nm_microwave,frequency_GHz,1,digitized_paper_measurement,p4_0.jpeg
1807,523.0,153.90070921985816,2.2511415525114153,0.4728132387706856,0.005479452054794521,occluded,fig6b,nm_microwave,frequency_GHz,1,digitized_paper_measurement,p4_0.jpeg
1808,523.0,154.1371158392435,2.2511415525114153,0.4728132387706856,0.005479452054794521,occluded,fig6b,nm_microwave,frequency_GHz,1,digitized_paper_measurement,p4_0.jpeg
1809,523.0,154.37352245862886,2.2511415525114153,0.4728132387706856,0.005479452054794521,occluded,fig6b,nm_microwave,frequency_GHz,1,digitized_paper_measurement,p4_0.jpeg
1810,523.0,154.60992907801418,2.2511415525114153,0.4728132387706856,0.005479452054794521,occluded,fig6b,nm_microwave,frequency_GHz,1,digitized_paper_measurement,p4_0.jpeg
1811,523.0,154.84633569739952,2.2511415525114153,0.4728132387706856,0.005479452054794521,occluded,fig6b,nm_microwave,frequency_GHz,1,digitized_paper_measurement,p4_0.jpeg
1812,523.0,155.08274231678487,2.2511415525114153,0.4728132387706856,0.005479452054794521,occluded,fig6b,nm_microwave,frequency_GHz,1,digitized_paper_measurement,p4_0.jpeg
1813,523.0,155.31914893617022,2.2511415525114153,0.4728132387706856,0.005479452054794521,occluded,fig6b,nm_microwave,frequency_GHz,1,digitized_paper_measurement,p4_0.jpeg
1814,523.0,155.55555555555554,2.2511415525114153,0.4728132387706856,0.005479452054794521,occluded,fig6b,nm_microwave,frequency_GHz,1,digitized_paper_measurement,p4_0.jpeg
1815,523.0,155.7919621749409,2.2511415525114153,0.4728132387706856,0.005479452054794521,occluded,fig6b,nm_microwave,frequency_GHz,1,digitized_paper_measurement,p4_0.jpeg
1816,523.5,156.02836879432624,2.2502283105022833,0.4728132387706856,0.0045662100456621,occluded,fig6b,nm_microwave,frequency_GHz,1,digitized_paper_measurement,p4_0.jpeg
1817,523.5,156.2647754137116,2.2502283105022833,0.4728132387706856,0.0045662100456621,occluded,fig6b,nm_microwave,frequency_GHz,1,digitized_paper_measurement,p4_0.jpeg
1818,523.5,156.50118203309694,2.2502283105022833,0.4728132387706856,0.0045662100456621,occluded,fig6b,nm_microwave,frequency_GHz,1,digitized_paper_measurement,p4_0.jpeg
1819,523.5,156.73758865248226,2.2502283105022833,0.4728132387706856,0.0045662100456621,occluded,fig6b,nm_microwave,frequency_GHz,1,digitized_paper_measurement,p4_0.jpeg
1820,523.5,156.9739952718676,2.2502283105022833,0.4728132387706856,0.0045662100456621,occluded,fig6b,nm_microwave,frequency_GHz,1,digitized_paper_measurement,p4_0.jpeg
1821,523.5,157.21040189125296,2.2502283105022833,0.4728132387706856,0.0045662100456621,occluded,fig6b,nm_microwave,frequency_GHz,1,digitized_paper_measurement,p4_0.jpeg
1822,523.5,157.4468085106383,2.2502283105022833,0.4728132387706856,0.0045662100456621,occluded,fig6b,nm_microwave,frequency_GHz,1,digitized_paper_measurement,p4_0.jpeg
1823,523.5,157.68321513002365,2.2502283105022833,0.4728132387706856,0.0045662100456621,occluded,fig6b,nm_microwave,frequency_GHz,1,digitized_paper_measurement,p4_0.jpeg
1824,523.5,157.91962174940898,2.2502283105022833,0.4728132387706856,0.0045662100456621,occluded,fig6b,nm_microwave,frequency_GHz,1,digitized_paper_measurement,p4_0.jpeg
1825,523.5,158.15602836879432,2.2502283105022833,0.4728132387706856,0.0045662100456621,occluded,fig6b,nm_microwave,frequency_GHz,1,digitized_paper_measurement,p4_0.jpeg
1826,523.5,158.39243498817967,2.2502283105022833,0.4728132387706856,0.0045662100456621,occluded,fig6b,nm_microwave,frequency_GHz,1,digitized_paper_measurement,p4_0.jpeg
1827,523.5,158.62884160756502,2.2502283105022833,0.4728132387706856,0.0045662100456621,occluded,fig6b,nm_microwave,frequency_GHz,1,digitized_paper_measurement,p4_0.jpeg
1828,523.5,158.86524822695034,2.2502283105022833,0.4728132387706856,0.0045662100456621,occluded,fig6b,nm_microwave,frequency_GHz,1,digitized_paper_measurement,p4_0.jpeg
1829,523.5,159.1016548463357,2.2502283105022833,0.4728132387706856,0.0045662100456621,occluded,fig6b,nm_microwave,frequency_GHz,1,digitized_paper_measurement,p4_0.jpeg
1830,523.5,159.33806146572104,2.2502283105022833,0.4728132387706856,0.0045662100456621,occluded,fig6b,nm_microwave,frequency_GHz,1,digitized_paper_measurement,p4_0.jpeg
1831,523.5,159.5744680851064,2.2502283105022833,0.4728132387706856,0.0045662100456621,occluded,fig6b,nm_microwave,frequency_GHz,1,digitized_paper_measurement,p4_0.jpeg
1832,523.0,159.81087470449174,2.2511415525114153,0.4728132387706856,0.005479452054794521,occluded,fig6b,nm_microwave,frequency_GHz,1,digitized_paper_measurement,p4_0.jpeg
1833,523.0,160.04728132387706,2.2511415525114153,0.4728132387706856,0.005479452054794521,occluded,fig6b,nm_microwave,frequency_GHz,1,digitized_paper_measurement,p4_0.jpeg
1834,523.0,160.2836879432624,2.2511415525114153,0.4728132387706856,0.005479452054794521,occluded,fig6b,nm_microwave,frequency_GHz,1,digitized_paper_measurement,p4_0.jpeg
1835,523.0,160.52009456264776,2.2511415525114153,0.4728132387706856,0.005479452054794521,occluded,fig6b,nm_microwave,frequency_GHz,1,digitized_paper_measurement,p4_0.jpeg
1836,523.5,160.7565011820331,2.2502283105022833,0.4728132387706856,0.0045662100456621,occluded,fig6b,nm_microwave,frequency_GHz,1,digitized_paper_measurement,p4_0.jpeg
1837,523.5,160.99290780141843,2.2502283105022833,0.4728132387706856,0.0045662100456621,occluded,fig6b,nm_microwave,frequency_GHz,1,digitized_paper_measurement,p4_0.jpeg
1838,520.0,161.22931442080377,2.25662100456621,0.4728132387706856,0.0036529680365296802,single,fig6b,nm_microwave,frequency_GHz,1,digitized_paper_measurement,p4_0.jpeg
1839,520.0,161.46572104018912,2.25662100456621,0.4728132387706856,0.0036529680365296802,single,fig6b,nm_microwave,frequency_GHz,1,digitized_paper_measurement,p4_0.jpeg
1840,519.5,161.70212765957447,2.2575342465753425,0.4728132387706856,0.0045662100456621,single,fig6b,nm_microwave,frequency_GHz,1,digitized_paper_measurement,p4_0.jpeg
1841,520.0,161.93853427895982,2.25662100456621,0.4728132387706856,0.005479452054794521,single,fig6b,nm_microwave,frequency_GHz,1,digitized_paper_measurement,p4_0.jpeg
1842,519.5,162.17494089834514,2.2575342465753425,0.4728132387706856,0.0045662100456621,single,fig6b,nm_microwave,frequency_GHz,1,digitized_paper_measurement,p4_0.jpeg
1843,519.5,162.4113475177305,2.2575342465753425,0.4728132387706856,0.0045662100456621,single,fig6b,nm_microwave,frequency_GHz,1,digitized_paper_measurement,p4_0.jpeg
1844,519.5,162.64775413711584,2.2575342465753425,0.4728132387706856,0.0045662100456621,single,fig6b,nm_microwave,frequency_GHz,1,digitized_paper_measurement,p4_0.jpeg
1845,519.5,162.8841607565012,2.2575342465753425,0.4728132387706856,0.0045662100456621,single,fig6b,nm_microwave,frequency_GHz,1,digitized_paper_measurement,p4_0.jpeg
1846,519.0,163.12056737588654,2.258447488584475,0.4728132387706856,0.005479452054794521,single,fig6b,nm_microwave,frequency_GHz,1,digitized_paper_measurement,p4_0.jpeg
1847,519.0,163.35697399527186,2.258447488584475,0.4728132387706856,0.005479452054794521,single,fig6b,nm_microwave,frequency_GHz,1,digitized_paper_measurement,p4_0.jpeg
1848,519.0,163.5933806146572,2.258447488584475,0.4728132387706856,0.005479452054794521,single,fig6b,nm_microwave,frequency_GHz,1,digitized_paper_measurement,p4_0.jpeg
1849,518.5,163.82978723404256,2.2593607305936074,0.4728132387706856,0.00639269406392694,single,fig6b,nm_microwave,frequency_GHz,1,digitized_paper_measurement,p4_0.jpeg
1850,518.5,164.0661938534279,2.2593607305936074,0.4728132387706856,0.00639269406392694,single,fig6b,nm_microwave,frequency_GHz,1,digitized_paper_measurement,p4_0.jpeg
1851,518.5,164.30260047281322,2.2593607305936074,0.4728132387706856,0.00639269406392694,single,fig6b,nm_microwave,frequency_GHz,1,digitized_paper_measurement,p4_0.jpeg
1852,518.5,164.53900709219857,2.2593607305936074,0.4728132387706856,0.00639269406392694,single,fig6b,nm_microwave,frequency_GHz,1,digitized_paper_measurement,p4_0.jpeg
1853,518.5,164.77541371158392,2.2593607305936074,0.4728132387706856,0.00639269406392694,single,fig6b,nm_microwave,frequency_GHz,1,digitized_paper_measurement,p4_0.jpeg
1854,518.5,165.01182033096927,2.2593607305936074,0.4728132387706856,0.00639269406392694,single,fig6b,nm_microwave,frequency_GHz,1,digitized_paper_measurement,p4_0.jpeg
1855,518.5,165.24822695035462,2.2593607305936074,0.4728132387706856,0.00639269406392694,single,fig6b,nm_microwave,frequency_GHz,1,digitized_paper_measurement,p4_0.jpeg
1856,518.5,165.48463356973994,2.2593607305936074,0.4728132387706856,0.00639269406392694,single,fig6b,nm_microwave,frequency_GHz,1,digitized_paper_measurement,p4_0.jpeg
1857,518.5,165.7210401891253,2.2593607305936074,0.4728132387706856,0.00639269406392694,single,fig6b,nm_microwave,frequency_GHz,1,digitized_paper_measurement,p4_0.jpeg
1858,519.0,165.95744680851064,2.258447488584475,0.4728132387706856,0.005479452054794521,single,fig6b,nm_microwave,frequency_GHz,1,digitized_paper_measurement,p4_0.jpeg
1859,519.0,166.193853427896,2.258447488584475,0.4728132387706856,0.005479452054794521,single,fig6b,nm_microwave,frequency_GHz,1,digitized_paper_measurement,p4_0.jpeg
1860,520.0,166.43026004728134,2.25662100456621,0.4728132387706856,0.005479452054794521,single,fig6b,nm_microwave,frequency_GHz,1,digitized_paper_measurement,p4_0.jpeg
1861,520.0,166.66666666666666,2.25662100456621,0.4728132387706856,0.005479452054794521,single,fig6b,nm_microwave,frequency_GHz,1,digitized_paper_measurement,p4_0.jpeg
1862,519.5,166.903073286052,2.2575342465753425,0.4728132387706856,0.0045662100456621,single,fig6b,nm_microwave,frequency_GHz,1,digitized_paper_measurement,p4_0.jpeg
1863,519.5,167.13947990543736,2.2575342465753425,0.4728132387706856,0.0045662100456621,single,fig6b,nm_microwave,frequency_GHz,1,digitized_paper_measurement,p4_0.jpeg
1864,523.5,167.3758865248227,2.2502283105022833,0.4728132387706856,0.0045662100456621,occluded,fig6b,nm_microwave,frequency_GHz,1,digitized_paper_measurement,p4_0.jpeg
1865,523.5,167.61229314420802,2.2502283105022833,0.4728132387706856,0.0045662100456621,occluded,fig6b,nm_microwave,frequency_GHz,1,digitized_paper_measurement,p4_0.jpeg
1866,523.0,167.84869976359337,2.2511415525114153,0.4728132387706856,0.005479452054794521,occluded,fig6b,nm_microwave,frequency_GHz,1,digitized_paper_measurement,p4_0.jpeg
1867,523.0,168.08510638297872,2.2511415525114153,0.4728132387706856,0.005479452054794521,occluded,fig6b,nm_microwave,frequency_GHz,1,digitized_paper_measurement,p4_0.jpeg
1868,523.0,168.32151300236407,2.2511415525114153,0.4728132387706856,0.005479452054794521,occluded,fig6b,nm_microwave,frequency_GHz,1,digitized_paper_measurement,p4_0.jpeg
1869,523.0,168.55791962174942,2.2511415525114153,0.4728132387706856,0.005479452054794521,occluded,fig6b,nm_microwave,frequency_GHz,1,digitized_paper_measurement,p4_0.jpeg
1870,523.0,168.79432624113474,2.2511415525114153,0.4728132387706856,0.005479452054794521,occluded,fig6b,nm_microwave,frequency_GHz,1,digitized_paper_measurement,p4_0.jpeg
1871,523.0,169.0307328605201,2.2511415525114153,0.4728132387706856,0.005479452054794521,occluded,fig6b,nm_microwave,frequency_GHz,1,digitized_paper_measurement,p4_0.jpeg
1872,523.0,169.26713947990544,2.2511415525114153,0.4728132387706856,0.005479452054794521,occluded,fig6b,nm_microwave,frequency_GHz,1,digitized_paper_measurement,p4_0.jpeg
1160,523.5,0.9456264775413712,2.2502283105022833,0.4728132387706856,0.0045662100456621,single,fig6b,optical_mode_line,frequency_GHz,1,digitized_paper_measurement,p4_0.jpeg
1161,523.5,1.1820330969267139,2.2502283105022833,0.4728132387706856,0.0045662100456621,single,fig6b,optical_mode_line,frequency_GHz,1,digitized_paper_measurement,p4_0.jpeg
1162,523.5,1.4184397163120568,2.2502283105022833,0.4728132387706856,0.0045662100456621,single,fig6b,optical_mode_line,frequency_GHz,1,digitized_paper_measurement,p4_0.jpeg
1163,523.5,1.6548463356973995,2.2502283105022833,0.4728132387706856,0.0045662100456621,single,fig6b,optical_mode_line,frequency_GHz,1,digitized_paper_measurement,p4_0.jpeg
1164,523.5,1.8912529550827424,2.2502283105022833,0.4728132387706856,0.0045662100456621,single,fig6b,optical_mode_line,frequency_GHz,1,digitized_paper_measurement,p4_0.jpeg
1165,523.5,2.127659574468085,2.2502283105022833,0.4728132387706856,0.0045662100456621,single,fig6b,optical_mode_line,frequency_GHz,1,digitized_paper_measurement,p4_0.jpeg
1166,523.5,2.3640661938534278,2.2502283105022833,0.4728132387706856,0.0045662100456621,single,fig6b,optical_mode_line,frequency_GHz,1,digitized_paper_measurement,p4_0.jpeg
1167,523.5,2.600472813238771,2.2502283105022833,0.4728132387706856,0.0045662100456621,single,fig6b,optical_mode_line,frequency_GHz,1,digitized_paper_measurement,p4_0.jpeg
1168,523.5,2.8368794326241136,2.2502283105022833,0.4728132387706856,0.0045662100456621,single,fig6b,optical_mode_line,frequency_GHz,1,digitized_paper_measurement,p4_0.jpeg
1169,523.5,3.0732860520094563,2.2502283105022833,0.4728132387706856,0.0045662100456621,single,fig6b,optical_mode_line,frequency_GHz,1,digitized_paper_measurement,p4_0.jpeg
1170,523.5,3.309692671394799,2.2502283105022833,0.4728132387706856,0.0045662100456621,single,fig6b,optical_mode_line,frequency_GHz,1,digitized_paper_measurement,p4_0.jpeg
1171,523.5,3.5460992907801416,2.2502283105022833,0.4728132387706856,0.0045662100456621,single,fig6b,optical_mode_line,frequency_GHz,1,digitized_paper_measurement,p4_0.jpeg
1172,523.5,3.7825059101654848,2.2502283105022833,0.4728132387706856,0.0045662100456621,single,fig6b,optical_mode_line,frequency_GHz,1,digitized_paper_measurement,p4_0.jpeg
1173,523.5,4.0189125295508275,2.2502283105022833,0.4728132387706856,0.0045662100456621,single,fig6b,optical_mode_line,frequency_GHz,1,digitized_paper_measurement,p4_0.jpeg
1174,523.5,4.25531914893617,2.2502283105022833,0.4728132387706856,0.0045662100456621,single,fig6b,optical_mode_line,frequency_GHz,1,digitized_paper_measurement,p4_0.jpeg
1175,523.5,4.491725768321513,2.2502283105022833,0.4728132387706856,0.0045662100456621,single,fig6b,optical_mode_line,frequency_GHz,1,digitized_paper_measurement,p4_0.jpeg
1176,523.5,4.7281323877068555,2.2502283105022833,0.4728132387706856,0.0045662100456621,single,fig6b,optical_mode_line,frequency_GHz,1,digitized_paper_measurement,p4_0.jpeg
1177,523.5,4.964539007092198,2.2502283105022833,0.4728132387706856,0.0045662100456621,single,fig6b,optical_mode_line,frequency_GHz,1,digitized_paper_measurement,p4_0.jpeg
1178,523.5,5.200945626477542,2.2502283105022833,0.4728132387706856,0.0045662100456621,single,fig6b,optical_mode_line,frequency_GHz,1,digitized_paper_measurement,p4_0.jpeg
1179,523.5,5.4373522458628845,2.2502283105022833,0.4728132387706856,0.0045662100456621,single,fig6b,optical_mode_line,frequency_GHz,1,digitized_paper_measurement,p4_0.jpeg
1180,523.5,5.673758865248227,2.2502283105022833,0.4728132387706856,0.0045662100456621,single,fig6b,optical_mode_line,frequency_GHz,1,digitized_paper_measurement,p4_0.jpeg
1181,523.5,5.91016548463357,2.2502283105022833,0.4728132387706856,0.0045662100456621,single,fig6b,optical_mode_line,frequency_GHz,1,digitized_paper_measurement,p4_0.jpeg
1182,523.5,6.1465721040189125,2.2502283105022833,0.4728132387706856,0.0045662100456621,single,fig6b,optical_mode_line,frequency_GHz,1,digitized_paper_measurement,p4_0.jpeg
1183,523.5,6.382978723404255,2.2502283105022833,0.4728132387706856,0.0045662100456621,single,fig6b,optical_mode_line,frequency_GHz,1,digitized_paper_measurement,p4_0.jpeg
1184,523.5,6.619385342789598,2.2502283105022833,0.4728132387706856,0.0045662100456621,single,fig6b,optical_mode_line,frequency_GHz,1,digitized_paper_measurement,p4_0.jpeg
1185,523.5,6.855791962174941,2.2502283105022833,0.4728132387706856,0.0045662100456621,single,fig6b,optical_mode_line,frequency_GHz,1,digitized_paper_measurement,p4_0.jpeg
1186,524.0,7.092198581560283,2.249315068493151,0.4728132387706856,0.0036529680365296802,single,fig6b,optical_mode_line,frequency_GHz,1,digitized_paper_measurement,p4_0.jpeg
1187,523.5,7.328605200945627,2.2502283105022833,0.4728132387706856,0.0045662100456621,single,fig6b,optical_mode_line,frequency_GHz,1,digitized_paper_measurement,p4_0.jpeg
1188,523.5,7.5650118203309695,2.2502283105022833,0.4728132387706856,0.0045662100456621,single,fig6b,optical_mode_line,frequency_GHz,1,digitized_paper_measurement,p4_0.jpeg
1189,523.5,7.801418439716312,2.2502283105022833,0.4728132387706856,0.0045662100456621,single,fig6b,optical_mode_line,frequency_GHz,1,digitized_paper_measurement,p4_0.jpeg
1190,523.5,8.037825059101655,2.2502283105022833,0.4728132387706856,0.0045662100456621,single,fig6b,optical_mode_line,frequency_GHz,1,digitized_paper_measurement,p4_0.jpeg
1191,523.0,8.274231678486998,2.2511415525114153,0.4728132387706856,0.005479452054794521,single,fig6b,optical_mode_line,frequency_GHz,1,digitized_paper_measurement,p4_0.jpeg
1192,523.5,8.51063829787234,2.2502283105022833,0.4728132387706856,0.0045662100456621,single,fig6b,optical_mode_line,frequency_GHz,1,digitized_paper_measurement,p4_0.jpeg
1193,523.5,8.747044917257684,2.2502283105022833,0.4728132387706856,0.0045662100456621,single,fig6b,optical_mode_line,frequency_GHz,1,digitized_paper_measurement,p4_0.jpeg
1194,523.5,8.983451536643026,2.2502283105022833,0.4728132387706856,0.0045662100456621,single,fig6b,optical_mode_line,frequency_GHz,1,digitized_paper_measurement,p4_0.jpeg
1195,523.0,9.21985815602837,2.2511415525114153,0.4728132387706856,0.005479452054794521,single,fig6b,optical_mode_line,frequency_GHz,1,digitized_paper_measurement,p4_0.jpeg
1196,523.5,9.456264775413711,2.2502283105022833,0.4728132387706856,0.0045662100456621,single,fig6b,optical_mode_line,frequency_GHz,1,digitized_paper_measurement,p4_0.jpeg
1197,523.5,9.692671394799055,2.2502283105022833,0.4728132387706856,0.0045662100456621,single,fig6b,optical_mode_line,frequency_GHz,1,digitized_paper_measurement,p4_0.jpeg
1198,523.5,9.929078014184396,2.2502283105022833,0.4728132387706856,0.0045662100456621,single,fig6b,optical_mode_line,frequency_GHz,1,digitized_paper_measurement,p4_0.jpeg
1199,523.5,10.16548463356974,2.2502283105022833,0.4728132387706856,0.0045662100456621,single,fig6b,optical_mode_line,frequency_GHz,1,digitized_paper_measurement,p4_0.jpeg
1200,523.5,10.401891252955084,2.2502283105022833,0.4728132387706856,0.0045662100456621,single,fig6b,optical_mode_line,frequency_GHz,1,digitized_paper_measurement,p4_0.jpeg
1201,523.5,10.638297872340425,2.2502283105022833,0.4728132387706856,0.0045662100456621,single,fig6b,optical_mode_line,frequency_GHz,1,digitized_paper_measurement,p4_0.jpeg
1202,523.5,10.874704491725769,2.2502283105022833,0.4728132387706856,0.0045662100456621,single,fig6b,optical_mode_line,frequency_GHz,1,digitized_paper_measurement,p4_0.jpeg
1203,523.5,11.11111111111111,2.2502283105022833,0.4728132387706856,0.0045662100456621,single,fig6b,optical_mode_line,frequency_GHz,1,digitized_paper_measurement,p4_0.jpeg
1204,523.5,11.347517730496454,2.2502283105022833,0.4728132387706856,0.0045662100456621,single,fig6b,optical_mode_line,frequency_GHz,1,digitized_paper_measurement,p4_0.jpeg
1205,523.5,11.583924349881796,2.2502283105022833,0.4728132387706856,0.0045662100456621,single,fig6b,optical_mode_line,frequency_GHz,1,digitized_paper_measurement,p4_0.jpeg
1206,523.5,11.82033096926714,2.2502283105022833,0.4728132387706856,0.0045662100456621,single,fig6b,optical_mode_line,frequency_GHz,1,digitized_paper_measurement,p4_0.jpeg
1207,523.5,12.056737588652481,2.2502283105022833,0.4728132387706856,0.0045662100456621,single,fig6b,optical_mode_line,frequency_GHz,1,digitized_paper_measurement,p4_0.jpeg
1208,523.5,12.293144208037825,2.2502283105022833,0.4728132387706856,0.0045662100456621,single,fig6b,optical_mode_line,frequency_GHz,1,digitized_paper_measurement,p4_0.jpeg
1209,523.5,12.529550827423169,2.2502283105022833,0.4728132387706856,0.0045662100456621,single,fig6b,optical_mode_line,frequency_GHz,1,digitized_paper_measurement,p4_0.jpeg
1210,523.5,12.76595744680851,2.2502283105022833,0.4728132387706856,0.0045662100456621,single,fig6b,optical_mode_line,frequency_GHz,1,digitized_paper_measurement,p4_0.jpeg
1211,523.5,13.002364066193854,2.2502283105022833,0.4728132387706856,0.0045662100456621,single,fig6b,optical_mode_line,frequency_GHz,1,digitized_paper_measurement,p4_0.jpeg
1212,523.5,13.238770685579196,2.2502283105022833,0.4728132387706856,0.0045662100456621,single,fig6b,optical_mode_line,frequency_GHz,1,digitized_paper_measurement,p4_0.jpeg
1213,523.5,13.47517730496454,2.2502283105022833,0.4728132387706856,0.0045662100456621,single,fig6b,optical_mode_line,frequency_GHz,1,digitized_paper_measurement,p4_0.jpeg
1214,523.5,13.711583924349881,2.2502283105022833,0.4728132387706856,0.0045662100456621,single,fig6b,optical_mode_line,frequency_GHz,1,digitized_paper_measurement,p4_0.jpeg
1215,523.5,13.947990543735225,2.2502283105022833,0.4728132387706856,0.0045662100456621,single,fig6b,optical_mode_line,frequency_GHz,1,digitized_paper_measurement,p4_0.jpeg
1216,523.5,14.184397163120567,2.2502283105022833,0.4728132387706856,0.0045662100456621,single,fig6b,optical_mode_line,frequency_GHz,1,digitized_paper_measurement,p4_0.jpeg
1217,523.5,14.42080378250591,2.2502283105022833,0.4728132387706856,0.0045662100456621,single,fig6b,optical_mode_line,frequency_GHz,1,digitized_paper_measurement,p4_0.jpeg
1218,523.5,14.657210401891254,2.2502283105022833,0.4728132387706856,0.0045662100456621,single,fig6b,optical_mode_line,frequency_GHz,1,digitized_paper_measurement,p4_0.jpeg
1219,523.5,14.893617021276595,2.2502283105022833,0.4728132387706856,0.0045662100456621,single,fig6b,optical_mode_line,frequency_GHz,1,digitized_paper_measurement,p4_0.jpeg
1220,523.5,15.130023640661939,2.2502283105022833,0.4728132387706856,0.0045662100456621,single,fig6b,optical_mode_line,frequency_GHz,1,digitized_paper_measurement,p4_0.jpeg
1221,523.5,15.36643026004728,2.2502283105022833,0.4728132387706856,0.0045662100456621,single,fig6b,optical_mode_line,frequency_GHz,1,digitized_paper_measurement,p4_0.jpeg
1222,523.5,15.602836879432624,2.2502283105022833,0.4728132387706856,0.0045662100456621,single,fig6b,optical_mode_line,frequency_GHz,1,digitized_paper_measurement,p4_0.jpeg
1223,523.5,15.839243498817966,2.2502283105022833,0.4728132387706856,0.0045662100456621,single,fig6b,optical_mode_line,frequency_GHz,1,digitized_paper_measurement,p4_0.jpeg
1224,523.5,16.07565011820331,2.2502283105022833,0.4728132387706856,0.0045662100456621,single,fig6b,optical_mode_line,frequency_GHz,1,digitized_paper_measurement,p4_0.jpeg
1225,523.5,16.31205673758865,2.2502283105022833,0.4728132387706856,0.0045662100456621,single,fig6b,optical_mode_line,frequency_GHz,1,digitized_paper_measurement,p4_0.jpeg
1226,523.5,16.548463356973997,2.2502283105022833,0.4728132387706856,0.0045662100456621,single,fig6b,optical_mode_line,frequency_GHz,1,digitized_paper_measurement,p4_0.jpeg
1227,523.5,16.78486997635934,2.2502283105022833,0.4728132387706856,0.0045662100456621,single,fig6b,optical_mode_line,frequency_GHz,1,digitized_paper_measurement,p4_0.jpeg
1228,523.5,17.02127659574468,2.2502283105022833,0.4728132387706856,0.0045662100456621,single,fig6b,optical_mode_line,frequency_GHz,1,digitized_paper_measurement,p4_0.jpeg
1229,523.5,17.257683215130022,2.2502283105022833,0.4728132387706856,0.0045662100456621,single,fig6b,optical_mode_line,frequency_GHz,1,digitized_paper_measurement,p4_0.jpeg
1230,523.5,17.494089834515368,2.2502283105022833,0.4728132387706856,0.0045662100456621,single,fig6b,optical_mode_line,frequency_GHz,1,digitized_paper_measurement,p4_0.jpeg
1231,523.5,17.73049645390071,2.2502283105022833,0.4728132387706856,0.0045662100456621,single,fig6b,optical_mode_line,frequency_GHz,1,digitized_paper_measurement,p4_0.jpeg
1232,523.5,17.96690307328605,2.2502283105022833,0.4728132387706856,0.0045662100456621,single,fig6b,optical_mode_line,frequency_GHz,1,digitized_paper_measurement,p4_0.jpeg
1233,523.5,18.203309692671393,2.2502283105022833,0.4728132387706856,0.0045662100456621,single,fig6b,optical_mode_line,frequency_GHz,1,digitized_paper_measurement,p4_0.jpeg
1234,523.5,18.43971631205674,2.2502283105022833,0.4728132387706856,0.0045662100456621,single,fig6b,optical_mode_line,frequency_GHz,1,digitized_paper_measurement,p4_0.jpeg
1235,523.5,18.67612293144208,2.2502283105022833,0.4728132387706856,0.0045662100456621,single,fig6b,optical_mode_line,frequency_GHz,1,digitized_paper_measurement,p4_0.jpeg
1236,523.5,18.912529550827422,2.2502283105022833,0.4728132387706856,0.0045662100456621,single,fig6b,optical_mode_line,frequency_GHz,1,digitized_paper_measurement,p4_0.jpeg
1237,523.5,19.148936170212767,2.2502283105022833,0.4728132387706856,0.0045662100456621,single,fig6b,optical_mode_line,frequency_GHz,1,digitized_paper_measurement,p4_0.jpeg
1238,523.5,19.38534278959811,2.2502283105022833,0.4728132387706856,0.0045662100456621,single,fig6b,optical_mode_line,frequency_GHz,1,digitized_paper_measurement,p4_0.jpeg
1239,523.0,19.62174940898345,2.2511415525114153,0.4728132387706856,0.005479452054794521,single,fig6b,optical_mode_line,frequency_GHz,1,digitized_paper_measurement,p4_0.jpeg
1240,523.5,19.858156028368793,2.2502283105022833,0.4728132387706856,0.0045662100456621,single,fig6b,optical_mode_line,frequency_GHz,1,digitized_paper_measurement,p4_0.jpeg
1241,523.5,20.094562647754138,2.2502283105022833,0.4728132387706856,0.0045662100456621,single,fig6b,optical_mode_line,frequency_GHz,1,digitized_paper_measurement,p4_0.jpeg
1242,523.5,20.33096926713948,2.2502283105022833,0.4728132387706856,0.0045662100456621,single,fig6b,optical_mode_line,frequency_GHz,1,digitized_paper_measurement,p4_0.jpeg
1243,523.5,20.56737588652482,2.2502283105022833,0.4728132387706856,0.0045662100456621,single,fig6b,optical_mode_line,frequency_GHz,1,digitized_paper_measurement,p4_0.jpeg
1244,523.5,20.803782505910167,2.2502283105022833,0.4728132387706856,0.0045662100456621,single,fig6b,optical_mode_line,frequency_GHz,1,digitized_paper_measurement,p4_0.jpeg
1245,523.0,21.04018912529551,2.2511415525114153,0.4728132387706856,0.005479452054794521,single,fig6b,optical_mode_line,frequency_GHz,1,digitized_paper_measurement,p4_0.jpeg
1246,523.5,21.27659574468085,2.2502283105022833,0.4728132387706856,0.0045662100456621,single,fig6b,optical_mode_line,frequency_GHz,1,digitized_paper_measurement,p4_0.jpeg
1247,523.5,21.513002364066192,2.2502283105022833,0.4728132387706856,0.0045662100456621,single,fig6b,optical_mode_line,frequency_GHz,1,digitized_paper_measurement,p4_0.jpeg
1248,523.5,21.749408983451538,2.2502283105022833,0.4728132387706856,0.0045662100456621,single,fig6b,optical_mode_line,frequency_GHz,1,digitized_paper_measurement,p4_0.jpeg
1249,523.5,21.98581560283688,2.2502283105022833,0.4728132387706856,0.0045662100456621,single,fig6b,optical_mode_line,frequency_GHz,1,digitized_paper_measurement,p4_0.jpeg
1250,523.5,22.22222222222222,2.2502283105022833,0.4728132387706856,0.0045662100456621,single,fig6b,optical_mode_line,frequency_GHz,1,digitized_paper_measurement,p4_0.jpeg
1251,523.5,22.458628841607567,2.2502283105022833,0.4728132387706856,0.0045662100456621,single,fig6b,optical_mode_line,frequency_GHz,1,digitized_paper_measurement,p4_0.jpeg
1252,523.5,22.69503546099291,2.2502283105022833,0.4728132387706856,0.0045662100456621,single,fig6b,optical_mode_line,frequency_GHz,1,digitized_paper_measurement,p4_0.jpeg
1253,523.5,22.93144208037825,2.2502283105022833,0.4728132387706856,0.0045662100456621,single,fig6b,optical_mode_line,frequency_GHz,1,digitized_paper_measurement,p4_0.jpeg
1254,523.5,23.167848699763592,2.2502283105022833,0.4728132387706856,0.0045662100456621,single,fig6b,optical_mode_line,frequency_GHz,1,digitized_paper_measurement,p4_0.jpeg
1255,523.5,23.404255319148938,2.2502283105022833,0.4728132387706856,0.0045662100456621,single,fig6b,optical_mode_line,frequency_GHz,1,digitized_paper_measurement,p4_0.jpeg
1256,523.5,23.64066193853428,2.2502283105022833,0.4728132387706856,0.0045662100456621,single,fig6b,optical_mode_line,frequency_GHz,1,digitized_paper_measurement,p4_0.jpeg
1257,523.5,23.87706855791962,2.2502283105022833,0.4728132387706856,0.0045662100456621,single,fig6b,optical_mode_line,frequency_GHz,1,digitized_paper_measurement,p4_0.jpeg
1258,523.5,24.113475177304963,2.2502283105022833,0.4728132387706856,0.0045662100456621,single,fig6b,optical_mode_line,frequency_GHz,1,digitized_paper_measurement,p4_0.jpeg
1259,523.5,24.34988179669031,2.2502283105022833,0.4728132387706856,0.0045662100456621,single,fig6b,optical_mode_line,frequency_GHz,1,digitized_paper_measurement,p4_0.jpeg
1260,523.5,24.58628841607565,2.2502283105022833,0.4728132387706856,0.0045662100456621,single,fig6b,optical_mode_line,frequency_GHz,1,digitized_paper_measurement,p4_0.jpeg
1261,523.0,24.822695035460992,2.2511415525114153,0.4728132387706856,0.005479452054794521,single,fig6b,optical_mode_line,frequency_GHz,1,digitized_paper_measurement,p4_0.jpeg
1262,523.5,25.059101654846337,2.2502283105022833,0.4728132387706856,0.0045662100456621,single,fig6b,optical_mode_line,frequency_GHz,1,digitized_paper_measurement,p4_0.jpeg
1263,523.5,25.29550827423168,2.2502283105022833,0.4728132387706856,0.0045662100456621,single,fig6b,optical_mode_line,frequency_GHz,1,digitized_paper_measurement,p4_0.jpeg
1264,523.5,25.53191489361702,2.2502283105022833,0.4728132387706856,0.0045662100456621,single,fig6b,optical_mode_line,frequency_GHz,1,digitized_paper_measurement,p4_0.jpeg
1265,523.0,25.768321513002363,2.2511415525114153,0.4728132387706856,0.005479452054794521,single,fig6b,optical_mode_line,frequency_GHz,1,digitized_paper_measurement,p4_0.jpeg
1266,523.5,26.004728132387708,2.2502283105022833,0.4728132387706856,0.0045662100456621,single,fig6b,optical_mode_line,frequency_GHz,1,digitized_paper_measurement,p4_0.jpeg
1267,523.5,26.24113475177305,2.2502283105022833,0.4728132387706856,0.0045662100456621,single,fig6b,optical_mode_line,frequency_GHz,1,digitized_paper_measurement,p4_0.jpeg
1268,523.0,26.47754137115839,2.2511415525114153,0.4728132387706856,0.0036529680365296802,single,fig6b,optical_mode_line,frequency_GHz,1,digitized_paper_measurement,p4_0.jpeg
1269,523.5,26.713947990543737,2.2502283105022833,0.4728132387706856,0.0045662100456621,single,fig6b,optical_mode_line,frequency_GHz,1,digitized_paper_measurement,p4_0.jpeg
1270,523.5,26.95035460992908,2.2502283105022833,0.4728132387706856,0.0045662100456621,single,fig6b,optical_mode_line,frequency_GHz,1,digitized_paper_measurement,p4_0.jpeg
1271,523.5,27.18676122931442,2.2502283105022833,0.4728132387706856,0.0045662100456621,single,fig6b,optical_mode_line,frequency_GHz,1,digitized_paper_measurement,p4_0.jpeg
1272,523.5,27.423167848699762,2.2502283105022833,0.4728132387706856,0.0045662100456621,single,fig6b,optical_mode_line,frequency_GHz,1,digitized_paper_measurement,p4_0.jpeg
1273,523.5,27.659574468085108,2.2502283105022833,0.4728132387706856,0.0045662100456621,single,fig6b,optical_mode_line,frequency_GHz,1,digitized_paper_measurement,p4_0.jpeg
1274,523.5,27.89598108747045,2.2502283105022833,0.4728132387706856,0.0045662100456621,single,fig6b,optical_mode_line,frequency_GHz,1,digitized_paper_measurement,p4_0.jpeg
1275,523.5,28.13238770685579,2.2502283105022833,0.4728132387706856,0.0045662100456621,single,fig6b,optical_mode_line,frequency_GHz,1,digitized_paper_measurement,p4_0.jpeg
1276,523.5,28.368794326241133,2.2502283105022833,0.4728132387706856,0.0045662100456621,single,fig6b,optical_mode_line,frequency_GHz,1,digitized_paper_measurement,p4_0.jpeg
1277,523.5,28.60520094562648,2.2502283105022833,0.4728132387706856,0.0045662100456621,single,fig6b,optical_mode_line,frequency_GHz,1,digitized_paper_measurement,p4_0.jpeg
1278,523.5,28.84160756501182,2.2502283105022833,0.4728132387706856,0.0045662100456621,single,fig6b,optical_mode_line,frequency_GHz,1,digitized_paper_measurement,p4_0.jpeg
1279,523.5,29.078014184397162,2.2502283105022833,0.4728132387706856,0.0045662100456621,single,fig6b,optical_mode_line,frequency_GHz,1,digitized_paper_measurement,p4_0.jpeg
1280,523.5,29.314420803782507,2.2502283105022833,0.4728132387706856,0.0045662100456621,single,fig6b,optical_mode_line,frequency_GHz,1,digitized_paper_measurement,p4_0.jpeg
1281,523.5,29.55082742316785,2.2502283105022833,0.4728132387706856,0.0045662100456621,single,fig6b,optical_mode_line,frequency_GHz,1,digitized_paper_measurement,p4_0.jpeg
1282,523.5,29.78723404255319,2.2502283105022833,0.4728132387706856,0.0045662100456621,single,fig6b,optical_mode_line,frequency_GHz,1,digitized_paper_measurement,p4_0.jpeg
1283,523.5,30.023640661938533,2.2502283105022833,0.4728132387706856,0.0045662100456621,single,fig6b,optical_mode_line,frequency_GHz,1,digitized_paper_measurement,p4_0.jpeg
1284,523.5,30.260047281323878,2.2502283105022833,0.4728132387706856,0.0045662100456621,single,fig6b,optical_mode_line,frequency_GHz,1,digitized_paper_measurement,p4_0.jpeg
1285,523.5,30.49645390070922,2.2502283105022833,0.4728132387706856,0.0045662100456621,single,fig6b,optical_mode_line,frequency_GHz,1,digitized_paper_measurement,p4_0.jpeg
1286,523.5,30.73286052009456,2.2502283105022833,0.4728132387706856,0.0045662100456621,single,fig6b,optical_mode_line,frequency_GHz,1,digitized_paper_measurement,p4_0.jpeg
1287,523.5,30.969267139479907,2.2502283105022833,0.4728132387706856,0.0045662100456621,single,fig6b,optical_mode_line,frequency_GHz,1,digitized_paper_measurement,p4_0.jpeg
1288,523.5,31.20567375886525,2.2502283105022833,0.4728132387706856,0.0045662100456621,single,fig6b,optical_mode_line,frequency_GHz,1,digitized_paper_measurement,p4_0.jpeg
1289,523.5,31.44208037825059,2.2502283105022833,0.4728132387706856,0.0045662100456621,single,fig6b,optical_mode_line,frequency_GHz,1,digitized_paper_measurement,p4_0.jpeg
1290,523.5,31.678486997635932,2.2502283105022833,0.4728132387706856,0.0045662100456621,single,fig6b,optical_mode_line,frequency_GHz,1,digitized_paper_measurement,p4_0.jpeg
1291,523.5,31.914893617021278,2.2502283105022833,0.4728132387706856,0.0045662100456621,single,fig6b,optical_mode_line,frequency_GHz,1,digitized_paper_measurement,p4_0.jpeg
1292,523.5,32.15130023640662,2.2502283105022833,0.4728132387706856,0.0045662100456621,single,fig6b,optical_mode_line,frequency_GHz,1,digitized_paper_measurement,p4_0.jpeg
1293,523.5,32.38770685579196,2.2502283105022833,0.4728132387706856,0.0045662100456621,single,fig6b,optical_mode_line,frequency_GHz,1,digitized_paper_measurement,p4_0.jpeg
1294,523.5,32.6241134751773,2.2502283105022833,0.4728132387706856,0.0045662100456621,single,fig6b,optical_mode_line,frequency_GHz,1,digitized_paper_measurement,p4_0.jpeg
1295,523.5,32.860520094562645,2.2502283105022833,0.4728132387706856,0.0045662100456621,single,fig6b,optical_mode_line,frequency_GHz,1,digitized_paper_measurement,p4_0.jpeg
1296,523.5,33.096926713947994,2.2502283105022833,0.4728132387706856,0.0045662100456621,single,fig6b,optical_mode_line,frequency_GHz,1,digitized_paper_measurement,p4_0.jpeg
1297,523.5,33.333333333333336,2.2502283105022833,0.4728132387706856,0.0045662100456621,single,fig6b,optical_mode_line,frequency_GHz,1,digitized_paper_measurement,p4_0.jpeg
1298,523.5,33.56973995271868,2.2502283105022833,0.4728132387706856,0.0045662100456621,single,fig6b,optical_mode_line,frequency_GHz,1,digitized_paper_measurement,p4_0.jpeg
1299,523.5,33.80614657210402,2.2502283105022833,0.4728132387706856,0.0045662100456621,single,fig6b,optical_mode_line,frequency_GHz,1,digitized_paper_measurement,p4_0.jpeg
1300,523.5,34.04255319148936,2.2502283105022833,0.4728132387706856,0.0045662100456621,single,fig6b,optical_mode_line,frequency_GHz,1,digitized_paper_measurement,p4_0.jpeg
1301,523.5,34.2789598108747,2.2502283105022833,0.4728132387706856,0.0045662100456621,single,fig6b,optical_mode_line,frequency_GHz,1,digitized_paper_measurement,p4_0.jpeg
1302,523.5,34.515366430260045,2.2502283105022833,0.4728132387706856,0.0045662100456621,single,fig6b,optical_mode_line,frequency_GHz,1,digitized_paper_measurement,p4_0.jpeg
1303,523.5,34.751773049645394,2.2502283105022833,0.4728132387706856,0.0045662100456621,single,fig6b,optical_mode_line,frequency_GHz,1,digitized_paper_measurement,p4_0.jpeg
1304,523.5,34.988179669030735,2.2502283105022833,0.4728132387706856,0.0045662100456621,single,fig6b,optical_mode_line,frequency_GHz,1,digitized_paper_measurement,p4_0.jpeg
1305,523.5,35.22458628841608,2.2502283105022833,0.4728132387706856,0.0045662100456621,single,fig6b,optical_mode_line,frequency_GHz,1,digitized_paper_measurement,p4_0.jpeg
1306,523.5,35.46099290780142,2.2502283105022833,0.4728132387706856,0.0045662100456621,single,fig6b,optical_mode_line,frequency_GHz,1,digitized_paper_measurement,p4_0.jpeg
1307,523.5,35.69739952718676,2.2502283105022833,0.4728132387706856,0.0045662100456621,single,fig6b,optical_mode_line,frequency_GHz,1,digitized_paper_measurement,p4_0.jpeg
1308,523.5,35.9338061465721,2.2502283105022833,0.4728132387706856,0.0045662100456621,single,fig6b,optical_mode_line,frequency_GHz,1,digitized_paper_measurement,p4_0.jpeg
1309,523.5,36.170212765957444,2.2502283105022833,0.4728132387706856,0.0045662100456621,single,fig6b,optical_mode_line,frequency_GHz,1,digitized_paper_measurement,p4_0.jpeg
1310,523.5,36.406619385342786,2.2502283105022833,0.4728132387706856,0.0045662100456621,single,fig6b,optical_mode_line,frequency_GHz,1,digitized_paper_measurement,p4_0.jpeg
1311,523.5,36.643026004728135,2.2502283105022833,0.4728132387706856,0.0045662100456621,single,fig6b,optical_mode_line,frequency_GHz,1,digitized_paper_measurement,p4_0.jpeg
1312,523.5,36.87943262411348,2.2502283105022833,0.4728132387706856,0.0045662100456621,single,fig6b,optical_mode_line,frequency_GHz,1,digitized_paper_measurement,p4_0.jpeg
1313,523.5,37.11583924349882,2.2502283105022833,0.4728132387706856,0.0045662100456621,single,fig6b,optical_mode_line,frequency_GHz,1,digitized_paper_measurement,p4_0.jpeg
1314,523.5,37.35224586288416,2.2502283105022833,0.4728132387706856,0.0045662100456621,single,fig6b,optical_mode_line,frequency_GHz,1,digitized_paper_measurement,p4_0.jpeg
1315,523.5,37.5886524822695,2.2502283105022833,0.4728132387706856,0.0045662100456621,single,fig6b,optical_mode_line,frequency_GHz,1,digitized_paper_measurement,p4_0.jpeg
1316,523.5,37.825059101654844,2.2502283105022833,0.4728132387706856,0.0045662100456621,single,fig6b,optical_mode_line,frequency_GHz,1,digitized_paper_measurement,p4_0.jpeg
1317,523.5,38.061465721040186,2.2502283105022833,0.4728132387706856,0.0045662100456621,single,fig6b,optical_mode_line,frequency_GHz,1,digitized_paper_measurement,p4_0.jpeg
1318,523.5,38.297872340425535,2.2502283105022833,0.4728132387706856,0.0045662100456621,single,fig6b,optical_mode_line,frequency_GHz,1,digitized_paper_measurement,p4_0.jpeg
1319,523.5,38.53427895981088,2.2502283105022833,0.4728132387706856,0.0045662100456621,single,fig6b,optical_mode_line,frequency_GHz,1,digitized_paper_measurement,p4_0.jpeg
1320,523.5,38.77068557919622,2.2502283105022833,0.4728132387706856,0.0045662100456621,single,fig6b,optical_mode_line,frequency_GHz,1,digitized_paper_measurement,p4_0.jpeg
1321,523.5,39.00709219858156,2.2502283105022833,0.4728132387706856,0.0045662100456621,single,fig6b,optical_mode_line,frequency_GHz,1,digitized_paper_measurement,p4_0.jpeg
1322,523.5,39.2434988179669,2.2502283105022833,0.4728132387706856,0.0045662100456621,single,fig6b,optical_mode_line,frequency_GHz,1,digitized_paper_measurement,p4_0.jpeg
1323,523.5,39.479905437352244,2.2502283105022833,0.4728132387706856,0.0045662100456621,single,fig6b,optical_mode_line,frequency_GHz,1,digitized_paper_measurement,p4_0.jpeg
1324,523.5,39.716312056737586,2.2502283105022833,0.4728132387706856,0.0045662100456621,single,fig6b,optical_mode_line,frequency_GHz,1,digitized_paper_measurement,p4_0.jpeg
1325,523.5,39.952718676122934,2.2502283105022833,0.4728132387706856,0.0045662100456621,single,fig6b,optical_mode_line,frequency_GHz,1,digitized_paper_measurement,p4_0.jpeg
1326,523.5,40.189125295508276,2.2502283105022833,0.4728132387706856,0.0045662100456621,single,fig6b,optical_mode_line,frequency_GHz,1,digitized_paper_measurement,p4_0.jpeg
1327,523.5,40.42553191489362,2.2502283105022833,0.4728132387706856,0.0045662100456621,single,fig6b,optical_mode_line,frequency_GHz,1,digitized_paper_measurement,p4_0.jpeg
1328,523.5,40.66193853427896,2.2502283105022833,0.4728132387706856,0.0045662100456621,single,fig6b,optical_mode_line,frequency_GHz,1,digitized_paper_measurement,p4_0.jpeg
1329,523.5,40.8983451536643,2.2502283105022833,0.4728132387706856,0.0045662100456621,single,fig6b,optical_mode_line,frequency_GHz,1,digitized_paper_measurement,p4_0.jpeg
1330,523.5,41.13475177304964,2.2502283105022833,0.4728132387706856,0.0045662100456621,single,fig6b,optical_mode_line,frequency_GHz,1,digitized_paper_measurement,p4_0.jpeg
1331,523.5,41.371158392434985,2.2502283105022833,0.4728132387706856,0.0045662100456621,single,fig6b,optical_mode_line,frequency_GHz,1,digitized_paper_measurement,p4_0.jpeg
1332,523.5,41.607565011820334,2.2502283105022833,0.4728132387706856,0.0045662100456621,single,fig6b,optical_mode_line,frequency_GHz,1,digitized_paper_measurement,p4_0.jpeg
1333,523.5,41.843971631205676,2.2502283105022833,0.4728132387706856,0.0045662100456621,single,fig6b,optical_mode_line,frequency_GHz,1,digitized_paper_measurement,p4_0.jpeg
1334,523.5,42.08037825059102,2.2502283105022833,0.4728132387706856,0.0045662100456621,single,fig6b,optical_mode_line,frequency_GHz,1,digitized_paper_measurement,p4_0.jpeg
1335,523.5,42.31678486997636,2.2502283105022833,0.4728132387706856,0.0045662100456621,single,fig6b,optical_mode_line,frequency_GHz,1,digitized_paper_measurement,p4_0.jpeg
1336,523.5,42.5531914893617,2.2502283105022833,0.4728132387706856,0.0045662100456621,single,fig6b,optical_mode_line,frequency_GHz,1,digitized_paper_measurement,p4_0.jpeg
1337,523.5,42.78959810874704,2.2502283105022833,0.4728132387706856,0.0045662100456621,single,fig6b,optical_mode_line,frequency_GHz,1,digitized_paper_measurement,p4_0.jpeg
1338,523.5,43.026004728132385,2.2502283105022833,0.4728132387706856,0.0045662100456621,single,fig6b,optical_mode_line,frequency_GHz,1,digitized_paper_measurement,p4_0.jpeg
1339,523.5,43.262411347517734,2.2502283105022833,0.4728132387706856,0.0045662100456621,single,fig6b,optical_mode_line,frequency_GHz,1,digitized_paper_measurement,p4_0.jpeg
1340,523.5,43.498817966903076,2.2502283105022833,0.4728132387706856,0.0045662100456621,single,fig6b,optical_mode_line,frequency_GHz,1,digitized_paper_measurement,p4_0.jpeg
1341,523.5,43.73522458628842,2.2502283105022833,0.4728132387706856,0.0045662100456621,single,fig6b,optical_mode_line,frequency_GHz,1,digitized_paper_measurement,p4_0.jpeg
1342,523.5,43.97163120567376,2.2502283105022833,0.4728132387706856,0.0045662100456621,single,fig6b,optical_mode_line,frequency_GHz,1,digitized_paper_measurement,p4_0.jpeg
1343,523.5,44.2080378250591,2.2502283105022833,0.4728132387706856,0.0045662100456621,single,fig6b,optical_mode_line,frequency_GHz,1,digitized_paper_measurement,p4_0.jpeg
1344,523.5,44.44444444444444,2.2502283105022833,0.4728132387706856,0.0045662100456621,single,fig6b,optical_mode_line,frequency_GHz,1,digitized_paper_measurement,p4_0.jpeg
1345,523.5,44.680851063829785,2.2502283105022833,0.4728132387706856,0.0045662100456621,single,fig6b,optical_mode_line,frequency_GHz,1,digitized_paper_measurement,p4_0.jpeg
1346,523.5,44.917257683215134,2.2502283105022833,0.4728132387706856,0.0045662100456621,single,fig6b,optical_mode_line,frequency_GHz,1,digitized_paper_measurement,p4_0.jpeg
1347,523.5,45.153664302600475,2.2502283105022833,0.4728132387706856,0.0045662100456621,single,fig6b,optical_mode_line,frequency_GHz,1,digitized_paper_measurement,p4_0.jpeg
1348,523.5,45.39007092198582,2.2502283105022833,0.4728132387706856,0.0045662100456621,single,fig6b,optical_mode_line,frequency_GHz,1,digitized_paper_measurement,p4_0.jpeg
1349,523.5,45.62647754137116,2.2502283105022833,0.4728132387706856,0.0045662100456621,single,fig6b,optical_mode_line,frequency_GHz,1,digitized_paper_measurement,p4_0.jpeg
1350,523.5,45.8628841607565,2.2502283105022833,0.4728132387706856,0.0045662100456621,single,fig6b,optical_mode_line,frequency_GHz,1,digitized_paper_measurement,p4_0.jpeg
1351,523.5,46.09929078014184,2.2502283105022833,0.4728132387706856,0.0045662100456621,single,fig6b,optical_mode_line,frequency_GHz,1,digitized_paper_measurement,p4_0.jpeg
1352,523.5,46.335697399527184,2.2502283105022833,0.4728132387706856,0.0045662100456621,single,fig6b,optical_mode_line,frequency_GHz,1,digitized_paper_measurement,p4_0.jpeg
1353,523.5,46.572104018912526,2.2502283105022833,0.4728132387706856,0.0045662100456621,single,fig6b,optical_mode_line,frequency_GHz,1,digitized_paper_measurement,p4_0.jpeg
1354,523.5,46.808510638297875,2.2502283105022833,0.4728132387706856,0.0045662100456621,single,fig6b,optical_mode_line,frequency_GHz,1,digitized_paper_measurement,p4_0.jpeg
1355,523.5,47.04491725768322,2.2502283105022833,0.4728132387706856,0.0045662100456621,single,fig6b,optical_mode_line,frequency_GHz,1,digitized_paper_measurement,p4_0.jpeg
1356,523.5,47.28132387706856,2.2502283105022833,0.4728132387706856,0.0045662100456621,single,fig6b,optical_mode_line,frequency_GHz,1,digitized_paper_measurement,p4_0.jpeg
1357,523.5,47.5177304964539,2.2502283105022833,0.4728132387706856,0.0045662100456621,single,fig6b,optical_mode_line,frequency_GHz,1,digitized_paper_measurement,p4_0.jpeg
1358,523.5,47.75413711583924,2.2502283105022833,0.4728132387706856,0.0045662100456621,single,fig6b,optical_mode_line,frequency_GHz,1,digitized_paper_measurement,p4_0.jpeg
1359,523.5,47.990543735224584,2.2502283105022833,0.4728132387706856,0.0045662100456621,single,fig6b,optical_mode_line,frequency_GHz,1,digitized_paper_measurement,p4_0.jpeg
1360,523.5,48.226950354609926,2.2502283105022833,0.4728132387706856,0.0045662100456621,single,fig6b,optical_mode_line,frequency_GHz,1,digitized_paper_measurement,p4_0.jpeg
1361,523.5,48.463356973995275,2.2502283105022833,0.4728132387706856,0.0045662100456621,single,fig6b,optical_mode_line,frequency_GHz,1,digitized_paper_measurement,p4_0.jpeg
1362,523.5,48.69976359338062,2.2502283105022833,0.4728132387706856,0.0045662100456621,single,fig6b,optical_mode_line,frequency_GHz,1,digitized_paper_measurement,p4_0.jpeg
1363,523.5,48.93617021276596,2.2502283105022833,0.4728132387706856,0.0045662100456621,single,fig6b,optical_mode_line,frequency_GHz,1,digitized_paper_measurement,p4_0.jpeg
1364,523.5,49.1725768321513,2.2502283105022833,0.4728132387706856,0.0045662100456621,single,fig6b,optical_mode_line,frequency_GHz,1,digitized_paper_measurement,p4_0.jpeg
1365,523.5,49.40898345153664,2.2502283105022833,0.4728132387706856,0.0045662100456621,single,fig6b,optical_mode_line,frequency_GHz,1,digitized_paper_measurement,p4_0.jpeg
1366,523.5,49.645390070921984,2.2502283105022833,0.4728132387706856,0.0045662100456621,single,fig6b,optical_mode_line,frequency_GHz,1,digitized_paper_measurement,p4_0.jpeg
1367,523.5,49.881796690307326,2.2502283105022833,0.4728132387706856,0.0045662100456621,single,fig6b,optical_mode_line,frequency_GHz,1,digitized_paper_measurement,p4_0.jpeg
1368,523.5,50.118203309692674,2.2502283105022833,0.4728132387706856,0.0045662100456621,single,fig6b,optical_mode_line,frequency_GHz,1,digitized_paper_measurement,p4_0.jpeg
1369,523.5,50.354609929078016,2.2502283105022833,0.4728132387706856,0.0045662100456621,single,fig6b,optical_mode_line,frequency_GHz,1,digitized_paper_measurement,p4_0.jpeg
1370,523.5,50.59101654846336,2.2502283105022833,0.4728132387706856,0.0045662100456621,single,fig6b,optical_mode_line,frequency_GHz,1,digitized_paper_measurement,p4_0.jpeg
1371,523.5,50.8274231678487,2.2502283105022833,0.4728132387706856,0.0045662100456621,single,fig6b,optical_mode_line,frequency_GHz,1,digitized_paper_measurement,p4_0.jpeg
1372,523.5,51.06382978723404,2.2502283105022833,0.4728132387706856,0.0045662100456621,single,fig6b,optical_mode_line,frequency_GHz,1,digitized_paper_measurement,p4_0.jpeg
1373,523.5,51.30023640661938,2.2502283105022833,0.4728132387706856,0.0045662100456621,single,fig6b,optical_mode_line,frequency_GHz,1,digitized_paper_measurement,p4_0.jpeg
1374,523.5,51.536643026004725,2.2502283105022833,0.4728132387706856,0.0045662100456621,single,fig6b,optical_mode_line,frequency_GHz,1,digitized_paper_measurement,p4_0.jpeg
1375,523.5,51.773049645390074,2.2502283105022833,0.4728132387706856,0.0045662100456621,single,fig6b,optical_mode_line,frequency_GHz,1,digitized_paper_measurement,p4_0.jpeg
1376,523.5,52.009456264775416,2.2502283105022833,0.4728132387706856,0.0045662100456621,single,fig6b,optical_mode_line,frequency_GHz,1,digitized_paper_measurement,p4_0.jpeg
1377,523.5,52.24586288416076,2.2502283105022833,0.4728132387706856,0.0045662100456621,single,fig6b,optical_mode_line,frequency_GHz,1,digitized_paper_measurement,p4_0.jpeg
1378,523.5,52.4822695035461,2.2502283105022833,0.4728132387706856,0.0045662100456621,single,fig6b,optical_mode_line,frequency_GHz,1,digitized_paper_measurement,p4_0.jpeg
1379,523.5,52.71867612293144,2.2502283105022833,0.4728132387706856,0.0045662100456621,single,fig6b,optical_mode_line,frequency_GHz,1,digitized_paper_measurement,p4_0.jpeg
1380,523.5,52.95508274231678,2.2502283105022833,0.4728132387706856,0.0045662100456621,single,fig6b,optical_mode_line,frequency_GHz,1,digitized_paper_measurement,p4_0.jpeg
1381,523.5,53.191489361702125,2.2502283105022833,0.4728132387706856,0.0045662100456621,single,fig6b,optical_mode_line,frequency_GHz,1,digitized_paper_measurement,p4_0.jpeg
1382,523.5,53.427895981087474,2.2502283105022833,0.4728132387706856,0.0045662100456621,single,fig6b,optical_mode_line,frequency_GHz,1,digitized_paper_measurement,p4_0.jpeg
1383,523.5,53.664302600472816,2.2502283105022833,0.4728132387706856,0.0045662100456621,single,fig6b,optical_mode_line,frequency_GHz,1,digitized_paper_measurement,p4_0.jpeg
1384,523.5,53.90070921985816,2.2502283105022833,0.4728132387706856,0.0045662100456621,single,fig6b,optical_mode_line,frequency_GHz,1,digitized_paper_measurement,p4_0.jpeg
1385,523.5,54.1371158392435,2.2502283105022833,0.4728132387706856,0.0045662100456621,single,fig6b,optical_mode_line,frequency_GHz,1,digitized_paper_measurement,p4_0.jpeg
1386,523.5,54.37352245862884,2.2502283105022833,0.4728132387706856,0.0045662100456621,single,fig6b,optical_mode_line,frequency_GHz,1,digitized_paper_measurement,p4_0.jpeg
1387,523.5,54.60992907801418,2.2502283105022833,0.4728132387706856,0.0045662100456621,single,fig6b,optical_mode_line,frequency_GHz,1,digitized_paper_measurement,p4_0.jpeg
1388,523.5,54.846335697399525,2.2502283105022833,0.4728132387706856,0.0045662100456621,single,fig6b,optical_mode_line,frequency_GHz,1,digitized_paper_measurement,p4_0.jpeg
1389,523.5,55.082742316784866,2.2502283105022833,0.4728132387706856,0.0045662100456621,single,fig6b,optical_mode_line,frequency_GHz,1,digitized_paper_measurement,p4_0.jpeg
1390,523.5,55.319148936170215,2.2502283105022833,0.4728132387706856,0.0045662100456621,single,fig6b,optical_mode_line,frequency_GHz,1,digitized_paper_measurement,p4_0.jpeg
1391,523.5,55.55555555555556,2.2502283105022833,0.4728132387706856,0.0045662100456621,single,fig6b,optical_mode_line,frequency_GHz,1,digitized_paper_measurement,p4_0.jpeg
1392,523.5,55.7919621749409,2.2502283105022833,0.4728132387706856,0.0045662100456621,single,fig6b,optical_mode_line,frequency_GHz,1,digitized_paper_measurement,p4_0.jpeg
1393,523.5,56.02836879432624,2.2502283105022833,0.4728132387706856,0.0045662100456621,single,fig6b,optical_mode_line,frequency_GHz,1,digitized_paper_measurement,p4_0.jpeg
1394,523.5,56.26477541371158,2.2502283105022833,0.4728132387706856,0.0045662100456621,single,fig6b,optical_mode_line,frequency_GHz,1,digitized_paper_measurement,p4_0.jpeg
1395,523.5,56.501182033096924,2.2502283105022833,0.4728132387706856,0.0045662100456621,single,fig6b,optical_mode_line,frequency_GHz,1,digitized_paper_measurement,p4_0.jpeg
1396,523.5,56.737588652482266,2.2502283105022833,0.4728132387706856,0.0045662100456621,single,fig6b,optical_mode_line,frequency_GHz,1,digitized_paper_measurement,p4_0.jpeg
1397,523.5,56.973995271867615,2.2502283105022833,0.4728132387706856,0.0045662100456621,single,fig6b,optical_mode_line,frequency_GHz,1,digitized_paper_measurement,p4_0.jpeg
1398,523.5,57.21040189125296,2.2502283105022833,0.4728132387706856,0.0045662100456621,single,fig6b,optical_mode_line,frequency_GHz,1,digitized_paper_measurement,p4_0.jpeg
1399,523.5,57.4468085106383,2.2502283105022833,0.4728132387706856,0.0045662100456621,single,fig6b,optical_mode_line,frequency_GHz,1,digitized_paper_measurement,p4_0.jpeg
1400,523.5,57.68321513002364,2.2502283105022833,0.4728132387706856,0.0045662100456621,single,fig6b,optical_mode_line,frequency_GHz,1,digitized_paper_measurement,p4_0.jpeg
1401,523.5,57.91962174940898,2.2502283105022833,0.4728132387706856,0.0045662100456621,single,fig6b,optical_mode_line,frequency_GHz,1,digitized_paper_measurement,p4_0.jpeg
1402,523.5,58.156028368794324,2.2502283105022833,0.4728132387706856,0.0045662100456621,single,fig6b,optical_mode_line,frequency_GHz,1,digitized_paper_measurement,p4_0.jpeg
1403,523.5,58.392434988179666,2.2502283105022833,0.4728132387706856,0.0045662100456621,single,fig6b,optical_mode_line,frequency_GHz,1,digitized_paper_measurement,p4_0.jpeg
1404,523.5,58.628841607565015,2.2502283105022833,0.4728132387706856,0.0045662100456621,single,fig6b,optical_mode_line,frequency_GHz,1,digitized_paper_measurement,p4_0.jpeg
1405,523.5,58.86524822695036,2.2502283105022833,0.4728132387706856,0.0045662100456621,single,fig6b,optical_mode_line,frequency_GHz,1,digitized_paper_measurement,p4_0.jpeg
1406,523.5,59.1016548463357,2.2502283105022833,0.4728132387706856,0.0045662100456621,single,fig6b,optical_mode_line,frequency_GHz,1,digitized_paper_measurement,p4_0.jpeg
1407,523.0,59.33806146572104,2.2511415525114153,0.4728132387706856,0.0036529680365296802,single,fig6b,optical_mode_line,frequency_GHz,1,digitized_paper_measurement,p4_0.jpeg
1408,523.0,59.57446808510638,2.2511415525114153,0.4728132387706856,0.0036529680365296802,single,fig6b,optical_mode_line,frequency_GHz,1,digitized_paper_measurement,p4_0.jpeg
1409,523.0,59.810874704491724,2.2511415525114153,0.4728132387706856,0.0036529680365296802,single,fig6b,optical_mode_line,frequency_GHz,1,digitized_paper_measurement,p4_0.jpeg
1410,523.0,60.047281323877066,2.2511415525114153,0.4728132387706856,0.0036529680365296802,single,fig6b,optical_mode_line,frequency_GHz,1,digitized_paper_measurement,p4_0.jpeg
1411,523.0,60.283687943262414,2.2511415525114153,0.4728132387706856,0.0036529680365296802,single,fig6b,optical_mode_line,frequency_GHz,1,digitized_paper_measurement,p4_0.jpeg
1412,523.0,60.520094562647756,2.2511415525114153,0.4728132387706856,0.0036529680365296802,single,fig6b,optical_mode_line,frequency_GHz,1,digitized_paper_measurement,p4_0.jpeg
1413,523.0,60.7565011820331,2.2511415525114153,0.4728132387706856,0.0036529680365296802,single,fig6b,optical_mode_line,frequency_GHz,1,digitized_paper_measurement,p4_0.jpeg
1414,523.0,60.99290780141844,2.2511415525114153,0.4728132387706856,0.0036529680365296802,single,fig6b,optical_mode_line,frequency_GHz,1,digitized_paper_measurement,p4_0.jpeg
1415,523.0,61.22931442080378,2.2511415525114153,0.4728132387706856,0.0036529680365296802,single,fig6b,optical_mode_line,frequency_GHz,1,digitized_paper_measurement,p4_0.jpeg
1416,523.0,61.46572104018912,2.2511415525114153,0.4728132387706856,0.0036529680365296802,single,fig6b,optical_mode_line,frequency_GHz,1,digitized_paper_measurement,p4_0.jpeg
1417,523.0,61.702127659574465,2.2511415525114153,0.4728132387706856,0.0036529680365296802,single,fig6b,optical_mode_line,frequency_GHz,1,digitized_paper_measurement,p4_0.jpeg
1418,523.0,61.938534278959814,2.2511415525114153,0.4728132387706856,0.0036529680365296802,single,fig6b,optical_mode_line,frequency_GHz,1,digitized_paper_measurement,p4_0.jpeg
1419,523.0,62.174940898345156,2.2511415525114153,0.4728132387706856,0.0036529680365296802,single,fig6b,optical_mode_line,frequency_GHz,1,digitized_paper_measurement,p4_0.jpeg
1420,523.0,62.4113475177305,2.2511415525114153,0.4728132387706856,0.0036529680365296802,single,fig6b,optical_mode_line,frequency_GHz,1,digitized_paper_measurement,p4_0.jpeg
1421,523.0,62.64775413711584,2.2511415525114153,0.4728132387706856,0.0036529680365296802,single,fig6b,optical_mode_line,frequency_GHz,1,digitized_paper_measurement,p4_0.jpeg
1422,523.0,62.88416075650118,2.2511415525114153,0.4728132387706856,0.0036529680365296802,single,fig6b,optical_mode_line,frequency_GHz,1,digitized_paper_measurement,p4_0.jpeg
1423,523.5,63.12056737588652,2.2502283105022833,0.4728132387706856,0.0045662100456621,single,fig6b,optical_mode_line,frequency_GHz,1,digitized_paper_measurement,p4_0.jpeg
1424,523.5,63.356973995271865,2.2502283105022833,0.4728132387706856,0.0045662100456621,single,fig6b,optical_mode_line,frequency_GHz,1,digitized_paper_measurement,p4_0.jpeg
1425,523.5,63.593380614657214,2.2502283105022833,0.4728132387706856,0.0045662100456621,single,fig6b,optical_mode_line,frequency_GHz,1,digitized_paper_measurement,p4_0.jpeg
1426,523.5,63.829787234042556,2.2502283105022833,0.4728132387706856,0.0045662100456621,single,fig6b,optical_mode_line,frequency_GHz,1,digitized_paper_measurement,p4_0.jpeg
1427,523.0,64.06619385342789,2.2511415525114153,0.4728132387706856,0.005479452054794521,single,fig6b,optical_mode_line,frequency_GHz,1,digitized_paper_measurement,p4_0.jpeg
1428,523.0,64.30260047281324,2.2511415525114153,0.4728132387706856,0.005479452054794521,single,fig6b,optical_mode_line,frequency_GHz,1,digitized_paper_measurement,p4_0.jpeg
1429,523.5,64.53900709219859,2.2502283105022833,0.4728132387706856,0.0045662100456621,single,fig6b,optical_mode_line,frequency_GHz,1,digitized_paper_measurement,p4_0.jpeg
1430,523.5,64.77541371158392,2.2502283105022833,0.4728132387706856,0.0045662100456621,single,fig6b,optical_mode_line,frequency_GHz,1,digitized_paper_measurement,p4_0.jpeg
1431,523.5,65.01182033096927,2.2502283105022833,0.4728132387706856,0.0045662100456621,single,fig6b,optical_mode_line,frequency_GHz,1,digitized_paper_measurement,p4_0.jpeg
1432,523.5,65.2482269503546,2.2502283105022833,0.4728132387706856,0.0045662100456621,single,fig6b,optical_mode_line,frequency_GHz,1,digitized_paper_measurement,p4_0.jpeg
1433,523.5,65.48463356973996,2.2502283105022833,0.4728132387706856,0.0045662100456621,single,fig6b,optical_mode_line,frequency_GHz,1,digitized_paper_measurement,p4_0.jpeg
1434,523.5,65.72104018912529,2.2502283105022833,0.4728132387706856,0.0045662100456621,single,fig6b,optical_mode_line,frequency_GHz,1,digitized_paper_measurement,p4_0.jpeg
1435,523.5,65.95744680851064,2.2502283105022833,0.4728132387706856,0.0045662100456621,single,fig6b,optical_mode_line,frequency_GHz,1,digitized_paper_measurement,p4_0.jpeg
1436,523.5,66.19385342789599,2.2502283105022833,0.4728132387706856,0.0045662100456621,single,fig6b,optical_mode_line,frequency_GHz,1,digitized_paper_measurement,p4_0.jpeg
1437,523.5,66.43026004728132,2.2502283105022833,0.4728132387706856,0.0045662100456621,single,fig6b,optical_mode_line,frequency_GHz,1,digitized_paper_measurement,p4_0.jpeg
1438,523.5,66.66666666666667,2.2502283105022833,0.4728132387706856,0.0045662100456621,single,fig6b,optical_mode_line,frequency_GHz,1,digitized_paper_measurement,p4_0.jpeg
1439,523.5,66.903073286052,2.2502283105022833,0.4728132387706856,0.0045662100456621,single,fig6b,optical_mode_line,frequency_GHz,1,digitized_paper_measurement,p4_0.jpeg
1440,523.5,67.13947990543736,2.2502283105022833,0.4728132387706856,0.0045662100456621,single,fig6b,optical_mode_line,frequency_GHz,1,digitized_paper_measurement,p4_0.jpeg
1441,523.5,67.37588652482269,2.2502283105022833,0.4728132387706856,0.0045662100456621,single,fig6b,optical_mode_line,frequency_GHz,1,digitized_paper_measurement,p4_0.jpeg
1442,523.5,67.61229314420804,2.2502283105022833,0.4728132387706856,0.0045662100456621,single,fig6b,optical_mode_line,frequency_GHz,1,digitized_paper_measurement,p4_0.jpeg
1443,523.5,67.84869976359339,2.2502283105022833,0.4728132387706856,0.0045662100456621,single,fig6b,optical_mode_line,frequency_GHz,1,digitized_paper_measurement,p4_0.jpeg
1444,523.5,68.08510638297872,2.2502283105022833,0.4728132387706856,0.0045662100456621,single,fig6b,optical_mode_line,frequency_GHz,1,digitized_paper_measurement,p4_0.jpeg
1445,523.5,68.32151300236407,2.2502283105022833,0.4728132387706856,0.0045662100456621,single,fig6b,optical_mode_line,frequency_GHz,1,digitized_paper_measurement,p4_0.jpeg
1446,523.5,68.5579196217494,2.2502283105022833,0.4728132387706856,0.0045662100456621,single,fig6b,optical_mode_line,frequency_GHz,1,digitized_paper_measurement,p4_0.jpeg
1447,523.5,68.79432624113475,2.2502283105022833,0.4728132387706856,0.0045662100456621,single,fig6b,optical_mode_line,frequency_GHz,1,digitized_paper_measurement,p4_0.jpeg
1448,523.5,69.03073286052009,2.2502283105022833,0.4728132387706856,0.0045662100456621,single,fig6b,optical_mode_line,frequency_GHz,1,digitized_paper_measurement,p4_0.jpeg
1449,523.5,69.26713947990544,2.2502283105022833,0.4728132387706856,0.0045662100456621,single,fig6b,optical_mode_line,frequency_GHz,1,digitized_paper_measurement,p4_0.jpeg
1450,523.5,69.50354609929079,2.2502283105022833,0.4728132387706856,0.0045662100456621,single,fig6b,optical_mode_line,frequency_GHz,1,digitized_paper_measurement,p4_0.jpeg
1451,523.5,69.73995271867612,2.2502283105022833,0.4728132387706856,0.0045662100456621,single,fig6b,optical_mode_line,frequency_GHz,1,digitized_paper_measurement,p4_0.jpeg
1452,523.5,69.97635933806147,2.2502283105022833,0.4728132387706856,0.0045662100456621,single,fig6b,optical_mode_line,frequency_GHz,1,digitized_paper_measurement,p4_0.jpeg
1453,523.5,70.2127659574468,2.2502283105022833,0.4728132387706856,0.0045662100456621,single,fig6b,optical_mode_line,frequency_GHz,1,digitized_paper_measurement,p4_0.jpeg
1454,523.5,70.44917257683215,2.2502283105022833,0.4728132387706856,0.0045662100456621,single,fig6b,optical_mode_line,frequency_GHz,1,digitized_paper_measurement,p4_0.jpeg
1455,523.5,70.68557919621749,2.2502283105022833,0.4728132387706856,0.0045662100456621,single,fig6b,optical_mode_line,frequency_GHz,1,digitized_paper_measurement,p4_0.jpeg
1456,523.5,70.92198581560284,2.2502283105022833,0.4728132387706856,0.0045662100456621,single,fig6b,optical_mode_line,frequency_GHz,1,digitized_paper_measurement,p4_0.jpeg
1457,523.5,71.15839243498817,2.2502283105022833,0.4728132387706856,0.0045662100456621,single,fig6b,optical_mode_line,frequency_GHz,1,digitized_paper_measurement,p4_0.jpeg
1458,523.5,71.39479905437352,2.2502283105022833,0.4728132387706856,0.0045662100456621,single,fig6b,optical_mode_line,frequency_GHz,1,digitized_paper_measurement,p4_0.jpeg
1459,523.5,71.63120567375887,2.2502283105022833,0.4728132387706856,0.0045662100456621,single,fig6b,optical_mode_line,frequency_GHz,1,digitized_paper_measurement,p4_0.jpeg
1460,523.5,71.8676122931442,2.2502283105022833,0.4728132387706856,0.0045662100456621,single,fig6b,optical_mode_line,frequency_GHz,1,digitized_paper_measurement,p4_0.jpeg
1461,523.5,72.10401891252955,2.2502283105022833,0.4728132387706856,0.0045662100456621,single,fig6b,optical_mode_line,frequency_GHz,1,digitized_paper_measurement,p4_0.jpeg
1462,523.5,72.34042553191489,2.2502283105022833,0.4728132387706856,0.0045662100456621,single,fig6b,optical_mode_line,frequency_GHz,1,digitized_paper_measurement,p4_0.jpeg
1463,523.5,72.57683215130024,2.2502283105022833,0.4728132387706856,0.0045662100456621,single,fig6b,optical_mode_line,frequency_GHz,1,digitized_paper_measurement,p4_0.jpeg
1464,523.5,72.81323877068557,2.2502283105022833,0.4728132387706856,0.0045662100456621,single,fig6b,optical_mode_line,frequency_GHz,1,digitized_paper_measurement,p4_0.jpeg
1465,523.5,73.04964539007092,2.2502283105022833,0.4728132387706856,0.0045662100456621,single,fig6b,optical_mode_line,frequency_GHz,1,digitized_paper_measurement,p4_0.jpeg
1466,523.0,73.28605200945627,2.2511415525114153,0.4728132387706856,0.005479452054794521,single,fig6b,optical_mode_line,frequency_GHz,1,digitized_paper_measurement,p4_0.jpeg
1467,523.0,73.5224586288416,2.2511415525114153,0.4728132387706856,0.005479452054794521,single,fig6b,optical_mode_line,frequency_GHz,1,digitized_paper_measurement,p4_0.jpeg
1468,523.0,73.75886524822695,2.2511415525114153,0.4728132387706856,0.005479452054794521,single,fig6b,optical_mode_line,frequency_GHz,1,digitized_paper_measurement,p4_0.jpeg
1469,523.5,73.99527186761229,2.2502283105022833,0.4728132387706856,0.0045662100456621,single,fig6b,optical_mode_line,frequency_GHz,1,digitized_paper_measurement,p4_0.jpeg
1470,523.5,74.23167848699764,2.2502283105022833,0.4728132387706856,0.0045662100456621,single,fig6b,optical_mode_line,frequency_GHz,1,digitized_paper_measurement,p4_0.jpeg
1471,523.0,74.46808510638297,2.2511415525114153,0.4728132387706856,0.0036529680365296802,single,fig6b,optical_mode_line,frequency_GHz,1,digitized_paper_measurement,p4_0.jpeg
1472,523.0,74.70449172576832,2.2511415525114153,0.4728132387706856,0.0036529680365296802,single,fig6b,optical_mode_line,frequency_GHz,1,digitized_paper_measurement,p4_0.jpeg
1473,523.0,74.94089834515367,2.2511415525114153,0.4728132387706856,0.0036529680365296802,single,fig6b,optical_mode_line,frequency_GHz,1,digitized_paper_measurement,p4_0.jpeg
1474,523.5,75.177304964539,2.2502283105022833,0.4728132387706856,0.0045662100456621,single,fig6b,optical_mode_line,frequency_GHz,1,digitized_paper_measurement,p4_0.jpeg
1475,523.5,75.41371158392435,2.2502283105022833,0.4728132387706856,0.0045662100456621,single,fig6b,optical_mode_line,frequency_GHz,1,digitized_paper_measurement,p4_0.jpeg
1476,523.5,75.65011820330969,2.2502283105022833,0.4728132387706856,0.0045662100456621,single,fig6b,optical_mode_line,frequency_GHz,1,digitized_paper_measurement,p4_0.jpeg
1477,523.5,75.88652482269504,2.2502283105022833,0.4728132387706856,0.0045662100456621,single,fig6b,optical_mode_line,frequency_GHz,1,digitized_paper_measurement,p4_0.jpeg
1478,523.5,76.12293144208037,2.2502283105022833,0.4728132387706856,0.0045662100456621,single,fig6b,optical_mode_line,frequency_GHz,1,digitized_paper_measurement,p4_0.jpeg
1479,523.5,76.35933806146572,2.2502283105022833,0.4728132387706856,0.0045662100456621,single,fig6b,optical_mode_line,frequency_GHz,1,digitized_paper_measurement,p4_0.jpeg
1480,523.5,76.59574468085107,2.2502283105022833,0.4728132387706856,0.0045662100456621,single,fig6b,optical_mode_line,frequency_GHz,1,digitized_paper_measurement,p4_0.jpeg
1481,523.5,76.8321513002364,2.2502283105022833,0.4728132387706856,0.0045662100456621,single,fig6b,optical_mode_line,frequency_GHz,1,digitized_paper_measurement,p4_0.jpeg
1482,523.5,77.06855791962175,2.2502283105022833,0.4728132387706856,0.0045662100456621,single,fig6b,optical_mode_line,frequency_GHz,1,digitized_paper_measurement,p4_0.jpeg
1483,523.5,77.30496453900709,2.2502283105022833,0.4728132387706856,0.0045662100456621,single,fig6b,optical_mode_line,frequency_GHz,1,digitized_paper_measurement,p4_0.jpeg
1484,523.5,77.54137115839244,2.2502283105022833,0.4728132387706856,0.0045662100456621,single,fig6b,optical_mode_line,frequency_GHz,1,digitized_paper_measurement,p4_0.jpeg
1485,523.5,77.77777777777777,2.2502283105022833,0.4728132387706856,0.0045662100456621,single,fig6b,optical_mode_line,frequency_GHz,1,digitized_paper_measurement,p4_0.jpeg
1486,523.5,78.01418439716312,2.2502283105022833,0.4728132387706856,0.0045662100456621,single,fig6b,optical_mode_line,frequency_GHz,1,digitized_paper_measurement,p4_0.jpeg
1487,523.5,78.25059101654847,2.2502283105022833,0.4728132387706856,0.0045662100456621,single,fig6b,optical_mode_line,frequency_GHz,1,digitized_paper_measurement,p4_0.jpeg
1488,523.5,78.4869976359338,2.2502283105022833,0.4728132387706856,0.0045662100456621,single,fig6b,optical_mode_line,frequency_GHz,1,digitized_paper_measurement,p4_0.jpeg
1489,523.5,78.72340425531915,2.2502283105022833,0.4728132387706856,0.0045662100456621,single,fig6b,optical_mode_line,frequency_GHz,1,digitized_paper_measurement,p4_0.jpeg
1490,523.5,78.95981087470449,2.2502283105022833,0.4728132387706856,0.0045662100456621,single,fig6b,optical_mode_line,frequency_GHz,1,digitized_paper_measurement,p4_0.jpeg
1491,523.5,79.19621749408984,2.2502283105022833,0.4728132387706856,0.0045662100456621,single,fig6b,optical_mode_line,frequency_GHz,1,digitized_paper_measurement,p4_0.jpeg
1492,523.5,79.43262411347517,2.2502283105022833,0.4728132387706856,0.0045662100456621,single,fig6b,optical_mode_line,frequency_GHz,1,digitized_paper_measurement,p4_0.jpeg
1493,523.5,79.66903073286052,2.2502283105022833,0.4728132387706856,0.0045662100456621,single,fig6b,optical_mode_line,frequency_GHz,1,digitized_paper_measurement,p4_0.jpeg
1494,523.5,79.90543735224587,2.2502283105022833,0.4728132387706856,0.0045662100456621,single,fig6b,optical_mode_line,frequency_GHz,1,digitized_paper_measurement,p4_0.jpeg
1495,523.5,80.1418439716312,2.2502283105022833,0.4728132387706856,0.0045662100456621,single,fig6b,optical_mode_line,frequency_GHz,1,digitized_paper_measurement,p4_0.jpeg
1496,523.5,80.37825059101655,2.2502283105022833,0.4728132387706856,0.0045662100456621,single,fig6b,optical_mode_line,frequency_GHz,1,digitized_paper_measurement,p4_0.jpeg
1497,523.5,80.61465721040189,2.2502283105022833,0.4728132387706856,0.0045662100456621,single,fig6b,optical_mode_line,frequency_GHz,1,digitized_paper_measurement,p4_0.jpeg
1498,523.5,80.85106382978724,2.2502283105022833,0.4728132387706856,0.0045662100456621,single,fig6b,optical_mode_line,frequency_GHz,1,digitized_paper_measurement,p4_0.jpeg
1499,523.5,81.08747044917257,2.2502283105022833,0.4728132387706856,0.0045662100456621,single,fig6b,optical_mode_line,frequency_GHz,1,digitized_paper_measurement,p4_0.jpeg
1500,523.5,81.32387706855792,2.2502283105022833,0.4728132387706856,0.0045662100456621,single,fig6b,optical_mode_line,frequency_GHz,1,digitized_paper_measurement,p4_0.jpeg
1501,523.5,81.56028368794327,2.2502283105022833,0.4728132387706856,0.0045662100456621,single,fig6b,optical_mode_line,frequency_GHz,1,digitized_paper_measurement,p4_0.jpeg
1502,523.5,81.7966903073286,2.2502283105022833,0.4728132387706856,0.0045662100456621,single,fig6b,optical_mode_line,frequency_GHz,1,digitized_paper_measurement,p4_0.jpeg
1503,523.5,82.03309692671395,2.2502283105022833,0.4728132387706856,0.0045662100456621,single,fig6b,optical_mode_line,frequency_GHz,1,digitized_paper_measurement,p4_0.jpeg
1504,523.5,82.26950354609929,2.2502283105022833,0.4728132387706856,0.0045662100456621,single,fig6b,optical_mode_line,frequency_GHz,1,digitized_paper_measurement,p4_0.jpeg
1505,523.5,82.50591016548464,2.2502283105022833,0.4728132387706856,0.0045662100456621,single,fig6b,optical_mode_line,frequency_GHz,1,digitized_paper_measurement,p4_0.jpeg
1506,523.5,82.74231678486997,2.2502283105022833,0.4728132387706856,0.0045662100456621,single,fig6b,optical_mode_line,frequency_GHz,1,digitized_paper_measurement,p4_0.jpeg
1507,523.5,82.97872340425532,2.2502283105022833,0.4728132387706856,0.0045662100456621,single,fig6b,optical_mode_line,frequency_GHz,1,digitized_paper_measurement,p4_0.jpeg
1508,523.5,83.21513002364067,2.2502283105022833,0.4728132387706856,0.0045662100456621,single,fig6b,optical_mode_line,frequency_GHz,1,digitized_paper_measurement,p4_0.jpeg
1509,523.5,83.451536643026,2.2502283105022833,0.4728132387706856,0.0045662100456621,single,fig6b,optical_mode_line,frequency_GHz,1,digitized_paper_measurement,p4_0.jpeg
1510,523.5,83.68794326241135,2.2502283105022833,0.4728132387706856,0.0045662100456621,single,fig6b,optical_mode_line,frequency_GHz,1,digitized_paper_measurement,p4_0.jpeg
1511,523.5,83.92434988179669,2.2502283105022833,0.4728132387706856,0.0045662100456621,single,fig6b,optical_mode_line,frequency_GHz,1,digitized_paper_measurement,p4_0.jpeg
1512,523.5,84.16075650118204,2.2502283105022833,0.4728132387706856,0.0045662100456621,single,fig6b,optical_mode_line,frequency_GHz,1,digitized_paper_measurement,p4_0.jpeg
1513,523.5,84.39716312056737,2.2502283105022833,0.4728132387706856,0.0045662100456621,single,fig6b,optical_mode_line,frequency_GHz,1,digitized_paper_measurement,p4_0.jpeg
1514,523.5,84.63356973995272,2.2502283105022833,0.4728132387706856,0.0045662100456621,single,fig6b,optical_mode_line,frequency_GHz,1,digitized_paper_measurement,p4_0.jpeg
1515,523.5,84.86997635933807,2.2502283105022833,0.4728132387706856,0.0045662100456621,single,fig6b,optical_mode_line,frequency_GHz,1,digitized_paper_measurement,p4_0.jpeg
1516,523.5,85.1063829787234,2.2502283105022833,0.4728132387706856,0.0045662100456621,single,fig6b,optical_mode_line,frequency_GHz,1,digitized_paper_measurement,p4_0.jpeg
1517,523.5,85.34278959810875,2.2502283105022833,0.4728132387706856,0.0045662100456621,single,fig6b,optical_mode_line,frequency_GHz,1,digitized_paper_measurement,p4_0.jpeg
1518,523.5,85.57919621749409,2.2502283105022833,0.4728132387706856,0.0045662100456621,single,fig6b,optical_mode_line,frequency_GHz,1,digitized_paper_measurement,p4_0.jpeg
1519,523.5,85.81560283687944,2.2502283105022833,0.4728132387706856,0.0045662100456621,single,fig6b,optical_mode_line,frequency_GHz,1,digitized_paper_measurement,p4_0.jpeg
1520,523.5,86.05200945626477,2.2502283105022833,0.4728132387706856,0.0045662100456621,single,fig6b,optical_mode_line,frequency_GHz,1,digitized_paper_measurement,p4_0.jpeg
1521,523.5,86.28841607565012,2.2502283105022833,0.4728132387706856,0.0045662100456621,single,fig6b,optical_mode_line,frequency_GHz,1,digitized_paper_measurement,p4_0.jpeg
1522,523.5,86.52482269503547,2.2502283105022833,0.4728132387706856,0.0045662100456621,single,fig6b,optical_mode_line,frequency_GHz,1,digitized_paper_measurement,p4_0.jpeg
1523,523.5,86.7612293144208,2.2502283105022833,0.4728132387706856,0.0045662100456621,single,fig6b,optical_mode_line,frequency_GHz,1,digitized_paper_measurement,p4_0.jpeg
1524,523.5,86.99763593380615,2.2502283105022833,0.4728132387706856,0.0045662100456621,single,fig6b,optical_mode_line,frequency_GHz,1,digitized_paper_measurement,p4_0.jpeg
1525,523.5,87.23404255319149,2.2502283105022833,0.4728132387706856,0.0045662100456621,single,fig6b,optical_mode_line,frequency_GHz,1,digitized_paper_measurement,p4_0.jpeg
1526,523.5,87.47044917257683,2.2502283105022833,0.4728132387706856,0.0045662100456621,single,fig6b,optical_mode_line,frequency_GHz,1,digitized_paper_measurement,p4_0.jpeg
1527,523.5,87.70685579196217,2.2502283105022833,0.4728132387706856,0.0045662100456621,single,fig6b,optical_mode_line,frequency_GHz,1,digitized_paper_measurement,p4_0.jpeg
1528,523.5,87.94326241134752,2.2502283105022833,0.4728132387706856,0.0045662100456621,single,fig6b,optical_mode_line,frequency_GHz,1,digitized_paper_measurement,p4_0.jpeg
1529,523.5,88.17966903073287,2.2502283105022833,0.4728132387706856,0.0045662100456621,single,fig6b,optical_mode_line,frequency_GHz,1,digitized_paper_measurement,p4_0.jpeg
1530,523.5,88.4160756501182,2.2502283105022833,0.4728132387706856,0.0045662100456621,single,fig6b,optical_mode_line,frequency_GHz,1,digitized_paper_measurement,p4_0.jpeg
1531,523.5,88.65248226950355,2.2502283105022833,0.4728132387706856,0.0045662100456621,single,fig6b,optical_mode_line,frequency_GHz,1,digitized_paper_measurement,p4_0.jpeg
1532,523.5,88.88888888888889,2.2502283105022833,0.4728132387706856,0.0045662100456621,single,fig6b,optical_mode_line,frequency_GHz,1,digitized_paper_measurement,p4_0.jpeg
1533,523.5,89.12529550827423,2.2502283105022833,0.4728132387706856,0.0045662100456621,single,fig6b,optical_mode_line,frequency_GHz,1,digitized_paper_measurement,p4_0.jpeg
1534,523.5,89.36170212765957,2.2502283105022833,0.4728132387706856,0.0045662100456621,single,fig6b,optical_mode_line,frequency_GHz,1,digitized_paper_measurement,p4_0.jpeg
1535,523.5,89.59810874704492,2.2502283105022833,0.4728132387706856,0.0045662100456621,single,fig6b,optical_mode_line,frequency_GHz,1,digitized_paper_measurement,p4_0.jpeg
1536,523.5,89.83451536643027,2.2502283105022833,0.4728132387706856,0.0045662100456621,single,fig6b,optical_mode_line,frequency_GHz,1,digitized_paper_measurement,p4_0.jpeg
1537,523.5,90.0709219858156,2.2502283105022833,0.4728132387706856,0.0045662100456621,single,fig6b,optical_mode_line,frequency_GHz,1,digitized_paper_measurement,p4_0.jpeg
1538,523.5,90.30732860520095,2.2502283105022833,0.4728132387706856,0.0045662100456621,single,fig6b,optical_mode_line,frequency_GHz,1,digitized_paper_measurement,p4_0.jpeg
1539,523.5,90.54373522458629,2.2502283105022833,0.4728132387706856,0.0045662100456621,single,fig6b,optical_mode_line,frequency_GHz,1,digitized_paper_measurement,p4_0.jpeg
1540,523.5,90.78014184397163,2.2502283105022833,0.4728132387706856,0.0045662100456621,single,fig6b,optical_mode_line,frequency_GHz,1,digitized_paper_measurement,p4_0.jpeg
1541,523.5,91.01654846335697,2.2502283105022833,0.4728132387706856,0.0045662100456621,single,fig6b,optical_mode_line,frequency_GHz,1,digitized_paper_measurement,p4_0.jpeg
1542,523.5,91.25295508274232,2.2502283105022833,0.4728132387706856,0.0045662100456621,single,fig6b,optical_mode_line,frequency_GHz,1,digitized_paper_measurement,p4_0.jpeg
1543,523.5,91.48936170212765,2.2502283105022833,0.4728132387706856,0.0045662100456621,single,fig6b,optical_mode_line,frequency_GHz,1,digitized_paper_measurement,p4_0.jpeg
1544,523.5,91.725768321513,2.2502283105022833,0.4728132387706856,0.0045662100456621,single,fig6b,optical_mode_line,frequency_GHz,1,digitized_paper_measurement,p4_0.jpeg
1545,523.5,91.96217494089835,2.2502283105022833,0.4728132387706856,0.0045662100456621,single,fig6b,optical_mode_line,frequency_GHz,1,digitized_paper_measurement,p4_0.jpeg
1546,523.5,92.19858156028369,2.2502283105022833,0.4728132387706856,0.0045662100456621,single,fig6b,optical_mode_line,frequency_GHz,1,digitized_paper_measurement,p4_0.jpeg
1547,523.5,92.43498817966903,2.2502283105022833,0.4728132387706856,0.0045662100456621,single,fig6b,optical_mode_line,frequency_GHz,1,digitized_paper_measurement,p4_0.jpeg
1548,523.5,92.67139479905437,2.2502283105022833,0.4728132387706856,0.0045662100456621,single,fig6b,optical_mode_line,frequency_GHz,1,digitized_paper_measurement,p4_0.jpeg
1549,523.5,92.90780141843972,2.2502283105022833,0.4728132387706856,0.0045662100456621,single,fig6b,optical_mode_line,frequency_GHz,1,digitized_paper_measurement,p4_0.jpeg
1550,523.5,93.14420803782505,2.2502283105022833,0.4728132387706856,0.0045662100456621,single,fig6b,optical_mode_line,frequency_GHz,1,digitized_paper_measurement,p4_0.jpeg
1551,523.5,93.3806146572104,2.2502283105022833,0.4728132387706856,0.0045662100456621,single,fig6b,optical_mode_line,frequency_GHz,1,digitized_paper_measurement,p4_0.jpeg
1552,523.5,93.61702127659575,2.2502283105022833,0.4728132387706856,0.0045662100456621,single,fig6b,optical_mode_line,frequency_GHz,1,digitized_paper_measurement,p4_0.jpeg
1553,523.5,93.85342789598108,2.2502283105022833,0.4728132387706856,0.0045662100456621,single,fig6b,optical_mode_line,frequency_GHz,1,digitized_paper_measurement,p4_0.jpeg
1554,523.5,94.08983451536643,2.2502283105022833,0.4728132387706856,0.0045662100456621,single,fig6b,optical_mode_line,frequency_GHz,1,digitized_paper_measurement,p4_0.jpeg
1555,523.5,94.32624113475177,2.2502283105022833,0.4728132387706856,0.0045662100456621,single,fig6b,optical_mode_line,frequency_GHz,1,digitized_paper_measurement,p4_0.jpeg
1556,523.5,94.56264775413712,2.2502283105022833,0.4728132387706856,0.0045662100456621,single,fig6b,optical_mode_line,frequency_GHz,1,digitized_paper_measurement,p4_0.jpeg
1557,523.5,94.79905437352245,2.2502283105022833,0.4728132387706856,0.0045662100456621,single,fig6b,optical_mode_line,frequency_GHz,1,digitized_paper_measurement,p4_0.jpeg
1558,523.5,95.0354609929078,2.2502283105022833,0.4728132387706856,0.0045662100456621,single,fig6b,optical_mode_line,frequency_GHz,1,digitized_paper_measurement,p4_0.jpeg
1559,523.5,95.27186761229315,2.2502283105022833,0.4728132387706856,0.0045662100456621,single,fig6b,optical_mode_line,frequency_GHz,1,digitized_paper_measurement,p4_0.jpeg
1560,523.5,95.50827423167848,2.2502283105022833,0.4728132387706856,0.0045662100456621,single,fig6b,optical_mode_line,frequency_GHz,1,digitized_paper_measurement,p4_0.jpeg
1561,523.5,95.74468085106383,2.2502283105022833,0.4728132387706856,0.0045662100456621,single,fig6b,optical_mode_line,frequency_GHz,1,digitized_paper_measurement,p4_0.jpeg
1562,523.5,95.98108747044917,2.2502283105022833,0.4728132387706856,0.0045662100456621,single,fig6b,optical_mode_line,frequency_GHz,1,digitized_paper_measurement,p4_0.jpeg
1563,523.5,96.21749408983452,2.2502283105022833,0.4728132387706856,0.0045662100456621,single,fig6b,optical_mode_line,frequency_GHz,1,digitized_paper_measurement,p4_0.jpeg
1564,523.5,96.45390070921985,2.2502283105022833,0.4728132387706856,0.0045662100456621,single,fig6b,optical_mode_line,frequency_GHz,1,digitized_paper_measurement,p4_0.jpeg
1565,523.5,96.6903073286052,2.2502283105022833,0.4728132387706856,0.0045662100456621,single,fig6b,optical_mode_line,frequency_GHz,1,digitized_paper_measurement,p4_0.jpeg
1566,523.5,96.92671394799055,2.2502283105022833,0.4728132387706856,0.0045662100456621,single,fig6b,optical_mode_line,frequency_GHz,1,digitized_paper_measurement,p4_0.jpeg
1567,523.0,97.16312056737588,2.2511415525114153,0.4728132387706856,0.0036529680365296802,single,fig6b,optical_mode_line,frequency_GHz,1,digitized_paper_measurement,p4_0.jpeg
1568,523.0,97.39952718676123,2.2511415525114153,0.4728132387706856,0.0036529680365296802,single,fig6b,optical_mode_line,frequency_GHz,1,digitized_paper_measurement,p4_0.jpeg
1569,523.0,97.63593380614657,2.2511415525114153,0.4728132387706856,0.0036529680365296802,single,fig6b,optical_mode_line,frequency_GHz,1,digitized_paper_measurement,p4_0.jpeg
1570,523.0,97.87234042553192,2.2511415525114153,0.4728132387706856,0.0036529680365296802,single,fig6b,optical_mode_line,frequency_GHz,1,digitized_paper_measurement,p4_0.jpeg
1571,523.0,98.10874704491725,2.2511415525114153,0.4728132387706856,0.0036529680365296802,single,fig6b,optical_mode_line,frequency_GHz,1,digitized_paper_measurement,p4_0.jpeg
1572,523.0,98.3451536643026,2.2511415525114153,0.4728132387706856,0.0036529680365296802,single,fig6b,optical_mode_line,frequency_GHz,1,digitized_paper_measurement,p4_0.jpeg
1573,523.0,98.58156028368795,2.2511415525114153,0.4728132387706856,0.0036529680365296802,single,fig6b,optical_mode_line,frequency_GHz,1,digitized_paper_measurement,p4_0.jpeg
1574,523.5,98.81796690307328,2.2502283105022833,0.4728132387706856,0.0045662100456621,single,fig6b,optical_mode_line,frequency_GHz,1,digitized_paper_measurement,p4_0.jpeg
1575,523.5,99.05437352245863,2.2502283105022833,0.4728132387706856,0.0045662100456621,single,fig6b,optical_mode_line,frequency_GHz,1,digitized_paper_measurement,p4_0.jpeg
1576,523.5,99.29078014184397,2.2502283105022833,0.4728132387706856,0.0045662100456621,single,fig6b,optical_mode_line,frequency_GHz,1,digitized_paper_measurement,p4_0.jpeg
1577,523.5,99.52718676122932,2.2502283105022833,0.4728132387706856,0.0045662100456621,single,fig6b,optical_mode_line,frequency_GHz,1,digitized_paper_measurement,p4_0.jpeg
1578,523.5,99.76359338061465,2.2502283105022833,0.4728132387706856,0.0045662100456621,single,fig6b,optical_mode_line,frequency_GHz,1,digitized_paper_measurement,p4_0.jpeg
1579,523.5,100.0,2.2502283105022833,0.4728132387706856,0.0045662100456621,single,fig6b,optical_mode_line,frequency_GHz,1,digitized_paper_measurement,p4_0.jpeg
1580,523.5,100.23640661938535,2.2502283105022833,0.4728132387706856,0.0045662100456621,single,fig6b,optical_mode_line,frequency_GHz,1,digitized_paper_measurement,p4_0.jpeg
1581,523.5,100.47281323877068,2.2502283105022833,0.4728132387706856,0.0045662100456621,single,fig6b,optical_mode_line,frequency_GHz,1,digitized_paper_measurement,p4_0.jpeg
1582,523.5,100.70921985815603,2.2502283105022833,0.4728132387706856,0.0045662100456621,single,fig6b,optical_mode_line,frequency_GHz,1,digitized_paper_measurement,p4_0.jpeg
1583,523.5,100.94562647754137,2.2502283105022833,0.4728132387706856,0.0045662100456621,single,fig6b,optical_mode_line,frequency_GHz,1,digitized_paper_measurement,p4_0.jpeg
1584,523.5,101.18203309692672,2.2502283105022833,0.4728132387706856,0.0045662100456621,single,fig6b,optical_mode_line,frequency_GHz,1,digitized_paper_measurement,p4_0.jpeg
1585,523.5,101.41843971631205,2.2502283105022833,0.4728132387706856,0.0045662100456621,single,fig6b,optical_mode_line,frequency_GHz,1,digitized_paper_measurement,p4_0.jpeg
1586,523.5,101.6548463356974,2.2502283105022833,0.4728132387706856,0.0045662100456621,single,fig6b,optical_mode_line,frequency_GHz,1,digitized_paper_measurement,p4_0.jpeg
1587,523.5,101.89125295508275,2.2502283105022833,0.4728132387706856,0.0045662100456621,single,fig6b,optical_mode_line,frequency_GHz,1,digitized_paper_measurement,p4_0.jpeg
1588,523.5,102.12765957446808,2.2502283105022833,0.4728132387706856,0.0045662100456621,single,fig6b,optical_mode_line,frequency_GHz,1,digitized_paper_measurement,p4_0.jpeg
1589,523.5,102.36406619385343,2.2502283105022833,0.4728132387706856,0.0045662100456621,single,fig6b,optical_mode_line,frequency_GHz,1,digitized_paper_measurement,p4_0.jpeg
1590,523.0,102.60047281323877,2.2511415525114153,0.4728132387706856,0.0036529680365296802,single,fig6b,optical_mode_line,frequency_GHz,1,digitized_paper_measurement,p4_0.jpeg
1591,523.0,102.83687943262412,2.2511415525114153,0.4728132387706856,0.0036529680365296802,single,fig6b,optical_mode_line,frequency_GHz,1,digitized_paper_measurement,p4_0.jpeg
1592,523.0,103.07328605200945,2.2511415525114153,0.4728132387706856,0.0036529680365296802,single,fig6b,optical_mode_line,frequency_GHz,1,digitized_paper_measurement,p4_0.jpeg
1593,523.5,103.3096926713948,2.2502283105022833,0.4728132387706856,0.0045662100456621,single,fig6b,optical_mode_line,frequency_GHz,1,digitized_paper_measurement,p4_0.jpeg
1594,523.5,103.54609929078015,2.2502283105022833,0.4728132387706856,0.0045662100456621,single,fig6b,optical_mode_line,frequency_GHz,1,digitized_paper_measurement,p4_0.jpeg
1595,523.5,103.78250591016548,2.2502283105022833,0.4728132387706856,0.0045662100456621,single,fig6b,optical_mode_line,frequency_GHz,1,digitized_paper_measurement,p4_0.jpeg
1596,523.5,104.01891252955083,2.2502283105022833,0.4728132387706856,0.0045662100456621,single,fig6b,optical_mode_line,frequency_GHz,1,digitized_paper_measurement,p4_0.jpeg
1597,523.5,104.25531914893617,2.2502283105022833,0.4728132387706856,0.0045662100456621,single,fig6b,optical_mode_line,frequency_GHz,1,digitized_paper_measurement,p4_0.jpeg
1598,523.5,104.49172576832152,2.2502283105022833,0.4728132387706856,0.0045662100456621,single,fig6b,optical_mode_line,frequency_GHz,1,digitized_paper_measurement,p4_0.jpeg
1599,523.5,104.72813238770685,2.2502283105022833,0.4728132387706856,0.0045662100456621,single,fig6b,optical_mode_line,frequency_GHz,1,digitized_paper_measurement,p4_0.jpeg
1600,523.0,104.9645390070922,2.2511415525114153,0.4728132387706856,0.005479452054794521,single,fig6b,optical_mode_line,frequency_GHz,1,digitized_paper_measurement,p4_0.jpeg
1601,523.0,105.20094562647755,2.2511415525114153,0.4728132387706856,0.005479452054794521,single,fig6b,optical_mode_line,frequency_GHz,1,digitized_paper_measurement,p4_0.jpeg
1602,523.0,105.43735224586288,2.2511415525114153,0.4728132387706856,0.005479452054794521,single,fig6b,optical_mode_line,frequency_GHz,1,digitized_paper_measurement,p4_0.jpeg
1603,523.5,105.67375886524823,2.2502283105022833,0.4728132387706856,0.0045662100456621,single,fig6b,optical_mode_line,frequency_GHz,1,digitized_paper_measurement,p4_0.jpeg
1604,523.5,105.91016548463357,2.2502283105022833,0.4728132387706856,0.0045662100456621,single,fig6b,optical_mode_line,frequency_GHz,1,digitized_paper_measurement,p4_0.jpeg
1605,523.5,106.14657210401892,2.2502283105022833,0.4728132387706856,0.0045662100456621,single,fig6b,optical_mode_line,frequency_GHz,1,digitized_paper_measurement,p4_0.jpeg
1606,523.5,106.38297872340425,2.2502283105022833,0.4728132387706856,0.0045662100456621,single,fig6b,optical_mode_line,frequency_GHz,1,digitized_paper_measurement,p4_0.jpeg
1607,523.5,106.6193853427896,2.2502283105022833,0.4728132387706856,0.0045662100456621,single,fig6b,optical_mode_line,frequency_GHz,1,digitized_paper_measurement,p4_0.jpeg
1608,523.5,106.85579196217495,2.2502283105022833,0.4728132387706856,0.0045662100456621,single,fig6b,optical_mode_line,frequency_GHz,1,digitized_paper_measurement,p4_0.jpeg
1609,523.5,107.09219858156028,2.2502283105022833,0.4728132387706856,0.0045662100456621,single,fig6b,optical_mode_line,frequency_GHz,1,digitized_paper_measurement,p4_0.jpeg
1610,523.5,107.32860520094563,2.2502283105022833,0.4728132387706856,0.0045662100456621,single,fig6b,optical_mode_line,frequency_GHz,1,digitized_paper_measurement,p4_0.jpeg
1611,523.5,107.56501182033097,2.2502283105022833,0.4728132387706856,0.0045662100456621,single,fig6b,optical_mode_line,frequency_GHz,1,digitized_paper_measurement,p4_0.jpeg
1612,523.5,107.80141843971631,2.2502283105022833,0.4728132387706856,0.0045662100456621,single,fig6b,optical_mode_line,frequency_GHz,1,digitized_paper_measurement,p4_0.jpeg
1613,523.5,108.03782505910165,2.2502283105022833,0.4728132387706856,0.0045662100456621,single,fig6b,optical_mode_line,frequency_GHz,1,digitized_paper_measurement,p4_0.jpeg
1614,523.5,108.274231678487,2.2502283105022833,0.4728132387706856,0.0045662100456621,single,fig6b,optical_mode_line,frequency_GHz,1,digitized_paper_measurement,p4_0.jpeg
1615,523.5,108.51063829787235,2.2502283105022833,0.4728132387706856,0.0045662100456621,single,fig6b,optical_mode_line,frequency_GHz,1,digitized_paper_measurement,p4_0.jpeg
1616,523.5,108.74704491725768,2.2502283105022833,0.4728132387706856,0.0045662100456621,single,fig6b,optical_mode_line,frequency_GHz,1,digitized_paper_measurement,p4_0.jpeg
1617,523.5,108.98345153664303,2.2502283105022833,0.4728132387706856,0.0045662100456621,single,fig6b,optical_mode_line,frequency_GHz,1,digitized_paper_measurement,p4_0.jpeg
1618,523.5,109.21985815602837,2.2502283105022833,0.4728132387706856,0.0045662100456621,single,fig6b,optical_mode_line,frequency_GHz,1,digitized_paper_measurement,p4_0.jpeg
1619,523.5,109.45626477541371,2.2502283105022833,0.4728132387706856,0.0045662100456621,single,fig6b,optical_mode_line,frequency_GHz,1,digitized_paper_measurement,p4_0.jpeg
1620,523.5,109.69267139479905,2.2502283105022833,0.4728132387706856,0.0045662100456621,single,fig6b,optical_mode_line,frequency_GHz,1,digitized_paper_measurement,p4_0.jpeg
1621,523.5,109.9290780141844,2.2502283105022833,0.4728132387706856,0.0045662100456621,single,fig6b,optical_mode_line,frequency_GHz,1,digitized_paper_measurement,p4_0.jpeg
1622,523.0,110.16548463356973,2.2511415525114153,0.4728132387706856,0.005479452054794521,single,fig6b,optical_mode_line,frequency_GHz,1,digitized_paper_measurement,p4_0.jpeg
1623,523.5,110.40189125295508,2.2502283105022833,0.4728132387706856,0.0045662100456621,single,fig6b,optical_mode_line,frequency_GHz,1,digitized_paper_measurement,p4_0.jpeg
1624,523.5,110.63829787234043,2.2502283105022833,0.4728132387706856,0.0045662100456621,single,fig6b,optical_mode_line,frequency_GHz,1,digitized_paper_measurement,p4_0.jpeg
1625,523.5,110.87470449172577,2.2502283105022833,0.4728132387706856,0.0045662100456621,single,fig6b,optical_mode_line,frequency_GHz,1,digitized_paper_measurement,p4_0.jpeg
1626,523.5,111.11111111111111,2.2502283105022833,0.4728132387706856,0.0045662100456621,single,fig6b,optical_mode_line,frequency_GHz,1,digitized_paper_measurement,p4_0.jpeg
1627,523.5,111.34751773049645,2.2502283105022833,0.4728132387706856,0.0045662100456621,single,fig6b,optical_mode_line,frequency_GHz,1,digitized_paper_measurement,p4_0.jpeg
1628,523.0,111.5839243498818,2.2511415525114153,0.4728132387706856,0.005479452054794521,single,fig6b,optical_mode_line,frequency_GHz,1,digitized_paper_measurement,p4_0.jpeg
1629,523.5,111.82033096926713,2.2502283105022833,0.4728132387706856,0.0045662100456621,single,fig6b,optical_mode_line,frequency_GHz,1,digitized_paper_measurement,p4_0.jpeg
1630,523.5,112.05673758865248,2.2502283105022833,0.4728132387706856,0.0045662100456621,single,fig6b,optical_mode_line,frequency_GHz,1,digitized_paper_measurement,p4_0.jpeg
1631,523.5,112.29314420803783,2.2502283105022833,0.4728132387706856,0.0045662100456621,single,fig6b,optical_mode_line,frequency_GHz,1,digitized_paper_measurement,p4_0.jpeg
1632,523.5,112.52955082742317,2.2502283105022833,0.4728132387706856,0.0045662100456621,single,fig6b,optical_mode_line,frequency_GHz,1,digitized_paper_measurement,p4_0.jpeg
1633,523.5,112.76595744680851,2.2502283105022833,0.4728132387706856,0.0045662100456621,single,fig6b,optical_mode_line,frequency_GHz,1,digitized_paper_measurement,p4_0.jpeg
1634,523.5,113.00236406619385,2.2502283105022833,0.4728132387706856,0.0045662100456621,single,fig6b,optical_mode_line,frequency_GHz,1,digitized_paper_measurement,p4_0.jpeg
1635,523.5,113.2387706855792,2.2502283105022833,0.4728132387706856,0.0045662100456621,single,fig6b,optical_mode_line,frequency_GHz,1,digitized_paper_measurement,p4_0.jpeg
1636,523.5,113.47517730496453,2.2502283105022833,0.4728132387706856,0.0045662100456621,single,fig6b,optical_mode_line,frequency_GHz,1,digitized_paper_measurement,p4_0.jpeg
1637,523.5,113.71158392434988,2.2502283105022833,0.4728132387706856,0.0045662100456621,single,fig6b,optical_mode_line,frequency_GHz,1,digitized_paper_measurement,p4_0.jpeg
1638,523.5,113.94799054373523,2.2502283105022833,0.4728132387706856,0.0045662100456621,single,fig6b,optical_mode_line,frequency_GHz,1,digitized_paper_measurement,p4_0.jpeg
1639,523.5,114.18439716312056,2.2502283105022833,0.4728132387706856,0.0045662100456621,single,fig6b,optical_mode_line,frequency_GHz,1,digitized_paper_measurement,p4_0.jpeg
1640,523.5,114.42080378250591,2.2502283105022833,0.4728132387706856,0.0045662100456621,single,fig6b,optical_mode_line,frequency_GHz,1,digitized_paper_measurement,p4_0.jpeg
1641,523.5,114.65721040189125,2.2502283105022833,0.4728132387706856,0.0045662100456621,single,fig6b,optical_mode_line,frequency_GHz,1,digitized_paper_measurement,p4_0.jpeg
1642,523.5,114.8936170212766,2.2502283105022833,0.4728132387706856,0.0045662100456621,single,fig6b,optical_mode_line,frequency_GHz,1,digitized_paper_measurement,p4_0.jpeg
1643,523.5,115.13002364066193,2.2502283105022833,0.4728132387706856,0.0045662100456621,single,fig6b,optical_mode_line,frequency_GHz,1,digitized_paper_measurement,p4_0.jpeg
1644,523.5,115.36643026004728,2.2502283105022833,0.4728132387706856,0.0045662100456621,single,fig6b,optical_mode_line,frequency_GHz,1,digitized_paper_measurement,p4_0.jpeg
1645,523.5,115.60283687943263,2.2502283105022833,0.4728132387706856,0.0045662100456621,single,fig6b,optical_mode_line,frequency_GHz,1,digitized_paper_measurement,p4_0.jpeg
1646,523.0,115.83924349881796,2.2511415525114153,0.4728132387706856,0.005479452054794521,single,fig6b,optical_mode_line,frequency_GHz,1,digitized_paper_measurement,p4_0.jpeg
1647,523.0,116.07565011820331,2.2511415525114153,0.4728132387706856,0.005479452054794521,single,fig6b,optical_mode_line,frequency_GHz,1,digitized_paper_measurement,p4_0.jpeg
1648,523.0,116.31205673758865,2.2511415525114153,0.4728132387706856,0.005479452054794521,single,fig6b,optical_mode_line,frequency_GHz,1,digitized_paper_measurement,p4_0.jpeg
1649,523.0,116.548463356974,2.2511415525114153,0.4728132387706856,0.005479452054794521,single,fig6b,optical_mode_line,frequency_GHz,1,digitized_paper_measurement,p4_0.jpeg
1650,523.0,116.78486997635933,2.2511415525114153,0.4728132387706856,0.005479452054794521,single,fig6b,optical_mode_line,frequency_GHz,1,digitized_paper_measurement,p4_0.jpeg
1651,523.5,117.02127659574468,2.2502283105022833,0.4728132387706856,0.0045662100456621,single,fig6b,optical_mode_line,frequency_GHz,1,digitized_paper_measurement,p4_0.jpeg
1652,523.5,117.25768321513003,2.2502283105022833,0.4728132387706856,0.0045662100456621,single,fig6b,optical_mode_line,frequency_GHz,1,digitized_paper_measurement,p4_0.jpeg
1653,523.5,117.49408983451536,2.2502283105022833,0.4728132387706856,0.0045662100456621,single,fig6b,optical_mode_line,frequency_GHz,1,digitized_paper_measurement,p4_0.jpeg
1654,523.5,117.73049645390071,2.2502283105022833,0.4728132387706856,0.0045662100456621,single,fig6b,optical_mode_line,frequency_GHz,1,digitized_paper_measurement,p4_0.jpeg
1655,523.5,117.96690307328605,2.2502283105022833,0.4728132387706856,0.0045662100456621,single,fig6b,optical_mode_line,frequency_GHz,1,digitized_paper_measurement,p4_0.jpeg
1656,523.5,118.2033096926714,2.2502283105022833,0.4728132387706856,0.0045662100456621,single,fig6b,optical_mode_line,frequency_GHz,1,digitized_paper_measurement,p4_0.jpeg
1657,523.5,118.43971631205673,2.2502283105022833,0.4728132387706856,0.0045662100456621,single,fig6b,optical_mode_line,frequency_GHz,1,digitized_paper_measurement,p4_0.jpeg
1658,523.5,118.67612293144208,2.2502283105022833,0.4728132387706856,0.0045662100456621,single,fig6b,optical_mode_line,frequency_GHz,1,digitized_paper_measurement,p4_0.jpeg
1659,523.5,118.91252955082743,2.2502283105022833,0.4728132387706856,0.0045662100456621,single,fig6b,optical_mode_line,frequency_GHz,1,digitized_paper_measurement,p4_0.jpeg
1660,523.0,119.14893617021276,2.2511415525114153,0.4728132387706856,0.005479452054794521,single,fig6b,optical_mode_line,frequency_GHz,1,digitized_paper_measurement,p4_0.jpeg
1661,523.0,119.38534278959811,2.2511415525114153,0.4728132387706856,0.005479452054794521,single,fig6b,optical_mode_line,frequency_GHz,1,digitized_paper_measurement,p4_0.jpeg
1662,523.0,119.62174940898345,2.2511415525114153,0.4728132387706856,0.005479452054794521,single,fig6b,optical_mode_line,frequency_GHz,1,digitized_paper_measurement,p4_0.jpeg
1663,523.0,119.8581560283688,2.2511415525114153,0.4728132387706856,0.005479452054794521,single,fig6b,optical_mode_line,frequency_GHz,1,digitized_paper_measurement,p4_0.jpeg
1664,523.5,120.09456264775413,2.2502283105022833,0.4728132387706856,0.0045662100456621,single,fig6b,optical_mode_line,frequency_GHz,1,digitized_paper_measurement,p4_0.jpeg
1665,523.5,120.33096926713948,2.2502283105022833,0.4728132387706856,0.0045662100456621,single,fig6b,optical_mode_line,frequency_GHz,1,digitized_paper_measurement,p4_0.jpeg
1666,523.5,120.56737588652483,2.2502283105022833,0.4728132387706856,0.0045662100456621,single,fig6b,optical_mode_line,frequency_GHz,1,digitized_paper_measurement,p4_0.jpeg
1667,523.5,120.80378250591016,2.2502283105022833,0.4728132387706856,0.0045662100456621,single,fig6b,optical_mode_line,frequency_GHz,1,digitized_paper_measurement,p4_0.jpeg
1668,523.5,121.04018912529551,2.2502283105022833,0.4728132387706856,0.0045662100456621,single,fig6b,optical_mode_line,frequency_GHz,1,digitized_paper_measurement,p4_0.jpeg
1669,523.5,121.27659574468085,2.2502283105022833,0.4728132387706856,0.0045662100456621,single,fig6b,optical_mode_line,frequency_GHz,1,digitized_paper_measurement,p4_0.jpeg
1670,523.5,121.5130023640662,2.2502283105022833,0.4728132387706856,0.0045662100456621,single,fig6b,optical_mode_line,frequency_GHz,1,digitized_paper_measurement,p4_0.jpeg
1671,523.5,121.74940898345153,2.2502283105022833,0.4728132387706856,0.0045662100456621,single,fig6b,optical_mode_line,frequency_GHz,1,digitized_paper_measurement,p4_0.jpeg
1672,523.0,121.98581560283688,2.2511415525114153,0.4728132387706856,0.0036529680365296802,single,fig6b,optical_mode_line,frequency_GHz,1,digitized_paper_measurement,p4_0.jpeg
1673,523.0,122.22222222222223,2.2511415525114153,0.4728132387706856,0.0036529680365296802,single,fig6b,optical_mode_line,frequency_GHz,1,digitized_paper_measurement,p4_0.jpeg
1674,523.0,122.45862884160756,2.2511415525114153,0.4728132387706856,0.0036529680365296802,single,fig6b,optical_mode_line,frequency_GHz,1,digitized_paper_measurement,p4_0.jpeg
1675,523.0,122.69503546099291,2.2511415525114153,0.4728132387706856,0.0036529680365296802,single,fig6b,optical_mode_line,frequency_GHz,1,digitized_paper_measurement,p4_0.jpeg
1676,523.0,122.93144208037825,2.2511415525114153,0.4728132387706856,0.0036529680365296802,single,fig6b,optical_mode_line,frequency_GHz,1,digitized_paper_measurement,p4_0.jpeg
1677,523.0,123.1678486997636,2.2511415525114153,0.4728132387706856,0.0036529680365296802,single,fig6b,optical_mode_line,frequency_GHz,1,digitized_paper_measurement,p4_0.jpeg
1678,523.0,123.40425531914893,2.2511415525114153,0.4728132387706856,0.0036529680365296802,single,fig6b,optical_mode_line,frequency_GHz,1,digitized_paper_measurement,p4_0.jpeg
1679,523.0,123.64066193853428,2.2511415525114153,0.4728132387706856,0.0036529680365296802,single,fig6b,optical_mode_line,frequency_GHz,1,digitized_paper_measurement,p4_0.jpeg
1680,523.0,123.87706855791963,2.2511415525114153,0.4728132387706856,0.0036529680365296802,single,fig6b,optical_mode_line,frequency_GHz,1,digitized_paper_measurement,p4_0.jpeg
1681,523.0,124.11347517730496,2.2511415525114153,0.4728132387706856,0.0036529680365296802,single,fig6b,optical_mode_line,frequency_GHz,1,digitized_paper_measurement,p4_0.jpeg
1682,523.0,124.34988179669031,2.2511415525114153,0.4728132387706856,0.0036529680365296802,single,fig6b,optical_mode_line,frequency_GHz,1,digitized_paper_measurement,p4_0.jpeg
1683,523.0,124.58628841607565,2.2511415525114153,0.4728132387706856,0.0036529680365296802,single,fig6b,optical_mode_line,frequency_GHz,1,digitized_paper_measurement,p4_0.jpeg
1684,523.0,124.822695035461,2.2511415525114153,0.4728132387706856,0.0036529680365296802,single,fig6b,optical_mode_line,frequency_GHz,1,digitized_paper_measurement,p4_0.jpeg
1685,523.0,125.05910165484633,2.2511415525114153,0.4728132387706856,0.0036529680365296802,single,fig6b,optical_mode_line,frequency_GHz,1,digitized_paper_measurement,p4_0.jpeg
1686,523.0,125.29550827423168,2.2511415525114153,0.4728132387706856,0.0036529680365296802,single,fig6b,optical_mode_line,frequency_GHz,1,digitized_paper_measurement,p4_0.jpeg
1687,523.0,125.53191489361703,2.2511415525114153,0.4728132387706856,0.0036529680365296802,single,fig6b,optical_mode_line,frequency_GHz,1,digitized_paper_measurement,p4_0.jpeg
1688,523.0,125.76832151300236,2.2511415525114153,0.4728132387706856,0.0036529680365296802,single,fig6b,optical_mode_line,frequency_GHz,1,digitized_paper_measurement,p4_0.jpeg
1689,523.0,126.00472813238771,2.2511415525114153,0.4728132387706856,0.0036529680365296802,single,fig6b,optical_mode_line,frequency_GHz,1,digitized_paper_measurement,p4_0.jpeg
1690,523.0,126.24113475177305,2.2511415525114153,0.4728132387706856,0.0036529680365296802,single,fig6b,optical_mode_line,frequency_GHz,1,digitized_paper_measurement,p4_0.jpeg
1691,523.0,126.4775413711584,2.2511415525114153,0.4728132387706856,0.0036529680365296802,single,fig6b,optical_mode_line,frequency_GHz,1,digitized_paper_measurement,p4_0.jpeg
1692,523.0,126.71394799054373,2.2511415525114153,0.4728132387706856,0.0036529680365296802,single,fig6b,optical_mode_line,frequency_GHz,1,digitized_paper_measurement,p4_0.jpeg
1693,523.0,126.95035460992908,2.2511415525114153,0.4728132387706856,0.0036529680365296802,single,fig6b,optical_mode_line,frequency_GHz,1,digitized_paper_measurement,p4_0.jpeg
1694,523.5,127.18676122931443,2.2502283105022833,0.4728132387706856,0.0045662100456621,single,fig6b,optical_mode_line,frequency_GHz,1,digitized_paper_measurement,p4_0.jpeg
1695,523.5,127.42316784869976,2.2502283105022833,0.4728132387706856,0.0045662100456621,single,fig6b,optical_mode_line,frequency_GHz,1,digitized_paper_measurement,p4_0.jpeg
1696,523.5,127.65957446808511,2.2502283105022833,0.4728132387706856,0.0045662100456621,single,fig6b,optical_mode_line,frequency_GHz,1,digitized_paper_measurement,p4_0.jpeg
1697,523.5,127.89598108747045,2.2502283105022833,0.4728132387706856,0.0045662100456621,single,fig6b,optical_mode_line,frequency_GHz,1,digitized_paper_measurement,p4_0.jpeg
1698,523.5,128.13238770685578,2.2502283105022833,0.4728132387706856,0.0045662100456621,single,fig6b,optical_mode_line,frequency_GHz,1,digitized_paper_measurement,p4_0.jpeg
1699,523.5,128.36879432624113,2.2502283105022833,0.4728132387706856,0.0045662100456621,single,fig6b,optical_mode_line,frequency_GHz,1,digitized_paper_measurement,p4_0.jpeg
1700,523.5,128.60520094562648,2.2502283105022833,0.4728132387706856,0.0045662100456621,single,fig6b,optical_mode_line,frequency_GHz,1,digitized_paper_measurement,p4_0.jpeg
1701,523.5,128.84160756501183,2.2502283105022833,0.4728132387706856,0.0045662100456621,single,fig6b,optical_mode_line,frequency_GHz,1,digitized_paper_measurement,p4_0.jpeg
1702,523.5,129.07801418439718,2.2502283105022833,0.4728132387706856,0.0045662100456621,single,fig6b,optical_mode_line,frequency_GHz,1,digitized_paper_measurement,p4_0.jpeg
1703,523.5,129.3144208037825,2.2502283105022833,0.4728132387706856,0.0045662100456621,single,fig6b,optical_mode_line,frequency_GHz,1,digitized_paper_measurement,p4_0.jpeg
1704,523.5,129.55082742316785,2.2502283105022833,0.4728132387706856,0.0045662100456621,single,fig6b,optical_mode_line,frequency_GHz,1,digitized_paper_measurement,p4_0.jpeg
1705,523.5,129.7872340425532,2.2502283105022833,0.4728132387706856,0.0045662100456621,single,fig6b,optical_mode_line,frequency_GHz,1,digitized_paper_measurement,p4_0.jpeg
1706,523.5,130.02364066193854,2.2502283105022833,0.4728132387706856,0.0045662100456621,single,fig6b,optical_mode_line,frequency_GHz,1,digitized_paper_measurement,p4_0.jpeg
1707,523.5,130.26004728132386,2.2502283105022833,0.4728132387706856,0.0045662100456621,single,fig6b,optical_mode_line,frequency_GHz,1,digitized_paper_measurement,p4_0.jpeg
1708,523.5,130.4964539007092,2.2502283105022833,0.4728132387706856,0.0045662100456621,single,fig6b,optical_mode_line,frequency_GHz,1,digitized_paper_measurement,p4_0.jpeg
1709,523.5,130.73286052009456,2.2502283105022833,0.4728132387706856,0.0045662100456621,single,fig6b,optical_mode_line,frequency_GHz,1,digitized_paper_measurement,p4_0.jpeg
1710,523.5,130.9692671394799,2.2502283105022833,0.4728132387706856,0.0045662100456621,single,fig6b,optical_mode_line,frequency_GHz,1,digitized_paper_measurement,p4_0.jpeg
1711,523.0,131.20567375886526,2.2511415525114153,0.4728132387706856,0.0036529680365296802,single,fig6b,optical_mode_line,frequency_GHz,1,digitized_paper_measurement,p4_0.jpeg
1712,523.0,131.44208037825058,2.2511415525114153,0.4728132387706856,0.0036529680365296802,single,fig6b,optical_mode_line,frequency_GHz,1,digitized_paper_measurement,p4_0.jpeg
1713,523.0,131.67848699763593,2.2511415525114153,0.4728132387706856,0.0036529680365296802,single,fig6b,optical_mode_line,frequency_GHz,1,digitized_paper_measurement,p4_0.jpeg
1714,523.0,131.91489361702128,2.2511415525114153,0.4728132387706856,0.0036529680365296802,single,fig6b,optical_mode_line,frequency_GHz,1,digitized_paper_measurement,p4_0.jpeg
1715,523.0,132.15130023640663,2.2511415525114153,0.4728132387706856,0.0036529680365296802,single,fig6b,optical_mode_line,frequency_GHz,1,digitized_paper_measurement,p4_0.jpeg
1716,523.0,132.38770685579198,2.2511415525114153,0.4728132387706856,0.0036529680365296802,single,fig6b,optical_mode_line,frequency_GHz,1,digitized_paper_measurement,p4_0.jpeg
1717,523.0,132.6241134751773,2.2511415525114153,0.4728132387706856,0.0036529680365296802,single,fig6b,optical_mode_line,frequency_GHz,1,digitized_paper_measurement,p4_0.jpeg
1718,523.0,132.86052009456264,2.2511415525114153,0.4728132387706856,0.0036529680365296802,single,fig6b,optical_mode_line,frequency_GHz,1,digitized_paper_measurement,p4_0.jpeg
1719,523.0,133.096926713948,2.2511415525114153,0.4728132387706856,0.0036529680365296802,single,fig6b,optical_mode_line,frequency_GHz,1,digitized_paper_measurement,p4_0.jpeg
1720,523.0,133.33333333333334,2.2511415525114153,0.4728132387706856,0.0036529680365296802,single,fig6b,optical_mode_line,frequency_GHz,1,digitized_paper_measurement,p4_0.jpeg
1721,523.0,133.56973995271866,2.2511415525114153,0.4728132387706856,0.0036529680365296802,single,fig6b,optical_mode_line,frequency_GHz,1,digitized_paper_measurement,p4_0.jpeg
1722,523.0,133.806146572104,2.2511415525114153,0.4728132387706856,0.0036529680365296802,single,fig6b,optical_mode_line,frequency_GHz,1,digitized_paper_measurement,p4_0.jpeg
1723,523.0,134.04255319148936,2.2511415525114153,0.4728132387706856,0.0036529680365296802,single,fig6b,optical_mode_line,frequency_GHz,1,digitized_paper_measurement,p4_0.jpeg
1724,523.0,134.2789598108747,2.2511415525114153,0.4728132387706856,0.0036529680365296802,single,fig6b,optical_mode_line,frequency_GHz,1,digitized_paper_measurement,p4_0.jpeg
1725,523.0,134.51536643026006,2.2511415525114153,0.4728132387706856,0.0036529680365296802,single,fig6b,optical_mode_line,frequency_GHz,1,digitized_paper_measurement,p4_0.jpeg
1726,523.5,134.75177304964538,2.2502283105022833,0.4728132387706856,0.0045662100456621,single,fig6b,optical_mode_line,frequency_GHz,1,digitized_paper_measurement,p4_0.jpeg
1727,523.5,134.98817966903073,2.2502283105022833,0.4728132387706856,0.0045662100456621,single,fig6b,optical_mode_line,frequency_GHz,1,digitized_paper_measurement,p4_0.jpeg
1728,523.5,135.22458628841608,2.2502283105022833,0.4728132387706856,0.0045662100456621,single,fig6b,optical_mode_line,frequency_GHz,1,digitized_paper_measurement,p4_0.jpeg
1729,524.0,135.46099290780143,2.249315068493151,0.4728132387706856,0.005479452054794521,single,fig6b,optical_mode_line,frequency_GHz,1,digitized_paper_measurement,p4_0.jpeg
1730,523.5,135.69739952718678,2.2502283105022833,0.4728132387706856,0.0045662100456621,single,fig6b,optical_mode_line,frequency_GHz,1,digitized_paper_measurement,p4_0.jpeg
1731,523.5,135.9338061465721,2.2502283105022833,0.4728132387706856,0.0045662100456621,single,fig6b,optical_mode_line,frequency_GHz,1,digitized_paper_measurement,p4_0.jpeg
1732,523.5,136.17021276595744,2.2502283105022833,0.4728132387706856,0.0045662100456621,single,fig6b,optical_mode_line,frequency_GHz,1,digitized_paper_measurement,p4_0.jpeg
1733,523.5,136.4066193853428,2.2502283105022833,0.4728132387706856,0.0045662100456621,single,fig6b,optical_mode_line,frequency_GHz,1,digitized_paper_measurement,p4_0.jpeg
1734,523.0,136.64302600472814,2.2511415525114153,0.4728132387706856,0.005479452054794521,single,fig6b,optical_mode_line,frequency_GHz,1,digitized_paper_measurement,p4_0.jpeg
1735,523.0,136.87943262411346,2.2511415525114153,0.4728132387706856,0.005479452054794521,single,fig6b,optical_mode_line,frequency_GHz,1,digitized_paper_measurement,p4_0.jpeg
1736,523.0,137.1158392434988,2.2511415525114153,0.4728132387706856,0.005479452054794521,single,fig6b,optical_mode_line,frequency_GHz,1,digitized_paper_measurement,p4_0.jpeg
1737,523.0,137.35224586288416,2.2511415525114153,0.4728132387706856,0.005479452054794521,single,fig6b,optical_mode_line,frequency_GHz,1,digitized_paper_measurement,p4_0.jpeg
1738,523.0,137.5886524822695,2.2511415525114153,0.4728132387706856,0.005479452054794521,single,fig6b,optical_mode_line,frequency_GHz,1,digitized_paper_measurement,p4_0.jpeg
1739,523.0,137.82505910165486,2.2511415525114153,0.4728132387706856,0.005479452054794521,single,fig6b,optical_mode_line,frequency_GHz,1,digitized_paper_measurement,p4_0.jpeg
1740,523.0,138.06146572104018,2.2511415525114153,0.4728132387706856,0.005479452054794521,single,fig6b,optical_mode_line,frequency_GHz,1,digitized_paper_measurement,p4_0.jpeg
1741,523.0,138.29787234042553,2.2511415525114153,0.4728132387706856,0.005479452054794521,single,fig6b,optical_mode_line,frequency_GHz,1,digitized_paper_measurement,p4_0.jpeg
1742,523.0,138.53427895981088,2.2511415525114153,0.4728132387706856,0.005479452054794521,single,fig6b,optical_mode_line,frequency_GHz,1,digitized_paper_measurement,p4_0.jpeg
1743,523.5,138.77068557919623,2.2502283105022833,0.4728132387706856,0.0045662100456621,single,fig6b,optical_mode_line,frequency_GHz,1,digitized_paper_measurement,p4_0.jpeg
1744,523.5,139.00709219858157,2.2502283105022833,0.4728132387706856,0.0045662100456621,single,fig6b,optical_mode_line,frequency_GHz,1,digitized_paper_measurement,p4_0.jpeg
1745,523.5,139.2434988179669,2.2502283105022833,0.4728132387706856,0.0045662100456621,single,fig6b,optical_mode_line,frequency_GHz,1,digitized_paper_measurement,p4_0.jpeg
1746,523.5,139.47990543735224,2.2502283105022833,0.4728132387706856,0.0045662100456621,single,fig6b,optical_mode_line,frequency_GHz,1,digitized_paper_measurement,p4_0.jpeg
1747,523.5,139.7163120567376,2.2502283105022833,0.4728132387706856,0.0045662100456621,single,fig6b,optical_mode_line,frequency_GHz,1,digitized_paper_measurement,p4_0.jpeg
1748,523.5,139.95271867612294,2.2502283105022833,0.4728132387706856,0.0045662100456621,single,fig6b,optical_mode_line,frequency_GHz,1,digitized_paper_measurement,p4_0.jpeg
1749,523.5,140.18912529550826,2.2502283105022833,0.4728132387706856,0.0045662100456621,single,fig6b,optical_mode_line,frequency_GHz,1,digitized_paper_measurement,p4_0.jpeg
1750,523.5,140.4255319148936,2.2502283105022833,0.4728132387706856,0.0045662100456621,single,fig6b,optical_mode_line,frequency_GHz,1,digitized_paper_measurement,p4_0.jpeg
1751,523.0,140.66193853427896,2.2511415525114153,0.4728132387706856,0.0036529680365296802,single,fig6b,optical_mode_line,frequency_GHz,1,digitized_paper_measurement,p4_0.jpeg
1752,523.0,140.8983451536643,2.2511415525114153,0.4728132387706856,0.0036529680365296802,single,fig6b,optical_mode_line,frequency_GHz,1,digitized_paper_measurement,p4_0.jpeg
1753,523.0,141.13475177304966,2.2511415525114153,0.4728132387706856,0.0036529680365296802,single,fig6b,optical_mode_line,frequency_GHz,1,digitized_paper_measurement,p4_0.jpeg
1754,523.0,141.37115839243498,2.2511415525114153,0.4728132387706856,0.0036529680365296802,single,fig6b,optical_mode_line,frequency_GHz,1,digitized_paper_measurement,p4_0.jpeg
1755,523.0,141.60756501182033,2.2511415525114153,0.4728132387706856,0.0036529680365296802,single,fig6b,optical_mode_line,frequency_GHz,1,digitized_paper_measurement,p4_0.jpeg
1756,523.5,141.84397163120568,2.2502283105022833,0.4728132387706856,0.0045662100456621,single,fig6b,optical_mode_line,frequency_GHz,1,digitized_paper_measurement,p4_0.jpeg
1757,523.5,142.08037825059102,2.2502283105022833,0.4728132387706856,0.0045662100456621,single,fig6b,optical_mode_line,frequency_GHz,1,digitized_paper_measurement,p4_0.jpeg
1758,523.5,142.31678486997635,2.2502283105022833,0.4728132387706856,0.0045662100456621,single,fig6b,optical_mode_line,frequency_GHz,1,digitized_paper_measurement,p4_0.jpeg
1759,523.5,142.5531914893617,2.2502283105022833,0.4728132387706856,0.0045662100456621,single,fig6b,optical_mode_line,frequency_GHz,1,digitized_paper_measurement,p4_0.jpeg
1760,523.5,142.78959810874704,2.2502283105022833,0.4728132387706856,0.0045662100456621,single,fig6b,optical_mode_line,frequency_GHz,1,digitized_paper_measurement,p4_0.jpeg
1761,523.5,143.0260047281324,2.2502283105022833,0.4728132387706856,0.0045662100456621,single,fig6b,optical_mode_line,frequency_GHz,1,digitized_paper_measurement,p4_0.jpeg
1762,523.5,143.26241134751774,2.2502283105022833,0.4728132387706856,0.0045662100456621,single,fig6b,optical_mode_line,frequency_GHz,1,digitized_paper_measurement,p4_0.jpeg
1763,523.5,143.49881796690306,2.2502283105022833,0.4728132387706856,0.0045662100456621,single,fig6b,optical_mode_line,frequency_GHz,1,digitized_paper_measurement,p4_0.jpeg
1764,523.5,143.7352245862884,2.2502283105022833,0.4728132387706856,0.0045662100456621,single,fig6b,optical_mode_line,frequency_GHz,1,digitized_paper_measurement,p4_0.jpeg
1765,523.5,143.97163120567376,2.2502283105022833,0.4728132387706856,0.0045662100456621,single,fig6b,optical_mode_line,frequency_GHz,1,digitized_paper_measurement,p4_0.jpeg
1766,523.5,144.2080378250591,2.2502283105022833,0.4728132387706856,0.0045662100456621,single,fig6b,optical_mode_line,frequency_GHz,1,digitized_paper_measurement,p4_0.jpeg
1767,523.5,144.44444444444446,2.2502283105022833,0.4728132387706856,0.0045662100456621,single,fig6b,optical_mode_line,frequency_GHz,1,digitized_paper_measurement,p4_0.jpeg
1768,523.5,144.68085106382978,2.2502283105022833,0.4728132387706856,0.0045662100456621,single,fig6b,optical_mode_line,frequency_GHz,1,digitized_paper_measurement,p4_0.jpeg
1769,523.5,144.91725768321513,2.2502283105022833,0.4728132387706856,0.0045662100456621,single,fig6b,optical_mode_line,frequency_GHz,1,digitized_paper_measurement,p4_0.jpeg
1770,523.5,145.15366430260048,2.2502283105022833,0.4728132387706856,0.0045662100456621,single,fig6b,optical_mode_line,frequency_GHz,1,digitized_paper_measurement,p4_0.jpeg
1771,523.5,145.39007092198582,2.2502283105022833,0.4728132387706856,0.0045662100456621,single,fig6b,optical_mode_line,frequency_GHz,1,digitized_paper_measurement,p4_0.jpeg
1772,523.5,145.62647754137114,2.2502283105022833,0.4728132387706856,0.0045662100456621,single,fig6b,optical_mode_line,frequency_GHz,1,digitized_paper_measurement,p4_0.jpeg
1773,523.5,145.8628841607565,2.2502283105022833,0.4728132387706856,0.0045662100456621,single,fig6b,optical_mode_line,frequency_GHz,1,digitized_paper_measurement,p4_0.jpeg
1774,523.5,146.09929078014184,2.2502283105022833,0.4728132387706856,0.0045662100456621,single,fig6b,optical_mode_line,frequency_GHz,1,digitized_paper_measurement,p4_0.jpeg
1775,523.5,146.3356973995272,2.2502283105022833,0.4728132387706856,0.0045662100456621,single,fig6b,optical_mode_line,frequency_GHz,1,digitized_paper_measurement,p4_0.jpeg
1776,523.5,146.57210401891254,2.2502283105022833,0.4728132387706856,0.0045662100456621,single,fig6b,optical_mode_line,frequency_GHz,1,digitized_paper_measurement,p4_0.jpeg
1777,523.5,146.80851063829786,2.2502283105022833,0.4728132387706856,0.0045662100456621,single,fig6b,optical_mode_line,frequency_GHz,1,digitized_paper_measurement,p4_0.jpeg
1778,523.5,147.0449172576832,2.2502283105022833,0.4728132387706856,0.0045662100456621,single,fig6b,optical_mode_line,frequency_GHz,1,digitized_paper_measurement,p4_0.jpeg
1779,523.5,147.28132387706856,2.2502283105022833,0.4728132387706856,0.0045662100456621,single,fig6b,optical_mode_line,frequency_GHz,1,digitized_paper_measurement,p4_0.jpeg
1780,523.5,147.5177304964539,2.2502283105022833,0.4728132387706856,0.0045662100456621,single,fig6b,optical_mode_line,frequency_GHz,1,digitized_paper_measurement,p4_0.jpeg
1781,523.5,147.75413711583926,2.2502283105022833,0.4728132387706856,0.0045662100456621,single,fig6b,optical_mode_line,frequency_GHz,1,digitized_paper_measurement,p4_0.jpeg
1782,523.5,147.99054373522458,2.2502283105022833,0.4728132387706856,0.0045662100456621,single,fig6b,optical_mode_line,frequency_GHz,1,digitized_paper_measurement,p4_0.jpeg
1783,523.5,148.22695035460993,2.2502283105022833,0.4728132387706856,0.0045662100456621,single,fig6b,optical_mode_line,frequency_GHz,1,digitized_paper_measurement,p4_0.jpeg
1784,523.5,148.46335697399527,2.2502283105022833,0.4728132387706856,0.0045662100456621,single,fig6b,optical_mode_line,frequency_GHz,1,digitized_paper_measurement,p4_0.jpeg
1785,523.5,148.69976359338062,2.2502283105022833,0.4728132387706856,0.0045662100456621,single,fig6b,optical_mode_line,frequency_GHz,1,digitized_paper_measurement,p4_0.jpeg
1786,523.5,148.93617021276594,2.2502283105022833,0.4728132387706856,0.0045662100456621,single,fig6b,optical_mode_line,frequency_GHz,1,digitized_paper_measurement,p4_0.jpeg
1787,523.5,149.1725768321513,2.2502283105022833,0.4728132387706856,0.0045662100456621,single,fig6b,optical_mode_line,frequency_GHz,1,digitized_paper_measurement,p4_0.jpeg
1788,523.5,149.40898345153664,2.2502283105022833,0.4728132387706856,0.0045662100456621,single,fig6b,optical_mode_line,frequency_GHz,1,digitized_paper_measurement,p4_0.jpeg
1789,523.5,149.645390070922,2.2502283105022833,0.4728132387706856,0.0045662100456621,single,fig6b,optical_mode_line,frequency_GHz,1,digitized_paper_measurement,p4_0.jpeg
1790,523.5,149.88179669030734,2.2502283105022833,0.4728132387706856,0.0045662100456621,single,fig6b,optical_mode_line,frequency_GHz,1,digitized_paper_measurement,p4_0.jpeg
1791,523.5,150.11820330969266,2.2502283105022833,0.4728132387706856,0.0045662100456621,single,fig6b,optical_mode_line,frequency_GHz,1,digitized_paper_measurement,p4_0.jpeg
1792,523.5,150.354609929078,2.2502283105022833,0.4728132387706856,0.0045662100456621,single,fig6b,optical_mode_line,frequency_GHz,1,digitized_paper_measurement,p4_0.jpeg
1793,523.5,150.59101654846336,2.2502283105022833,0.4728132387706856,0.0045662100456621,single,fig6b,optical_mode_line,frequency_GHz,1,digitized_paper_measurement,p4_0.jpeg
1794,524.0,150.8274231678487,2.249315068493151,0.4728132387706856,0.005479452054794521,single,fig6b,optical_mode_line,frequency_GHz,1,digitized_paper_measurement,p4_0.jpeg
1795,524.0,151.06382978723406,2.249315068493151,0.4728132387706856,0.005479452054794521,single,fig6b,optical_mode_line,frequency_GHz,1,digitized_paper_measurement,p4_0.jpeg
1796,524.0,151.30023640661938,2.249315068493151,0.4728132387706856,0.005479452054794521,single,fig6b,optical_mode_line,frequency_GHz,1,digitized_paper_measurement,p4_0.jpeg
1797,524.0,151.53664302600473,2.249315068493151,0.4728132387706856,0.005479452054794521,single,fig6b,optical_mode_line,frequency_GHz,1,digitized_paper_measurement,p4_0.jpeg
1798,524.0,151.77304964539007,2.249315068493151,0.4728132387706856,0.005479452054794521,single,fig6b,optical_mode_line,frequency_GHz,1,digitized_paper_measurement,p4_0.jpeg
1799,523.5,152.00945626477542,2.2502283105022833,0.4728132387706856,0.0045662100456621,single,fig6b,optical_mode_line,frequency_GHz,1,digitized_paper_measurement,p4_0.jpeg
1800,523.5,152.24586288416074,2.2502283105022833,0.4728132387706856,0.0045662100456621,single,fig6b,optical_mode_line,frequency_GHz,1,digitized_paper_measurement,p4_0.jpeg
1801,523.5,152.4822695035461,2.2502283105022833,0.4728132387706856,0.0045662100456621,single,fig6b,optical_mode_line,frequency_GHz,1,digitized_paper_measurement,p4_0.jpeg
1802,523.5,152.71867612293144,2.2502283105022833,0.4728132387706856,0.0045662100456621,single,fig6b,optical_mode_line,frequency_GHz,1,digitized_paper_measurement,p4_0.jpeg
1803,523.5,152.9550827423168,2.2502283105022833,0.4728132387706856,0.0045662100456621,single,fig6b,optical_mode_line,frequency_GHz,1,digitized_paper_measurement,p4_0.jpeg
1804,523.0,153.19148936170214,2.2511415525114153,0.4728132387706856,0.005479452054794521,single,fig6b,optical_mode_line,frequency_GHz,1,digitized_paper_measurement,p4_0.jpeg
1805,523.0,153.42789598108746,2.2511415525114153,0.4728132387706856,0.005479452054794521,single,fig6b,optical_mode_line,frequency_GHz,1,digitized_paper_measurement,p4_0.jpeg
1806,523.0,153.6643026004728,2.2511415525114153,0.4728132387706856,0.005479452054794521,single,fig6b,optical_mode_line,frequency_GHz,1,digitized_paper_measurement,p4_0.jpeg
1807,523.0,153.90070921985816,2.2511415525114153,0.4728132387706856,0.005479452054794521,single,fig6b,optical_mode_line,frequency_GHz,1,digitized_paper_measurement,p4_0.jpeg
1808,523.0,154.1371158392435,2.2511415525114153,0.4728132387706856,0.005479452054794521,single,fig6b,optical_mode_line,frequency_GHz,1,digitized_paper_measurement,p4_0.jpeg
1809,523.0,154.37352245862886,2.2511415525114153,0.4728132387706856,0.005479452054794521,single,fig6b,optical_mode_line,frequency_GHz,1,digitized_paper_measurement,p4_0.jpeg
1810,523.0,154.60992907801418,2.2511415525114153,0.4728132387706856,0.005479452054794521,single,fig6b,optical_mode_line,frequency_GHz,1,digitized_paper_measurement,p4_0.jpeg
1811,523.0,154.84633569739952,2.2511415525114153,0.4728132387706856,0.005479452054794521,single,fig6b,optical_mode_line,frequency_GHz,1,digitized_paper_measurement,p4_0.jpeg
1812,523.0,155.08274231678487,2.2511415525114153,0.4728132387706856,0.005479452054794521,single,fig6b,optical_mode_line,frequency_GHz,1,digitized_paper_measurement,p4_0.jpeg
1813,523.0,155.31914893617022,2.2511415525114153,0.4728132387706856,0.005479452054794521,single,fig6b,optical_mode_line,frequency_GHz,1,digitized_paper_measurement,p4_0.jpeg
1814,523.0,155.55555555555554,2.2511415525114153,0.4728132387706856,0.005479452054794521,single,fig6b,optical_mode_line,frequency_GHz,1,digitized_paper_measurement,p4_0.jpeg
1815,523.0,155.7919621749409,2.2511415525114153,0.4728132387706856,0.005479452054794521,single,fig6b,optical_mode_line,frequency_GHz,1,digitized_paper_measurement,p4_0.jpeg
1816,523.5,156.02836879432624,2.2502283105022833,0.4728132387706856,0.0045662100456621,single,fig6b,optical_mode_line,frequency_GHz,1,digitized_paper_measurement,p4_0.jpeg
1817,523.5,156.2647754137116,2.2502283105022833,0.4728132387706856,0.0045662100456621,single,fig6b,optical_mode_line,frequency_GHz,1,digitized_paper_measurement,p4_0.jpeg
1818,523.5,156.50118203309694,2.2502283105022833,0.4728132387706856,0.0045662100456621,single,fig6b,optical_mode_line,frequency_GHz,1,digitized_paper_measurement,p4_0.jpeg
1819,523.5,156.73758865248226,2.2502283105022833,0.4728132387706856,0.0045662100456621,single,fig6b,optical_mode_line,frequency_GHz,1,digitized_paper_measurement,p4_0.jpeg
1820,523.5,156.9739952718676,2.2502283105022833,0.4728132387706856,0.0045662100456621,single,fig6b,optical_mode_line,frequency_GHz,1,digitized_paper_measurement,p4_0.jpeg
1821,523.5,157.21040189125296,2.2502283105022833,0.4728132387706856,0.0045662100456621,single,fig6b,optical_mode_line,frequency_GHz,1,digitized_paper_measurement,p4_0.jpeg
1822,523.5,157.4468085106383,2.2502283105022833,0.4728132387706856,0.0045662100456621,single,fig6b,optical_mode_line,frequency_GHz,1,digitized_paper_measurement,p4_0.jpeg
1823,523.5,157.68321513002365,2.2502283105022833,0.4728132387706856,0.0045662100456621,single,fig6b,optical_mode_line,frequency_GHz,1,digitized_paper_measurement,p4_0.jpeg
1824,523.5,157.91962174940898,2.2502283105022833,0.4728132387706856,0.0045662100456621,single,fig6b,optical_mode_line,frequency_GHz,1,digitized_paper_measurement,p4_0.jpeg
1825,523.5,158.15602836879432,2.2502283105022833,0.4728132387706856,0.0045662100456621,single,fig6b,optical_mode_line,frequency_GHz,1,digitized_paper_measurement,p4_0.jpeg
1826,523.5,158.39243498817967,2.2502283105022833,0.4728132387706856,0.0045662100456621,single,fig6b,optical_mode_line,frequency_GHz,1,digitized_paper_measurement,p4_0.jpeg
1827,523.5,158.62884160756502,2.2502283105022833,0.4728132387706856,0.0045662100456621,single,fig6b,optical_mode_line,frequency_GHz,1,digitized_paper_measurement,p4_0.jpeg
1828,523.5,158.86524822695034,2.2502283105022833,0.4728132387706856,0.0045662100456621,single,fig6b,optical_mode_line,frequency_GHz,1,digitized_paper_measurement,p4_0.jpeg
1829,523.5,159.1016548463357,2.2502283105022833,0.4728132387706856,0.0045662100456621,single,fig6b,optical_mode_line,frequency_GHz,1,digitized_paper_measurement,p4_0.jpeg
1830,523.5,159.33806146572104,2.2502283105022833,0.4728132387706856,0.0045662100456621,single,fig6b,optical_mode_line,frequency_GHz,1,digitized_paper_measurement,p4_0.jpeg
1831,523.5,159.5744680851064,2.2502283105022833,0.4728132387706856,0.0045662100456621,single,fig6b,optical_mode_line,frequency_GHz,1,digitized_paper_measurement,p4_0.jpeg
1832,523.0,159.81087470449174,2.2511415525114153,0.4728132387706856,0.005479452054794521,single,fig6b,optical_mode_line,frequency_GHz,1,digitized_paper_measurement,p4_0.jpeg
1833,523.0,160.04728132387706,2.2511415525114153,0.4728132387706856,0.005479452054794521,single,fig6b,optical_mode_line,frequency_GHz,1,digitized_paper_measurement,p4_0.jpeg
1834,523.0,160.2836879432624,2.2511415525114153,0.4728132387706856,0.005479452054794521,single,fig6b,optical_mode_line,frequency_GHz,1,digitized_paper_measurement,p4_0.jpeg
1835,523.0,160.52009456264776,2.2511415525114153,0.4728132387706856,0.005479452054794521,single,fig6b,optical_mode_line,frequency_GHz,1,digitized_paper_measurement,p4_0.jpeg
1836,523.5,160.7565011820331,2.2502283105022833,0.4728132387706856,0.0045662100456621,single,fig6b,optical_mode_line,frequency_GHz,1,digitized_paper_measurement,p4_0.jpeg
1837,523.5,160.99290780141843,2.2502283105022833,0.4728132387706856,0.0045662100456621,single,fig6b,optical_mode_line,frequency_GHz,1,digitized_paper_measurement,p4_0.jpeg
1838,523.5,161.22931442080377,2.2502283105022833,0.4728132387706856,0.0045662100456621,single,fig6b,optical_mode_line,frequency_GHz,1,digitized_paper_measurement,p4_0.jpeg
1839,523.5,161.46572104018912,2.2502283105022833,0.4728132387706856,0.0045662100456621,single,fig6b,optical_mode_line,frequency_GHz,1,digitized_paper_measurement,p4_0.jpeg
1840,523.5,161.70212765957447,2.2502283105022833,0.4728132387706856,0.0045662100456621,single,fig6b,optical_mode_line,frequency_GHz,1,digitized_paper_measurement,p4_0.jpeg
1841,523.5,161.93853427895982,2.2502283105022833,0.4728132387706856,0.0045662100456621,single,fig6b,optical_mode_line,frequency_GHz,1,digitized_paper_measurement,p4_0.jpeg
1842,523.5,162.17494089834514,2.2502283105022833,0.4728132387706856,0.0045662100456621,single,fig6b,optical_mode_line,frequency_GHz,1,digitized_paper_measurement,p4_0.jpeg
1843,523.5,162.4113475177305,2.2502283105022833,0.4728132387706856,0.0045662100456621,single,fig6b,optical_mode_line,frequency_GHz,1,digitized_paper_measurement,p4_0.jpeg
1844,523.5,162.64775413711584,2.2502283105022833,0.4728132387706856,0.0045662100456621,single,fig6b,optical_mode_line,frequency_GHz,1,digitized_paper_measurement,p4_0.jpeg
1845,523.5,162.8841607565012,2.2502283105022833,0.4728132387706856,0.0045662100456621,single,fig6b,optical_mode_line,frequency_GHz,1,digitized_paper_measurement,p4_0.jpeg
1846,523.5,163.12056737588654,2.2502283105022833,0.4728132387706856,0.0045662100456621,single,fig6b,optical_mode_line,frequency_GHz,1,digitized_paper_measurement,p4_0.jpeg
1847,523.0,163.35697399527186,2.2511415525114153,0.4728132387706856,0.005479452054794521,single,fig6b,optical_mode_line,frequency_GHz,1,digitized_paper_measurement,p4_0.jpeg
1848,523.5,163.5933806146572,2.2502283105022833,0.4728132387706856,0.0045662100456621,single,fig6b,optical_mode_line,frequency_GHz,1,digitized_paper_measurement,p4_0.jpeg
1849,523.5,163.82978723404256,2.2502283105022833,0.4728132387706856,0.0045662100456621,single,fig6b,optical_mode_line,frequency_GHz,1,digitized_paper_measurement,p4_0.jpeg
1850,523.5,164.0661938534279,2.2502283105022833,0.4728132387706856,0.0045662100456621,single,fig6b,optical_mode_line,frequency_GHz,1,digitized_paper_measurement,p4_0.jpeg
1851,523.5,164.30260047281322,2.2502283105022833,0.4728132387706856,0.0045662100456621,single,fig6b,optical_mode_line,frequency_GHz,1,digitized_paper_measurement,p4_0.jpeg
1852,523.5,164.53900709219857,2.2502283105022833,0.4728132387706856,0.0045662100456621,single,fig6b,optical_mode_line,frequency_GHz,1,digitized_paper_measurement,p4_0.jpeg
1853,523.5,164.77541371158392,2.2502283105022833,0.4728132387706856,0.0045662100456621,single,fig6b,optical_mode_line,frequency_GHz,1,digitized_paper_measurement,p4_0.jpeg
1854,523.5,165.01182033096927,2.2502283105022833,0.4728132387706856,0.0045662100456621,single,fig6b,optical_mode_line,frequency_GHz,1,digitized_paper_measurement,p4_0.jpeg
1855,523.5,165.24822695035462,2.2502283105022833,0.4728132387706856,0.0045662100456621,single,fig6b,optical_mode_line,frequency_GHz,1,digitized_paper_measurement,p4_0.jpeg
1856,523.5,165.48463356973994,2.2502283105022833,0.4728132387706856,0.0045662100456621,single,fig6b,optical_mode_line,frequency_GHz,1,digitized_paper_measurement,p4_0.jpeg
1857,523.5,165.7210401891253,2.2502283105022833,0.4728132387706856,0.0045662100456621,single,fig6b,optical_mode_line,frequency_GHz,1,digitized_paper_measurement,p4_0.jpeg
1858,523.5,165.95744680851064,2.2502283105022833,0.4728132387706856,0.0045662100456621,single,fig6b,optical_mode_line,frequency_GHz,1,digitized_paper_measurement,p4_0.jpeg
1859,523.5,166.193853427896,2.2502283105022833,0.4728132387706856,0.0045662100456621,single,fig6b,optical_mode_line,frequency_GHz,1,digitized_paper_measurement,p4_0.jpeg
1860,523.5,166.43026004728134,2.2502283105022833,0.4728132387706856,0.0045662100456621,single,fig6b,optical_mode_line,frequency_GHz,1,digitized_paper_measurement,p4_0.jpeg
1861,523.5,166.66666666666666,2.2502283105022833,0.4728132387706856,0.0045662100456621,single,fig6b,optical_mode_line,frequency_GHz,1,digitized_paper_measurement,p4_0.jpeg
1862,523.5,166.903073286052,2.2502283105022833,0.4728132387706856,0.0045662100456621,single,fig6b,optical_mode_line,frequency_GHz,1,digitized_paper_measurement,p4_0.jpeg
1863,523.5,167.13947990543736,2.2502283105022833,0.4728132387706856,0.0045662100456621,single,fig6b,optical_mode_line,frequency_GHz,1,digitized_paper_measurement,p4_0.jpeg
1864,523.5,167.3758865248227,2.2502283105022833,0.4728132387706856,0.0045662100456621,single,fig6b,optical_mode_line,frequency_GHz,1,digitized_paper_measurement,p4_0.jpeg
1865,523.5,167.61229314420802,2.2502283105022833,0.4728132387706856,0.0045662100456621,single,fig6b,optical_mode_line,frequency_GHz,1,digitized_paper_measurement,p4_0.jpeg
1866,523.0,167.84869976359337,2.2511415525114153,0.4728132387706856,0.005479452054794521,single,fig6b,optical_mode_line,frequency_GHz,1,digitized_paper_measurement,p4_0.jpeg
1867,523.0,168.08510638297872,2.2511415525114153,0.4728132387706856,0.005479452054794521,single,fig6b,optical_mode_line,frequency_GHz,1,digitized_paper_measurement,p4_0.jpeg
1868,523.0,168.32151300236407,2.2511415525114153,0.4728132387706856,0.005479452054794521,single,fig6b,optical_mode_line,frequency_GHz,1,digitized_paper_measurement,p4_0.jpeg
1869,523.0,168.55791962174942,2.2511415525114153,0.4728132387706856,0.005479452054794521,single,fig6b,optical_mode_line,frequency_GHz,1,digitized_paper_measurement,p4_0.jpeg
1870,523.0,168.79432624113474,2.2511415525114153,0.4728132387706856,0.005479452054794521,single,fig6b,optical_mode_line,frequency_GHz,1,digitized_paper_measurement,p4_0.jpeg
1871,523.0,169.0307328605201,2.2511415525114153,0.4728132387706856,0.005479452054794521,single,fig6b,optical_mode_line,frequency_GHz,1,digitized_paper_measurement,p4_0.jpeg
1872,523.0,169.26713947990544,2.2511415525114153,0.4728132387706856,0.005479452054794521,single,fig6b,optical_mode_line,frequency_GHz,1,digitized_paper_measurement,p4_0.jpeg
