x_pixel,y_pixel,x_value,value,uncertainty_x,uncertainty_value,flag,panel,series,load,x_quantity,unit,provenance,source
112,115.0,1.7611580217129088,0.11450381679389313,0.38600723763570566,0.0916030534351145,single,fig7a,EO_response_38ohm,38ohm,frequency_GHz,dB,digitized_paper_measurement,p4_1.png
113,114.5,1.95416164053076,0.13740458015267176,0.38600723763570566,0.11450381679389313,single,fig7a,EO_response_38ohm,38ohm,frequency_GHz,dB,digitized_paper_measurement,p4_1.png
120,106.5,3.305186972255729,0.5038167938931297,0.38600723763570566,0.16030534351145037,single,fig7a,EO_response_38ohm,38ohm,frequency_GHz,dB,digitized_paper_measurement,p4_1.png
121,106.0,3.498190591073584,0.5267175572519084,0.38600723763570566,0.13740458015267176,single,fig7a,EO_response_38ohm,38ohm,frequency_GHz,dB,digitized_paper_measurement,p4_1.png
122,104.5,3.691194209891435,0.5954198473282443,0.38600723763570566,0.11450381679389313,single,fig7a,EO_response_38ohm,38ohm,frequency_GHz,dB,digitized_paper_measurement,p4_1.png
123,104.0,3.88419782870929,0.6183206106870229,0.38600723763570566,0.0916030534351145,single,fig7a,EO_response_38ohm,38ohm,frequency_GHz,dB,digitized_paper_measurement,p4_1.png
124,104.0,4.077201447527141,0.6183206106870229,0.38600723763570566,0.0916030534351145,single,fig7a,EO_response_38ohm,38ohm,frequency_GHz,dB,digitized_paper_measurement,p4_1.png
125,104.0,4.270205066344994,0.6183206106870229,0.38600723763570566,0.0916030534351145,single,fig7a,EO_response_38ohm,38ohm,frequency_GHz,dB,digitized_paper_measurement,p4_1.png
126,103.5,4.463208685162847,0.6412213740458015,0.38600723763570566,0.11450381679389313,single,fig7a,EO_response_38ohm,38ohm,frequency_GHz,dB,digitized_paper_measurement,p4_1.png
127,103.0,4.6562123039807,0.6641221374045801,0.38600723763570566,0.0916030534351145,single,fig7a,EO_response_38ohm,38ohm,frequency_GHz,dB,digitized_paper_measurement,p4_1.png
128,102.5,4.849215922798553,0.6870229007633588,0.38600723763570566,0.11450381679389313,single,fig7a,EO_response_38ohm,38ohm,frequency_GHz,dB,digitized_paper_measurement,p4_1.png
129,101.5,5.042219541616406,0.732824427480916,0.38600723763570566,0.11450381679389313,single,fig7a,EO_response_38ohm,38ohm,frequency_GHz,dB,digitized_paper_measurement,p4_1.png
130,101.0,5.235223160434257,0.7557251908396947,0.38600723763570566,0.0916030534351145,single,fig7a,EO_response_38ohm,38ohm,frequency_GHz,dB,digitized_paper_measurement,p4_1.png
131,101.5,5.42822677925211,0.732824427480916,0.38600723763570566,0.11450381679389313,single,fig7a,EO_response_38ohm,38ohm,frequency_GHz,dB,digitized_paper_measurement,p4_1.png
132,102.5,5.621230398069963,0.6870229007633588,0.38600723763570566,0.11450381679389313,single,fig7a,EO_response_38ohm,38ohm,frequency_GHz,dB,digitized_paper_measurement,p4_1.png
133,101.5,5.814234016887816,0.732824427480916,0.38600723763570566,0.11450381679389313,single,fig7a,EO_response_38ohm,38ohm,frequency_GHz,dB,digitized_paper_measurement,p4_1.png
134,100.5,6.007237635705669,0.7786259541984732,0.38600723763570566,0.11450381679389313,single,fig7a,EO_response_38ohm,38ohm,frequency_GHz,dB,digitized_paper_measurement,p4_1.png
135,99.5,6.200241254523522,0.8244274809160306,0.38600723763570566,0.11450381679389313,single,fig7a,EO_response_38ohm,38ohm,frequency_GHz,dB,digitized_paper_measurement,p4_1.png
136,99.5,6.393244873341375,0.8244274809160306,0.38600723763570566,0.11450381679389313,single,fig7a,EO_response_38ohm,38ohm,frequency_GHz,dB,digitized_paper_measurement,p4_1.png
137,99.5,6.586248492159228,0.8244274809160306,0.38600723763570566,0.11450381679389313,single,fig7a,EO_response_38ohm,38ohm,frequency_GHz,dB,digitized_paper_measurement,p4_1.png
138,99.5,6.779252110977081,0.8244274809160306,0.38600723763570566,0.11450381679389313,single,fig7a,EO_response_38ohm,38ohm,frequency_GHz,dB,digitized_paper_measurement,p4_1.png
139,100.0,6.972255729794934,0.8015267175572519,0.38600723763570566,0.0916030534351145,single,fig7a,EO_response_38ohm,38ohm,frequency_GHz,dB,digitized_paper_measurement,p4_1.png
140,100.5,7.165259348612787,0.7786259541984732,0.38600723763570566,0.11450381679389313,single,fig7a,EO_response_38ohm,38ohm,frequency_GHz,dB,digitized_paper_measurement,p4_1.png
141,100.5,7.358262967430639,0.7786259541984732,0.38600723763570566,0.11450381679389313,single,fig7a,EO_response_38ohm,38ohm,frequency_GHz,dB,digitized_paper_measurement,p4_1.png
142,101.5,7.551266586248492,0.732824427480916,0.38600723763570566,0.11450381679389313,single,fig7a,EO_response_38ohm,38ohm,frequency_GHz,dB,digitized_paper_measurement,p4_1.png
143,101.5,7.744270205066345,0.732824427480916,0.38600723763570566,0.11450381679389313,single,fig7a,EO_response_38ohm,38ohm,frequency_GHz,dB,digitized_paper_measurement,p4_1.png
144,102.0,7.9372738238841976,0.7099236641221374,0.38600723763570566,0.0916030534351145,single,fig7a,EO_response_38ohm,38ohm,frequency_GHz,dB,digitized_paper_measurement,p4_1.png
145,102.0,8.13027744270205,0.7099236641221374,0.38600723763570566,0.0916030534351145,single,fig7a,EO_response_38ohm,38ohm,frequency_GHz,dB,digitized_paper_measurement,p4_1.png
146,102.0,8.323281061519904,0.7099236641221374,0.38600723763570566,0.0916030534351145,single,fig7a,EO_response_38ohm,38ohm,frequency_GHz,dB,digitized_paper_measurement,p4_1.png
147,102.5,8.516284680337757,0.6870229007633588,0.38600723763570566,0.11450381679389313,single,fig7a,EO_response_38ohm,38ohm,frequency_GHz,dB,digitized_paper_measurement,p4_1.png
148,103.0,8.70928829915561,0.6641221374045801,0.38600723763570566,0.0916030534351145,single,fig7a,EO_response_38ohm,38ohm,frequency_GHz,dB,digitized_paper_measurement,p4_1.png
149,103.0,8.902291917973463,0.6641221374045801,0.38600723763570566,0.0916030534351145,single,fig7a,EO_response_38ohm,38ohm,frequency_GHz,dB,digitized_paper_measurement,p4_1.png
150,103.5,9.095295536791316,0.6412213740458015,0.38600723763570566,0.11450381679389313,single,fig7a,EO_response_38ohm,38ohm,frequency_GHz,dB,digitized_paper_measurement,p4_1.png
151,104.0,9.288299155609169,0.6183206106870229,0.38600723763570566,0.0916030534351145,single,fig7a,EO_response_38ohm,38ohm,frequency_GHz,dB,digitized_paper_measurement,p4_1.png
152,104.0,9.48130277442702,0.6183206106870229,0.38600723763570566,0.0916030534351145,single,fig7a,EO_response_38ohm,38ohm,frequency_GHz,dB,digitized_paper_measurement,p4_1.png
153,104.0,9.674306393244873,0.6183206106870229,0.38600723763570566,0.0916030534351145,single,fig7a,EO_response_38ohm,38ohm,frequency_GHz,dB,digitized_paper_measurement,p4_1.png
154,104.5,9.867310012062726,0.5954198473282443,0.38600723763570566,0.11450381679389313,single,fig7a,EO_response_38ohm,38ohm,frequency_GHz,dB,digitized_paper_measurement,p4_1.png
155,105.5,10.060313630880579,0.549618320610687,0.38600723763570566,0.11450381679389313,single,fig7a,EO_response_38ohm,38ohm,frequency_GHz,dB,digitized_paper_measurement,p4_1.png
156,106.5,10.253317249698432,0.5038167938931297,0.38600723763570566,0.11450381679389313,single,fig7a,EO_response_38ohm,38ohm,frequency_GHz,dB,digitized_paper_measurement,p4_1.png
157,107.0,10.446320868516285,0.48091603053435117,0.38600723763570566,0.0916030534351145,single,fig7a,EO_response_38ohm,38ohm,frequency_GHz,dB,digitized_paper_measurement,p4_1.png
158,107.5,10.639324487334138,0.4580152671755725,0.38600723763570566,0.11450381679389313,single,fig7a,EO_response_38ohm,38ohm,frequency_GHz,dB,digitized_paper_measurement,p4_1.png
159,108.0,10.83232810615199,0.4351145038167939,0.38600723763570566,0.0916030534351145,single,fig7a,EO_response_38ohm,38ohm,frequency_GHz,dB,digitized_paper_measurement,p4_1.png
160,108.5,11.025331724969844,0.4122137404580153,0.38600723763570566,0.11450381679389313,single,fig7a,EO_response_38ohm,38ohm,frequency_GHz,dB,digitized_paper_measurement,p4_1.png
161,108.5,11.218335343787697,0.4122137404580153,0.38600723763570566,0.11450381679389313,single,fig7a,EO_response_38ohm,38ohm,frequency_GHz,dB,digitized_paper_measurement,p4_1.png
162,108.0,11.41133896260555,0.4351145038167939,0.38600723763570566,0.0916030534351145,single,fig7a,EO_response_38ohm,38ohm,frequency_GHz,dB,digitized_paper_measurement,p4_1.png
163,108.0,11.604342581423401,0.4351145038167939,0.38600723763570566,0.0916030534351145,single,fig7a,EO_response_38ohm,38ohm,frequency_GHz,dB,digitized_paper_measurement,p4_1.png
164,108.0,11.797346200241254,0.4351145038167939,0.38600723763570566,0.0916030534351145,single,fig7a,EO_response_38ohm,38ohm,frequency_GHz,dB,digitized_paper_measurement,p4_1.png
165,108.0,11.990349819059107,0.4351145038167939,0.38600723763570566,0.13740458015267176,single,fig7a,EO_response_38ohm,38ohm,frequency_GHz,dB,digitized_paper_measurement,p4_1.png
166,109.0,12.18335343787696,0.3893129770992366,0.38600723763570566,0.13740458015267176,single,fig7a,EO_response_38ohm,38ohm,frequency_GHz,dB,digitized_paper_measurement,p4_1.png
167,109.5,12.376357056694813,0.366412213740458,0.38600723763570566,0.11450381679389313,single,fig7a,EO_response_38ohm,38ohm,frequency_GHz,dB,digitized_paper_measurement,p4_1.png
168,109.5,12.569360675512666,0.366412213740458,0.38600723763570566,0.16030534351145037,single,fig7a,EO_response_38ohm,38ohm,frequency_GHz,dB,digitized_paper_measurement,p4_1.png
172,109.5,13.341375150784078,0.366412213740458,0.38600723763570566,0.11450381679389313,single,fig7a,EO_response_38ohm,38ohm,frequency_GHz,dB,digitized_paper_measurement,p4_1.png
173,109.5,13.534378769601929,0.366412213740458,0.38600723763570566,0.11450381679389313,single,fig7a,EO_response_38ohm,38ohm,frequency_GHz,dB,digitized_paper_measurement,p4_1.png
174,110.0,13.727382388419784,0.3435114503816794,0.38600723763570566,0.0916030534351145,single,fig7a,EO_response_38ohm,38ohm,frequency_GHz,dB,digitized_paper_measurement,p4_1.png
175,110.5,13.920386007237635,0.32061068702290074,0.38600723763570566,0.11450381679389313,single,fig7a,EO_response_38ohm,38ohm,frequency_GHz,dB,digitized_paper_measurement,p4_1.png
176,111.0,14.11338962605549,0.29770992366412213,0.38600723763570566,0.0916030534351145,single,fig7a,EO_response_38ohm,38ohm,frequency_GHz,dB,digitized_paper_measurement,p4_1.png
177,110.5,14.306393244873341,0.32061068702290074,0.38600723763570566,0.11450381679389313,single,fig7a,EO_response_38ohm,38ohm,frequency_GHz,dB,digitized_paper_measurement,p4_1.png
178,110.0,14.499396863691194,0.3435114503816794,0.38600723763570566,0.0916030534351145,single,fig7a,EO_response_38ohm,38ohm,frequency_GHz,dB,digitized_paper_measurement,p4_1.png
179,109.5,14.692400482509047,0.366412213740458,0.38600723763570566,0.11450381679389313,single,fig7a,EO_response_38ohm,38ohm,frequency_GHz,dB,digitized_paper_measurement,p4_1.png
180,108.5,14.8854041013269,0.4122137404580153,0.38600723763570566,0.11450381679389313,single,fig7a,EO_response_38ohm,38ohm,frequency_GHz,dB,digitized_paper_measurement,p4_1.png
181,108.0,15.078407720144753,0.4351145038167939,0.38600723763570566,0.0916030534351145,single,fig7a,EO_response_38ohm,38ohm,frequency_GHz,dB,digitized_paper_measurement,p4_1.png
182,108.0,15.271411338962604,0.4351145038167939,0.38600723763570566,0.0916030534351145,single,fig7a,EO_response_38ohm,38ohm,frequency_GHz,dB,digitized_paper_measurement,p4_1.png
183,108.5,15.464414957780459,0.4122137404580153,0.38600723763570566,0.11450381679389313,single,fig7a,EO_response_38ohm,38ohm,frequency_GHz,dB,digitized_paper_measurement,p4_1.png
184,109.0,15.65741857659831,0.3893129770992366,0.38600723763570566,0.0916030534351145,single,fig7a,EO_response_38ohm,38ohm,frequency_GHz,dB,digitized_paper_measurement,p4_1.png
185,109.5,15.850422195416165,0.366412213740458,0.38600723763570566,0.11450381679389313,single,fig7a,EO_response_38ohm,38ohm,frequency_GHz,dB,digitized_paper_measurement,p4_1.png
186,110.0,16.043425814234016,0.3435114503816794,0.38600723763570566,0.0916030534351145,single,fig7a,EO_response_38ohm,38ohm,frequency_GHz,dB,digitized_paper_measurement,p4_1.png
187,110.0,16.23642943305187,0.3435114503816794,0.38600723763570566,0.0916030534351145,single,fig7a,EO_response_38ohm,38ohm,frequency_GHz,dB,digitized_paper_measurement,p4_1.png
188,109.5,16.429433051869722,0.366412213740458,0.38600723763570566,0.11450381679389313,single,fig7a,EO_response_38ohm,38ohm,frequency_GHz,dB,digitized_paper_measurement,p4_1.png
189,108.5,16.622436670687577,0.4122137404580153,0.38600723763570566,0.11450381679389313,single,fig7a,EO_response_38ohm,38ohm,frequency_GHz,dB,digitized_paper_measurement,p4_1.png
190,107.5,16.81544028950543,0.4580152671755725,0.38600723763570566,0.11450381679389313,single,fig7a,EO_response_38ohm,38ohm,frequency_GHz,dB,digitized_paper_measurement,p4_1.png
191,106.5,17.00844390832328,0.5038167938931297,0.38600723763570566,0.11450381679389313,single,fig7a,EO_response_38ohm,38ohm,frequency_GHz,dB,digitized_paper_measurement,p4_1.png
192,106.0,17.201447527141134,0.5267175572519084,0.38600723763570566,0.0916030534351145,single,fig7a,EO_response_38ohm,38ohm,frequency_GHz,dB,digitized_paper_measurement,p4_1.png
193,106.0,17.394451145958985,0.5267175572519084,0.38600723763570566,0.0916030534351145,single,fig7a,EO_response_38ohm,38ohm,frequency_GHz,dB,digitized_paper_measurement,p4_1.png
194,106.0,17.58745476477684,0.5267175572519084,0.38600723763570566,0.0916030534351145,single,fig7a,EO_response_38ohm,38ohm,frequency_GHz,dB,digitized_paper_measurement,p4_1.png
195,105.5,17.78045838359469,0.549618320610687,0.38600723763570566,0.11450381679389313,single,fig7a,EO_response_38ohm,38ohm,frequency_GHz,dB,digitized_paper_measurement,p4_1.png
200,108.5,18.745476477683958,0.4122137404580153,0.38600723763570566,0.16030534351145037,single,fig7a,EO_response_38ohm,38ohm,frequency_GHz,dB,digitized_paper_measurement,p4_1.png
201,107.5,18.93848009650181,0.4580152671755725,0.38600723763570566,0.11450381679389313,single,fig7a,EO_response_38ohm,38ohm,frequency_GHz,dB,digitized_paper_measurement,p4_1.png
202,107.5,19.13148371531966,0.4580152671755725,0.38600723763570566,0.11450381679389313,single,fig7a,EO_response_38ohm,38ohm,frequency_GHz,dB,digitized_paper_measurement,p4_1.png
203,108.5,19.324487334137515,0.4122137404580153,0.38600723763570566,0.11450381679389313,single,fig7a,EO_response_38ohm,38ohm,frequency_GHz,dB,digitized_paper_measurement,p4_1.png
204,109.5,19.517490952955367,0.366412213740458,0.38600723763570566,0.11450381679389313,single,fig7a,EO_response_38ohm,38ohm,frequency_GHz,dB,digitized_paper_measurement,p4_1.png
205,110.0,19.71049457177322,0.3435114503816794,0.38600723763570566,0.0916030534351145,single,fig7a,EO_response_38ohm,38ohm,frequency_GHz,dB,digitized_paper_measurement,p4_1.png
206,109.5,19.903498190591073,0.366412213740458,0.38600723763570566,0.11450381679389313,single,fig7a,EO_response_38ohm,38ohm,frequency_GHz,dB,digitized_paper_measurement,p4_1.png
207,109.5,20.096501809408927,0.366412213740458,0.38600723763570566,0.11450381679389313,single,fig7a,EO_response_38ohm,38ohm,frequency_GHz,dB,digitized_paper_measurement,p4_1.png
208,109.0,20.28950542822678,0.3893129770992366,0.38600723763570566,0.0916030534351145,single,fig7a,EO_response_38ohm,38ohm,frequency_GHz,dB,digitized_paper_measurement,p4_1.png
209,109.5,20.482509047044633,0.366412213740458,0.38600723763570566,0.11450381679389313,single,fig7a,EO_response_38ohm,38ohm,frequency_GHz,dB,digitized_paper_measurement,p4_1.png
210,109.0,20.675512665862485,0.3893129770992366,0.38600723763570566,0.0916030534351145,single,fig7a,EO_response_38ohm,38ohm,frequency_GHz,dB,digitized_paper_measurement,p4_1.png
211,109.0,20.86851628468034,0.3893129770992366,0.38600723763570566,0.0916030534351145,single,fig7a,EO_response_38ohm,38ohm,frequency_GHz,dB,digitized_paper_measurement,p4_1.png
212,109.5,21.06151990349819,0.366412213740458,0.38600723763570566,0.11450381679389313,single,fig7a,EO_response_38ohm,38ohm,frequency_GHz,dB,digitized_paper_measurement,p4_1.png
213,110.0,21.254523522316042,0.3435114503816794,0.38600723763570566,0.0916030534351145,single,fig7a,EO_response_38ohm,38ohm,frequency_GHz,dB,digitized_paper_measurement,p4_1.png
214,110.0,21.447527141133897,0.3435114503816794,0.38600723763570566,0.0916030534351145,single,fig7a,EO_response_38ohm,38ohm,frequency_GHz,dB,digitized_paper_measurement,p4_1.png
215,110.5,21.640530759951748,0.32061068702290074,0.38600723763570566,0.11450381679389313,single,fig7a,EO_response_38ohm,38ohm,frequency_GHz,dB,digitized_paper_measurement,p4_1.png
216,111.5,21.833534378769603,0.2748091603053435,0.38600723763570566,0.11450381679389313,single,fig7a,EO_response_38ohm,38ohm,frequency_GHz,dB,digitized_paper_measurement,p4_1.png
217,112.5,22.026537997587454,0.22900763358778625,0.38600723763570566,0.11450381679389313,single,fig7a,EO_response_38ohm,38ohm,frequency_GHz,dB,digitized_paper_measurement,p4_1.png
218,112.5,22.21954161640531,0.22900763358778625,0.38600723763570566,0.11450381679389313,single,fig7a,EO_response_38ohm,38ohm,frequency_GHz,dB,digitized_paper_measurement,p4_1.png
219,112.0,22.41254523522316,0.25190839694656486,0.38600723763570566,0.13740458015267176,single,fig7a,EO_response_38ohm,38ohm,frequency_GHz,dB,digitized_paper_measurement,p4_1.png
220,112.0,22.605548854041015,0.25190839694656486,0.38600723763570566,0.183206106870229,single,fig7a,EO_response_38ohm,38ohm,frequency_GHz,dB,digitized_paper_measurement,p4_1.png
226,114.0,23.76357056694813,0.16030534351145037,0.38600723763570566,0.13740458015267176,single,fig7a,EO_response_38ohm,38ohm,frequency_GHz,dB,digitized_paper_measurement,p4_1.png
227,116.0,23.956574185765984,0.06870229007633588,0.38600723763570566,0.13740458015267176,single,fig7a,EO_response_38ohm,38ohm,frequency_GHz,dB,digitized_paper_measurement,p4_1.png
228,117.0,24.149577804583835,0.022900763358778626,0.38600723763570566,0.0916030534351145,single,fig7a,EO_response_38ohm,38ohm,frequency_GHz,dB,digitized_paper_measurement,p4_1.png
229,117.0,24.34258142340169,0.022900763358778626,0.38600723763570566,0.0916030534351145,single,fig7a,EO_response_38ohm,38ohm,frequency_GHz,dB,digitized_paper_measurement,p4_1.png
230,116.0,24.53558504221954,0.06870229007633588,0.38600723763570566,0.13740458015267176,single,fig7a,EO_response_38ohm,38ohm,frequency_GHz,dB,digitized_paper_measurement,p4_1.png
231,114.0,24.728588661037396,0.16030534351145037,0.38600723763570566,0.13740458015267176,single,fig7a,EO_response_38ohm,38ohm,frequency_GHz,dB,digitized_paper_measurement,p4_1.png
232,112.5,24.921592279855247,0.22900763358778625,0.38600723763570566,0.11450381679389313,single,fig7a,EO_response_38ohm,38ohm,frequency_GHz,dB,digitized_paper_measurement,p4_1.png
233,111.5,25.1145958986731,0.2748091603053435,0.38600723763570566,0.11450381679389313,single,fig7a,EO_response_38ohm,38ohm,frequency_GHz,dB,digitized_paper_measurement,p4_1.png
234,112.5,25.307599517490953,0.22900763358778625,0.38600723763570566,0.11450381679389313,single,fig7a,EO_response_38ohm,38ohm,frequency_GHz,dB,digitized_paper_measurement,p4_1.png
235,113.5,25.500603136308804,0.183206106870229,0.38600723763570566,0.11450381679389313,single,fig7a,EO_response_38ohm,38ohm,frequency_GHz,dB,digitized_paper_measurement,p4_1.png
236,114.0,25.69360675512666,0.16030534351145037,0.38600723763570566,0.0916030534351145,single,fig7a,EO_response_38ohm,38ohm,frequency_GHz,dB,digitized_paper_measurement,p4_1.png
237,114.0,25.88661037394451,0.16030534351145037,0.38600723763570566,0.0916030534351145,single,fig7a,EO_response_38ohm,38ohm,frequency_GHz,dB,digitized_paper_measurement,p4_1.png
238,114.5,26.079613992762365,0.13740458015267176,0.38600723763570566,0.11450381679389313,single,fig7a,EO_response_38ohm,38ohm,frequency_GHz,dB,digitized_paper_measurement,p4_1.png
239,114.5,26.272617611580216,0.13740458015267176,0.38600723763570566,0.11450381679389313,single,fig7a,EO_response_38ohm,38ohm,frequency_GHz,dB,digitized_paper_measurement,p4_1.png
240,114.5,26.46562123039807,0.13740458015267176,0.38600723763570566,0.11450381679389313,single,fig7a,EO_response_38ohm,38ohm,frequency_GHz,dB,digitized_paper_measurement,p4_1.png
241,115.0,26.658624849215922,0.11450381679389313,0.38600723763570566,0.0916030534351145,single,fig7a,EO_response_38ohm,38ohm,frequency_GHz,dB,digitized_paper_measurement,p4_1.png
242,114.5,26.851628468033777,0.13740458015267176,0.38600723763570566,0.11450381679389313,single,fig7a,EO_response_38ohm,38ohm,frequency_GHz,dB,digitized_paper_measurement,p4_1.png
243,113.5,27.044632086851628,0.183206106870229,0.38600723763570566,0.11450381679389313,single,fig7a,EO_response_38ohm,38ohm,frequency_GHz,dB,digitized_paper_measurement,p4_1.png
244,112.5,27.237635705669483,0.22900763358778625,0.38600723763570566,0.11450381679389313,single,fig7a,EO_response_38ohm,38ohm,frequency_GHz,dB,digitized_paper_measurement,p4_1.png
245,111.5,27.430639324487334,0.2748091603053435,0.38600723763570566,0.11450381679389313,single,fig7a,EO_response_38ohm,38ohm,frequency_GHz,dB,digitized_paper_measurement,p4_1.png
246,111.0,27.623642943305185,0.29770992366412213,0.38600723763570566,0.0916030534351145,single,fig7a,EO_response_38ohm,38ohm,frequency_GHz,dB,digitized_paper_measurement,p4_1.png
247,111.5,27.81664656212304,0.2748091603053435,0.38600723763570566,0.11450381679389313,single,fig7a,EO_response_38ohm,38ohm,frequency_GHz,dB,digitized_paper_measurement,p4_1.png
248,112.5,28.009650180940895,0.22900763358778625,0.38600723763570566,0.11450381679389313,single,fig7a,EO_response_38ohm,38ohm,frequency_GHz,dB,digitized_paper_measurement,p4_1.png
249,113.5,28.202653799758746,0.183206106870229,0.38600723763570566,0.11450381679389313,single,fig7a,EO_response_38ohm,38ohm,frequency_GHz,dB,digitized_paper_measurement,p4_1.png
250,114.5,28.395657418576597,0.13740458015267176,0.38600723763570566,0.11450381679389313,single,fig7a,EO_response_38ohm,38ohm,frequency_GHz,dB,digitized_paper_measurement,p4_1.png
251,115.0,28.588661037394452,0.11450381679389313,0.38600723763570566,0.0916030534351145,single,fig7a,EO_response_38ohm,38ohm,frequency_GHz,dB,digitized_paper_measurement,p4_1.png
252,115.5,28.781664656212303,0.0916030534351145,0.38600723763570566,0.11450381679389313,single,fig7a,EO_response_38ohm,38ohm,frequency_GHz,dB,digitized_paper_measurement,p4_1.png
253,115.5,28.974668275030155,0.0916030534351145,0.38600723763570566,0.11450381679389313,single,fig7a,EO_response_38ohm,38ohm,frequency_GHz,dB,digitized_paper_measurement,p4_1.png
254,114.5,29.16767189384801,0.13740458015267176,0.38600723763570566,0.11450381679389313,single,fig7a,EO_response_38ohm,38ohm,frequency_GHz,dB,digitized_paper_measurement,p4_1.png
255,113.5,29.360675512665864,0.183206106870229,0.38600723763570566,0.11450381679389313,single,fig7a,EO_response_38ohm,38ohm,frequency_GHz,dB,digitized_paper_measurement,p4_1.png
256,112.5,29.553679131483715,0.22900763358778625,0.38600723763570566,0.11450381679389313,single,fig7a,EO_response_38ohm,38ohm,frequency_GHz,dB,digitized_paper_measurement,p4_1.png
257,112.0,29.746682750301567,0.25190839694656486,0.38600723763570566,0.0916030534351145,single,fig7a,EO_response_38ohm,38ohm,frequency_GHz,dB,digitized_paper_measurement,p4_1.png
258,112.0,29.93968636911942,0.25190839694656486,0.38600723763570566,0.0916030534351145,single,fig7a,EO_response_38ohm,38ohm,frequency_GHz,dB,digitized_paper_measurement,p4_1.png
259,112.0,30.132689987937276,0.25190839694656486,0.38600723763570566,0.0916030534351145,single,fig7a,EO_response_38ohm,38ohm,frequency_GHz,dB,digitized_paper_measurement,p4_1.png
260,111.5,30.325693606755127,0.2748091603053435,0.38600723763570566,0.11450381679389313,single,fig7a,EO_response_38ohm,38ohm,frequency_GHz,dB,digitized_paper_measurement,p4_1.png
261,111.5,30.51869722557298,0.2748091603053435,0.38600723763570566,0.11450381679389313,single,fig7a,EO_response_38ohm,38ohm,frequency_GHz,dB,digitized_paper_measurement,p4_1.png
262,110.5,30.711700844390833,0.32061068702290074,0.38600723763570566,0.11450381679389313,single,fig7a,EO_response_38ohm,38ohm,frequency_GHz,dB,digitized_paper_measurement,p4_1.png
263,110.0,30.904704463208684,0.3435114503816794,0.38600723763570566,0.0916030534351145,single,fig7a,EO_response_38ohm,38ohm,frequency_GHz,dB,digitized_paper_measurement,p4_1.png
264,109.5,31.097708082026536,0.366412213740458,0.38600723763570566,0.11450381679389313,single,fig7a,EO_response_38ohm,38ohm,frequency_GHz,dB,digitized_paper_measurement,p4_1.png
266,108.5,31.483715319662245,0.4122137404580153,0.38600723763570566,0.16030534351145037,single,fig7a,EO_response_38ohm,38ohm,frequency_GHz,dB,digitized_paper_measurement,p4_1.png
267,109.0,31.676718938480096,0.3893129770992366,0.38600723763570566,0.13740458015267176,single,fig7a,EO_response_38ohm,38ohm,frequency_GHz,dB,digitized_paper_measurement,p4_1.png
268,110.0,31.869722557297948,0.3435114503816794,0.38600723763570566,0.13740458015267176,single,fig7a,EO_response_38ohm,38ohm,frequency_GHz,dB,digitized_paper_measurement,p4_1.png
269,111.0,32.0627261761158,0.29770992366412213,0.38600723763570566,0.13740458015267176,single,fig7a,EO_response_38ohm,38ohm,frequency_GHz,dB,digitized_paper_measurement,p4_1.png
270,112.0,32.25572979493366,0.25190839694656486,0.38600723763570566,0.13740458015267176,single,fig7a,EO_response_38ohm,38ohm,frequency_GHz,dB,digitized_paper_measurement,p4_1.png
271,113.5,32.44873341375151,0.183206106870229,0.38600723763570566,0.16030534351145037,single,fig7a,EO_response_38ohm,38ohm,frequency_GHz,dB,digitized_paper_measurement,p4_1.png
272,116.0,32.64173703256936,0.06870229007633588,0.38600723763570566,0.13740458015267176,single,fig7a,EO_response_38ohm,38ohm,frequency_GHz,dB,digitized_paper_measurement,p4_1.png
273,117.5,32.834740651387214,0.0,0.38600723763570566,0.11450381679389313,single,fig7a,EO_response_38ohm,38ohm,frequency_GHz,dB,digitized_paper_measurement,p4_1.png
274,117.5,33.02774427020506,0.0,0.38600723763570566,0.11450381679389313,single,fig7a,EO_response_38ohm,38ohm,frequency_GHz,dB,digitized_paper_measurement,p4_1.png
282,116.5,34.571773220747886,0.04580152671755725,0.38600723763570566,0.16030534351145037,single,fig7a,EO_response_38ohm,38ohm,frequency_GHz,dB,digitized_paper_measurement,p4_1.png
283,118.5,34.76477683956574,-0.04580152671755725,0.38600723763570566,0.16030534351145037,single,fig7a,EO_response_38ohm,38ohm,frequency_GHz,dB,digitized_paper_measurement,p4_1.png
284,121.0,34.957780458383596,-0.16030534351145037,0.38600723763570566,0.13740458015267176,single,fig7a,EO_response_38ohm,38ohm,frequency_GHz,dB,digitized_paper_measurement,p4_1.png
285,122.5,35.15078407720145,-0.22900763358778625,0.38600723763570566,0.11450381679389313,single,fig7a,EO_response_38ohm,38ohm,frequency_GHz,dB,digitized_paper_measurement,p4_1.png
286,123.5,35.3437876960193,-0.2748091603053435,0.38600723763570566,0.11450381679389313,single,fig7a,EO_response_38ohm,38ohm,frequency_GHz,dB,digitized_paper_measurement,p4_1.png
287,124.5,35.53679131483715,-0.32061068702290074,0.38600723763570566,0.11450381679389313,single,fig7a,EO_response_38ohm,38ohm,frequency_GHz,dB,digitized_paper_measurement,p4_1.png
295,120.0,37.08082026537998,-0.11450381679389313,0.38600723763570566,0.13740458015267176,single,fig7a,EO_response_38ohm,38ohm,frequency_GHz,dB,digitized_paper_measurement,p4_1.png
296,122.0,37.273823884197824,-0.20610687022900764,0.38600723763570566,0.13740458015267176,single,fig7a,EO_response_38ohm,38ohm,frequency_GHz,dB,digitized_paper_measurement,p4_1.png
297,122.5,37.46682750301568,-0.22900763358778625,0.38600723763570566,0.11450381679389313,single,fig7a,EO_response_38ohm,38ohm,frequency_GHz,dB,digitized_paper_measurement,p4_1.png
298,122.0,37.659831121833534,-0.20610687022900764,0.38600723763570566,0.0916030534351145,single,fig7a,EO_response_38ohm,38ohm,frequency_GHz,dB,digitized_paper_measurement,p4_1.png
299,121.5,37.85283474065139,-0.183206106870229,0.38600723763570566,0.11450381679389313,single,fig7a,EO_response_38ohm,38ohm,frequency_GHz,dB,digitized_paper_measurement,p4_1.png
300,119.0,38.04583835946924,-0.06870229007633588,0.38600723763570566,0.183206106870229,single,fig7a,EO_response_38ohm,38ohm,frequency_GHz,dB,digitized_paper_measurement,p4_1.png
301,117.5,38.23884197828709,0.0,0.38600723763570566,0.16030534351145037,single,fig7a,EO_response_38ohm,38ohm,frequency_GHz,dB,digitized_paper_measurement,p4_1.png
302,117.0,38.431845597104946,0.022900763358778626,0.38600723763570566,0.183206106870229,single,fig7a,EO_response_38ohm,38ohm,frequency_GHz,dB,digitized_paper_measurement,p4_1.png
303,115.5,38.624849215922794,0.0916030534351145,0.38600723763570566,0.16030534351145037,single,fig7a,EO_response_38ohm,38ohm,frequency_GHz,dB,digitized_paper_measurement,p4_1.png
304,113.5,38.81785283474065,0.183206106870229,0.38600723763570566,0.16030534351145037,single,fig7a,EO_response_38ohm,38ohm,frequency_GHz,dB,digitized_paper_measurement,p4_1.png
305,112.0,39.0108564535585,0.25190839694656486,0.38600723763570566,0.13740458015267176,single,fig7a,EO_response_38ohm,38ohm,frequency_GHz,dB,digitized_paper_measurement,p4_1.png
306,110.5,39.20386007237636,0.32061068702290074,0.38600723763570566,0.16030534351145037,single,fig7a,EO_response_38ohm,38ohm,frequency_GHz,dB,digitized_paper_measurement,p4_1.png
307,108.5,39.39686369119421,0.4122137404580153,0.38600723763570566,0.11450381679389313,single,fig7a,EO_response_38ohm,38ohm,frequency_GHz,dB,digitized_paper_measurement,p4_1.png
308,108.5,39.58986731001207,0.4122137404580153,0.38600723763570566,0.11450381679389313,single,fig7a,EO_response_38ohm,38ohm,frequency_GHz,dB,digitized_paper_measurement,p4_1.png
309,108.5,39.782870928829915,0.4122137404580153,0.38600723763570566,0.11450381679389313,single,fig7a,EO_response_38ohm,38ohm,frequency_GHz,dB,digitized_paper_measurement,p4_1.png
310,110.0,39.97587454764777,0.3435114503816794,0.38600723763570566,0.13740458015267176,single,fig7a,EO_response_38ohm,38ohm,frequency_GHz,dB,digitized_paper_measurement,p4_1.png
311,112.0,40.16887816646562,0.25190839694656486,0.38600723763570566,0.13740458015267176,single,fig7a,EO_response_38ohm,38ohm,frequency_GHz,dB,digitized_paper_measurement,p4_1.png
320,111.5,41.905910735826296,0.2748091603053435,0.38600723763570566,0.11450381679389313,single,fig7a,EO_response_38ohm,38ohm,frequency_GHz,dB,digitized_paper_measurement,p4_1.png
321,110.5,42.09891435464415,0.32061068702290074,0.38600723763570566,0.11450381679389313,single,fig7a,EO_response_38ohm,38ohm,frequency_GHz,dB,digitized_paper_measurement,p4_1.png
322,112.0,42.291917973462006,0.25190839694656486,0.38600723763570566,0.13740458015267176,single,fig7a,EO_response_38ohm,38ohm,frequency_GHz,dB,digitized_paper_measurement,p4_1.png
323,112.5,42.48492159227985,0.22900763358778625,0.38600723763570566,0.11450381679389313,single,fig7a,EO_response_38ohm,38ohm,frequency_GHz,dB,digitized_paper_measurement,p4_1.png
324,113.5,42.67792521109771,0.183206106870229,0.38600723763570566,0.16030534351145037,single,fig7a,EO_response_38ohm,38ohm,frequency_GHz,dB,digitized_paper_measurement,p4_1.png
325,116.0,42.870928829915556,0.06870229007633588,0.38600723763570566,0.22900763358778625,single,fig7a,EO_response_38ohm,38ohm,frequency_GHz,dB,digitized_paper_measurement,p4_1.png
328,118.5,43.44993968636912,-0.04580152671755725,0.38600723763570566,0.16030534351145037,single,fig7a,EO_response_38ohm,38ohm,frequency_GHz,dB,digitized_paper_measurement,p4_1.png
329,118.5,43.642943305186975,-0.04580152671755725,0.38600723763570566,0.16030534351145037,single,fig7a,EO_response_38ohm,38ohm,frequency_GHz,dB,digitized_paper_measurement,p4_1.png
330,119.0,43.83594692400483,-0.06870229007633588,0.38600723763570566,0.13740458015267176,single,fig7a,EO_response_38ohm,38ohm,frequency_GHz,dB,digitized_paper_measurement,p4_1.png
331,118.0,44.02895054282268,-0.022900763358778626,0.38600723763570566,0.183206106870229,single,fig7a,EO_response_38ohm,38ohm,frequency_GHz,dB,digitized_paper_measurement,p4_1.png
332,114.0,44.22195416164053,0.16030534351145037,0.38600723763570566,0.183206106870229,single,fig7a,EO_response_38ohm,38ohm,frequency_GHz,dB,digitized_paper_measurement,p4_1.png
333,113.5,44.41495778045838,0.183206106870229,0.38600723763570566,0.20610687022900764,single,fig7a,EO_response_38ohm,38ohm,frequency_GHz,dB,digitized_paper_measurement,p4_1.png
334,116.5,44.607961399276235,0.04580152671755725,0.38600723763570566,0.11450381679389313,single,fig7a,EO_response_38ohm,38ohm,frequency_GHz,dB,digitized_paper_measurement,p4_1.png
335,117.0,44.80096501809409,0.022900763358778626,0.38600723763570566,0.13740458015267176,single,fig7a,EO_response_38ohm,38ohm,frequency_GHz,dB,digitized_paper_measurement,p4_1.png
336,117.0,44.993968636911944,0.022900763358778626,0.38600723763570566,0.13740458015267176,single,fig7a,EO_response_38ohm,38ohm,frequency_GHz,dB,digitized_paper_measurement,p4_1.png
337,119.0,45.1869722557298,-0.06870229007633588,0.38600723763570566,0.183206106870229,single,fig7a,EO_response_38ohm,38ohm,frequency_GHz,dB,digitized_paper_measurement,p4_1.png
338,121.5,45.37997587454765,-0.183206106870229,0.38600723763570566,0.16030534351145037,single,fig7a,EO_response_38ohm,38ohm,frequency_GHz,dB,digitized_paper_measurement,p4_1.png
339,124.5,45.5729794933655,-0.32061068702290074,0.38600723763570566,0.16030534351145037,merged,fig7a,EO_response_38ohm,38ohm,frequency_GHz,dB,digitized_paper_measurement,p4_1.png
340,124.0,45.76598311218335,-0.29770992366412213,0.38600723763570566,0.183206106870229,merged,fig7a,EO_response_38ohm,38ohm,frequency_GHz,dB,digitized_paper_measurement,p4_1.png
341,121.5,45.958986731001204,-0.183206106870229,0.38600723763570566,0.11450381679389313,single,fig7a,EO_response_38ohm,38ohm,frequency_GHz,dB,digitized_paper_measurement,p4_1.png
342,121.0,46.15199034981906,-0.16030534351145037,0.38600723763570566,0.0916030534351145,single,fig7a,EO_response_38ohm,38ohm,frequency_GHz,dB,digitized_paper_measurement,p4_1.png
343,120.5,46.34499396863691,-0.13740458015267176,0.38600723763570566,0.11450381679389313,single,fig7a,EO_response_38ohm,38ohm,frequency_GHz,dB,digitized_paper_measurement,p4_1.png
344,120.5,46.53799758745477,-0.13740458015267176,0.38600723763570566,0.11450381679389313,single,fig7a,EO_response_38ohm,38ohm,frequency_GHz,dB,digitized_paper_measurement,p4_1.png
345,120.0,46.731001206272616,-0.11450381679389313,0.38600723763570566,0.13740458015267176,single,fig7a,EO_response_38ohm,38ohm,frequency_GHz,dB,digitized_paper_measurement,p4_1.png
346,119.5,46.92400482509047,-0.0916030534351145,0.38600723763570566,0.11450381679389313,single,fig7a,EO_response_38ohm,38ohm,frequency_GHz,dB,digitized_paper_measurement,p4_1.png
347,118.5,47.11700844390832,-0.04580152671755725,0.38600723763570566,0.11450381679389313,single,fig7a,EO_response_38ohm,38ohm,frequency_GHz,dB,digitized_paper_measurement,p4_1.png
348,118.5,47.31001206272617,-0.04580152671755725,0.38600723763570566,0.11450381679389313,single,fig7a,EO_response_38ohm,38ohm,frequency_GHz,dB,digitized_paper_measurement,p4_1.png
349,118.5,47.50301568154403,-0.04580152671755725,0.38600723763570566,0.11450381679389313,single,fig7a,EO_response_38ohm,38ohm,frequency_GHz,dB,digitized_paper_measurement,p4_1.png
350,120.5,47.69601930036188,-0.13740458015267176,0.38600723763570566,0.16030534351145037,single,fig7a,EO_response_38ohm,38ohm,frequency_GHz,dB,digitized_paper_measurement,p4_1.png
351,120.5,47.88902291917974,-0.13740458015267176,0.38600723763570566,0.16030534351145037,single,fig7a,EO_response_38ohm,38ohm,frequency_GHz,dB,digitized_paper_measurement,p4_1.png
352,121.5,48.08202653799759,-0.183206106870229,0.38600723763570566,0.16030534351145037,single,fig7a,EO_response_38ohm,38ohm,frequency_GHz,dB,digitized_paper_measurement,p4_1.png
356,116.5,48.854041013269,0.04580152671755725,0.38600723763570566,0.11450381679389313,single,fig7a,EO_response_38ohm,38ohm,frequency_GHz,dB,digitized_paper_measurement,p4_1.png
127,141.0,4.6562123039807,-1.0763358778625953,0.38600723763570566,0.0916030534351145,single,fig7a,EO_response_57ohm,57ohm,frequency_GHz,dB,digitized_paper_measurement,p4_1.png
128,141.0,4.849215922798553,-1.0763358778625953,0.38600723763570566,0.0916030534351145,single,fig7a,EO_response_57ohm,57ohm,frequency_GHz,dB,digitized_paper_measurement,p4_1.png
129,141.0,5.042219541616406,-1.0763358778625953,0.38600723763570566,0.0916030534351145,single,fig7a,EO_response_57ohm,57ohm,frequency_GHz,dB,digitized_paper_measurement,p4_1.png
130,141.0,5.235223160434257,-1.0763358778625953,0.38600723763570566,0.0916030534351145,single,fig7a,EO_response_57ohm,57ohm,frequency_GHz,dB,digitized_paper_measurement,p4_1.png
131,143.5,5.42822677925211,-1.1908396946564885,0.38600723763570566,0.20610687022900764,single,fig7a,EO_response_57ohm,57ohm,frequency_GHz,dB,digitized_paper_measurement,p4_1.png
132,146.0,5.621230398069963,-1.3053435114503817,0.38600723763570566,0.183206106870229,single,fig7a,EO_response_57ohm,57ohm,frequency_GHz,dB,digitized_paper_measurement,p4_1.png
133,146.5,5.814234016887816,-1.3282442748091603,0.38600723763570566,0.11450381679389313,single,fig7a,EO_response_57ohm,57ohm,frequency_GHz,dB,digitized_paper_measurement,p4_1.png
134,146.0,6.007237635705669,-1.3053435114503817,0.38600723763570566,0.13740458015267176,single,fig7a,EO_response_57ohm,57ohm,frequency_GHz,dB,digitized_paper_measurement,p4_1.png
135,147.0,6.200241254523522,-1.3511450381679388,0.38600723763570566,0.13740458015267176,single,fig7a,EO_response_57ohm,57ohm,frequency_GHz,dB,digitized_paper_measurement,p4_1.png
136,148.0,6.393244873341375,-1.3969465648854962,0.38600723763570566,0.13740458015267176,single,fig7a,EO_response_57ohm,57ohm,frequency_GHz,dB,digitized_paper_measurement,p4_1.png
137,148.5,6.586248492159228,-1.4198473282442747,0.38600723763570566,0.11450381679389313,single,fig7a,EO_response_57ohm,57ohm,frequency_GHz,dB,digitized_paper_measurement,p4_1.png
138,148.5,6.779252110977081,-1.4198473282442747,0.38600723763570566,0.11450381679389313,single,fig7a,EO_response_57ohm,57ohm,frequency_GHz,dB,digitized_paper_measurement,p4_1.png
139,149.0,6.972255729794934,-1.4427480916030535,0.38600723763570566,0.13740458015267176,single,fig7a,EO_response_57ohm,57ohm,frequency_GHz,dB,digitized_paper_measurement,p4_1.png
140,150.0,7.165259348612787,-1.4885496183206106,0.38600723763570566,0.13740458015267176,single,fig7a,EO_response_57ohm,57ohm,frequency_GHz,dB,digitized_paper_measurement,p4_1.png
141,150.5,7.358262967430639,-1.5114503816793894,0.38600723763570566,0.11450381679389313,single,fig7a,EO_response_57ohm,57ohm,frequency_GHz,dB,digitized_paper_measurement,p4_1.png
142,151.5,7.551266586248492,-1.5572519083969465,0.38600723763570566,0.11450381679389313,single,fig7a,EO_response_57ohm,57ohm,frequency_GHz,dB,digitized_paper_measurement,p4_1.png
143,152.5,7.744270205066345,-1.6030534351145038,0.38600723763570566,0.11450381679389313,single,fig7a,EO_response_57ohm,57ohm,frequency_GHz,dB,digitized_paper_measurement,p4_1.png
144,152.5,7.9372738238841976,-1.6030534351145038,0.38600723763570566,0.11450381679389313,single,fig7a,EO_response_57ohm,57ohm,frequency_GHz,dB,digitized_paper_measurement,p4_1.png
145,151.5,8.13027744270205,-1.5572519083969465,0.38600723763570566,0.11450381679389313,single,fig7a,EO_response_57ohm,57ohm,frequency_GHz,dB,digitized_paper_measurement,p4_1.png
147,148.0,8.516284680337757,-1.3969465648854962,0.38600723763570566,0.183206106870229,single,fig7a,EO_response_57ohm,57ohm,frequency_GHz,dB,digitized_paper_measurement,p4_1.png
153,146.0,9.674306393244873,-1.3053435114503817,0.38600723763570566,0.0916030534351145,single,fig7a,EO_response_57ohm,57ohm,frequency_GHz,dB,digitized_paper_measurement,p4_1.png
154,146.0,9.867310012062726,-1.3053435114503817,0.38600723763570566,0.0916030534351145,single,fig7a,EO_response_57ohm,57ohm,frequency_GHz,dB,digitized_paper_measurement,p4_1.png
155,146.0,10.060313630880579,-1.3053435114503817,0.38600723763570566,0.0916030534351145,single,fig7a,EO_response_57ohm,57ohm,frequency_GHz,dB,digitized_paper_measurement,p4_1.png
156,146.0,10.253317249698432,-1.3053435114503817,0.38600723763570566,0.0916030534351145,single,fig7a,EO_response_57ohm,57ohm,frequency_GHz,dB,digitized_paper_measurement,p4_1.png
157,146.0,10.446320868516285,-1.3053435114503817,0.38600723763570566,0.0916030534351145,single,fig7a,EO_response_57ohm,57ohm,frequency_GHz,dB,digitized_paper_measurement,p4_1.png
158,146.0,10.639324487334138,-1.3053435114503817,0.38600723763570566,0.0916030534351145,single,fig7a,EO_response_57ohm,57ohm,frequency_GHz,dB,digitized_paper_measurement,p4_1.png
159,146.0,10.83232810615199,-1.3053435114503817,0.38600723763570566,0.0916030534351145,single,fig7a,EO_response_57ohm,57ohm,frequency_GHz,dB,digitized_paper_measurement,p4_1.png
160,145.5,11.025331724969844,-1.282442748091603,0.38600723763570566,0.11450381679389313,single,fig7a,EO_response_57ohm,57ohm,frequency_GHz,dB,digitized_paper_measurement,p4_1.png
161,145.0,11.218335343787697,-1.2595419847328244,0.38600723763570566,0.13740458015267176,single,fig7a,EO_response_57ohm,57ohm,frequency_GHz,dB,digitized_paper_measurement,p4_1.png
162,143.0,11.41133896260555,-1.16793893129771,0.38600723763570566,0.13740458015267176,single,fig7a,EO_response_57ohm,57ohm,frequency_GHz,dB,digitized_paper_measurement,p4_1.png
163,142.5,11.604342581423401,-1.1450381679389312,0.38600723763570566,0.11450381679389313,single,fig7a,EO_response_57ohm,57ohm,frequency_GHz,dB,digitized_paper_measurement,p4_1.png
164,142.0,11.797346200241254,-1.1221374045801527,0.38600723763570566,0.0916030534351145,single,fig7a,EO_response_57ohm,57ohm,frequency_GHz,dB,digitized_paper_measurement,p4_1.png
165,141.5,11.990349819059107,-1.099236641221374,0.38600723763570566,0.11450381679389313,single,fig7a,EO_response_57ohm,57ohm,frequency_GHz,dB,digitized_paper_measurement,p4_1.png
166,141.5,12.18335343787696,-1.099236641221374,0.38600723763570566,0.11450381679389313,single,fig7a,EO_response_57ohm,57ohm,frequency_GHz,dB,digitized_paper_measurement,p4_1.png
167,141.5,12.376357056694813,-1.099236641221374,0.38600723763570566,0.11450381679389313,single,fig7a,EO_response_57ohm,57ohm,frequency_GHz,dB,digitized_paper_measurement,p4_1.png
168,142.5,12.569360675512666,-1.1450381679389312,0.38600723763570566,0.11450381679389313,single,fig7a,EO_response_57ohm,57ohm,frequency_GHz,dB,digitized_paper_measurement,p4_1.png
169,142.5,12.762364294330519,-1.1450381679389312,0.38600723763570566,0.11450381679389313,single,fig7a,EO_response_57ohm,57ohm,frequency_GHz,dB,digitized_paper_measurement,p4_1.png
170,143.5,12.955367913148372,-1.1908396946564885,0.38600723763570566,0.11450381679389313,single,fig7a,EO_response_57ohm,57ohm,frequency_GHz,dB,digitized_paper_measurement,p4_1.png
171,143.5,13.148371531966223,-1.1908396946564885,0.38600723763570566,0.11450381679389313,single,fig7a,EO_response_57ohm,57ohm,frequency_GHz,dB,digitized_paper_measurement,p4_1.png
172,143.0,13.341375150784078,-1.16793893129771,0.38600723763570566,0.0916030534351145,single,fig7a,EO_response_57ohm,57ohm,frequency_GHz,dB,digitized_paper_measurement,p4_1.png
173,142.5,13.534378769601929,-1.1450381679389312,0.38600723763570566,0.11450381679389313,single,fig7a,EO_response_57ohm,57ohm,frequency_GHz,dB,digitized_paper_measurement,p4_1.png
174,142.5,13.727382388419784,-1.1450381679389312,0.38600723763570566,0.11450381679389313,single,fig7a,EO_response_57ohm,57ohm,frequency_GHz,dB,digitized_paper_measurement,p4_1.png
175,143.5,13.920386007237635,-1.1908396946564885,0.38600723763570566,0.11450381679389313,single,fig7a,EO_response_57ohm,57ohm,frequency_GHz,dB,digitized_paper_measurement,p4_1.png
176,144.5,14.11338962605549,-1.2366412213740459,0.38600723763570566,0.11450381679389313,single,fig7a,EO_response_57ohm,57ohm,frequency_GHz,dB,digitized_paper_measurement,p4_1.png
177,145.5,14.306393244873341,-1.282442748091603,0.38600723763570566,0.11450381679389313,single,fig7a,EO_response_57ohm,57ohm,frequency_GHz,dB,digitized_paper_measurement,p4_1.png
178,146.5,14.499396863691194,-1.3282442748091603,0.38600723763570566,0.11450381679389313,single,fig7a,EO_response_57ohm,57ohm,frequency_GHz,dB,digitized_paper_measurement,p4_1.png
179,147.5,14.692400482509047,-1.3740458015267176,0.38600723763570566,0.11450381679389313,single,fig7a,EO_response_57ohm,57ohm,frequency_GHz,dB,digitized_paper_measurement,p4_1.png
180,148.5,14.8854041013269,-1.4198473282442747,0.38600723763570566,0.11450381679389313,single,fig7a,EO_response_57ohm,57ohm,frequency_GHz,dB,digitized_paper_measurement,p4_1.png
181,149.5,15.078407720144753,-1.465648854961832,0.38600723763570566,0.11450381679389313,single,fig7a,EO_response_57ohm,57ohm,frequency_GHz,dB,digitized_paper_measurement,p4_1.png
182,150.5,15.271411338962604,-1.5114503816793894,0.38600723763570566,0.11450381679389313,single,fig7a,EO_response_57ohm,57ohm,frequency_GHz,dB,digitized_paper_measurement,p4_1.png
183,152.0,15.464414957780459,-1.5801526717557253,0.38600723763570566,0.13740458015267176,single,fig7a,EO_response_57ohm,57ohm,frequency_GHz,dB,digitized_paper_measurement,p4_1.png
184,153.5,15.65741857659831,-1.6488549618320612,0.38600723763570566,0.11450381679389313,single,fig7a,EO_response_57ohm,57ohm,frequency_GHz,dB,digitized_paper_measurement,p4_1.png
185,153.5,15.850422195416165,-1.6488549618320612,0.38600723763570566,0.11450381679389313,single,fig7a,EO_response_57ohm,57ohm,frequency_GHz,dB,digitized_paper_measurement,p4_1.png
186,153.0,16.043425814234016,-1.6259541984732824,0.38600723763570566,0.13740458015267176,single,fig7a,EO_response_57ohm,57ohm,frequency_GHz,dB,digitized_paper_measurement,p4_1.png
187,151.0,16.23642943305187,-1.534351145038168,0.38600723763570566,0.13740458015267176,single,fig7a,EO_response_57ohm,57ohm,frequency_GHz,dB,digitized_paper_measurement,p4_1.png
188,149.0,16.429433051869722,-1.4427480916030535,0.38600723763570566,0.13740458015267176,single,fig7a,EO_response_57ohm,57ohm,frequency_GHz,dB,digitized_paper_measurement,p4_1.png
189,147.5,16.622436670687577,-1.3740458015267176,0.38600723763570566,0.11450381679389313,single,fig7a,EO_response_57ohm,57ohm,frequency_GHz,dB,digitized_paper_measurement,p4_1.png
190,146.5,16.81544028950543,-1.3282442748091603,0.38600723763570566,0.11450381679389313,single,fig7a,EO_response_57ohm,57ohm,frequency_GHz,dB,digitized_paper_measurement,p4_1.png
191,146.0,17.00844390832328,-1.3053435114503817,0.38600723763570566,0.0916030534351145,single,fig7a,EO_response_57ohm,57ohm,frequency_GHz,dB,digitized_paper_measurement,p4_1.png
196,151.5,17.973462002412546,-1.5572519083969465,0.38600723763570566,0.20610687022900764,single,fig7a,EO_response_57ohm,57ohm,frequency_GHz,dB,digitized_paper_measurement,p4_1.png
197,151.5,18.166465621230397,-1.5572519083969465,0.38600723763570566,0.11450381679389313,single,fig7a,EO_response_57ohm,57ohm,frequency_GHz,dB,digitized_paper_measurement,p4_1.png
198,152.5,18.359469240048252,-1.6030534351145038,0.38600723763570566,0.11450381679389313,single,fig7a,EO_response_57ohm,57ohm,frequency_GHz,dB,digitized_paper_measurement,p4_1.png
199,152.5,18.552472858866103,-1.6030534351145038,0.38600723763570566,0.11450381679389313,single,fig7a,EO_response_57ohm,57ohm,frequency_GHz,dB,digitized_paper_measurement,p4_1.png
200,152.5,18.745476477683958,-1.6030534351145038,0.38600723763570566,0.11450381679389313,single,fig7a,EO_response_57ohm,57ohm,frequency_GHz,dB,digitized_paper_measurement,p4_1.png
201,152.5,18.93848009650181,-1.6030534351145038,0.38600723763570566,0.11450381679389313,single,fig7a,EO_response_57ohm,57ohm,frequency_GHz,dB,digitized_paper_measurement,p4_1.png
202,151.5,19.13148371531966,-1.5572519083969465,0.38600723763570566,0.11450381679389313,single,fig7a,EO_response_57ohm,57ohm,frequency_GHz,dB,digitized_paper_measurement,p4_1.png
203,150.5,19.324487334137515,-1.5114503816793894,0.38600723763570566,0.11450381679389313,single,fig7a,EO_response_57ohm,57ohm,frequency_GHz,dB,digitized_paper_measurement,p4_1.png
204,151.5,19.517490952955367,-1.5572519083969465,0.38600723763570566,0.11450381679389313,single,fig7a,EO_response_57ohm,57ohm,frequency_GHz,dB,digitized_paper_measurement,p4_1.png
205,152.0,19.71049457177322,-1.5801526717557253,0.38600723763570566,0.0916030534351145,single,fig7a,EO_response_57ohm,57ohm,frequency_GHz,dB,digitized_paper_measurement,p4_1.png
206,152.0,19.903498190591073,-1.5801526717557253,0.38600723763570566,0.0916030534351145,single,fig7a,EO_response_57ohm,57ohm,frequency_GHz,dB,digitized_paper_measurement,p4_1.png
207,152.0,20.096501809408927,-1.5801526717557253,0.38600723763570566,0.0916030534351145,single,fig7a,EO_response_57ohm,57ohm,frequency_GHz,dB,digitized_paper_measurement,p4_1.png
208,152.0,20.28950542822678,-1.5801526717557253,0.38600723763570566,0.0916030534351145,single,fig7a,EO_response_57ohm,57ohm,frequency_GHz,dB,digitized_paper_measurement,p4_1.png
209,152.5,20.482509047044633,-1.6030534351145038,0.38600723763570566,0.11450381679389313,single,fig7a,EO_response_57ohm,57ohm,frequency_GHz,dB,digitized_paper_measurement,p4_1.png
210,153.0,20.675512665862485,-1.6259541984732824,0.38600723763570566,0.0916030534351145,single,fig7a,EO_response_57ohm,57ohm,frequency_GHz,dB,digitized_paper_measurement,p4_1.png
211,152.5,20.86851628468034,-1.6030534351145038,0.38600723763570566,0.11450381679389313,single,fig7a,EO_response_57ohm,57ohm,frequency_GHz,dB,digitized_paper_measurement,p4_1.png
212,152.5,21.06151990349819,-1.6030534351145038,0.38600723763570566,0.11450381679389313,single,fig7a,EO_response_57ohm,57ohm,frequency_GHz,dB,digitized_paper_measurement,p4_1.png
213,153.5,21.254523522316042,-1.6488549618320612,0.38600723763570566,0.11450381679389313,single,fig7a,EO_response_57ohm,57ohm,frequency_GHz,dB,digitized_paper_measurement,p4_1.png
214,153.5,21.447527141133897,-1.6488549618320612,0.38600723763570566,0.11450381679389313,single,fig7a,EO_response_57ohm,57ohm,frequency_GHz,dB,digitized_paper_measurement,p4_1.png
215,154.0,21.640530759951748,-1.6717557251908397,0.38600723763570566,0.0916030534351145,single,fig7a,EO_response_57ohm,57ohm,frequency_GHz,dB,digitized_paper_measurement,p4_1.png
220,151.0,22.605548854041015,-1.534351145038168,0.38600723763570566,0.13740458015267176,single,fig7a,EO_response_57ohm,57ohm,frequency_GHz,dB,digitized_paper_measurement,p4_1.png
221,151.5,22.798552472858866,-1.5572519083969465,0.38600723763570566,0.16030534351145037,single,fig7a,EO_response_57ohm,57ohm,frequency_GHz,dB,digitized_paper_measurement,p4_1.png
222,150.0,22.99155609167672,-1.4885496183206106,0.38600723763570566,0.0916030534351145,single,fig7a,EO_response_57ohm,57ohm,frequency_GHz,dB,digitized_paper_measurement,p4_1.png
223,150.5,23.18455971049457,-1.5114503816793894,0.38600723763570566,0.11450381679389313,single,fig7a,EO_response_57ohm,57ohm,frequency_GHz,dB,digitized_paper_measurement,p4_1.png
224,151.5,23.377563329312423,-1.5572519083969465,0.38600723763570566,0.11450381679389313,single,fig7a,EO_response_57ohm,57ohm,frequency_GHz,dB,digitized_paper_measurement,p4_1.png
225,153.0,23.570566948130278,-1.6259541984732824,0.38600723763570566,0.13740458015267176,single,fig7a,EO_response_57ohm,57ohm,frequency_GHz,dB,digitized_paper_measurement,p4_1.png
226,154.5,23.76357056694813,-1.6946564885496183,0.38600723763570566,0.16030534351145037,single,fig7a,EO_response_57ohm,57ohm,frequency_GHz,dB,digitized_paper_measurement,p4_1.png
227,156.5,23.956574185765984,-1.786259541984733,0.38600723763570566,0.16030534351145037,single,fig7a,EO_response_57ohm,57ohm,frequency_GHz,dB,digitized_paper_measurement,p4_1.png
228,159.0,24.149577804583835,-1.900763358778626,0.38600723763570566,0.13740458015267176,single,fig7a,EO_response_57ohm,57ohm,frequency_GHz,dB,digitized_paper_measurement,p4_1.png
229,159.0,24.34258142340169,-1.900763358778626,0.38600723763570566,0.13740458015267176,single,fig7a,EO_response_57ohm,57ohm,frequency_GHz,dB,digitized_paper_measurement,p4_1.png
230,157.0,24.53558504221954,-1.8091603053435115,0.38600723763570566,0.13740458015267176,single,fig7a,EO_response_57ohm,57ohm,frequency_GHz,dB,digitized_paper_measurement,p4_1.png
231,155.0,24.728588661037396,-1.717557251908397,0.38600723763570566,0.13740458015267176,single,fig7a,EO_response_57ohm,57ohm,frequency_GHz,dB,digitized_paper_measurement,p4_1.png
232,153.0,24.921592279855247,-1.6259541984732824,0.38600723763570566,0.13740458015267176,single,fig7a,EO_response_57ohm,57ohm,frequency_GHz,dB,digitized_paper_measurement,p4_1.png
233,152.0,25.1145958986731,-1.5801526717557253,0.38600723763570566,0.13740458015267176,single,fig7a,EO_response_57ohm,57ohm,frequency_GHz,dB,digitized_paper_measurement,p4_1.png
234,154.0,25.307599517490953,-1.6717557251908397,0.38600723763570566,0.183206106870229,single,fig7a,EO_response_57ohm,57ohm,frequency_GHz,dB,digitized_paper_measurement,p4_1.png
235,157.5,25.500603136308804,-1.83206106870229,0.38600723763570566,0.16030534351145037,single,fig7a,EO_response_57ohm,57ohm,frequency_GHz,dB,digitized_paper_measurement,p4_1.png
236,159.5,25.69360675512666,-1.9236641221374047,0.38600723763570566,0.11450381679389313,single,fig7a,EO_response_57ohm,57ohm,frequency_GHz,dB,digitized_paper_measurement,p4_1.png
237,159.5,25.88661037394451,-1.9236641221374047,0.38600723763570566,0.11450381679389313,single,fig7a,EO_response_57ohm,57ohm,frequency_GHz,dB,digitized_paper_measurement,p4_1.png
238,159.5,26.079613992762365,-1.9236641221374047,0.38600723763570566,0.11450381679389313,single,fig7a,EO_response_57ohm,57ohm,frequency_GHz,dB,digitized_paper_measurement,p4_1.png
239,159.0,26.272617611580216,-1.900763358778626,0.38600723763570566,0.0916030534351145,single,fig7a,EO_response_57ohm,57ohm,frequency_GHz,dB,digitized_paper_measurement,p4_1.png
240,158.5,26.46562123039807,-1.8778625954198473,0.38600723763570566,0.11450381679389313,single,fig7a,EO_response_57ohm,57ohm,frequency_GHz,dB,digitized_paper_measurement,p4_1.png
241,157.5,26.658624849215922,-1.83206106870229,0.38600723763570566,0.11450381679389313,single,fig7a,EO_response_57ohm,57ohm,frequency_GHz,dB,digitized_paper_measurement,p4_1.png
247,153.5,27.81664656212304,-1.6488549618320612,0.38600723763570566,0.20610687022900764,single,fig7a,EO_response_57ohm,57ohm,frequency_GHz,dB,digitized_paper_measurement,p4_1.png
248,155.0,28.009650180940895,-1.717557251908397,0.38600723763570566,0.13740458015267176,single,fig7a,EO_response_57ohm,57ohm,frequency_GHz,dB,digitized_paper_measurement,p4_1.png
249,157.0,28.202653799758746,-1.8091603053435115,0.38600723763570566,0.13740458015267176,single,fig7a,EO_response_57ohm,57ohm,frequency_GHz,dB,digitized_paper_measurement,p4_1.png
250,159.0,28.395657418576597,-1.900763358778626,0.38600723763570566,0.13740458015267176,single,fig7a,EO_response_57ohm,57ohm,frequency_GHz,dB,digitized_paper_measurement,p4_1.png
251,160.0,28.588661037394452,-1.9465648854961832,0.38600723763570566,0.13740458015267176,single,fig7a,EO_response_57ohm,57ohm,frequency_GHz,dB,digitized_paper_measurement,p4_1.png
252,161.0,28.781664656212303,-1.9923664122137406,0.38600723763570566,0.13740458015267176,single,fig7a,EO_response_57ohm,57ohm,frequency_GHz,dB,digitized_paper_measurement,p4_1.png
253,159.5,28.974668275030155,-1.9236641221374047,0.38600723763570566,0.16030534351145037,single,fig7a,EO_response_57ohm,57ohm,frequency_GHz,dB,digitized_paper_measurement,p4_1.png
254,157.5,29.16767189384801,-1.83206106870229,0.38600723763570566,0.11450381679389313,single,fig7a,EO_response_57ohm,57ohm,frequency_GHz,dB,digitized_paper_measurement,p4_1.png
255,156.5,29.360675512665864,-1.786259541984733,0.38600723763570566,0.11450381679389313,single,fig7a,EO_response_57ohm,57ohm,frequency_GHz,dB,digitized_paper_measurement,p4_1.png
256,155.0,29.553679131483715,-1.717557251908397,0.38600723763570566,0.13740458015267176,single,fig7a,EO_response_57ohm,57ohm,frequency_GHz,dB,digitized_paper_measurement,p4_1.png
257,153.5,29.746682750301567,-1.6488549618320612,0.38600723763570566,0.11450381679389313,single,fig7a,EO_response_57ohm,57ohm,frequency_GHz,dB,digitized_paper_measurement,p4_1.png
258,153.5,29.93968636911942,-1.6488549618320612,0.38600723763570566,0.11450381679389313,single,fig7a,EO_response_57ohm,57ohm,frequency_GHz,dB,digitized_paper_measurement,p4_1.png
259,154.5,30.132689987937276,-1.6946564885496183,0.38600723763570566,0.11450381679389313,single,fig7a,EO_response_57ohm,57ohm,frequency_GHz,dB,digitized_paper_measurement,p4_1.png
260,155.0,30.325693606755127,-1.717557251908397,0.38600723763570566,0.0916030534351145,single,fig7a,EO_response_57ohm,57ohm,frequency_GHz,dB,digitized_paper_measurement,p4_1.png
261,155.5,30.51869722557298,-1.7404580152671756,0.38600723763570566,0.11450381679389313,single,fig7a,EO_response_57ohm,57ohm,frequency_GHz,dB,digitized_paper_measurement,p4_1.png
262,154.5,30.711700844390833,-1.6946564885496183,0.38600723763570566,0.11450381679389313,single,fig7a,EO_response_57ohm,57ohm,frequency_GHz,dB,digitized_paper_measurement,p4_1.png
263,154.5,30.904704463208684,-1.6946564885496183,0.38600723763570566,0.11450381679389313,single,fig7a,EO_response_57ohm,57ohm,frequency_GHz,dB,digitized_paper_measurement,p4_1.png
264,154.5,31.097708082026536,-1.6946564885496183,0.38600723763570566,0.11450381679389313,single,fig7a,EO_response_57ohm,57ohm,frequency_GHz,dB,digitized_paper_measurement,p4_1.png
265,155.0,31.29071170084439,-1.717557251908397,0.38600723763570566,0.0916030534351145,single,fig7a,EO_response_57ohm,57ohm,frequency_GHz,dB,digitized_paper_measurement,p4_1.png
266,155.5,31.483715319662245,-1.7404580152671756,0.38600723763570566,0.11450381679389313,single,fig7a,EO_response_57ohm,57ohm,frequency_GHz,dB,digitized_paper_measurement,p4_1.png
267,156.5,31.676718938480096,-1.786259541984733,0.38600723763570566,0.11450381679389313,single,fig7a,EO_response_57ohm,57ohm,frequency_GHz,dB,digitized_paper_measurement,p4_1.png
268,157.0,31.869722557297948,-1.8091603053435115,0.38600723763570566,0.13740458015267176,single,fig7a,EO_response_57ohm,57ohm,frequency_GHz,dB,digitized_paper_measurement,p4_1.png
269,159.0,32.0627261761158,-1.900763358778626,0.38600723763570566,0.13740458015267176,single,fig7a,EO_response_57ohm,57ohm,frequency_GHz,dB,digitized_paper_measurement,p4_1.png
270,161.0,32.25572979493366,-1.9923664122137406,0.38600723763570566,0.13740458015267176,single,fig7a,EO_response_57ohm,57ohm,frequency_GHz,dB,digitized_paper_measurement,p4_1.png
271,162.5,32.44873341375151,-2.0610687022900764,0.38600723763570566,0.11450381679389313,single,fig7a,EO_response_57ohm,57ohm,frequency_GHz,dB,digitized_paper_measurement,p4_1.png
272,163.0,32.64173703256936,-2.0839694656488548,0.38600723763570566,0.13740458015267176,single,fig7a,EO_response_57ohm,57ohm,frequency_GHz,dB,digitized_paper_measurement,p4_1.png
273,162.0,32.834740651387214,-2.0381679389312977,0.38600723763570566,0.13740458015267176,single,fig7a,EO_response_57ohm,57ohm,frequency_GHz,dB,digitized_paper_measurement,p4_1.png
274,161.0,33.02774427020506,-1.9923664122137406,0.38600723763570566,0.13740458015267176,single,fig7a,EO_response_57ohm,57ohm,frequency_GHz,dB,digitized_paper_measurement,p4_1.png
275,159.5,33.22074788902292,-1.9236641221374047,0.38600723763570566,0.11450381679389313,single,fig7a,EO_response_57ohm,57ohm,frequency_GHz,dB,digitized_paper_measurement,p4_1.png
276,160.0,33.41375150784077,-1.9465648854961832,0.38600723763570566,0.13740458015267176,single,fig7a,EO_response_57ohm,57ohm,frequency_GHz,dB,digitized_paper_measurement,p4_1.png
277,160.5,33.606755126658626,-1.9694656488549618,0.38600723763570566,0.20610687022900764,single,fig7a,EO_response_57ohm,57ohm,frequency_GHz,dB,digitized_paper_measurement,p4_1.png
282,158.0,34.571773220747886,-1.8549618320610688,0.38600723763570566,0.0916030534351145,single,fig7a,EO_response_57ohm,57ohm,frequency_GHz,dB,digitized_paper_measurement,p4_1.png
283,158.5,34.76477683956574,-1.8778625954198473,0.38600723763570566,0.11450381679389313,single,fig7a,EO_response_57ohm,57ohm,frequency_GHz,dB,digitized_paper_measurement,p4_1.png
284,160.0,34.957780458383596,-1.9465648854961832,0.38600723763570566,0.13740458015267176,single,fig7a,EO_response_57ohm,57ohm,frequency_GHz,dB,digitized_paper_measurement,p4_1.png
285,161.5,35.15078407720145,-2.015267175572519,0.38600723763570566,0.16030534351145037,single,fig7a,EO_response_57ohm,57ohm,frequency_GHz,dB,digitized_paper_measurement,p4_1.png
286,163.5,35.3437876960193,-2.1068702290076335,0.38600723763570566,0.16030534351145037,single,fig7a,EO_response_57ohm,57ohm,frequency_GHz,dB,digitized_paper_measurement,p4_1.png
287,166.0,35.53679131483715,-2.2213740458015265,0.38600723763570566,0.13740458015267176,single,fig7a,EO_response_57ohm,57ohm,frequency_GHz,dB,digitized_paper_measurement,p4_1.png
288,165.0,35.72979493365501,-2.1755725190839694,0.38600723763570566,0.13740458015267176,single,fig7a,EO_response_57ohm,57ohm,frequency_GHz,dB,digitized_paper_measurement,p4_1.png
289,162.0,35.922798552472855,-2.0381679389312977,0.38600723763570566,0.183206106870229,single,fig7a,EO_response_57ohm,57ohm,frequency_GHz,dB,digitized_paper_measurement,p4_1.png
290,160.5,36.11580217129071,-1.9694656488549618,0.38600723763570566,0.11450381679389313,single,fig7a,EO_response_57ohm,57ohm,frequency_GHz,dB,digitized_paper_measurement,p4_1.png
291,159.0,36.308805790108565,-1.900763358778626,0.38600723763570566,0.13740458015267176,single,fig7a,EO_response_57ohm,57ohm,frequency_GHz,dB,digitized_paper_measurement,p4_1.png
292,157.0,36.50180940892642,-1.8091603053435115,0.38600723763570566,0.13740458015267176,single,fig7a,EO_response_57ohm,57ohm,frequency_GHz,dB,digitized_paper_measurement,p4_1.png
293,156.0,36.694813027744274,-1.7633587786259541,0.38600723763570566,0.13740458015267176,single,fig7a,EO_response_57ohm,57ohm,frequency_GHz,dB,digitized_paper_measurement,p4_1.png
294,155.0,36.88781664656212,-1.717557251908397,0.38600723763570566,0.13740458015267176,single,fig7a,EO_response_57ohm,57ohm,frequency_GHz,dB,digitized_paper_measurement,p4_1.png
295,156.0,37.08082026537998,-1.7633587786259541,0.38600723763570566,0.13740458015267176,single,fig7a,EO_response_57ohm,57ohm,frequency_GHz,dB,digitized_paper_measurement,p4_1.png
296,157.0,37.273823884197824,-1.8091603053435115,0.38600723763570566,0.13740458015267176,single,fig7a,EO_response_57ohm,57ohm,frequency_GHz,dB,digitized_paper_measurement,p4_1.png
297,157.5,37.46682750301568,-1.83206106870229,0.38600723763570566,0.11450381679389313,single,fig7a,EO_response_57ohm,57ohm,frequency_GHz,dB,digitized_paper_measurement,p4_1.png
298,156.0,37.659831121833534,-1.7633587786259541,0.38600723763570566,0.183206106870229,single,fig7a,EO_response_57ohm,57ohm,frequency_GHz,dB,digitized_paper_measurement,p4_1.png
299,153.5,37.85283474065139,-1.6488549618320612,0.38600723763570566,0.25190839694656486,single,fig7a,EO_response_57ohm,57ohm,frequency_GHz,dB,digitized_paper_measurement,p4_1.png
302,151.0,38.431845597104946,-1.534351145038168,0.38600723763570566,0.183206106870229,single,fig7a,EO_response_57ohm,57ohm,frequency_GHz,dB,digitized_paper_measurement,p4_1.png
303,152.0,38.624849215922794,-1.5801526717557253,0.38600723763570566,0.13740458015267176,single,fig7a,EO_response_57ohm,57ohm,frequency_GHz,dB,digitized_paper_measurement,p4_1.png
304,151.0,38.81785283474065,-1.534351145038168,0.38600723763570566,0.13740458015267176,single,fig7a,EO_response_57ohm,57ohm,frequency_GHz,dB,digitized_paper_measurement,p4_1.png
305,149.5,39.0108564535585,-1.465648854961832,0.38600723763570566,0.11450381679389313,single,fig7a,EO_response_57ohm,57ohm,frequency_GHz,dB,digitized_paper_measurement,p4_1.png
306,148.0,39.20386007237636,-1.3969465648854962,0.38600723763570566,0.183206106870229,single,fig7a,EO_response_57ohm,57ohm,frequency_GHz,dB,digitized_paper_measurement,p4_1.png
307,145.5,39.39686369119421,-1.282442748091603,0.38600723763570566,0.16030534351145037,single,fig7a,EO_response_57ohm,57ohm,frequency_GHz,dB,digitized_paper_measurement,p4_1.png
308,143.0,39.58986731001207,-1.16793893129771,0.38600723763570566,0.13740458015267176,single,fig7a,EO_response_57ohm,57ohm,frequency_GHz,dB,digitized_paper_measurement,p4_1.png
309,143.0,39.782870928829915,-1.16793893129771,0.38600723763570566,0.13740458015267176,single,fig7a,EO_response_57ohm,57ohm,frequency_GHz,dB,digitized_paper_measurement,p4_1.png
314,145.5,40.74788902291918,-1.282442748091603,0.38600723763570566,0.29770992366412213,single,fig7a,EO_response_57ohm,57ohm,frequency_GHz,dB,digitized_paper_measurement,p4_1.png
315,147.5,40.94089264173704,-1.3740458015267176,0.38600723763570566,0.20610687022900764,single,fig7a,EO_response_57ohm,57ohm,frequency_GHz,dB,digitized_paper_measurement,p4_1.png
316,149.5,41.133896260554884,-1.465648854961832,0.38600723763570566,0.20610687022900764,single,fig7a,EO_response_57ohm,57ohm,frequency_GHz,dB,digitized_paper_measurement,p4_1.png
317,150.0,41.32689987937274,-1.4885496183206106,0.38600723763570566,0.183206106870229,single,fig7a,EO_response_57ohm,57ohm,frequency_GHz,dB,digitized_paper_measurement,p4_1.png
318,150.5,41.51990349819059,-1.5114503816793894,0.38600723763570566,0.20610687022900764,single,fig7a,EO_response_57ohm,57ohm,frequency_GHz,dB,digitized_paper_measurement,p4_1.png
319,149.0,41.71290711700844,-1.4427480916030535,0.38600723763570566,0.22900763358778625,single,fig7a,EO_response_57ohm,57ohm,frequency_GHz,dB,digitized_paper_measurement,p4_1.png
320,149.0,41.905910735826296,-1.4427480916030535,0.38600723763570566,0.22900763358778625,single,fig7a,EO_response_57ohm,57ohm,frequency_GHz,dB,digitized_paper_measurement,p4_1.png
321,151.5,42.09891435464415,-1.5572519083969465,0.38600723763570566,0.16030534351145037,single,fig7a,EO_response_57ohm,57ohm,frequency_GHz,dB,digitized_paper_measurement,p4_1.png
322,153.0,42.291917973462006,-1.6259541984732824,0.38600723763570566,0.183206106870229,single,fig7a,EO_response_57ohm,57ohm,frequency_GHz,dB,digitized_paper_measurement,p4_1.png
323,152.5,42.48492159227985,-1.6030534351145038,0.38600723763570566,0.20610687022900764,single,fig7a,EO_response_57ohm,57ohm,frequency_GHz,dB,digitized_paper_measurement,p4_1.png
324,156.5,42.67792521109771,-1.786259541984733,0.38600723763570566,0.3435114503816794,single,fig7a,EO_response_57ohm,57ohm,frequency_GHz,dB,digitized_paper_measurement,p4_1.png
327,158.5,43.256936067551266,-1.8778625954198473,0.38600723763570566,0.25190839694656486,single,fig7a,EO_response_57ohm,57ohm,frequency_GHz,dB,digitized_paper_measurement,p4_1.png
328,155.5,43.44993968636912,-1.7404580152671756,0.38600723763570566,0.20610687022900764,single,fig7a,EO_response_57ohm,57ohm,frequency_GHz,dB,digitized_paper_measurement,p4_1.png
330,156.0,43.83594692400483,-1.7633587786259541,0.38600723763570566,0.2748091603053435,single,fig7a,EO_response_57ohm,57ohm,frequency_GHz,dB,digitized_paper_measurement,p4_1.png
331,158.5,44.02895054282268,-1.8778625954198473,0.38600723763570566,0.20610687022900764,single,fig7a,EO_response_57ohm,57ohm,frequency_GHz,dB,digitized_paper_measurement,p4_1.png
332,155.5,44.22195416164053,-1.7404580152671756,0.38600723763570566,0.3435114503816794,single,fig7a,EO_response_57ohm,57ohm,frequency_GHz,dB,digitized_paper_measurement,p4_1.png
338,161.0,45.37997587454765,-1.9923664122137406,0.38600723763570566,0.549618320610687,single,fig7a,EO_response_57ohm,57ohm,frequency_GHz,dB,digitized_paper_measurement,p4_1.png
339,171.0,45.5729794933655,-2.450381679389313,0.38600723763570566,0.366412213740458,single,fig7a,EO_response_57ohm,57ohm,frequency_GHz,dB,digitized_paper_measurement,p4_1.png
340,176.0,45.76598311218335,-2.6793893129770994,0.38600723763570566,0.183206106870229,single,fig7a,EO_response_57ohm,57ohm,frequency_GHz,dB,digitized_paper_measurement,p4_1.png
341,174.0,45.958986731001204,-2.5877862595419847,0.38600723763570566,0.22900763358778625,single,fig7a,EO_response_57ohm,57ohm,frequency_GHz,dB,digitized_paper_measurement,p4_1.png
342,168.0,46.15199034981906,-2.312977099236641,0.38600723763570566,0.32061068702290074,single,fig7a,EO_response_57ohm,57ohm,frequency_GHz,dB,digitized_paper_measurement,p4_1.png
343,159.0,46.34499396863691,-1.900763358778626,0.38600723763570566,0.5038167938931297,single,fig7a,EO_response_57ohm,57ohm,frequency_GHz,dB,digitized_paper_measurement,p4_1.png
344,150.0,46.53799758745477,-1.4885496183206106,0.38600723763570566,0.22900763358778625,single,fig7a,EO_response_57ohm,57ohm,frequency_GHz,dB,digitized_paper_measurement,p4_1.png
346,155.5,46.92400482509047,-1.7404580152671756,0.38600723763570566,0.3893129770992366,single,fig7a,EO_response_57ohm,57ohm,frequency_GHz,dB,digitized_paper_measurement,p4_1.png
347,159.0,47.11700844390832,-1.900763358778626,0.38600723763570566,0.22900763358778625,single,fig7a,EO_response_57ohm,57ohm,frequency_GHz,dB,digitized_paper_measurement,p4_1.png
348,159.5,47.31001206272617,-1.9236641221374047,0.38600723763570566,0.20610687022900764,single,fig7a,EO_response_57ohm,57ohm,frequency_GHz,dB,digitized_paper_measurement,p4_1.png
349,163.5,47.50301568154403,-2.1068702290076335,0.38600723763570566,0.29770992366412213,single,fig7a,EO_response_57ohm,57ohm,frequency_GHz,dB,digitized_paper_measurement,p4_1.png
354,156.5,48.468033775633295,-1.786259541984733,0.38600723763570566,0.4351145038167939,single,fig7a,EO_response_57ohm,57ohm,frequency_GHz,dB,digitized_paper_measurement,p4_1.png
355,158.0,48.66103739445114,-1.8549618320610688,0.38600723763570566,0.5038167938931297,single,fig7a,EO_response_57ohm,57ohm,frequency_GHz,dB,digitized_paper_measurement,p4_1.png
356,168.5,48.854041013269,-2.33587786259542,0.38600723763570566,0.25190839694656486,single,fig7a,EO_response_57ohm,57ohm,frequency_GHz,dB,digitized_paper_measurement,p4_1.png
357,171.0,49.04704463208685,-2.450381679389313,0.38600723763570566,0.2748091603053435,single,fig7a,EO_response_57ohm,57ohm,frequency_GHz,dB,digitized_paper_measurement,p4_1.png
358,168.0,49.24004825090471,-2.312977099236641,0.38600723763570566,0.366412213740458,single,fig7a,EO_response_57ohm,57ohm,frequency_GHz,dB,digitized_paper_measurement,p4_1.png
359,161.0,49.43305186972256,-1.9923664122137406,0.38600723763570566,0.22900763358778625,single,fig7a,EO_response_57ohm,57ohm,frequency_GHz,dB,digitized_paper_measurement,p4_1.png
360,158.5,49.62605548854041,-1.8778625954198473,0.38600723763570566,0.16030534351145037,single,fig7a,EO_response_57ohm,57ohm,frequency_GHz,dB,digitized_paper_measurement,p4_1.png
361,159.0,49.819059107358264,-1.900763358778626,0.38600723763570566,0.13740458015267176,single,fig7a,EO_response_57ohm,57ohm,frequency_GHz,dB,digitized_paper_measurement,p4_1.png
108,118.5,0.9891435464414968,-0.04580152671755725,0.38600723763570566,0.11450381679389313,single,fig7a,EO_response_83ohm,83ohm,frequency_GHz,dB,digitized_paper_measurement,p4_1.png
109,118.5,1.182147165259348,-0.04580152671755725,0.38600723763570566,0.11450381679389313,single,fig7a,EO_response_83ohm,83ohm,frequency_GHz,dB,digitized_paper_measurement,p4_1.png
110,119.0,1.3751507840772028,-0.06870229007633588,0.38600723763570566,0.13740458015267176,single,fig7a,EO_response_83ohm,83ohm,frequency_GHz,dB,digitized_paper_measurement,p4_1.png
111,122.0,1.568154402895054,-0.20610687022900764,0.38600723763570566,0.22900763358778625,merged,fig7a,EO_response_83ohm,83ohm,frequency_GHz,dB,digitized_paper_measurement,p4_1.png
114,129.5,2.1471652593486112,-0.549618320610687,0.38600723763570566,0.11450381679389313,single,fig7a,EO_response_83ohm,83ohm,frequency_GHz,dB,digitized_paper_measurement,p4_1.png
115,131.0,2.340168878166466,-0.6183206106870229,0.38600723763570566,0.183206106870229,single,fig7a,EO_response_83ohm,83ohm,frequency_GHz,dB,digitized_paper_measurement,p4_1.png
116,132.0,2.5331724969843172,-0.6641221374045801,0.38600723763570566,0.2748091603053435,single,fig7a,EO_response_83ohm,83ohm,frequency_GHz,dB,digitized_paper_measurement,p4_1.png
117,135.0,2.726176115802172,-0.8015267175572519,0.38600723763570566,0.2748091603053435,single,fig7a,EO_response_83ohm,83ohm,frequency_GHz,dB,digitized_paper_measurement,p4_1.png
118,139.0,2.9191797346200232,-0.9847328244274809,0.38600723763570566,0.2748091603053435,single,fig7a,EO_response_83ohm,83ohm,frequency_GHz,dB,digitized_paper_measurement,p4_1.png
119,144.5,3.112183353437878,-1.2366412213740459,0.38600723763570566,0.25190839694656486,single,fig7a,EO_response_83ohm,83ohm,frequency_GHz,dB,digitized_paper_measurement,p4_1.png
120,149.0,3.305186972255729,-1.4427480916030535,0.38600723763570566,0.32061068702290074,single,fig7a,EO_response_83ohm,83ohm,frequency_GHz,dB,digitized_paper_measurement,p4_1.png
121,150.5,3.498190591073584,-1.5114503816793894,0.38600723763570566,0.25190839694656486,single,fig7a,EO_response_83ohm,83ohm,frequency_GHz,dB,digitized_paper_measurement,p4_1.png
125,164.0,4.270205066344994,-2.1297709923664123,0.38600723763570566,0.183206106870229,single,fig7a,EO_response_83ohm,83ohm,frequency_GHz,dB,digitized_paper_measurement,p4_1.png
126,166.0,4.463208685162847,-2.2213740458015265,0.38600723763570566,0.13740458015267176,single,fig7a,EO_response_83ohm,83ohm,frequency_GHz,dB,digitized_paper_measurement,p4_1.png
127,168.0,4.6562123039807,-2.312977099236641,0.38600723763570566,0.13740458015267176,single,fig7a,EO_response_83ohm,83ohm,frequency_GHz,dB,digitized_paper_measurement,p4_1.png
128,169.0,4.849215922798553,-2.3587786259541983,0.38600723763570566,0.13740458015267176,single,fig7a,EO_response_83ohm,83ohm,frequency_GHz,dB,digitized_paper_measurement,p4_1.png
129,170.0,5.042219541616406,-2.404580152671756,0.38600723763570566,0.13740458015267176,single,fig7a,EO_response_83ohm,83ohm,frequency_GHz,dB,digitized_paper_measurement,p4_1.png
130,172.0,5.235223160434257,-2.49618320610687,0.38600723763570566,0.183206106870229,merged,fig7a,EO_response_83ohm,83ohm,frequency_GHz,dB,digitized_paper_measurement,p4_1.png
131,176.5,5.42822677925211,-2.7022900763358777,0.38600723763570566,0.16030534351145037,single,fig7a,EO_response_83ohm,83ohm,frequency_GHz,dB,digitized_paper_measurement,p4_1.png
132,178.0,5.621230398069963,-2.7709923664122136,0.38600723763570566,0.183206106870229,single,fig7a,EO_response_83ohm,83ohm,frequency_GHz,dB,digitized_paper_measurement,p4_1.png
133,178.5,5.814234016887816,-2.7938931297709924,0.38600723763570566,0.11450381679389313,single,fig7a,EO_response_83ohm,83ohm,frequency_GHz,dB,digitized_paper_measurement,p4_1.png
134,178.5,6.007237635705669,-2.7938931297709924,0.38600723763570566,0.11450381679389313,single,fig7a,EO_response_83ohm,83ohm,frequency_GHz,dB,digitized_paper_measurement,p4_1.png
135,180.0,6.200241254523522,-2.8625954198473282,0.38600723763570566,0.13740458015267176,single,fig7a,EO_response_83ohm,83ohm,frequency_GHz,dB,digitized_paper_measurement,p4_1.png
136,181.5,6.393244873341375,-2.931297709923664,0.38600723763570566,0.11450381679389313,single,fig7a,EO_response_83ohm,83ohm,frequency_GHz,dB,digitized_paper_measurement,p4_1.png
137,182.5,6.586248492159228,-2.9770992366412212,0.38600723763570566,0.11450381679389313,single,fig7a,EO_response_83ohm,83ohm,frequency_GHz,dB,digitized_paper_measurement,p4_1.png
138,182.0,6.779252110977081,-2.954198473282443,0.38600723763570566,0.0916030534351145,single,fig7a,EO_response_83ohm,83ohm,frequency_GHz,dB,digitized_paper_measurement,p4_1.png
139,182.0,6.972255729794934,-2.954198473282443,0.38600723763570566,0.0916030534351145,single,fig7a,EO_response_83ohm,83ohm,frequency_GHz,dB,digitized_paper_measurement,p4_1.png
140,182.0,7.165259348612787,-2.954198473282443,0.38600723763570566,0.0916030534351145,single,fig7a,EO_response_83ohm,83ohm,frequency_GHz,dB,digitized_paper_measurement,p4_1.png
141,193.5,7.358262967430639,-3.480916030534351,0.38600723763570566,0.11450381679389313,single,fig7a,EO_response_83ohm,83ohm,frequency_GHz,dB,digitized_paper_measurement,p4_1.png
142,192.0,7.551266586248492,-3.4122137404580153,0.38600723763570566,0.183206106870229,single,fig7a,EO_response_83ohm,83ohm,frequency_GHz,dB,digitized_paper_measurement,p4_1.png
143,188.5,7.744270205066345,-3.2519083969465647,0.38600723763570566,0.20610687022900764,single,fig7a,EO_response_83ohm,83ohm,frequency_GHz,dB,digitized_paper_measurement,p4_1.png
145,183.0,8.13027744270205,-3.0,0.38600723763570566,0.183206106870229,merged,fig7a,EO_response_83ohm,83ohm,frequency_GHz,dB,digitized_paper_measurement,p4_1.png
146,181.5,8.323281061519904,-2.931297709923664,0.38600723763570566,0.11450381679389313,single,fig7a,EO_response_83ohm,83ohm,frequency_GHz,dB,digitized_paper_measurement,p4_1.png
148,177.5,8.70928829915561,-2.7480916030534353,0.38600723763570566,0.20610687022900764,single,fig7a,EO_response_83ohm,83ohm,frequency_GHz,dB,digitized_paper_measurement,p4_1.png
153,174.5,9.674306393244873,-2.6106870229007635,0.38600723763570566,0.11450381679389313,single,fig7a,EO_response_83ohm,83ohm,frequency_GHz,dB,digitized_paper_measurement,p4_1.png
154,173.5,9.867310012062726,-2.564885496183206,0.38600723763570566,0.11450381679389313,single,fig7a,EO_response_83ohm,83ohm,frequency_GHz,dB,digitized_paper_measurement,p4_1.png
155,174.5,10.060313630880579,-2.6106870229007635,0.38600723763570566,0.11450381679389313,single,fig7a,EO_response_83ohm,83ohm,frequency_GHz,dB,digitized_paper_measurement,p4_1.png
156,174.5,10.253317249698432,-2.6106870229007635,0.38600723763570566,0.11450381679389313,single,fig7a,EO_response_83ohm,83ohm,frequency_GHz,dB,digitized_paper_measurement,p4_1.png
157,174.5,10.446320868516285,-2.6106870229007635,0.38600723763570566,0.11450381679389313,single,fig7a,EO_response_83ohm,83ohm,frequency_GHz,dB,digitized_paper_measurement,p4_1.png
158,175.0,10.639324487334138,-2.633587786259542,0.38600723763570566,0.0916030534351145,single,fig7a,EO_response_83ohm,83ohm,frequency_GHz,dB,digitized_paper_measurement,p4_1.png
159,175.0,10.83232810615199,-2.633587786259542,0.38600723763570566,0.0916030534351145,single,fig7a,EO_response_83ohm,83ohm,frequency_GHz,dB,digitized_paper_measurement,p4_1.png
160,174.5,11.025331724969844,-2.6106870229007635,0.38600723763570566,0.11450381679389313,single,fig7a,EO_response_83ohm,83ohm,frequency_GHz,dB,digitized_paper_measurement,p4_1.png
161,173.5,11.218335343787697,-2.564885496183206,0.38600723763570566,0.11450381679389313,single,fig7a,EO_response_83ohm,83ohm,frequency_GHz,dB,digitized_paper_measurement,p4_1.png
162,172.5,11.41133896260555,-2.519083969465649,0.38600723763570566,0.11450381679389313,single,fig7a,EO_response_83ohm,83ohm,frequency_GHz,dB,digitized_paper_measurement,p4_1.png
163,171.0,11.604342581423401,-2.450381679389313,0.38600723763570566,0.13740458015267176,single,fig7a,EO_response_83ohm,83ohm,frequency_GHz,dB,digitized_paper_measurement,p4_1.png
164,170.5,11.797346200241254,-2.427480916030534,0.38600723763570566,0.11450381679389313,single,fig7a,EO_response_83ohm,83ohm,frequency_GHz,dB,digitized_paper_measurement,p4_1.png
165,169.5,11.990349819059107,-2.381679389312977,0.38600723763570566,0.11450381679389313,single,fig7a,EO_response_83ohm,83ohm,frequency_GHz,dB,digitized_paper_measurement,p4_1.png
166,169.5,12.18335343787696,-2.381679389312977,0.38600723763570566,0.11450381679389313,single,fig7a,EO_response_83ohm,83ohm,frequency_GHz,dB,digitized_paper_measurement,p4_1.png
167,168.5,12.376357056694813,-2.33587786259542,0.38600723763570566,0.11450381679389313,single,fig7a,EO_response_83ohm,83ohm,frequency_GHz,dB,digitized_paper_measurement,p4_1.png
168,168.5,12.569360675512666,-2.33587786259542,0.38600723763570566,0.11450381679389313,single,fig7a,EO_response_83ohm,83ohm,frequency_GHz,dB,digitized_paper_measurement,p4_1.png
169,168.5,12.762364294330519,-2.33587786259542,0.38600723763570566,0.11450381679389313,single,fig7a,EO_response_83ohm,83ohm,frequency_GHz,dB,digitized_paper_measurement,p4_1.png
170,169.5,12.955367913148372,-2.381679389312977,0.38600723763570566,0.11450381679389313,single,fig7a,EO_response_83ohm,83ohm,frequency_GHz,dB,digitized_paper_measurement,p4_1.png
171,170.5,13.148371531966223,-2.427480916030534,0.38600723763570566,0.11450381679389313,single,fig7a,EO_response_83ohm,83ohm,frequency_GHz,dB,digitized_paper_measurement,p4_1.png
172,171.5,13.341375150784078,-2.4732824427480917,0.38600723763570566,0.11450381679389313,single,fig7a,EO_response_83ohm,83ohm,frequency_GHz,dB,digitized_paper_measurement,p4_1.png
173,171.5,13.534378769601929,-2.4732824427480917,0.38600723763570566,0.11450381679389313,single,fig7a,EO_response_83ohm,83ohm,frequency_GHz,dB,digitized_paper_measurement,p4_1.png
174,172.5,13.727382388419784,-2.519083969465649,0.38600723763570566,0.11450381679389313,single,fig7a,EO_response_83ohm,83ohm,frequency_GHz,dB,digitized_paper_measurement,p4_1.png
175,173.0,13.920386007237635,-2.5419847328244276,0.38600723763570566,0.13740458015267176,single,fig7a,EO_response_83ohm,83ohm,frequency_GHz,dB,digitized_paper_measurement,p4_1.png
176,174.0,14.11338962605549,-2.5877862595419847,0.38600723763570566,0.13740458015267176,single,fig7a,EO_response_83ohm,83ohm,frequency_GHz,dB,digitized_paper_measurement,p4_1.png
177,175.5,14.306393244873341,-2.6564885496183206,0.38600723763570566,0.11450381679389313,single,fig7a,EO_response_83ohm,83ohm,frequency_GHz,dB,digitized_paper_measurement,p4_1.png
178,176.0,14.499396863691194,-2.6793893129770994,0.38600723763570566,0.13740458015267176,single,fig7a,EO_response_83ohm,83ohm,frequency_GHz,dB,digitized_paper_measurement,p4_1.png
179,177.0,14.692400482509047,-2.7251908396946565,0.38600723763570566,0.13740458015267176,single,fig7a,EO_response_83ohm,83ohm,frequency_GHz,dB,digitized_paper_measurement,p4_1.png
180,177.5,14.8854041013269,-2.7480916030534353,0.38600723763570566,0.11450381679389313,single,fig7a,EO_response_83ohm,83ohm,frequency_GHz,dB,digitized_paper_measurement,p4_1.png
181,178.5,15.078407720144753,-2.7938931297709924,0.38600723763570566,0.11450381679389313,single,fig7a,EO_response_83ohm,83ohm,frequency_GHz,dB,digitized_paper_measurement,p4_1.png
182,179.5,15.271411338962604,-2.8396946564885495,0.38600723763570566,0.11450381679389313,single,fig7a,EO_response_83ohm,83ohm,frequency_GHz,dB,digitized_paper_measurement,p4_1.png
183,180.5,15.464414957780459,-2.885496183206107,0.38600723763570566,0.16030534351145037,single,fig7a,EO_response_83ohm,83ohm,frequency_GHz,dB,digitized_paper_measurement,p4_1.png
184,182.5,15.65741857659831,-2.9770992366412212,0.38600723763570566,0.16030534351145037,single,fig7a,EO_response_83ohm,83ohm,frequency_GHz,dB,digitized_paper_measurement,p4_1.png
185,183.5,15.850422195416165,-3.0229007633587788,0.38600723763570566,0.11450381679389313,single,fig7a,EO_response_83ohm,83ohm,frequency_GHz,dB,digitized_paper_measurement,p4_1.png
186,184.0,16.043425814234016,-3.045801526717557,0.38600723763570566,0.0916030534351145,single,fig7a,EO_response_83ohm,83ohm,frequency_GHz,dB,digitized_paper_measurement,p4_1.png
187,183.5,16.23642943305187,-3.0229007633587788,0.38600723763570566,0.11450381679389313,single,fig7a,EO_response_83ohm,83ohm,frequency_GHz,dB,digitized_paper_measurement,p4_1.png
188,182.0,16.429433051869722,-2.954198473282443,0.38600723763570566,0.13740458015267176,single,fig7a,EO_response_83ohm,83ohm,frequency_GHz,dB,digitized_paper_measurement,p4_1.png
189,181.0,16.622436670687577,-2.9083969465648853,0.38600723763570566,0.13740458015267176,single,fig7a,EO_response_83ohm,83ohm,frequency_GHz,dB,digitized_paper_measurement,p4_1.png
190,179.5,16.81544028950543,-2.8396946564885495,0.38600723763570566,0.11450381679389313,single,fig7a,EO_response_83ohm,83ohm,frequency_GHz,dB,digitized_paper_measurement,p4_1.png
191,179.5,17.00844390832328,-2.8396946564885495,0.38600723763570566,0.11450381679389313,single,fig7a,EO_response_83ohm,83ohm,frequency_GHz,dB,digitized_paper_measurement,p4_1.png
192,180.5,17.201447527141134,-2.885496183206107,0.38600723763570566,0.11450381679389313,single,fig7a,EO_response_83ohm,83ohm,frequency_GHz,dB,digitized_paper_measurement,p4_1.png
193,181.5,17.394451145958985,-2.931297709923664,0.38600723763570566,0.11450381679389313,single,fig7a,EO_response_83ohm,83ohm,frequency_GHz,dB,digitized_paper_measurement,p4_1.png
197,183.0,18.166465621230397,-3.0,0.38600723763570566,0.2748091603053435,merged,fig7a,EO_response_83ohm,83ohm,frequency_GHz,dB,digitized_paper_measurement,p4_1.png
200,186.0,18.745476477683958,-3.1374045801526718,0.38600723763570566,0.13740458015267176,single,fig7a,EO_response_83ohm,83ohm,frequency_GHz,dB,digitized_paper_measurement,p4_1.png
201,185.0,18.93848009650181,-3.0916030534351147,0.38600723763570566,0.13740458015267176,single,fig7a,EO_response_83ohm,83ohm,frequency_GHz,dB,digitized_paper_measurement,p4_1.png
202,183.5,19.13148371531966,-3.0229007633587788,0.38600723763570566,0.16030534351145037,single,fig7a,EO_response_83ohm,83ohm,frequency_GHz,dB,digitized_paper_measurement,p4_1.png
203,182.5,19.324487334137515,-2.9770992366412212,0.38600723763570566,0.11450381679389313,single,fig7a,EO_response_83ohm,83ohm,frequency_GHz,dB,digitized_paper_measurement,p4_1.png
204,183.5,19.517490952955367,-3.0229007633587788,0.38600723763570566,0.11450381679389313,single,fig7a,EO_response_83ohm,83ohm,frequency_GHz,dB,digitized_paper_measurement,p4_1.png
205,184.5,19.71049457177322,-3.068702290076336,0.38600723763570566,0.11450381679389313,single,fig7a,EO_response_83ohm,83ohm,frequency_GHz,dB,digitized_paper_measurement,p4_1.png
206,185.0,19.903498190591073,-3.0916030534351147,0.38600723763570566,0.0916030534351145,single,fig7a,EO_response_83ohm,83ohm,frequency_GHz,dB,digitized_paper_measurement,p4_1.png
207,185.0,20.096501809408927,-3.0916030534351147,0.38600723763570566,0.0916030534351145,single,fig7a,EO_response_83ohm,83ohm,frequency_GHz,dB,digitized_paper_measurement,p4_1.png
208,185.0,20.28950542822678,-3.0916030534351147,0.38600723763570566,0.0916030534351145,single,fig7a,EO_response_83ohm,83ohm,frequency_GHz,dB,digitized_paper_measurement,p4_1.png
209,185.0,20.482509047044633,-3.0916030534351147,0.38600723763570566,0.0916030534351145,single,fig7a,EO_response_83ohm,83ohm,frequency_GHz,dB,digitized_paper_measurement,p4_1.png
210,185.0,20.675512665862485,-3.0916030534351147,0.38600723763570566,0.0916030534351145,single,fig7a,EO_response_83ohm,83ohm,frequency_GHz,dB,digitized_paper_measurement,p4_1.png
211,185.0,20.86851628468034,-3.0916030534351147,0.38600723763570566,0.0916030534351145,single,fig7a,EO_response_83ohm,83ohm,frequency_GHz,dB,digitized_paper_measurement,p4_1.png
212,185.0,21.06151990349819,-3.0916030534351147,0.38600723763570566,0.0916030534351145,single,fig7a,EO_response_83ohm,83ohm,frequency_GHz,dB,digitized_paper_measurement,p4_1.png
213,185.0,21.254523522316042,-3.0916030534351147,0.38600723763570566,0.0916030534351145,single,fig7a,EO_response_83ohm,83ohm,frequency_GHz,dB,digitized_paper_measurement,p4_1.png
214,185.0,21.447527141133897,-3.0916030534351147,0.38600723763570566,0.0916030534351145,single,fig7a,EO_response_83ohm,83ohm,frequency_GHz,dB,digitized_paper_measurement,p4_1.png
245,185.0,27.430639324487334,-3.0916030534351147,0.38600723763570566,0.0916030534351145,single,fig7a,EO_response_83ohm,83ohm,frequency_GHz,dB,digitized_paper_measurement,p4_1.png
246,186.0,27.623642943305185,-3.1374045801526718,0.38600723763570566,0.13740458015267176,single,fig7a,EO_response_83ohm,83ohm,frequency_GHz,dB,digitized_paper_measurement,p4_1.png
247,188.5,27.81664656212304,-3.2519083969465647,0.38600723763570566,0.20610687022900764,single,fig7a,EO_response_83ohm,83ohm,frequency_GHz,dB,digitized_paper_measurement,p4_1.png
248,191.0,28.009650180940895,-3.366412213740458,0.38600723763570566,0.183206106870229,single,fig7a,EO_response_83ohm,83ohm,frequency_GHz,dB,digitized_paper_measurement,p4_1.png
249,193.5,28.202653799758746,-3.480916030534351,0.38600723763570566,0.16030534351145037,single,fig7a,EO_response_83ohm,83ohm,frequency_GHz,dB,digitized_paper_measurement,p4_1.png
250,196.0,28.395657418576597,-3.595419847328244,0.38600723763570566,0.13740458015267176,single,fig7a,EO_response_83ohm,83ohm,frequency_GHz,dB,digitized_paper_measurement,p4_1.png
251,197.5,28.588661037394452,-3.66412213740458,0.38600723763570566,0.16030534351145037,single,fig7a,EO_response_83ohm,83ohm,frequency_GHz,dB,digitized_paper_measurement,p4_1.png
252,198.0,28.781664656212303,-3.687022900763359,0.38600723763570566,0.13740458015267176,single,fig7a,EO_response_83ohm,83ohm,frequency_GHz,dB,digitized_paper_measurement,p4_1.png
253,196.0,28.974668275030155,-3.595419847328244,0.38600723763570566,0.183206106870229,single,fig7a,EO_response_83ohm,83ohm,frequency_GHz,dB,digitized_paper_measurement,p4_1.png
254,193.5,29.16767189384801,-3.480916030534351,0.38600723763570566,0.16030534351145037,single,fig7a,EO_response_83ohm,83ohm,frequency_GHz,dB,digitized_paper_measurement,p4_1.png
255,191.0,29.360675512665864,-3.366412213740458,0.38600723763570566,0.13740458015267176,single,fig7a,EO_response_83ohm,83ohm,frequency_GHz,dB,digitized_paper_measurement,p4_1.png
256,189.0,29.553679131483715,-3.2748091603053435,0.38600723763570566,0.183206106870229,single,fig7a,EO_response_83ohm,83ohm,frequency_GHz,dB,digitized_paper_measurement,p4_1.png
257,187.5,29.746682750301567,-3.2061068702290076,0.38600723763570566,0.11450381679389313,single,fig7a,EO_response_83ohm,83ohm,frequency_GHz,dB,digitized_paper_measurement,p4_1.png
258,188.0,29.93968636911942,-3.2290076335877864,0.38600723763570566,0.13740458015267176,single,fig7a,EO_response_83ohm,83ohm,frequency_GHz,dB,digitized_paper_measurement,p4_1.png
259,188.5,30.132689987937276,-3.2519083969465647,0.38600723763570566,0.11450381679389313,single,fig7a,EO_response_83ohm,83ohm,frequency_GHz,dB,digitized_paper_measurement,p4_1.png
260,189.5,30.325693606755127,-3.2977099236641223,0.38600723763570566,0.11450381679389313,single,fig7a,EO_response_83ohm,83ohm,frequency_GHz,dB,digitized_paper_measurement,p4_1.png
261,189.5,30.51869722557298,-3.2977099236641223,0.38600723763570566,0.11450381679389313,single,fig7a,EO_response_83ohm,83ohm,frequency_GHz,dB,digitized_paper_measurement,p4_1.png
262,190.5,30.711700844390833,-3.3435114503816794,0.38600723763570566,0.11450381679389313,single,fig7a,EO_response_83ohm,83ohm,frequency_GHz,dB,digitized_paper_measurement,p4_1.png
263,190.5,30.904704463208684,-3.3435114503816794,0.38600723763570566,0.11450381679389313,single,fig7a,EO_response_83ohm,83ohm,frequency_GHz,dB,digitized_paper_measurement,p4_1.png
264,189.5,31.097708082026536,-3.2977099236641223,0.38600723763570566,0.11450381679389313,single,fig7a,EO_response_83ohm,83ohm,frequency_GHz,dB,digitized_paper_measurement,p4_1.png
265,188.5,31.29071170084439,-3.2519083969465647,0.38600723763570566,0.11450381679389313,single,fig7a,EO_response_83ohm,83ohm,frequency_GHz,dB,digitized_paper_measurement,p4_1.png
266,188.5,31.483715319662245,-3.2519083969465647,0.38600723763570566,0.11450381679389313,single,fig7a,EO_response_83ohm,83ohm,frequency_GHz,dB,digitized_paper_measurement,p4_1.png
267,188.0,31.676718938480096,-3.2290076335877864,0.38600723763570566,0.13740458015267176,single,fig7a,EO_response_83ohm,83ohm,frequency_GHz,dB,digitized_paper_measurement,p4_1.png
268,187.5,31.869722557297948,-3.2061068702290076,0.38600723763570566,0.11450381679389313,single,fig7a,EO_response_83ohm,83ohm,frequency_GHz,dB,digitized_paper_measurement,p4_1.png
269,187.5,32.0627261761158,-3.2061068702290076,0.38600723763570566,0.11450381679389313,single,fig7a,EO_response_83ohm,83ohm,frequency_GHz,dB,digitized_paper_measurement,p4_1.png
270,188.0,32.25572979493366,-3.2290076335877864,0.38600723763570566,0.13740458015267176,single,fig7a,EO_response_83ohm,83ohm,frequency_GHz,dB,digitized_paper_measurement,p4_1.png
271,189.0,32.44873341375151,-3.2748091603053435,0.38600723763570566,0.13740458015267176,single,fig7a,EO_response_83ohm,83ohm,frequency_GHz,dB,digitized_paper_measurement,p4_1.png
272,190.5,32.64173703256936,-3.3435114503816794,0.38600723763570566,0.11450381679389313,single,fig7a,EO_response_83ohm,83ohm,frequency_GHz,dB,digitized_paper_measurement,p4_1.png
275,188.0,33.22074788902292,-3.2290076335877864,0.38600723763570566,0.183206106870229,single,fig7a,EO_response_83ohm,83ohm,frequency_GHz,dB,digitized_paper_measurement,p4_1.png
276,190.0,33.41375150784077,-3.3206106870229006,0.38600723763570566,0.183206106870229,single,fig7a,EO_response_83ohm,83ohm,frequency_GHz,dB,digitized_paper_measurement,p4_1.png
277,190.0,33.606755126658626,-3.3206106870229006,0.38600723763570566,0.22900763358778625,single,fig7a,EO_response_83ohm,83ohm,frequency_GHz,dB,digitized_paper_measurement,p4_1.png
279,185.5,33.99276236429433,-3.114503816793893,0.38600723763570566,0.11450381679389313,single,fig7a,EO_response_83ohm,83ohm,frequency_GHz,dB,digitized_paper_measurement,p4_1.png
280,185.5,34.185765983112184,-3.114503816793893,0.38600723763570566,0.11450381679389313,single,fig7a,EO_response_83ohm,83ohm,frequency_GHz,dB,digitized_paper_measurement,p4_1.png
281,185.5,34.37876960193004,-3.114503816793893,0.38600723763570566,0.11450381679389313,single,fig7a,EO_response_83ohm,83ohm,frequency_GHz,dB,digitized_paper_measurement,p4_1.png
282,186.0,34.571773220747886,-3.1374045801526718,0.38600723763570566,0.0916030534351145,single,fig7a,EO_response_83ohm,83ohm,frequency_GHz,dB,digitized_paper_measurement,p4_1.png
283,186.0,34.76477683956574,-3.1374045801526718,0.38600723763570566,0.0916030534351145,single,fig7a,EO_response_83ohm,83ohm,frequency_GHz,dB,digitized_paper_measurement,p4_1.png
284,186.5,34.957780458383596,-3.1603053435114505,0.38600723763570566,0.11450381679389313,single,fig7a,EO_response_83ohm,83ohm,frequency_GHz,dB,digitized_paper_measurement,p4_1.png
285,188.5,35.15078407720145,-3.2519083969465647,0.38600723763570566,0.16030534351145037,single,fig7a,EO_response_83ohm,83ohm,frequency_GHz,dB,digitized_paper_measurement,p4_1.png
286,191.0,35.3437876960193,-3.366412213740458,0.38600723763570566,0.183206106870229,single,fig7a,EO_response_83ohm,83ohm,frequency_GHz,dB,digitized_paper_measurement,p4_1.png
287,193.0,35.53679131483715,-3.4580152671755724,0.38600723763570566,0.183206106870229,single,fig7a,EO_response_83ohm,83ohm,frequency_GHz,dB,digitized_paper_measurement,p4_1.png
288,194.5,35.72979493365501,-3.5267175572519083,0.38600723763570566,0.11450381679389313,single,fig7a,EO_response_83ohm,83ohm,frequency_GHz,dB,digitized_paper_measurement,p4_1.png
289,193.0,35.922798552472855,-3.4580152671755724,0.38600723763570566,0.13740458015267176,single,fig7a,EO_response_83ohm,83ohm,frequency_GHz,dB,digitized_paper_measurement,p4_1.png
290,192.5,36.11580217129071,-3.435114503816794,0.38600723763570566,0.11450381679389313,single,fig7a,EO_response_83ohm,83ohm,frequency_GHz,dB,digitized_paper_measurement,p4_1.png
292,193.0,36.50180940892642,-3.4580152671755724,0.38600723763570566,0.22900763358778625,single,fig7a,EO_response_83ohm,83ohm,frequency_GHz,dB,digitized_paper_measurement,p4_1.png
293,191.0,36.694813027744274,-3.366412213740458,0.38600723763570566,0.22900763358778625,single,fig7a,EO_response_83ohm,83ohm,frequency_GHz,dB,digitized_paper_measurement,p4_1.png
294,190.0,36.88781664656212,-3.3206106870229006,0.38600723763570566,0.183206106870229,single,fig7a,EO_response_83ohm,83ohm,frequency_GHz,dB,digitized_paper_measurement,p4_1.png
295,188.5,37.08082026537998,-3.2519083969465647,0.38600723763570566,0.16030534351145037,single,fig7a,EO_response_83ohm,83ohm,frequency_GHz,dB,digitized_paper_measurement,p4_1.png
296,188.5,37.273823884197824,-3.2519083969465647,0.38600723763570566,0.11450381679389313,single,fig7a,EO_response_83ohm,83ohm,frequency_GHz,dB,digitized_paper_measurement,p4_1.png
297,189.0,37.46682750301568,-3.2748091603053435,0.38600723763570566,0.13740458015267176,single,fig7a,EO_response_83ohm,83ohm,frequency_GHz,dB,digitized_paper_measurement,p4_1.png
298,188.5,37.659831121833534,-3.2519083969465647,0.38600723763570566,0.16030534351145037,single,fig7a,EO_response_83ohm,83ohm,frequency_GHz,dB,digitized_paper_measurement,p4_1.png
299,186.5,37.85283474065139,-3.1603053435114505,0.38600723763570566,0.11450381679389313,single,fig7a,EO_response_83ohm,83ohm,frequency_GHz,dB,digitized_paper_measurement,p4_1.png
308,179.0,39.58986731001207,-2.816793893129771,0.38600723763570566,0.13740458015267176,single,fig7a,EO_response_83ohm,83ohm,frequency_GHz,dB,digitized_paper_measurement,p4_1.png
309,179.0,39.782870928829915,-2.816793893129771,0.38600723763570566,0.13740458015267176,single,fig7a,EO_response_83ohm,83ohm,frequency_GHz,dB,digitized_paper_measurement,p4_1.png
310,179.5,39.97587454764777,-2.8396946564885495,0.38600723763570566,0.11450381679389313,single,fig7a,EO_response_83ohm,83ohm,frequency_GHz,dB,digitized_paper_measurement,p4_1.png
311,181.0,40.16887816646562,-2.9083969465648853,0.38600723763570566,0.13740458015267176,single,fig7a,EO_response_83ohm,83ohm,frequency_GHz,dB,digitized_paper_measurement,p4_1.png
313,186.5,40.55488540410133,-3.1603053435114505,0.38600723763570566,0.16030534351145037,single,fig7a,EO_response_83ohm,83ohm,frequency_GHz,dB,digitized_paper_measurement,p4_1.png
314,188.0,40.74788902291918,-3.2290076335877864,0.38600723763570566,0.13740458015267176,single,fig7a,EO_response_83ohm,83ohm,frequency_GHz,dB,digitized_paper_measurement,p4_1.png
315,191.0,40.94089264173704,-3.366412213740458,0.38600723763570566,0.22900763358778625,single,fig7a,EO_response_83ohm,83ohm,frequency_GHz,dB,digitized_paper_measurement,p4_1.png
316,193.0,41.133896260554884,-3.4580152671755724,0.38600723763570566,0.183206106870229,single,fig7a,EO_response_83ohm,83ohm,frequency_GHz,dB,digitized_paper_measurement,p4_1.png
317,197.0,41.32689987937274,-3.6412213740458017,0.38600723763570566,0.22900763358778625,single,fig7a,EO_response_83ohm,83ohm,frequency_GHz,dB,digitized_paper_measurement,p4_1.png
318,198.5,41.51990349819059,-3.7099236641221376,0.38600723763570566,0.16030534351145037,single,fig7a,EO_response_83ohm,83ohm,frequency_GHz,dB,digitized_paper_measurement,p4_1.png
319,199.5,41.71290711700844,-3.7557251908396947,0.38600723763570566,0.20610687022900764,single,fig7a,EO_response_83ohm,83ohm,frequency_GHz,dB,digitized_paper_measurement,p4_1.png
320,195.5,41.905910735826296,-3.572519083969466,0.38600723763570566,0.3893129770992366,single,fig7a,EO_response_83ohm,83ohm,frequency_GHz,dB,digitized_paper_measurement,p4_1.png
321,189.5,42.09891435464415,-3.2977099236641223,0.38600723763570566,0.25190839694656486,single,fig7a,EO_response_83ohm,83ohm,frequency_GHz,dB,digitized_paper_measurement,p4_1.png
322,188.0,42.291917973462006,-3.2290076335877864,0.38600723763570566,0.13740458015267176,single,fig7a,EO_response_83ohm,83ohm,frequency_GHz,dB,digitized_paper_measurement,p4_1.png
323,188.5,42.48492159227985,-3.2519083969465647,0.38600723763570566,0.16030534351145037,single,fig7a,EO_response_83ohm,83ohm,frequency_GHz,dB,digitized_paper_measurement,p4_1.png
324,191.0,42.67792521109771,-3.366412213740458,0.38600723763570566,0.22900763358778625,single,fig7a,EO_response_83ohm,83ohm,frequency_GHz,dB,digitized_paper_measurement,p4_1.png
325,196.5,42.870928829915556,-3.618320610687023,0.38600723763570566,0.25190839694656486,single,fig7a,EO_response_83ohm,83ohm,frequency_GHz,dB,digitized_paper_measurement,p4_1.png
332,195.0,44.22195416164053,-3.549618320610687,0.38600723763570566,0.183206106870229,single,fig7a,EO_response_83ohm,83ohm,frequency_GHz,dB,digitized_paper_measurement,p4_1.png
333,192.5,44.41495778045838,-3.435114503816794,0.38600723763570566,0.25190839694656486,single,fig7a,EO_response_83ohm,83ohm,frequency_GHz,dB,digitized_paper_measurement,p4_1.png
338,196.0,45.37997587454765,-3.595419847328244,0.38600723763570566,0.549618320610687,single,fig7a,EO_response_83ohm,83ohm,frequency_GHz,dB,digitized_paper_measurement,p4_1.png
339,201.5,45.5729794933655,-3.8473282442748094,0.38600723763570566,0.29770992366412213,single,fig7a,EO_response_83ohm,83ohm,frequency_GHz,dB,digitized_paper_measurement,p4_1.png
344,198.0,46.53799758745477,-3.687022900763359,0.38600723763570566,0.13740458015267176,single,fig7a,EO_response_83ohm,83ohm,frequency_GHz,dB,digitized_paper_measurement,p4_1.png
345,197.0,46.731001206272616,-3.6412213740458017,0.38600723763570566,0.183206106870229,single,fig7a,EO_response_83ohm,83ohm,frequency_GHz,dB,digitized_paper_measurement,p4_1.png
346,195.5,46.92400482509047,-3.572519083969466,0.38600723763570566,0.16030534351145037,single,fig7a,EO_response_83ohm,83ohm,frequency_GHz,dB,digitized_paper_measurement,p4_1.png
355,188.0,48.66103739445114,-3.2290076335877864,0.38600723763570566,0.13740458015267176,single,fig7a,EO_response_83ohm,83ohm,frequency_GHz,dB,digitized_paper_measurement,p4_1.png
356,189.0,48.854041013269,-3.2748091603053435,0.38600723763570566,0.13740458015267176,single,fig7a,EO_response_83ohm,83ohm,frequency_GHz,dB,digitized_paper_measurement,p4_1.png
357,191.0,49.04704463208685,-3.366412213740458,0.38600723763570566,0.183206106870229,single,fig7a,EO_response_83ohm,83ohm,frequency_GHz,dB,digitized_paper_measurement,p4_1.png
358,193.0,49.24004825090471,-3.4580152671755724,0.38600723763570566,0.2748091603053435,single,fig7a,EO_response_83ohm,83ohm,frequency_GHz,dB,digitized_paper_measurement,p4_1.png
359,197.5,49.43305186972256,-3.66412213740458,0.38600723763570566,0.20610687022900764,single,fig7a,EO_response_83ohm,83ohm,frequency_GHz,dB,digitized_paper_measurement,p4_1.png
360,198.0,49.62605548854041,-3.687022900763359,0.38600723763570566,0.183206106870229,single,fig7a,EO_response_83ohm,83ohm,frequency_GHz,dB,digitized_paper_measurement,p4_1.png
361,196.0,49.819059107358264,-3.595419847328244,0.38600723763570566,0.183206106870229,single,fig7a,EO_response_83ohm,83ohm,frequency_GHz,dB,digitized_paper_measurement,p4_1.png
362,194.0,50.01206272617611,-3.50381679389313,0.38600723763570566,0.0916030534351145,single,fig7a,EO_response_83ohm,83ohm,frequency_GHz,dB,digitized_paper_measurement,p4_1.png
122,187.5,3.691194209891435,-3.2061068702290076,0.38600723763570566,0.20610687022900764,single,fig7a,EO_response_open,open,frequency_GHz,dB,digitized_paper_measurement,p4_1.png
123,193.0,3.88419782870929,-3.4580152671755724,0.38600723763570566,0.4580152671755725,single,fig7a,EO_response_open,open,frequency_GHz,dB,digitized_paper_measurement,p4_1.png
124,200.0,4.077201447527141,-3.7786259541984735,0.38600723763570566,0.5954198473282443,single,fig7a,EO_response_open,open,frequency_GHz,dB,digitized_paper_measurement,p4_1.png
125,209.5,4.270205066344994,-4.213740458015267,0.38600723763570566,0.5267175572519084,single,fig7a,EO_response_open,open,frequency_GHz,dB,digitized_paper_measurement,p4_1.png
126,217.0,4.463208685162847,-4.557251908396947,0.38600723763570566,0.4580152671755725,single,fig7a,EO_response_open,open,frequency_GHz,dB,digitized_paper_measurement,p4_1.png
127,224.0,4.6562123039807,-4.877862595419847,0.38600723763570566,0.366412213740458,single,fig7a,EO_response_open,open,frequency_GHz,dB,digitized_paper_measurement,p4_1.png
128,230.0,4.849215922798553,-5.152671755725191,0.38600723763570566,0.366412213740458,single,fig7a,EO_response_open,open,frequency_GHz,dB,digitized_paper_measurement,p4_1.png
129,235.5,5.042219541616406,-5.404580152671755,0.38600723763570566,0.3435114503816794,single,fig7a,EO_response_open,open,frequency_GHz,dB,digitized_paper_measurement,p4_1.png
130,242.0,5.235223160434257,-5.702290076335878,0.38600723763570566,0.4122137404580153,single,fig7a,EO_response_open,open,frequency_GHz,dB,digitized_paper_measurement,p4_1.png
131,250.0,5.42822677925211,-6.068702290076335,0.38600723763570566,0.5038167938931297,single,fig7a,EO_response_open,open,frequency_GHz,dB,digitized_paper_measurement,p4_1.png
132,256.5,5.621230398069963,-6.366412213740458,0.38600723763570566,0.48091603053435117,single,fig7a,EO_response_open,open,frequency_GHz,dB,digitized_paper_measurement,p4_1.png
133,263.5,5.814234016887816,-6.687022900763359,0.38600723763570566,0.3435114503816794,single,fig7a,EO_response_open,open,frequency_GHz,dB,digitized_paper_measurement,p4_1.png
134,270.5,6.007237635705669,-7.00763358778626,0.38600723763570566,0.3435114503816794,single,fig7a,EO_response_open,open,frequency_GHz,dB,digitized_paper_measurement,p4_1.png
135,276.5,6.200241254523522,-7.282442748091603,0.38600723763570566,0.4351145038167939,single,fig7a,EO_response_open,open,frequency_GHz,dB,digitized_paper_measurement,p4_1.png
136,282.5,6.393244873341375,-7.557251908396947,0.38600723763570566,0.4351145038167939,single,fig7a,EO_response_open,open,frequency_GHz,dB,digitized_paper_measurement,p4_1.png
137,288.5,6.586248492159228,-7.8320610687022905,0.38600723763570566,0.3435114503816794,single,fig7a,EO_response_open,open,frequency_GHz,dB,digitized_paper_measurement,p4_1.png
138,294.5,6.779252110977081,-8.106870229007633,0.38600723763570566,0.29770992366412213,single,fig7a,EO_response_open,open,frequency_GHz,dB,digitized_paper_measurement,p4_1.png
139,299.5,6.972255729794934,-8.335877862595419,0.38600723763570566,0.3435114503816794,single,fig7a,EO_response_open,open,frequency_GHz,dB,digitized_paper_measurement,p4_1.png
140,302.0,7.165259348612787,-8.450381679389313,0.38600723763570566,0.4122137404580153,single,fig7a,EO_response_open,open,frequency_GHz,dB,digitized_paper_measurement,p4_1.png
143,312.0,7.744270205066345,-8.908396946564885,0.38600723763570566,0.13740458015267176,single,fig7a,EO_response_open,open,frequency_GHz,dB,digitized_paper_measurement,p4_1.png
144,310.5,7.9372738238841976,-8.83969465648855,0.38600723763570566,0.20610687022900764,single,fig7a,EO_response_open,open,frequency_GHz,dB,digitized_paper_measurement,p4_1.png
145,307.5,8.13027744270205,-8.702290076335878,0.38600723763570566,0.29770992366412213,single,fig7a,EO_response_open,open,frequency_GHz,dB,digitized_paper_measurement,p4_1.png
146,304.5,8.323281061519904,-8.564885496183207,0.38600723763570566,0.29770992366412213,single,fig7a,EO_response_open,open,frequency_GHz,dB,digitized_paper_measurement,p4_1.png
147,299.5,8.516284680337757,-8.335877862595419,0.38600723763570566,0.29770992366412213,single,fig7a,EO_response_open,open,frequency_GHz,dB,digitized_paper_measurement,p4_1.png
148,294.5,8.70928829915561,-8.106870229007633,0.38600723763570566,0.3435114503816794,single,fig7a,EO_response_open,open,frequency_GHz,dB,digitized_paper_measurement,p4_1.png
149,289.5,8.902291917973463,-7.877862595419847,0.38600723763570566,0.3893129770992366,single,fig7a,EO_response_open,open,frequency_GHz,dB,digitized_paper_measurement,p4_1.png
150,284.5,9.095295536791316,-7.648854961832061,0.38600723763570566,0.29770992366412213,single,fig7a,EO_response_open,open,frequency_GHz,dB,digitized_paper_measurement,p4_1.png
151,280.0,9.288299155609169,-7.442748091603053,0.38600723763570566,0.22900763358778625,single,fig7a,EO_response_open,open,frequency_GHz,dB,digitized_paper_measurement,p4_1.png
152,277.5,9.48130277442702,-7.32824427480916,0.38600723763570566,0.20610687022900764,single,fig7a,EO_response_open,open,frequency_GHz,dB,digitized_paper_measurement,p4_1.png
153,275.5,9.674306393244873,-7.236641221374046,0.38600723763570566,0.16030534351145037,single,fig7a,EO_response_open,open,frequency_GHz,dB,digitized_paper_measurement,p4_1.png
154,273.0,9.867310012062726,-7.122137404580153,0.38600723763570566,0.183206106870229,single,fig7a,EO_response_open,open,frequency_GHz,dB,digitized_paper_measurement,p4_1.png
155,270.0,10.060313630880579,-6.984732824427481,0.38600723763570566,0.22900763358778625,single,fig7a,EO_response_open,open,frequency_GHz,dB,digitized_paper_measurement,p4_1.png
156,267.0,10.253317249698432,-6.847328244274809,0.38600723763570566,0.2748091603053435,single,fig7a,EO_response_open,open,frequency_GHz,dB,digitized_paper_measurement,p4_1.png
157,263.5,10.446320868516285,-6.687022900763359,0.38600723763570566,0.25190839694656486,single,fig7a,EO_response_open,open,frequency_GHz,dB,digitized_paper_measurement,p4_1.png
158,260.5,10.639324487334138,-6.549618320610687,0.38600723763570566,0.20610687022900764,single,fig7a,EO_response_open,open,frequency_GHz,dB,digitized_paper_measurement,p4_1.png
159,257.0,10.83232810615199,-6.3893129770992365,0.38600723763570566,0.22900763358778625,single,fig7a,EO_response_open,open,frequency_GHz,dB,digitized_paper_measurement,p4_1.png
160,254.5,11.025331724969844,-6.2748091603053435,0.38600723763570566,0.25190839694656486,single,fig7a,EO_response_open,open,frequency_GHz,dB,digitized_paper_measurement,p4_1.png
161,251.0,11.218335343787697,-6.114503816793893,0.38600723763570566,0.22900763358778625,single,fig7a,EO_response_open,open,frequency_GHz,dB,digitized_paper_measurement,p4_1.png
162,247.5,11.41133896260555,-5.9541984732824424,0.38600723763570566,0.25190839694656486,single,fig7a,EO_response_open,open,frequency_GHz,dB,digitized_paper_measurement,p4_1.png
163,244.5,11.604342581423401,-5.816793893129771,0.38600723763570566,0.25190839694656486,single,fig7a,EO_response_open,open,frequency_GHz,dB,digitized_paper_measurement,p4_1.png
164,242.0,11.797346200241254,-5.702290076335878,0.38600723763570566,0.183206106870229,single,fig7a,EO_response_open,open,frequency_GHz,dB,digitized_paper_measurement,p4_1.png
165,241.0,11.990349819059107,-5.656488549618321,0.38600723763570566,0.13740458015267176,single,fig7a,EO_response_open,open,frequency_GHz,dB,digitized_paper_measurement,p4_1.png
166,242.0,12.18335343787696,-5.702290076335878,0.38600723763570566,0.183206106870229,single,fig7a,EO_response_open,open,frequency_GHz,dB,digitized_paper_measurement,p4_1.png
167,244.5,12.376357056694813,-5.816793893129771,0.38600723763570566,0.25190839694656486,single,fig7a,EO_response_open,open,frequency_GHz,dB,digitized_paper_measurement,p4_1.png
168,247.0,12.569360675512666,-5.931297709923665,0.38600723763570566,0.22900763358778625,single,fig7a,EO_response_open,open,frequency_GHz,dB,digitized_paper_measurement,p4_1.png
169,249.0,12.762364294330519,-6.022900763358779,0.38600723763570566,0.32061068702290074,single,fig7a,EO_response_open,open,frequency_GHz,dB,digitized_paper_measurement,p4_1.png
170,251.0,12.955367913148372,-6.114503816793893,0.38600723763570566,0.22900763358778625,single,fig7a,EO_response_open,open,frequency_GHz,dB,digitized_paper_measurement,p4_1.png
171,250.5,13.148371531966223,-6.091603053435114,0.38600723763570566,0.16030534351145037,single,fig7a,EO_response_open,open,frequency_GHz,dB,digitized_paper_measurement,p4_1.png
172,248.0,13.341375150784078,-5.977099236641221,0.38600723763570566,0.22900763358778625,single,fig7a,EO_response_open,open,frequency_GHz,dB,digitized_paper_measurement,p4_1.png
173,246.0,13.534378769601929,-5.885496183206107,0.38600723763570566,0.22900763358778625,single,fig7a,EO_response_open,open,frequency_GHz,dB,digitized_paper_measurement,p4_1.png
174,243.5,13.727382388419784,-5.770992366412214,0.38600723763570566,0.16030534351145037,single,fig7a,EO_response_open,open,frequency_GHz,dB,digitized_paper_measurement,p4_1.png
175,244.0,13.920386007237635,-5.793893129770993,0.38600723763570566,0.183206106870229,single,fig7a,EO_response_open,open,frequency_GHz,dB,digitized_paper_measurement,p4_1.png
176,246.5,14.11338962605549,-5.908396946564886,0.38600723763570566,0.25190839694656486,single,fig7a,EO_response_open,open,frequency_GHz,dB,digitized_paper_measurement,p4_1.png
177,251.0,14.306393244873341,-6.114503816793893,0.38600723763570566,0.32061068702290074,single,fig7a,EO_response_open,open,frequency_GHz,dB,digitized_paper_measurement,p4_1.png
178,257.0,14.499396863691194,-6.3893129770992365,0.38600723763570566,0.4580152671755725,single,fig7a,EO_response_open,open,frequency_GHz,dB,digitized_paper_measurement,p4_1.png
179,264.0,14.692400482509047,-6.709923664122138,0.38600723763570566,0.5038167938931297,single,fig7a,EO_response_open,open,frequency_GHz,dB,digitized_paper_measurement,p4_1.png
180,272.0,14.8854041013269,-7.076335877862595,0.38600723763570566,0.4580152671755725,single,fig7a,EO_response_open,open,frequency_GHz,dB,digitized_paper_measurement,p4_1.png
181,278.0,15.078407720144753,-7.351145038167939,0.38600723763570566,0.366412213740458,single,fig7a,EO_response_open,open,frequency_GHz,dB,digitized_paper_measurement,p4_1.png
182,284.0,15.271411338962604,-7.625954198473282,0.38600723763570566,0.2748091603053435,single,fig7a,EO_response_open,open,frequency_GHz,dB,digitized_paper_measurement,p4_1.png
183,287.5,15.464414957780459,-7.786259541984733,0.38600723763570566,0.25190839694656486,single,fig7a,EO_response_open,open,frequency_GHz,dB,digitized_paper_measurement,p4_1.png
184,290.0,15.65741857659831,-7.900763358778626,0.38600723763570566,0.183206106870229,single,fig7a,EO_response_open,open,frequency_GHz,dB,digitized_paper_measurement,p4_1.png
185,289.5,15.850422195416165,-7.877862595419847,0.38600723763570566,0.20610687022900764,single,fig7a,EO_response_open,open,frequency_GHz,dB,digitized_paper_measurement,p4_1.png
186,286.0,16.043425814234016,-7.717557251908397,0.38600723763570566,0.2748091603053435,single,fig7a,EO_response_open,open,frequency_GHz,dB,digitized_paper_measurement,p4_1.png
187,282.0,16.23642943305187,-7.534351145038168,0.38600723763570566,0.32061068702290074,single,fig7a,EO_response_open,open,frequency_GHz,dB,digitized_paper_measurement,p4_1.png
192,282.0,17.201447527141134,-7.534351145038168,0.38600723763570566,0.4122137404580153,single,fig7a,EO_response_open,open,frequency_GHz,dB,digitized_paper_measurement,p4_1.png
195,296.5,17.78045838359469,-8.198473282442748,0.38600723763570566,0.25190839694656486,single,fig7a,EO_response_open,open,frequency_GHz,dB,digitized_paper_measurement,p4_1.png
196,299.0,17.973462002412546,-8.312977099236642,0.38600723763570566,0.183206106870229,single,fig7a,EO_response_open,open,frequency_GHz,dB,digitized_paper_measurement,p4_1.png
197,300.5,18.166465621230397,-8.381679389312977,0.38600723763570566,0.16030534351145037,single,fig7a,EO_response_open,open,frequency_GHz,dB,digitized_paper_measurement,p4_1.png
198,299.0,18.359469240048252,-8.312977099236642,0.38600723763570566,0.183206106870229,single,fig7a,EO_response_open,open,frequency_GHz,dB,digitized_paper_measurement,p4_1.png
199,295.5,18.552472858866103,-8.15267175572519,0.38600723763570566,0.29770992366412213,single,fig7a,EO_response_open,open,frequency_GHz,dB,digitized_paper_measurement,p4_1.png
200,290.0,18.745476477683958,-7.900763358778626,0.38600723763570566,0.4122137404580153,single,fig7a,EO_response_open,open,frequency_GHz,dB,digitized_paper_measurement,p4_1.png
201,283.0,18.93848009650181,-7.580152671755725,0.38600723763570566,0.5038167938931297,single,fig7a,EO_response_open,open,frequency_GHz,dB,digitized_paper_measurement,p4_1.png
202,276.5,19.13148371531966,-7.282442748091603,0.38600723763570566,0.4351145038167939,single,fig7a,EO_response_open,open,frequency_GHz,dB,digitized_paper_measurement,p4_1.png
203,271.0,19.324487334137515,-7.030534351145038,0.38600723763570566,0.2748091603053435,single,fig7a,EO_response_open,open,frequency_GHz,dB,digitized_paper_measurement,p4_1.png
204,269.0,19.517490952955367,-6.938931297709924,0.38600723763570566,0.183206106870229,single,fig7a,EO_response_open,open,frequency_GHz,dB,digitized_paper_measurement,p4_1.png
205,272.0,19.71049457177322,-7.076335877862595,0.38600723763570566,0.2748091603053435,single,fig7a,EO_response_open,open,frequency_GHz,dB,digitized_paper_measurement,p4_1.png
206,276.0,19.903498190591073,-7.259541984732825,0.38600723763570566,0.32061068702290074,single,fig7a,EO_response_open,open,frequency_GHz,dB,digitized_paper_measurement,p4_1.png
207,280.0,20.096501809408927,-7.442748091603053,0.38600723763570566,0.32061068702290074,single,fig7a,EO_response_open,open,frequency_GHz,dB,digitized_paper_measurement,p4_1.png
214,257.0,21.447527141133897,-6.3893129770992365,0.38600723763570566,0.5038167938931297,single,fig7a,EO_response_open,open,frequency_GHz,dB,digitized_paper_measurement,p4_1.png
215,251.0,21.640530759951748,-6.114503816793893,0.38600723763570566,0.32061068702290074,single,fig7a,EO_response_open,open,frequency_GHz,dB,digitized_paper_measurement,p4_1.png
216,249.0,21.833534378769603,-6.022900763358779,0.38600723763570566,0.22900763358778625,single,fig7a,EO_response_open,open,frequency_GHz,dB,digitized_paper_measurement,p4_1.png
217,250.5,22.026537997587454,-6.091603053435114,0.38600723763570566,0.29770992366412213,single,fig7a,EO_response_open,open,frequency_GHz,dB,digitized_paper_measurement,p4_1.png
218,254.5,22.21954161640531,-6.2748091603053435,0.38600723763570566,0.3435114503816794,single,fig7a,EO_response_open,open,frequency_GHz,dB,digitized_paper_measurement,p4_1.png
219,259.0,22.41254523522316,-6.480916030534351,0.38600723763570566,0.32061068702290074,single,fig7a,EO_response_open,open,frequency_GHz,dB,digitized_paper_measurement,p4_1.png
220,262.0,22.605548854041015,-6.6183206106870225,0.38600723763570566,0.2748091603053435,single,fig7a,EO_response_open,open,frequency_GHz,dB,digitized_paper_measurement,p4_1.png
221,264.5,22.798552472858866,-6.732824427480916,0.38600723763570566,0.25190839694656486,single,fig7a,EO_response_open,open,frequency_GHz,dB,digitized_paper_measurement,p4_1.png
222,266.5,22.99155609167672,-6.824427480916031,0.38600723763570566,0.16030534351145037,single,fig7a,EO_response_open,open,frequency_GHz,dB,digitized_paper_measurement,p4_1.png
223,265.0,23.18455971049457,-6.755725190839694,0.38600723763570566,0.13740458015267176,single,fig7a,EO_response_open,open,frequency_GHz,dB,digitized_paper_measurement,p4_1.png
224,264.5,23.377563329312423,-6.732824427480916,0.38600723763570566,0.11450381679389313,single,fig7a,EO_response_open,open,frequency_GHz,dB,digitized_paper_measurement,p4_1.png
225,264.5,23.570566948130278,-6.732824427480916,0.38600723763570566,0.11450381679389313,single,fig7a,EO_response_open,open,frequency_GHz,dB,digitized_paper_measurement,p4_1.png
226,264.0,23.76357056694813,-6.709923664122138,0.38600723763570566,0.13740458015267176,single,fig7a,EO_response_open,open,frequency_GHz,dB,digitized_paper_measurement,p4_1.png
227,263.0,23.956574185765984,-6.66412213740458,0.38600723763570566,0.13740458015267176,single,fig7a,EO_response_open,open,frequency_GHz,dB,digitized_paper_measurement,p4_1.png
228,261.0,24.149577804583835,-6.572519083969466,0.38600723763570566,0.183206106870229,single,fig7a,EO_response_open,open,frequency_GHz,dB,digitized_paper_measurement,p4_1.png
229,259.0,24.34258142340169,-6.480916030534351,0.38600723763570566,0.22900763358778625,single,fig7a,EO_response_open,open,frequency_GHz,dB,digitized_paper_measurement,p4_1.png
230,257.0,24.53558504221954,-6.3893129770992365,0.38600723763570566,0.183206106870229,single,fig7a,EO_response_open,open,frequency_GHz,dB,digitized_paper_measurement,p4_1.png
231,257.0,24.728588661037396,-6.3893129770992365,0.38600723763570566,0.183206106870229,single,fig7a,EO_response_open,open,frequency_GHz,dB,digitized_paper_measurement,p4_1.png
232,260.5,24.921592279855247,-6.549618320610687,0.38600723763570566,0.29770992366412213,single,fig7a,EO_response_open,open,frequency_GHz,dB,digitized_paper_measurement,p4_1.png
233,267.0,25.1145958986731,-6.847328244274809,0.38600723763570566,0.4580152671755725,single,fig7a,EO_response_open,open,frequency_GHz,dB,digitized_paper_measurement,p4_1.png
234,274.5,25.307599517490953,-7.190839694656488,0.38600723763570566,0.5725190839694656,single,fig7a,EO_response_open,open,frequency_GHz,dB,digitized_paper_measurement,p4_1.png
235,282.0,25.500603136308804,-7.534351145038168,0.38600723763570566,0.5038167938931297,single,fig7a,EO_response_open,open,frequency_GHz,dB,digitized_paper_measurement,p4_1.png
236,289.5,25.69360675512666,-7.877862595419847,0.38600723763570566,0.3435114503816794,single,fig7a,EO_response_open,open,frequency_GHz,dB,digitized_paper_measurement,p4_1.png
237,294.0,25.88661037394451,-8.083969465648854,0.38600723763570566,0.22900763358778625,single,fig7a,EO_response_open,open,frequency_GHz,dB,digitized_paper_measurement,p4_1.png
238,295.0,26.079613992762365,-8.129770992366412,0.38600723763570566,0.183206106870229,single,fig7a,EO_response_open,open,frequency_GHz,dB,digitized_paper_measurement,p4_1.png
239,291.5,26.272617611580216,-7.969465648854962,0.38600723763570566,0.29770992366412213,single,fig7a,EO_response_open,open,frequency_GHz,dB,digitized_paper_measurement,p4_1.png
240,288.5,26.46562123039807,-7.8320610687022905,0.38600723763570566,0.3893129770992366,single,fig7a,EO_response_open,open,frequency_GHz,dB,digitized_paper_measurement,p4_1.png
241,283.5,26.658624849215922,-7.603053435114504,0.38600723763570566,0.4351145038167939,single,fig7a,EO_response_open,open,frequency_GHz,dB,digitized_paper_measurement,p4_1.png
242,278.5,26.851628468033777,-7.374045801526718,0.38600723763570566,0.29770992366412213,single,fig7a,EO_response_open,open,frequency_GHz,dB,digitized_paper_measurement,p4_1.png
243,275.5,27.044632086851628,-7.236641221374046,0.38600723763570566,0.25190839694656486,single,fig7a,EO_response_open,open,frequency_GHz,dB,digitized_paper_measurement,p4_1.png
244,276.0,27.237635705669483,-7.259541984732825,0.38600723763570566,0.366412213740458,single,fig7a,EO_response_open,open,frequency_GHz,dB,digitized_paper_measurement,p4_1.png
246,288.5,27.623642943305185,-7.8320610687022905,0.38600723763570566,0.3893129770992366,single,fig7a,EO_response_open,open,frequency_GHz,dB,digitized_paper_measurement,p4_1.png
247,294.0,27.81664656212304,-8.083969465648854,0.38600723763570566,0.4122137404580153,single,fig7a,EO_response_open,open,frequency_GHz,dB,digitized_paper_measurement,p4_1.png
248,299.0,28.009650180940895,-8.312977099236642,0.38600723763570566,0.32061068702290074,single,fig7a,EO_response_open,open,frequency_GHz,dB,digitized_paper_measurement,p4_1.png
249,302.5,28.202653799758746,-8.473282442748092,0.38600723763570566,0.16030534351145037,single,fig7a,EO_response_open,open,frequency_GHz,dB,digitized_paper_measurement,p4_1.png
250,304.0,28.395657418576597,-8.541984732824428,0.38600723763570566,0.13740458015267176,single,fig7a,EO_response_open,open,frequency_GHz,dB,digitized_paper_measurement,p4_1.png
251,304.0,28.588661037394452,-8.541984732824428,0.38600723763570566,0.13740458015267176,single,fig7a,EO_response_open,open,frequency_GHz,dB,digitized_paper_measurement,p4_1.png
252,301.0,28.781664656212303,-8.404580152671755,0.38600723763570566,0.2748091603053435,single,fig7a,EO_response_open,open,frequency_GHz,dB,digitized_paper_measurement,p4_1.png
253,298.0,28.974668275030155,-8.267175572519085,0.38600723763570566,0.366412213740458,single,fig7a,EO_response_open,open,frequency_GHz,dB,digitized_paper_measurement,p4_1.png
254,293.0,29.16767189384801,-8.038167938931299,0.38600723763570566,0.32061068702290074,single,fig7a,EO_response_open,open,frequency_GHz,dB,digitized_paper_measurement,p4_1.png
255,288.5,29.360675512665864,-7.8320610687022905,0.38600723763570566,0.29770992366412213,single,fig7a,EO_response_open,open,frequency_GHz,dB,digitized_paper_measurement,p4_1.png
256,283.5,29.553679131483715,-7.603053435114504,0.38600723763570566,0.29770992366412213,single,fig7a,EO_response_open,open,frequency_GHz,dB,digitized_paper_measurement,p4_1.png
257,280.5,29.746682750301567,-7.465648854961832,0.38600723763570566,0.25190839694656486,single,fig7a,EO_response_open,open,frequency_GHz,dB,digitized_paper_measurement,p4_1.png
258,278.0,29.93968636911942,-7.351145038167939,0.38600723763570566,0.13740458015267176,single,fig7a,EO_response_open,open,frequency_GHz,dB,digitized_paper_measurement,p4_1.png
270,267.0,32.25572979493366,-6.847328244274809,0.38600723763570566,0.4122137404580153,single,fig7a,EO_response_open,open,frequency_GHz,dB,digitized_paper_measurement,p4_1.png
271,263.5,32.44873341375151,-6.687022900763359,0.38600723763570566,0.29770992366412213,single,fig7a,EO_response_open,open,frequency_GHz,dB,digitized_paper_measurement,p4_1.png
272,265.0,32.64173703256936,-6.755725190839694,0.38600723763570566,0.366412213740458,single,fig7a,EO_response_open,open,frequency_GHz,dB,digitized_paper_measurement,p4_1.png
273,267.0,32.834740651387214,-6.847328244274809,0.38600723763570566,0.366412213740458,single,fig7a,EO_response_open,open,frequency_GHz,dB,digitized_paper_measurement,p4_1.png
274,270.5,33.02774427020506,-7.00763358778626,0.38600723763570566,0.3435114503816794,single,fig7a,EO_response_open,open,frequency_GHz,dB,digitized_paper_measurement,p4_1.png
275,272.5,33.22074788902292,-7.099236641221374,0.38600723763570566,0.25190839694656486,single,fig7a,EO_response_open,open,frequency_GHz,dB,digitized_paper_measurement,p4_1.png
276,274.5,33.41375150784077,-7.190839694656488,0.38600723763570566,0.20610687022900764,single,fig7a,EO_response_open,open,frequency_GHz,dB,digitized_paper_measurement,p4_1.png
277,274.0,33.606755126658626,-7.1679389312977095,0.38600723763570566,0.183206106870229,single,fig7a,EO_response_open,open,frequency_GHz,dB,digitized_paper_measurement,p4_1.png
278,271.5,33.79975874547648,-7.0534351145038165,0.38600723763570566,0.25190839694656486,single,fig7a,EO_response_open,open,frequency_GHz,dB,digitized_paper_measurement,p4_1.png
279,268.5,33.99276236429433,-6.916030534351145,0.38600723763570566,0.25190839694656486,single,fig7a,EO_response_open,open,frequency_GHz,dB,digitized_paper_measurement,p4_1.png
280,265.5,34.185765983112184,-6.778625954198473,0.38600723763570566,0.20610687022900764,single,fig7a,EO_response_open,open,frequency_GHz,dB,digitized_paper_measurement,p4_1.png
281,263.5,34.37876960193004,-6.687022900763359,0.38600723763570566,0.16030534351145037,single,fig7a,EO_response_open,open,frequency_GHz,dB,digitized_paper_measurement,p4_1.png
282,263.0,34.571773220747886,-6.66412213740458,0.38600723763570566,0.13740458015267176,single,fig7a,EO_response_open,open,frequency_GHz,dB,digitized_paper_measurement,p4_1.png
283,264.5,34.76477683956574,-6.732824427480916,0.38600723763570566,0.16030534351145037,single,fig7a,EO_response_open,open,frequency_GHz,dB,digitized_paper_measurement,p4_1.png
284,265.0,34.957780458383596,-6.755725190839694,0.38600723763570566,0.13740458015267176,single,fig7a,EO_response_open,open,frequency_GHz,dB,digitized_paper_measurement,p4_1.png
285,266.0,35.15078407720145,-6.801526717557252,0.38600723763570566,0.13740458015267176,single,fig7a,EO_response_open,open,frequency_GHz,dB,digitized_paper_measurement,p4_1.png
286,268.0,35.3437876960193,-6.893129770992366,0.38600723763570566,0.22900763358778625,single,fig7a,EO_response_open,open,frequency_GHz,dB,digitized_paper_measurement,p4_1.png
287,270.5,35.53679131483715,-7.00763358778626,0.38600723763570566,0.25190839694656486,single,fig7a,EO_response_open,open,frequency_GHz,dB,digitized_paper_measurement,p4_1.png
288,273.0,35.72979493365501,-7.122137404580153,0.38600723763570566,0.183206106870229,single,fig7a,EO_response_open,open,frequency_GHz,dB,digitized_paper_measurement,p4_1.png
289,276.5,35.922798552472855,-7.282442748091603,0.38600723763570566,0.20610687022900764,single,fig7a,EO_response_open,open,frequency_GHz,dB,digitized_paper_measurement,p4_1.png
291,284.5,36.308805790108565,-7.648854961832061,0.38600723763570566,0.3893129770992366,single,fig7a,EO_response_open,open,frequency_GHz,dB,digitized_paper_measurement,p4_1.png
292,285.0,36.50180940892642,-7.67175572519084,0.38600723763570566,0.22900763358778625,single,fig7a,EO_response_open,open,frequency_GHz,dB,digitized_paper_measurement,p4_1.png
293,282.5,36.694813027744274,-7.557251908396947,0.38600723763570566,0.16030534351145037,single,fig7a,EO_response_open,open,frequency_GHz,dB,digitized_paper_measurement,p4_1.png
298,272.0,37.659831121833534,-7.076335877862595,0.38600723763570566,0.183206106870229,single,fig7a,EO_response_open,open,frequency_GHz,dB,digitized_paper_measurement,p4_1.png
299,275.0,37.85283474065139,-7.213740458015267,0.38600723763570566,0.32061068702290074,single,fig7a,EO_response_open,open,frequency_GHz,dB,digitized_paper_measurement,p4_1.png
300,279.0,38.04583835946924,-7.396946564885496,0.38600723763570566,0.4122137404580153,single,fig7a,EO_response_open,open,frequency_GHz,dB,digitized_paper_measurement,p4_1.png
301,284.5,38.23884197828709,-7.648854961832061,0.38600723763570566,0.3435114503816794,single,fig7a,EO_response_open,open,frequency_GHz,dB,digitized_paper_measurement,p4_1.png
302,289.0,38.431845597104946,-7.854961832061068,0.38600723763570566,0.22900763358778625,single,fig7a,EO_response_open,open,frequency_GHz,dB,digitized_paper_measurement,p4_1.png
303,291.0,38.624849215922794,-7.9465648854961835,0.38600723763570566,0.183206106870229,single,fig7a,EO_response_open,open,frequency_GHz,dB,digitized_paper_measurement,p4_1.png
304,291.0,38.81785283474065,-7.9465648854961835,0.38600723763570566,0.183206106870229,single,fig7a,EO_response_open,open,frequency_GHz,dB,digitized_paper_measurement,p4_1.png
305,288.0,39.0108564535585,-7.809160305343512,0.38600723763570566,0.2748091603053435,single,fig7a,EO_response_open,open,frequency_GHz,dB,digitized_paper_measurement,p4_1.png
306,284.5,39.20386007237636,-7.648854961832061,0.38600723763570566,0.29770992366412213,single,fig7a,EO_response_open,open,frequency_GHz,dB,digitized_paper_measurement,p4_1.png
307,280.5,39.39686369119421,-7.465648854961832,0.38600723763570566,0.29770992366412213,single,fig7a,EO_response_open,open,frequency_GHz,dB,digitized_paper_measurement,p4_1.png
308,277.5,39.58986731001207,-7.32824427480916,0.38600723763570566,0.20610687022900764,single,fig7a,EO_response_open,open,frequency_GHz,dB,digitized_paper_measurement,p4_1.png
309,275.0,39.782870928829915,-7.213740458015267,0.38600723763570566,0.183206106870229,single,fig7a,EO_response_open,open,frequency_GHz,dB,digitized_paper_measurement,p4_1.png
310,276.5,39.97587454764777,-7.282442748091603,0.38600723763570566,0.25190839694656486,single,fig7a,EO_response_open,open,frequency_GHz,dB,digitized_paper_measurement,p4_1.png
311,279.5,40.16887816646562,-7.419847328244275,0.38600723763570566,0.3435114503816794,single,fig7a,EO_response_open,open,frequency_GHz,dB,digitized_paper_measurement,p4_1.png
312,286.5,40.36188178528347,-7.740458015267175,0.38600723763570566,0.3893129770992366,single,fig7a,EO_response_open,open,frequency_GHz,dB,digitized_paper_measurement,p4_1.png
313,288.5,40.55488540410133,-7.8320610687022905,0.38600723763570566,0.3435114503816794,single,fig7a,EO_response_open,open,frequency_GHz,dB,digitized_paper_measurement,p4_1.png
314,285.5,40.74788902291918,-7.694656488549619,0.38600723763570566,0.4351145038167939,single,fig7a,EO_response_open,open,frequency_GHz,dB,digitized_paper_measurement,p4_1.png
315,280.0,40.94089264173704,-7.442748091603053,0.38600723763570566,0.32061068702290074,single,fig7a,EO_response_open,open,frequency_GHz,dB,digitized_paper_measurement,p4_1.png
316,278.0,41.133896260554884,-7.351145038167939,0.38600723763570566,0.22900763358778625,single,fig7a,EO_response_open,open,frequency_GHz,dB,digitized_paper_measurement,p4_1.png
317,279.0,41.32689987937274,-7.396946564885496,0.38600723763570566,0.22900763358778625,single,fig7a,EO_response_open,open,frequency_GHz,dB,digitized_paper_measurement,p4_1.png
318,277.0,41.51990349819059,-7.305343511450381,0.38600723763570566,0.32061068702290074,single,fig7a,EO_response_open,open,frequency_GHz,dB,digitized_paper_measurement,p4_1.png
319,276.0,41.71290711700844,-7.259541984732825,0.38600723763570566,0.2748091603053435,single,fig7a,EO_response_open,open,frequency_GHz,dB,digitized_paper_measurement,p4_1.png
320,280.0,41.905910735826296,-7.442748091603053,0.38600723763570566,0.2748091603053435,single,fig7a,EO_response_open,open,frequency_GHz,dB,digitized_paper_measurement,p4_1.png
321,282.0,42.09891435464415,-7.534351145038168,0.38600723763570566,0.22900763358778625,single,fig7a,EO_response_open,open,frequency_GHz,dB,digitized_paper_measurement,p4_1.png
322,282.5,42.291917973462006,-7.557251908396947,0.38600723763570566,0.20610687022900764,single,fig7a,EO_response_open,open,frequency_GHz,dB,digitized_paper_measurement,p4_1.png
323,284.0,42.48492159227985,-7.625954198473282,0.38600723763570566,0.22900763358778625,single,fig7a,EO_response_open,open,frequency_GHz,dB,digitized_paper_measurement,p4_1.png
324,279.5,42.67792521109771,-7.419847328244275,0.38600723763570566,0.3893129770992366,single,fig7a,EO_response_open,open,frequency_GHz,dB,digitized_paper_measurement,p4_1.png
325,272.5,42.870928829915556,-7.099236641221374,0.38600723763570566,0.5267175572519084,single,fig7a,EO_response_open,open,frequency_GHz,dB,digitized_paper_measurement,p4_1.png
326,269.0,43.06393244873341,-6.938931297709924,0.38600723763570566,0.4122137404580153,single,fig7a,EO_response_open,open,frequency_GHz,dB,digitized_paper_measurement,p4_1.png
330,264.0,43.83594692400483,-6.709923664122138,0.38600723763570566,0.22900763358778625,single,fig7a,EO_response_open,open,frequency_GHz,dB,digitized_paper_measurement,p4_1.png
331,256.5,44.02895054282268,-6.366412213740458,0.38600723763570566,0.3893129770992366,single,fig7a,EO_response_open,open,frequency_GHz,dB,digitized_paper_measurement,p4_1.png
332,250.5,44.22195416164053,-6.091603053435114,0.38600723763570566,0.5725190839694656,single,fig7a,EO_response_open,open,frequency_GHz,dB,digitized_paper_measurement,p4_1.png
333,245.5,44.41495778045838,-5.862595419847328,0.38600723763570566,0.3893129770992366,single,fig7a,EO_response_open,open,frequency_GHz,dB,digitized_paper_measurement,p4_1.png
334,245.5,44.607961399276235,-5.862595419847328,0.38600723763570566,0.3435114503816794,single,fig7a,EO_response_open,open,frequency_GHz,dB,digitized_paper_measurement,p4_1.png
335,247.0,44.80096501809409,-5.931297709923665,0.38600723763570566,0.32061068702290074,single,fig7a,EO_response_open,open,frequency_GHz,dB,digitized_paper_measurement,p4_1.png
336,251.5,44.993968636911944,-6.137404580152672,0.38600723763570566,0.29770992366412213,single,fig7a,EO_response_open,open,frequency_GHz,dB,digitized_paper_measurement,p4_1.png
337,258.0,45.1869722557298,-6.435114503816794,0.38600723763570566,0.549618320610687,single,fig7a,EO_response_open,open,frequency_GHz,dB,digitized_paper_measurement,p4_1.png
338,265.0,45.37997587454765,-6.755725190839694,0.38600723763570566,0.5954198473282443,single,fig7a,EO_response_open,open,frequency_GHz,dB,digitized_paper_measurement,p4_1.png
339,271.5,45.5729794933655,-7.0534351145038165,0.38600723763570566,0.3435114503816794,single,fig7a,EO_response_open,open,frequency_GHz,dB,digitized_paper_measurement,p4_1.png
340,270.5,45.76598311218335,-7.00763358778626,0.38600723763570566,0.3893129770992366,single,fig7a,EO_response_open,open,frequency_GHz,dB,digitized_paper_measurement,p4_1.png
341,263.5,45.958986731001204,-6.687022900763359,0.38600723763570566,0.29770992366412213,single,fig7a,EO_response_open,open,frequency_GHz,dB,digitized_paper_measurement,p4_1.png
342,259.0,46.15199034981906,-6.480916030534351,0.38600723763570566,0.366412213740458,single,fig7a,EO_response_open,open,frequency_GHz,dB,digitized_paper_measurement,p4_1.png
343,254.5,46.34499396863691,-6.2748091603053435,0.38600723763570566,0.29770992366412213,single,fig7a,EO_response_open,open,frequency_GHz,dB,digitized_paper_measurement,p4_1.png
344,250.5,46.53799758745477,-6.091603053435114,0.38600723763570566,0.20610687022900764,single,fig7a,EO_response_open,open,frequency_GHz,dB,digitized_paper_measurement,p4_1.png
348,257.0,47.31001206272617,-6.3893129770992365,0.38600723763570566,0.7786259541984732,single,fig7a,EO_response_open,open,frequency_GHz,dB,digitized_paper_measurement,p4_1.png
349,272.0,47.50301568154403,-7.076335877862595,0.38600723763570566,1.1908396946564885,single,fig7a,EO_response_open,open,frequency_GHz,dB,digitized_paper_measurement,p4_1.png
350,283.5,47.69601930036188,-7.603053435114504,0.38600723763570566,0.9389312977099237,single,fig7a,EO_response_open,open,frequency_GHz,dB,digitized_paper_measurement,p4_1.png
351,295.0,47.88902291917974,-8.129770992366412,0.38600723763570566,0.4580152671755725,single,fig7a,EO_response_open,open,frequency_GHz,dB,digitized_paper_measurement,p4_1.png
352,288.0,48.08202653799759,-7.809160305343512,0.38600723763570566,0.732824427480916,single,fig7a,EO_response_open,open,frequency_GHz,dB,digitized_paper_measurement,p4_1.png
353,281.0,48.27503015681544,-7.488549618320611,0.38600723763570566,0.5038167938931297,single,fig7a,EO_response_open,open,frequency_GHz,dB,digitized_paper_measurement,p4_1.png
354,270.0,48.468033775633295,-6.984732824427481,0.38600723763570566,0.32061068702290074,single,fig7a,EO_response_open,open,frequency_GHz,dB,digitized_paper_measurement,p4_1.png
355,268.5,48.66103739445114,-6.916030534351145,0.38600723763570566,0.3435114503816794,single,fig7a,EO_response_open,open,frequency_GHz,dB,digitized_paper_measurement,p4_1.png
356,263.0,48.854041013269,-6.66412213740458,0.38600723763570566,0.2748091603053435,single,fig7a,EO_response_open,open,frequency_GHz,dB,digitized_paper_measurement,p4_1.png
357,266.0,49.04704463208685,-6.801526717557252,0.38600723763570566,0.4122137404580153,single,fig7a,EO_response_open,open,frequency_GHz,dB,digitized_paper_measurement,p4_1.png
358,269.0,49.24004825090471,-6.938931297709924,0.38600723763570566,0.4122137404580153,single,fig7a,EO_response_open,open,frequency_GHz,dB,digitized_paper_measurement,p4_1.png
359,272.5,49.43305186972256,-7.099236641221374,0.38600723763570566,0.29770992366412213,single,fig7a,EO_response_open,open,frequency_GHz,dB,digitized_paper_measurement,p4_1.png
360,275.0,49.62605548854041,-7.213740458015267,0.38600723763570566,0.366412213740458,single,fig7a,EO_response_open,open,frequency_GHz,dB,digitized_paper_measurement,p4_1.png
108,753.0,0.9891435464414968,-8.30848623853211,0.38600723763570566,0.2408256880733945,single,fig7b,S11_38ohm,38ohm,frequency_GHz,dB,digitized_paper_measurement,p4_1.png
109,754.5,1.182147165259348,-8.428899082568808,0.38600723763570566,0.20068807339449543,single,fig7b,S11_38ohm,38ohm,frequency_GHz,dB,digitized_paper_measurement,p4_1.png
110,755.5,1.3751507840772028,-8.509174311926605,0.38600723763570566,0.20068807339449543,single,fig7b,S11_38ohm,38ohm,frequency_GHz,dB,digitized_paper_measurement,p4_1.png
111,757.0,1.568154402895054,-8.629587155963304,0.38600723763570566,0.2408256880733945,single,fig7b,S11_38ohm,38ohm,frequency_GHz,dB,digitized_paper_measurement,p4_1.png
112,759.5,1.7611580217129088,-8.830275229357799,0.38600723763570566,0.2809633027522936,single,fig7b,S11_38ohm,38ohm,frequency_GHz,dB,digitized_paper_measurement,p4_1.png
113,762.0,1.95416164053076,-9.030963302752294,0.38600723763570566,0.2408256880733945,single,fig7b,S11_38ohm,38ohm,frequency_GHz,dB,digitized_paper_measurement,p4_1.png
114,764.5,2.1471652593486112,-9.23165137614679,0.38600723763570566,0.2809633027522936,single,fig7b,S11_38ohm,38ohm,frequency_GHz,dB,digitized_paper_measurement,p4_1.png
115,767.0,2.340168878166466,-9.432339449541285,0.38600723763570566,0.3211009174311927,single,fig7b,S11_38ohm,38ohm,frequency_GHz,dB,digitized_paper_measurement,p4_1.png
116,770.0,2.5331724969843172,-9.67316513761468,0.38600723763570566,0.3211009174311927,single,fig7b,S11_38ohm,38ohm,frequency_GHz,dB,digitized_paper_measurement,p4_1.png
117,773.0,2.726176115802172,-9.913990825688073,0.38600723763570566,0.3211009174311927,single,fig7b,S11_38ohm,38ohm,frequency_GHz,dB,digitized_paper_measurement,p4_1.png
118,777.0,2.9191797346200232,-10.235091743119266,0.38600723763570566,0.3211009174311927,single,fig7b,S11_38ohm,38ohm,frequency_GHz,dB,digitized_paper_measurement,p4_1.png
119,780.5,3.112183353437878,-10.51605504587156,0.38600723763570566,0.36123853211009177,single,fig7b,S11_38ohm,38ohm,frequency_GHz,dB,digitized_paper_measurement,p4_1.png
120,784.5,3.305186972255729,-10.837155963302752,0.38600723763570566,0.36123853211009177,single,fig7b,S11_38ohm,38ohm,frequency_GHz,dB,digitized_paper_measurement,p4_1.png
121,788.5,3.498190591073584,-11.158256880733944,0.38600723763570566,0.36123853211009177,single,fig7b,S11_38ohm,38ohm,frequency_GHz,dB,digitized_paper_measurement,p4_1.png
122,792.5,3.691194209891435,-11.479357798165138,0.38600723763570566,0.36123853211009177,single,fig7b,S11_38ohm,38ohm,frequency_GHz,dB,digitized_paper_measurement,p4_1.png
123,797.5,3.88419782870929,-11.880733944954128,0.38600723763570566,0.36123853211009177,single,fig7b,S11_38ohm,38ohm,frequency_GHz,dB,digitized_paper_measurement,p4_1.png
124,802.0,4.077201447527141,-12.24197247706422,0.38600723763570566,0.40137614678899086,single,fig7b,S11_38ohm,38ohm,frequency_GHz,dB,digitized_paper_measurement,p4_1.png
125,807.0,4.270205066344994,-12.64334862385321,0.38600723763570566,0.40137614678899086,single,fig7b,S11_38ohm,38ohm,frequency_GHz,dB,digitized_paper_measurement,p4_1.png
126,812.0,4.463208685162847,-13.044724770642201,0.38600723763570566,0.40137614678899086,single,fig7b,S11_38ohm,38ohm,frequency_GHz,dB,digitized_paper_measurement,p4_1.png
127,817.0,4.6562123039807,-13.446100917431192,0.38600723763570566,0.40137614678899086,single,fig7b,S11_38ohm,38ohm,frequency_GHz,dB,digitized_paper_measurement,p4_1.png
128,822.0,4.849215922798553,-13.847477064220184,0.38600723763570566,0.40137614678899086,single,fig7b,S11_38ohm,38ohm,frequency_GHz,dB,digitized_paper_measurement,p4_1.png
129,827.0,5.042219541616406,-14.248853211009175,0.38600723763570566,0.40137614678899086,single,fig7b,S11_38ohm,38ohm,frequency_GHz,dB,digitized_paper_measurement,p4_1.png
130,831.5,5.235223160434257,-14.610091743119266,0.38600723763570566,0.36123853211009177,single,fig7b,S11_38ohm,38ohm,frequency_GHz,dB,digitized_paper_measurement,p4_1.png
131,834.5,5.42822677925211,-14.850917431192661,0.38600723763570566,0.2809633027522936,single,fig7b,S11_38ohm,38ohm,frequency_GHz,dB,digitized_paper_measurement,p4_1.png
132,837.5,5.621230398069963,-15.091743119266056,0.38600723763570566,0.2809633027522936,single,fig7b,S11_38ohm,38ohm,frequency_GHz,dB,digitized_paper_measurement,p4_1.png
133,839.5,5.814234016887816,-15.252293577981652,0.38600723763570566,0.20068807339449543,single,fig7b,S11_38ohm,38ohm,frequency_GHz,dB,digitized_paper_measurement,p4_1.png
134,840.5,6.007237635705669,-15.332568807339449,0.38600723763570566,0.20068807339449543,single,fig7b,S11_38ohm,38ohm,frequency_GHz,dB,digitized_paper_measurement,p4_1.png
135,840.0,6.200241254523522,-15.292431192660551,0.38600723763570566,0.2408256880733945,single,fig7b,S11_38ohm,38ohm,frequency_GHz,dB,digitized_paper_measurement,p4_1.png
136,838.0,6.393244873341375,-15.131880733944953,0.38600723763570566,0.2408256880733945,single,fig7b,S11_38ohm,38ohm,frequency_GHz,dB,digitized_paper_measurement,p4_1.png
137,835.5,6.586248492159228,-14.931192660550458,0.38600723763570566,0.2809633027522936,single,fig7b,S11_38ohm,38ohm,frequency_GHz,dB,digitized_paper_measurement,p4_1.png
138,832.0,6.779252110977081,-14.650229357798166,0.38600723763570566,0.3211009174311927,single,fig7b,S11_38ohm,38ohm,frequency_GHz,dB,digitized_paper_measurement,p4_1.png
139,828.0,6.972255729794934,-14.329128440366972,0.38600723763570566,0.40137614678899086,single,fig7b,S11_38ohm,38ohm,frequency_GHz,dB,digitized_paper_measurement,p4_1.png
140,823.0,7.165259348612787,-13.927752293577981,0.38600723763570566,0.40137614678899086,single,fig7b,S11_38ohm,38ohm,frequency_GHz,dB,digitized_paper_measurement,p4_1.png
141,818.5,7.358262967430639,-13.56651376146789,0.38600723763570566,0.36123853211009177,single,fig7b,S11_38ohm,38ohm,frequency_GHz,dB,digitized_paper_measurement,p4_1.png
142,813.0,7.551266586248492,-13.125,0.38600723763570566,0.40137614678899086,single,fig7b,S11_38ohm,38ohm,frequency_GHz,dB,digitized_paper_measurement,p4_1.png
143,808.5,7.744270205066345,-12.763761467889909,0.38600723763570566,0.44151376146788995,single,fig7b,S11_38ohm,38ohm,frequency_GHz,dB,digitized_paper_measurement,p4_1.png
144,803.5,7.9372738238841976,-12.362385321100918,0.38600723763570566,0.36123853211009177,single,fig7b,S11_38ohm,38ohm,frequency_GHz,dB,digitized_paper_measurement,p4_1.png
145,798.5,8.13027744270205,-11.961009174311927,0.38600723763570566,0.36123853211009177,single,fig7b,S11_38ohm,38ohm,frequency_GHz,dB,digitized_paper_measurement,p4_1.png
146,794.5,8.323281061519904,-11.639908256880734,0.38600723763570566,0.36123853211009177,single,fig7b,S11_38ohm,38ohm,frequency_GHz,dB,digitized_paper_measurement,p4_1.png
147,790.5,8.516284680337757,-11.318807339449542,0.38600723763570566,0.36123853211009177,single,fig7b,S11_38ohm,38ohm,frequency_GHz,dB,digitized_paper_measurement,p4_1.png
148,786.0,8.70928829915561,-10.957568807339449,0.38600723763570566,0.3211009174311927,single,fig7b,S11_38ohm,38ohm,frequency_GHz,dB,digitized_paper_measurement,p4_1.png
149,782.0,8.902291917973463,-10.636467889908257,0.38600723763570566,0.3211009174311927,single,fig7b,S11_38ohm,38ohm,frequency_GHz,dB,digitized_paper_measurement,p4_1.png
150,779.0,9.095295536791316,-10.395642201834862,0.38600723763570566,0.3211009174311927,single,fig7b,S11_38ohm,38ohm,frequency_GHz,dB,digitized_paper_measurement,p4_1.png
151,775.5,9.288299155609169,-10.114678899082568,0.38600723763570566,0.2809633027522936,single,fig7b,S11_38ohm,38ohm,frequency_GHz,dB,digitized_paper_measurement,p4_1.png
152,772.5,9.48130277442702,-9.873853211009175,0.38600723763570566,0.2809633027522936,single,fig7b,S11_38ohm,38ohm,frequency_GHz,dB,digitized_paper_measurement,p4_1.png
153,770.0,9.674306393244873,-9.67316513761468,0.38600723763570566,0.2408256880733945,single,fig7b,S11_38ohm,38ohm,frequency_GHz,dB,digitized_paper_measurement,p4_1.png
154,767.5,9.867310012062726,-9.472477064220184,0.38600723763570566,0.2809633027522936,single,fig7b,S11_38ohm,38ohm,frequency_GHz,dB,digitized_paper_measurement,p4_1.png
155,765.0,10.060313630880579,-9.271788990825687,0.38600723763570566,0.2408256880733945,single,fig7b,S11_38ohm,38ohm,frequency_GHz,dB,digitized_paper_measurement,p4_1.png
156,763.5,10.253317249698432,-9.15137614678899,0.38600723763570566,0.20068807339449543,single,fig7b,S11_38ohm,38ohm,frequency_GHz,dB,digitized_paper_measurement,p4_1.png
157,761.5,10.446320868516285,-8.990825688073395,0.38600723763570566,0.2809633027522936,single,fig7b,S11_38ohm,38ohm,frequency_GHz,dB,digitized_paper_measurement,p4_1.png
158,759.5,10.639324487334138,-8.830275229357799,0.38600723763570566,0.20068807339449543,single,fig7b,S11_38ohm,38ohm,frequency_GHz,dB,digitized_paper_measurement,p4_1.png
159,758.5,10.83232810615199,-8.75,0.38600723763570566,0.20068807339449543,single,fig7b,S11_38ohm,38ohm,frequency_GHz,dB,digitized_paper_measurement,p4_1.png
160,757.0,11.025331724969844,-8.629587155963304,0.38600723763570566,0.2408256880733945,single,fig7b,S11_38ohm,38ohm,frequency_GHz,dB,digitized_paper_measurement,p4_1.png
161,755.5,11.218335343787697,-8.509174311926605,0.38600723763570566,0.20068807339449543,single,fig7b,S11_38ohm,38ohm,frequency_GHz,dB,digitized_paper_measurement,p4_1.png
162,755.5,11.41133896260555,-8.509174311926605,0.38600723763570566,0.20068807339449543,single,fig7b,S11_38ohm,38ohm,frequency_GHz,dB,digitized_paper_measurement,p4_1.png
163,754.5,11.604342581423401,-8.428899082568808,0.38600723763570566,0.20068807339449543,single,fig7b,S11_38ohm,38ohm,frequency_GHz,dB,digitized_paper_measurement,p4_1.png
164,754.0,11.797346200241254,-8.388761467889909,0.38600723763570566,0.16055045871559634,single,fig7b,S11_38ohm,38ohm,frequency_GHz,dB,digitized_paper_measurement,p4_1.png
165,754.0,11.990349819059107,-8.388761467889909,0.38600723763570566,0.16055045871559634,single,fig7b,S11_38ohm,38ohm,frequency_GHz,dB,digitized_paper_measurement,p4_1.png
166,754.5,12.18335343787696,-8.428899082568808,0.38600723763570566,0.20068807339449543,single,fig7b,S11_38ohm,38ohm,frequency_GHz,dB,digitized_paper_measurement,p4_1.png
167,754.5,12.376357056694813,-8.428899082568808,0.38600723763570566,0.20068807339449543,single,fig7b,S11_38ohm,38ohm,frequency_GHz,dB,digitized_paper_measurement,p4_1.png
168,755.0,12.569360675512666,-8.469036697247706,0.38600723763570566,0.16055045871559634,single,fig7b,S11_38ohm,38ohm,frequency_GHz,dB,digitized_paper_measurement,p4_1.png
169,755.0,12.762364294330519,-8.469036697247706,0.38600723763570566,0.16055045871559634,single,fig7b,S11_38ohm,38ohm,frequency_GHz,dB,digitized_paper_measurement,p4_1.png
170,755.5,12.955367913148372,-8.509174311926605,0.38600723763570566,0.20068807339449543,single,fig7b,S11_38ohm,38ohm,frequency_GHz,dB,digitized_paper_measurement,p4_1.png
171,756.5,13.148371531966223,-8.589449541284404,0.38600723763570566,0.20068807339449543,single,fig7b,S11_38ohm,38ohm,frequency_GHz,dB,digitized_paper_measurement,p4_1.png
172,757.5,13.341375150784078,-8.669724770642201,0.38600723763570566,0.20068807339449543,single,fig7b,S11_38ohm,38ohm,frequency_GHz,dB,digitized_paper_measurement,p4_1.png
173,759.0,13.534378769601929,-8.7901376146789,0.38600723763570566,0.2408256880733945,single,fig7b,S11_38ohm,38ohm,frequency_GHz,dB,digitized_paper_measurement,p4_1.png
174,760.0,13.727382388419784,-8.870412844036696,0.38600723763570566,0.2408256880733945,single,fig7b,S11_38ohm,38ohm,frequency_GHz,dB,digitized_paper_measurement,p4_1.png
175,762.0,13.920386007237635,-9.030963302752294,0.38600723763570566,0.2408256880733945,single,fig7b,S11_38ohm,38ohm,frequency_GHz,dB,digitized_paper_measurement,p4_1.png
176,763.5,14.11338962605549,-9.15137614678899,0.38600723763570566,0.20068807339449543,single,fig7b,S11_38ohm,38ohm,frequency_GHz,dB,digitized_paper_measurement,p4_1.png
177,765.0,14.306393244873341,-9.271788990825687,0.38600723763570566,0.2408256880733945,single,fig7b,S11_38ohm,38ohm,frequency_GHz,dB,digitized_paper_measurement,p4_1.png
178,768.0,14.499396863691194,-9.512614678899082,0.38600723763570566,0.2408256880733945,single,fig7b,S11_38ohm,38ohm,frequency_GHz,dB,digitized_paper_measurement,p4_1.png
179,770.0,14.692400482509047,-9.67316513761468,0.38600723763570566,0.2408256880733945,single,fig7b,S11_38ohm,38ohm,frequency_GHz,dB,digitized_paper_measurement,p4_1.png
180,772.5,14.8854041013269,-9.873853211009175,0.38600723763570566,0.2809633027522936,single,fig7b,S11_38ohm,38ohm,frequency_GHz,dB,digitized_paper_measurement,p4_1.png
181,774.5,15.078407720144753,-10.034403669724771,0.38600723763570566,0.2809633027522936,single,fig7b,S11_38ohm,38ohm,frequency_GHz,dB,digitized_paper_measurement,p4_1.png
182,777.5,15.271411338962604,-10.275229357798166,0.38600723763570566,0.2809633027522936,single,fig7b,S11_38ohm,38ohm,frequency_GHz,dB,digitized_paper_measurement,p4_1.png
183,780.5,15.464414957780459,-10.51605504587156,0.38600723763570566,0.2809633027522936,single,fig7b,S11_38ohm,38ohm,frequency_GHz,dB,digitized_paper_measurement,p4_1.png
184,784.0,15.65741857659831,-10.797018348623853,0.38600723763570566,0.3211009174311927,single,fig7b,S11_38ohm,38ohm,frequency_GHz,dB,digitized_paper_measurement,p4_1.png
185,787.0,15.850422195416165,-11.037844036697248,0.38600723763570566,0.3211009174311927,single,fig7b,S11_38ohm,38ohm,frequency_GHz,dB,digitized_paper_measurement,p4_1.png
186,790.5,16.043425814234016,-11.318807339449542,0.38600723763570566,0.2809633027522936,single,fig7b,S11_38ohm,38ohm,frequency_GHz,dB,digitized_paper_measurement,p4_1.png
187,794.0,16.23642943305187,-11.599770642201834,0.38600723763570566,0.3211009174311927,single,fig7b,S11_38ohm,38ohm,frequency_GHz,dB,digitized_paper_measurement,p4_1.png
188,798.0,16.429433051869722,-11.920871559633028,0.38600723763570566,0.3211009174311927,single,fig7b,S11_38ohm,38ohm,frequency_GHz,dB,digitized_paper_measurement,p4_1.png
189,801.0,16.622436670687577,-12.161697247706423,0.38600723763570566,0.3211009174311927,single,fig7b,S11_38ohm,38ohm,frequency_GHz,dB,digitized_paper_measurement,p4_1.png
190,804.5,16.81544028950543,-12.442660550458715,0.38600723763570566,0.2809633027522936,single,fig7b,S11_38ohm,38ohm,frequency_GHz,dB,digitized_paper_measurement,p4_1.png
191,807.5,17.00844390832328,-12.68348623853211,0.38600723763570566,0.2809633027522936,single,fig7b,S11_38ohm,38ohm,frequency_GHz,dB,digitized_paper_measurement,p4_1.png
192,810.5,17.201447527141134,-12.924311926605505,0.38600723763570566,0.2809633027522936,single,fig7b,S11_38ohm,38ohm,frequency_GHz,dB,digitized_paper_measurement,p4_1.png
193,813.0,17.394451145958985,-13.125,0.38600723763570566,0.2408256880733945,single,fig7b,S11_38ohm,38ohm,frequency_GHz,dB,digitized_paper_measurement,p4_1.png
194,815.0,17.58745476477684,-13.285550458715596,0.38600723763570566,0.2408256880733945,single,fig7b,S11_38ohm,38ohm,frequency_GHz,dB,digitized_paper_measurement,p4_1.png
195,817.0,17.78045838359469,-13.446100917431192,0.38600723763570566,0.2408256880733945,single,fig7b,S11_38ohm,38ohm,frequency_GHz,dB,digitized_paper_measurement,p4_1.png
196,818.0,17.973462002412546,-13.52637614678899,0.38600723763570566,0.16055045871559634,single,fig7b,S11_38ohm,38ohm,frequency_GHz,dB,digitized_paper_measurement,p4_1.png
197,818.5,18.166465621230397,-13.56651376146789,0.38600723763570566,0.20068807339449543,single,fig7b,S11_38ohm,38ohm,frequency_GHz,dB,digitized_paper_measurement,p4_1.png
198,818.0,18.359469240048252,-13.52637614678899,0.38600723763570566,0.16055045871559634,single,fig7b,S11_38ohm,38ohm,frequency_GHz,dB,digitized_paper_measurement,p4_1.png
199,817.5,18.552472858866103,-13.486238532110091,0.38600723763570566,0.20068807339449543,single,fig7b,S11_38ohm,38ohm,frequency_GHz,dB,digitized_paper_measurement,p4_1.png
200,816.0,18.745476477683958,-13.365825688073395,0.38600723763570566,0.2408256880733945,single,fig7b,S11_38ohm,38ohm,frequency_GHz,dB,digitized_paper_measurement,p4_1.png
201,814.0,18.93848009650181,-13.205275229357799,0.38600723763570566,0.2408256880733945,single,fig7b,S11_38ohm,38ohm,frequency_GHz,dB,digitized_paper_measurement,p4_1.png
202,811.5,19.13148371531966,-13.004587155963304,0.38600723763570566,0.2809633027522936,single,fig7b,S11_38ohm,38ohm,frequency_GHz,dB,digitized_paper_measurement,p4_1.png
203,808.5,19.324487334137515,-12.763761467889909,0.38600723763570566,0.2809633027522936,single,fig7b,S11_38ohm,38ohm,frequency_GHz,dB,digitized_paper_measurement,p4_1.png
204,805.5,19.517490952955367,-12.522935779816514,0.38600723763570566,0.2809633027522936,single,fig7b,S11_38ohm,38ohm,frequency_GHz,dB,digitized_paper_measurement,p4_1.png
205,803.0,19.71049457177322,-12.322247706422019,0.38600723763570566,0.3211009174311927,single,fig7b,S11_38ohm,38ohm,frequency_GHz,dB,digitized_paper_measurement,p4_1.png
206,799.0,19.903498190591073,-12.001146788990825,0.38600723763570566,0.3211009174311927,single,fig7b,S11_38ohm,38ohm,frequency_GHz,dB,digitized_paper_measurement,p4_1.png
207,796.0,20.096501809408927,-11.760321100917432,0.38600723763570566,0.3211009174311927,single,fig7b,S11_38ohm,38ohm,frequency_GHz,dB,digitized_paper_measurement,p4_1.png
208,793.0,20.28950542822678,-11.519495412844037,0.38600723763570566,0.3211009174311927,single,fig7b,S11_38ohm,38ohm,frequency_GHz,dB,digitized_paper_measurement,p4_1.png
209,789.5,20.482509047044633,-11.238532110091743,0.38600723763570566,0.2809633027522936,single,fig7b,S11_38ohm,38ohm,frequency_GHz,dB,digitized_paper_measurement,p4_1.png
210,786.0,20.675512665862485,-10.957568807339449,0.38600723763570566,0.3211009174311927,single,fig7b,S11_38ohm,38ohm,frequency_GHz,dB,digitized_paper_measurement,p4_1.png
211,783.0,20.86851628468034,-10.716743119266056,0.38600723763570566,0.3211009174311927,single,fig7b,S11_38ohm,38ohm,frequency_GHz,dB,digitized_paper_measurement,p4_1.png
212,780.0,21.06151990349819,-10.475917431192661,0.38600723763570566,0.2408256880733945,single,fig7b,S11_38ohm,38ohm,frequency_GHz,dB,digitized_paper_measurement,p4_1.png
213,777.5,21.254523522316042,-10.275229357798166,0.38600723763570566,0.2809633027522936,single,fig7b,S11_38ohm,38ohm,frequency_GHz,dB,digitized_paper_measurement,p4_1.png
214,775.0,21.447527141133897,-10.07454128440367,0.38600723763570566,0.2408256880733945,single,fig7b,S11_38ohm,38ohm,frequency_GHz,dB,digitized_paper_measurement,p4_1.png
215,772.0,21.640530759951748,-9.833715596330276,0.38600723763570566,0.3211009174311927,single,fig7b,S11_38ohm,38ohm,frequency_GHz,dB,digitized_paper_measurement,p4_1.png
216,769.5,21.833534378769603,-9.63302752293578,0.38600723763570566,0.2809633027522936,single,fig7b,S11_38ohm,38ohm,frequency_GHz,dB,digitized_paper_measurement,p4_1.png
217,767.0,22.026537997587454,-9.432339449541285,0.38600723763570566,0.2408256880733945,single,fig7b,S11_38ohm,38ohm,frequency_GHz,dB,digitized_paper_measurement,p4_1.png
218,765.0,22.21954161640531,-9.271788990825687,0.38600723763570566,0.2408256880733945,single,fig7b,S11_38ohm,38ohm,frequency_GHz,dB,digitized_paper_measurement,p4_1.png
219,763.0,22.41254523522316,-9.111238532110091,0.38600723763570566,0.2408256880733945,single,fig7b,S11_38ohm,38ohm,frequency_GHz,dB,digitized_paper_measurement,p4_1.png
220,761.5,22.605548854041015,-8.990825688073395,0.38600723763570566,0.20068807339449543,single,fig7b,S11_38ohm,38ohm,frequency_GHz,dB,digitized_paper_measurement,p4_1.png
221,760.0,22.798552472858866,-8.870412844036696,0.38600723763570566,0.2408256880733945,single,fig7b,S11_38ohm,38ohm,frequency_GHz,dB,digitized_paper_measurement,p4_1.png
222,758.5,22.99155609167672,-8.75,0.38600723763570566,0.20068807339449543,single,fig7b,S11_38ohm,38ohm,frequency_GHz,dB,digitized_paper_measurement,p4_1.png
223,757.0,23.18455971049457,-8.629587155963304,0.38600723763570566,0.2408256880733945,single,fig7b,S11_38ohm,38ohm,frequency_GHz,dB,digitized_paper_measurement,p4_1.png
224,756.0,23.377563329312423,-8.549311926605505,0.38600723763570566,0.2408256880733945,single,fig7b,S11_38ohm,38ohm,frequency_GHz,dB,digitized_paper_measurement,p4_1.png
225,754.5,23.570566948130278,-8.428899082568808,0.38600723763570566,0.20068807339449543,single,fig7b,S11_38ohm,38ohm,frequency_GHz,dB,digitized_paper_measurement,p4_1.png
226,753.5,23.76357056694813,-8.34862385321101,0.38600723763570566,0.20068807339449543,single,fig7b,S11_38ohm,38ohm,frequency_GHz,dB,digitized_paper_measurement,p4_1.png
227,753.5,23.956574185765984,-8.34862385321101,0.38600723763570566,0.20068807339449543,single,fig7b,S11_38ohm,38ohm,frequency_GHz,dB,digitized_paper_measurement,p4_1.png
228,755.5,24.149577804583835,-8.509174311926605,0.38600723763570566,0.36123853211009177,single,fig7b,S11_38ohm,38ohm,frequency_GHz,dB,digitized_paper_measurement,p4_1.png
229,758.5,24.34258142340169,-8.75,0.38600723763570566,0.2809633027522936,single,fig7b,S11_38ohm,38ohm,frequency_GHz,dB,digitized_paper_measurement,p4_1.png
230,759.5,24.53558504221954,-8.830275229357799,0.38600723763570566,0.20068807339449543,single,fig7b,S11_38ohm,38ohm,frequency_GHz,dB,digitized_paper_measurement,p4_1.png
231,759.5,24.728588661037396,-8.830275229357799,0.38600723763570566,0.20068807339449543,single,fig7b,S11_38ohm,38ohm,frequency_GHz,dB,digitized_paper_measurement,p4_1.png
232,760.0,24.921592279855247,-8.870412844036696,0.38600723763570566,0.16055045871559634,single,fig7b,S11_38ohm,38ohm,frequency_GHz,dB,digitized_paper_measurement,p4_1.png
233,760.5,25.1145958986731,-8.910550458715596,0.38600723763570566,0.20068807339449543,single,fig7b,S11_38ohm,38ohm,frequency_GHz,dB,digitized_paper_measurement,p4_1.png
234,761.5,25.307599517490953,-8.990825688073395,0.38600723763570566,0.20068807339449543,single,fig7b,S11_38ohm,38ohm,frequency_GHz,dB,digitized_paper_measurement,p4_1.png
235,762.5,25.500603136308804,-9.071100917431192,0.38600723763570566,0.20068807339449543,single,fig7b,S11_38ohm,38ohm,frequency_GHz,dB,digitized_paper_measurement,p4_1.png
236,763.5,25.69360675512666,-9.15137614678899,0.38600723763570566,0.20068807339449543,single,fig7b,S11_38ohm,38ohm,frequency_GHz,dB,digitized_paper_measurement,p4_1.png
237,765.0,25.88661037394451,-9.271788990825687,0.38600723763570566,0.2408256880733945,single,fig7b,S11_38ohm,38ohm,frequency_GHz,dB,digitized_paper_measurement,p4_1.png
238,767.0,26.079613992762365,-9.432339449541285,0.38600723763570566,0.2408256880733945,single,fig7b,S11_38ohm,38ohm,frequency_GHz,dB,digitized_paper_measurement,p4_1.png
239,769.0,26.272617611580216,-9.59288990825688,0.38600723763570566,0.2408256880733945,single,fig7b,S11_38ohm,38ohm,frequency_GHz,dB,digitized_paper_measurement,p4_1.png
240,771.0,26.46562123039807,-9.753440366972477,0.38600723763570566,0.2408256880733945,single,fig7b,S11_38ohm,38ohm,frequency_GHz,dB,digitized_paper_measurement,p4_1.png
241,773.5,26.658624849215922,-9.954128440366972,0.38600723763570566,0.2809633027522936,single,fig7b,S11_38ohm,38ohm,frequency_GHz,dB,digitized_paper_measurement,p4_1.png
242,776.5,26.851628468033777,-10.194954128440367,0.38600723763570566,0.2809633027522936,single,fig7b,S11_38ohm,38ohm,frequency_GHz,dB,digitized_paper_measurement,p4_1.png
243,779.5,27.044632086851628,-10.435779816513762,0.38600723763570566,0.2809633027522936,single,fig7b,S11_38ohm,38ohm,frequency_GHz,dB,digitized_paper_measurement,p4_1.png
244,782.5,27.237635705669483,-10.676605504587156,0.38600723763570566,0.2809633027522936,single,fig7b,S11_38ohm,38ohm,frequency_GHz,dB,digitized_paper_measurement,p4_1.png
245,786.0,27.430639324487334,-10.957568807339449,0.38600723763570566,0.3211009174311927,single,fig7b,S11_38ohm,38ohm,frequency_GHz,dB,digitized_paper_measurement,p4_1.png
246,790.0,27.623642943305185,-11.278669724770642,0.38600723763570566,0.3211009174311927,single,fig7b,S11_38ohm,38ohm,frequency_GHz,dB,digitized_paper_measurement,p4_1.png
247,794.5,27.81664656212304,-11.639908256880734,0.38600723763570566,0.36123853211009177,single,fig7b,S11_38ohm,38ohm,frequency_GHz,dB,digitized_paper_measurement,p4_1.png
248,799.0,28.009650180940895,-12.001146788990825,0.38600723763570566,0.40137614678899086,single,fig7b,S11_38ohm,38ohm,frequency_GHz,dB,digitized_paper_measurement,p4_1.png
249,804.0,28.202653799758746,-12.402522935779816,0.38600723763570566,0.40137614678899086,single,fig7b,S11_38ohm,38ohm,frequency_GHz,dB,digitized_paper_measurement,p4_1.png
250,809.0,28.395657418576597,-12.803899082568808,0.38600723763570566,0.40137614678899086,single,fig7b,S11_38ohm,38ohm,frequency_GHz,dB,digitized_paper_measurement,p4_1.png
251,814.5,28.588661037394452,-13.245412844036696,0.38600723763570566,0.44151376146788995,single,fig7b,S11_38ohm,38ohm,frequency_GHz,dB,digitized_paper_measurement,p4_1.png
252,820.5,28.781664656212303,-13.727064220183486,0.38600723763570566,0.44151376146788995,single,fig7b,S11_38ohm,38ohm,frequency_GHz,dB,digitized_paper_measurement,p4_1.png
253,827.5,28.974668275030155,-14.288990825688073,0.38600723763570566,0.5217889908256881,single,fig7b,S11_38ohm,38ohm,frequency_GHz,dB,digitized_paper_measurement,p4_1.png
254,834.0,29.16767189384801,-14.810779816513762,0.38600723763570566,0.481651376146789,single,fig7b,S11_38ohm,38ohm,frequency_GHz,dB,digitized_paper_measurement,p4_1.png
255,841.0,29.360675512665864,-15.372706422018348,0.38600723763570566,0.481651376146789,single,fig7b,S11_38ohm,38ohm,frequency_GHz,dB,digitized_paper_measurement,p4_1.png
256,848.5,29.553679131483715,-15.974770642201834,0.38600723763570566,0.5217889908256881,single,fig7b,S11_38ohm,38ohm,frequency_GHz,dB,digitized_paper_measurement,p4_1.png
257,854.5,29.746682750301567,-16.456422018348626,0.38600723763570566,0.6020642201834863,single,fig7b,S11_38ohm,38ohm,frequency_GHz,dB,digitized_paper_measurement,p4_1.png
258,863.0,29.93968636911942,-17.138761467889907,0.38600723763570566,0.481651376146789,single,fig7b,S11_38ohm,38ohm,frequency_GHz,dB,digitized_paper_measurement,p4_1.png
259,869.5,30.132689987937276,-17.660550458715598,0.38600723763570566,0.5217889908256881,single,fig7b,S11_38ohm,38ohm,frequency_GHz,dB,digitized_paper_measurement,p4_1.png
260,876.0,30.325693606755127,-18.182339449541285,0.38600723763570566,0.481651376146789,single,fig7b,S11_38ohm,38ohm,frequency_GHz,dB,digitized_paper_measurement,p4_1.png
261,881.0,30.51869722557298,-18.583715596330276,0.38600723763570566,0.3211009174311927,single,fig7b,S11_38ohm,38ohm,frequency_GHz,dB,digitized_paper_measurement,p4_1.png
262,884.0,30.711700844390833,-18.82454128440367,0.38600723763570566,0.2408256880733945,single,fig7b,S11_38ohm,38ohm,frequency_GHz,dB,digitized_paper_measurement,p4_1.png
263,885.5,30.904704463208684,-18.94495412844037,0.38600723763570566,0.20068807339449543,single,fig7b,S11_38ohm,38ohm,frequency_GHz,dB,digitized_paper_measurement,p4_1.png
264,885.0,31.097708082026536,-18.904816513761467,0.38600723763570566,0.2408256880733945,single,fig7b,S11_38ohm,38ohm,frequency_GHz,dB,digitized_paper_measurement,p4_1.png
265,882.0,31.29071170084439,-18.663990825688074,0.38600723763570566,0.3211009174311927,single,fig7b,S11_38ohm,38ohm,frequency_GHz,dB,digitized_paper_measurement,p4_1.png
266,877.5,31.483715319662245,-18.30275229357798,0.38600723763570566,0.36123853211009177,single,fig7b,S11_38ohm,38ohm,frequency_GHz,dB,digitized_paper_measurement,p4_1.png
267,872.5,31.676718938480096,-17.90137614678899,0.38600723763570566,0.44151376146788995,single,fig7b,S11_38ohm,38ohm,frequency_GHz,dB,digitized_paper_measurement,p4_1.png
268,866.5,31.869722557297948,-17.4197247706422,0.38600723763570566,0.5217889908256881,single,fig7b,S11_38ohm,38ohm,frequency_GHz,dB,digitized_paper_measurement,p4_1.png
269,859.5,32.0627261761158,-16.857798165137616,0.38600723763570566,0.5217889908256881,single,fig7b,S11_38ohm,38ohm,frequency_GHz,dB,digitized_paper_measurement,p4_1.png
270,852.5,32.25572979493366,-16.295871559633028,0.38600723763570566,0.5217889908256881,single,fig7b,S11_38ohm,38ohm,frequency_GHz,dB,digitized_paper_measurement,p4_1.png
271,845.0,32.44873341375151,-15.693807339449542,0.38600723763570566,0.481651376146789,single,fig7b,S11_38ohm,38ohm,frequency_GHz,dB,digitized_paper_measurement,p4_1.png
272,839.0,32.64173703256936,-15.212155963302752,0.38600723763570566,0.481651376146789,single,fig7b,S11_38ohm,38ohm,frequency_GHz,dB,digitized_paper_measurement,p4_1.png
273,832.5,32.834740651387214,-14.690366972477063,0.38600723763570566,0.44151376146788995,single,fig7b,S11_38ohm,38ohm,frequency_GHz,dB,digitized_paper_measurement,p4_1.png
274,827.0,33.02774427020506,-14.248853211009175,0.38600723763570566,0.40137614678899086,single,fig7b,S11_38ohm,38ohm,frequency_GHz,dB,digitized_paper_measurement,p4_1.png
275,822.0,33.22074788902292,-13.847477064220184,0.38600723763570566,0.40137614678899086,single,fig7b,S11_38ohm,38ohm,frequency_GHz,dB,digitized_paper_measurement,p4_1.png
276,817.0,33.41375150784077,-13.446100917431192,0.38600723763570566,0.40137614678899086,single,fig7b,S11_38ohm,38ohm,frequency_GHz,dB,digitized_paper_measurement,p4_1.png
277,812.5,33.606755126658626,-13.0848623853211,0.38600723763570566,0.36123853211009177,single,fig7b,S11_38ohm,38ohm,frequency_GHz,dB,digitized_paper_measurement,p4_1.png
278,808.5,33.79975874547648,-12.763761467889909,0.38600723763570566,0.36123853211009177,single,fig7b,S11_38ohm,38ohm,frequency_GHz,dB,digitized_paper_measurement,p4_1.png
279,804.0,33.99276236429433,-12.402522935779816,0.38600723763570566,0.3211009174311927,single,fig7b,S11_38ohm,38ohm,frequency_GHz,dB,digitized_paper_measurement,p4_1.png
280,800.5,34.185765983112184,-12.121559633027523,0.38600723763570566,0.2809633027522936,single,fig7b,S11_38ohm,38ohm,frequency_GHz,dB,digitized_paper_measurement,p4_1.png
281,797.5,34.37876960193004,-11.880733944954128,0.38600723763570566,0.2809633027522936,single,fig7b,S11_38ohm,38ohm,frequency_GHz,dB,digitized_paper_measurement,p4_1.png
282,794.5,34.571773220747886,-11.639908256880734,0.38600723763570566,0.2809633027522936,single,fig7b,S11_38ohm,38ohm,frequency_GHz,dB,digitized_paper_measurement,p4_1.png
283,792.0,34.76477683956574,-11.439220183486238,0.38600723763570566,0.2408256880733945,single,fig7b,S11_38ohm,38ohm,frequency_GHz,dB,digitized_paper_measurement,p4_1.png
284,790.0,34.957780458383596,-11.278669724770642,0.38600723763570566,0.2408256880733945,single,fig7b,S11_38ohm,38ohm,frequency_GHz,dB,digitized_paper_measurement,p4_1.png
285,788.0,35.15078407720145,-11.118119266055047,0.38600723763570566,0.2408256880733945,single,fig7b,S11_38ohm,38ohm,frequency_GHz,dB,digitized_paper_measurement,p4_1.png
286,786.0,35.3437876960193,-10.957568807339449,0.38600723763570566,0.2408256880733945,single,fig7b,S11_38ohm,38ohm,frequency_GHz,dB,digitized_paper_measurement,p4_1.png
287,784.5,35.53679131483715,-10.837155963302752,0.38600723763570566,0.20068807339449543,single,fig7b,S11_38ohm,38ohm,frequency_GHz,dB,digitized_paper_measurement,p4_1.png
288,783.5,35.72979493365501,-10.756880733944953,0.38600723763570566,0.20068807339449543,single,fig7b,S11_38ohm,38ohm,frequency_GHz,dB,digitized_paper_measurement,p4_1.png
289,782.5,35.922798552472855,-10.676605504587156,0.38600723763570566,0.20068807339449543,single,fig7b,S11_38ohm,38ohm,frequency_GHz,dB,digitized_paper_measurement,p4_1.png
290,781.5,36.11580217129071,-10.596330275229358,0.38600723763570566,0.20068807339449543,single,fig7b,S11_38ohm,38ohm,frequency_GHz,dB,digitized_paper_measurement,p4_1.png
291,781.5,36.308805790108565,-10.596330275229358,0.38600723763570566,0.20068807339449543,single,fig7b,S11_38ohm,38ohm,frequency_GHz,dB,digitized_paper_measurement,p4_1.png
292,782.0,36.50180940892642,-10.636467889908257,0.38600723763570566,0.16055045871559634,single,fig7b,S11_38ohm,38ohm,frequency_GHz,dB,digitized_paper_measurement,p4_1.png
293,782.5,36.694813027744274,-10.676605504587156,0.38600723763570566,0.20068807339449543,single,fig7b,S11_38ohm,38ohm,frequency_GHz,dB,digitized_paper_measurement,p4_1.png
294,783.0,36.88781664656212,-10.716743119266056,0.38600723763570566,0.2408256880733945,single,fig7b,S11_38ohm,38ohm,frequency_GHz,dB,digitized_paper_measurement,p4_1.png
295,785.0,37.08082026537998,-10.877293577981652,0.38600723763570566,0.2408256880733945,single,fig7b,S11_38ohm,38ohm,frequency_GHz,dB,digitized_paper_measurement,p4_1.png
296,786.5,37.273823884197824,-10.997706422018348,0.38600723763570566,0.20068807339449543,single,fig7b,S11_38ohm,38ohm,frequency_GHz,dB,digitized_paper_measurement,p4_1.png
297,787.5,37.46682750301568,-11.077981651376147,0.38600723763570566,0.20068807339449543,single,fig7b,S11_38ohm,38ohm,frequency_GHz,dB,digitized_paper_measurement,p4_1.png
298,789.0,37.659831121833534,-11.198394495412844,0.38600723763570566,0.2408256880733945,single,fig7b,S11_38ohm,38ohm,frequency_GHz,dB,digitized_paper_measurement,p4_1.png
299,791.0,37.85283474065139,-11.35894495412844,0.38600723763570566,0.2408256880733945,single,fig7b,S11_38ohm,38ohm,frequency_GHz,dB,digitized_paper_measurement,p4_1.png
300,793.5,38.04583835946924,-11.559633027522937,0.38600723763570566,0.2809633027522936,single,fig7b,S11_38ohm,38ohm,frequency_GHz,dB,digitized_paper_measurement,p4_1.png
301,796.0,38.23884197828709,-11.760321100917432,0.38600723763570566,0.3211009174311927,single,fig7b,S11_38ohm,38ohm,frequency_GHz,dB,digitized_paper_measurement,p4_1.png
302,799.0,38.431845597104946,-12.001146788990825,0.38600723763570566,0.3211009174311927,single,fig7b,S11_38ohm,38ohm,frequency_GHz,dB,digitized_paper_measurement,p4_1.png
303,801.5,38.624849215922794,-12.20183486238532,0.38600723763570566,0.2809633027522936,single,fig7b,S11_38ohm,38ohm,frequency_GHz,dB,digitized_paper_measurement,p4_1.png
304,805.0,38.81785283474065,-12.482798165137615,0.38600723763570566,0.3211009174311927,single,fig7b,S11_38ohm,38ohm,frequency_GHz,dB,digitized_paper_measurement,p4_1.png
305,810.0,39.0108564535585,-12.884174311926605,0.38600723763570566,0.40137614678899086,single,fig7b,S11_38ohm,38ohm,frequency_GHz,dB,digitized_paper_measurement,p4_1.png
306,814.5,39.20386007237636,-13.245412844036696,0.38600723763570566,0.36123853211009177,single,fig7b,S11_38ohm,38ohm,frequency_GHz,dB,digitized_paper_measurement,p4_1.png
307,818.0,39.39686369119421,-13.52637614678899,0.38600723763570566,0.3211009174311927,single,fig7b,S11_38ohm,38ohm,frequency_GHz,dB,digitized_paper_measurement,p4_1.png
308,823.5,39.58986731001207,-13.96788990825688,0.38600723763570566,0.44151376146788995,single,fig7b,S11_38ohm,38ohm,frequency_GHz,dB,digitized_paper_measurement,p4_1.png
309,830.5,39.782870928829915,-14.529816513761467,0.38600723763570566,0.6020642201834863,single,fig7b,S11_38ohm,38ohm,frequency_GHz,dB,digitized_paper_measurement,p4_1.png
310,837.5,39.97587454764777,-15.091743119266056,0.38600723763570566,0.44151376146788995,single,fig7b,S11_38ohm,38ohm,frequency_GHz,dB,digitized_paper_measurement,p4_1.png
311,843.5,40.16887816646562,-15.573394495412844,0.38600723763570566,0.36123853211009177,single,fig7b,S11_38ohm,38ohm,frequency_GHz,dB,digitized_paper_measurement,p4_1.png
312,851.5,40.36188178528347,-16.21559633027523,0.38600723763570566,0.7626146788990826,single,fig7b,S11_38ohm,38ohm,frequency_GHz,dB,digitized_paper_measurement,p4_1.png
313,860.5,40.55488540410133,-16.93807339449541,0.38600723763570566,0.7626146788990826,single,fig7b,S11_38ohm,38ohm,frequency_GHz,dB,digitized_paper_measurement,p4_1.png
314,869.0,40.74788902291918,-17.620412844036696,0.38600723763570566,0.40137614678899086,single,fig7b,S11_38ohm,38ohm,frequency_GHz,dB,digitized_paper_measurement,p4_1.png
315,875.0,40.94089264173704,-18.102064220183486,0.38600723763570566,0.40137614678899086,single,fig7b,S11_38ohm,38ohm,frequency_GHz,dB,digitized_paper_measurement,p4_1.png
316,885.5,41.133896260554884,-18.94495412844037,0.38600723763570566,0.8428899082568808,single,fig7b,S11_38ohm,38ohm,frequency_GHz,dB,digitized_paper_measurement,p4_1.png
317,896.5,41.32689987937274,-19.827981651376145,0.38600723763570566,0.6823394495412844,single,fig7b,S11_38ohm,38ohm,frequency_GHz,dB,digitized_paper_measurement,p4_1.png
318,903.0,41.51990349819059,-20.349770642201836,0.38600723763570566,0.2408256880733945,single,fig7b,S11_38ohm,38ohm,frequency_GHz,dB,digitized_paper_measurement,p4_1.png
319,907.0,41.71290711700844,-20.670871559633028,0.38600723763570566,0.40137614678899086,single,fig7b,S11_38ohm,38ohm,frequency_GHz,dB,digitized_paper_measurement,p4_1.png
320,911.5,41.905910735826296,-21.03211009174312,0.38600723763570566,0.44151376146788995,single,fig7b,S11_38ohm,38ohm,frequency_GHz,dB,digitized_paper_measurement,p4_1.png
321,913.5,42.09891435464415,-21.192660550458715,0.38600723763570566,0.36123853211009177,single,fig7b,S11_38ohm,38ohm,frequency_GHz,dB,digitized_paper_measurement,p4_1.png
322,909.0,42.291917973462006,-20.831422018348626,0.38600723763570566,0.481651376146789,single,fig7b,S11_38ohm,38ohm,frequency_GHz,dB,digitized_paper_measurement,p4_1.png
323,901.5,42.48492159227985,-20.229357798165136,0.38600723763570566,0.5217889908256881,single,fig7b,S11_38ohm,38ohm,frequency_GHz,dB,digitized_paper_measurement,p4_1.png
324,893.0,42.67792521109771,-19.547018348623855,0.38600723763570566,0.7224770642201835,single,fig7b,S11_38ohm,38ohm,frequency_GHz,dB,digitized_paper_measurement,p4_1.png
325,883.5,42.870928829915556,-18.78440366972477,0.38600723763570566,0.6020642201834863,single,fig7b,S11_38ohm,38ohm,frequency_GHz,dB,digitized_paper_measurement,p4_1.png
326,874.0,43.06393244873341,-18.021788990825687,0.38600723763570566,0.6422018348623854,single,fig7b,S11_38ohm,38ohm,frequency_GHz,dB,digitized_paper_measurement,p4_1.png
327,863.0,43.256936067551266,-17.138761467889907,0.38600723763570566,0.8027522935779817,single,fig7b,S11_38ohm,38ohm,frequency_GHz,dB,digitized_paper_measurement,p4_1.png
328,852.5,43.44993968636912,-16.295871559633028,0.38600723763570566,0.6823394495412844,single,fig7b,S11_38ohm,38ohm,frequency_GHz,dB,digitized_paper_measurement,p4_1.png
329,844.0,43.642943305186975,-15.613532110091743,0.38600723763570566,0.40137614678899086,single,fig7b,S11_38ohm,38ohm,frequency_GHz,dB,digitized_paper_measurement,p4_1.png
330,837.5,43.83594692400483,-15.091743119266056,0.38600723763570566,0.5217889908256881,single,fig7b,S11_38ohm,38ohm,frequency_GHz,dB,digitized_paper_measurement,p4_1.png
331,829.0,44.02895054282268,-14.409403669724771,0.38600723763570566,0.7224770642201835,single,fig7b,S11_38ohm,38ohm,frequency_GHz,dB,digitized_paper_measurement,p4_1.png
332,820.0,44.22195416164053,-13.686926605504587,0.38600723763570566,0.5619266055045872,single,fig7b,S11_38ohm,38ohm,frequency_GHz,dB,digitized_paper_measurement,p4_1.png
333,814.0,44.41495778045838,-13.205275229357799,0.38600723763570566,0.3211009174311927,single,fig7b,S11_38ohm,38ohm,frequency_GHz,dB,digitized_paper_measurement,p4_1.png
334,809.5,44.607961399276235,-12.844036697247706,0.38600723763570566,0.36123853211009177,single,fig7b,S11_38ohm,38ohm,frequency_GHz,dB,digitized_paper_measurement,p4_1.png
335,803.0,44.80096501809409,-12.322247706422019,0.38600723763570566,0.5619266055045872,single,fig7b,S11_38ohm,38ohm,frequency_GHz,dB,digitized_paper_measurement,p4_1.png
336,797.0,44.993968636911944,-11.840596330275229,0.38600723763570566,0.40137614678899086,single,fig7b,S11_38ohm,38ohm,frequency_GHz,dB,digitized_paper_measurement,p4_1.png
337,792.5,45.1869722557298,-11.479357798165138,0.38600723763570566,0.2809633027522936,single,fig7b,S11_38ohm,38ohm,frequency_GHz,dB,digitized_paper_measurement,p4_1.png
338,789.0,45.37997587454765,-11.198394495412844,0.38600723763570566,0.40137614678899086,single,fig7b,S11_38ohm,38ohm,frequency_GHz,dB,digitized_paper_measurement,p4_1.png
339,783.5,45.5729794933655,-10.756880733944953,0.38600723763570566,0.44151376146788995,single,fig7b,S11_38ohm,38ohm,frequency_GHz,dB,digitized_paper_measurement,p4_1.png
340,779.0,45.76598311218335,-10.395642201834862,0.38600723763570566,0.3211009174311927,single,fig7b,S11_38ohm,38ohm,frequency_GHz,dB,digitized_paper_measurement,p4_1.png
341,775.5,45.958986731001204,-10.114678899082568,0.38600723763570566,0.2809633027522936,single,fig7b,S11_38ohm,38ohm,frequency_GHz,dB,digitized_paper_measurement,p4_1.png
342,773.0,46.15199034981906,-9.913990825688073,0.38600723763570566,0.3211009174311927,single,fig7b,S11_38ohm,38ohm,frequency_GHz,dB,digitized_paper_measurement,p4_1.png
343,769.5,46.34499396863691,-9.63302752293578,0.38600723763570566,0.36123853211009177,single,fig7b,S11_38ohm,38ohm,frequency_GHz,dB,digitized_paper_measurement,p4_1.png
344,766.0,46.53799758745477,-9.352064220183486,0.38600723763570566,0.3211009174311927,single,fig7b,S11_38ohm,38ohm,frequency_GHz,dB,digitized_paper_measurement,p4_1.png
345,762.5,46.731001206272616,-9.071100917431192,0.38600723763570566,0.2809633027522936,single,fig7b,S11_38ohm,38ohm,frequency_GHz,dB,digitized_paper_measurement,p4_1.png
346,761.5,46.92400482509047,-8.990825688073395,0.38600723763570566,0.20068807339449543,single,fig7b,S11_38ohm,38ohm,frequency_GHz,dB,digitized_paper_measurement,p4_1.png
347,762.0,47.11700844390832,-9.030963302752294,0.38600723763570566,0.2408256880733945,single,fig7b,S11_38ohm,38ohm,frequency_GHz,dB,digitized_paper_measurement,p4_1.png
348,762.5,47.31001206272617,-9.071100917431192,0.38600723763570566,0.20068807339449543,single,fig7b,S11_38ohm,38ohm,frequency_GHz,dB,digitized_paper_measurement,p4_1.png
349,761.0,47.50301568154403,-8.950688073394495,0.38600723763570566,0.2408256880733945,single,fig7b,S11_38ohm,38ohm,frequency_GHz,dB,digitized_paper_measurement,p4_1.png
350,759.5,47.69601930036188,-8.830275229357799,0.38600723763570566,0.20068807339449543,single,fig7b,S11_38ohm,38ohm,frequency_GHz,dB,digitized_paper_measurement,p4_1.png
351,758.5,47.88902291917974,-8.75,0.38600723763570566,0.20068807339449543,single,fig7b,S11_38ohm,38ohm,frequency_GHz,dB,digitized_paper_measurement,p4_1.png
352,757.0,48.08202653799759,-8.629587155963304,0.38600723763570566,0.2408256880733945,single,fig7b,S11_38ohm,38ohm,frequency_GHz,dB,digitized_paper_measurement,p4_1.png
353,755.0,48.27503015681544,-8.469036697247706,0.38600723763570566,0.2408256880733945,single,fig7b,S11_38ohm,38ohm,frequency_GHz,dB,digitized_paper_measurement,p4_1.png
354,755.0,48.468033775633295,-8.469036697247706,0.38600723763570566,0.2408256880733945,single,fig7b,S11_38ohm,38ohm,frequency_GHz,dB,digitized_paper_measurement,p4_1.png
355,756.5,48.66103739445114,-8.589449541284404,0.38600723763570566,0.2809633027522936,single,fig7b,S11_38ohm,38ohm,frequency_GHz,dB,digitized_paper_measurement,p4_1.png
356,757.5,48.854041013269,-8.669724770642201,0.38600723763570566,0.20068807339449543,single,fig7b,S11_38ohm,38ohm,frequency_GHz,dB,digitized_paper_measurement,p4_1.png
357,757.5,49.04704463208685,-8.669724770642201,0.38600723763570566,0.20068807339449543,single,fig7b,S11_38ohm,38ohm,frequency_GHz,dB,digitized_paper_measurement,p4_1.png
358,758.5,49.24004825090471,-8.75,0.38600723763570566,0.20068807339449543,single,fig7b,S11_38ohm,38ohm,frequency_GHz,dB,digitized_paper_measurement,p4_1.png
359,759.5,49.43305186972256,-8.830275229357799,0.38600723763570566,0.20068807339449543,single,fig7b,S11_38ohm,38ohm,frequency_GHz,dB,digitized_paper_measurement,p4_1.png
360,760.5,49.62605548854041,-8.910550458715596,0.38600723763570566,0.20068807339449543,single,fig7b,S11_38ohm,38ohm,frequency_GHz,dB,digitized_paper_measurement,p4_1.png
361,761.5,49.819059107358264,-8.990825688073395,0.38600723763570566,0.20068807339449543,single,fig7b,S11_38ohm,38ohm,frequency_GHz,dB,digitized_paper_measurement,p4_1.png
362,762.5,50.01206272617611,-9.071100917431192,0.38600723763570566,0.20068807339449543,single,fig7b,S11_38ohm,38ohm,frequency_GHz,dB,digitized_paper_measurement,p4_1.png
363,763.5,50.205066344993966,-9.15137614678899,0.38600723763570566,0.20068807339449543,single,fig7b,S11_38ohm,38ohm,frequency_GHz,dB,digitized_paper_measurement,p4_1.png
364,765.0,50.39806996381182,-9.271788990825687,0.38600723763570566,0.2408256880733945,single,fig7b,S11_38ohm,38ohm,frequency_GHz,dB,digitized_paper_measurement,p4_1.png
365,767.0,50.591073582629676,-9.432339449541285,0.38600723763570566,0.2408256880733945,single,fig7b,S11_38ohm,38ohm,frequency_GHz,dB,digitized_paper_measurement,p4_1.png
366,768.5,50.78407720144753,-9.552752293577981,0.38600723763570566,0.20068807339449543,single,fig7b,S11_38ohm,38ohm,frequency_GHz,dB,digitized_paper_measurement,p4_1.png
367,770.0,50.97708082026538,-9.67316513761468,0.38600723763570566,0.2408256880733945,single,fig7b,S11_38ohm,38ohm,frequency_GHz,dB,digitized_paper_measurement,p4_1.png
368,773.0,51.17008443908323,-9.913990825688073,0.38600723763570566,0.3211009174311927,single,fig7b,S11_38ohm,38ohm,frequency_GHz,dB,digitized_paper_measurement,p4_1.png
369,776.0,51.36308805790108,-10.154816513761467,0.38600723763570566,0.2408256880733945,single,fig7b,S11_38ohm,38ohm,frequency_GHz,dB,digitized_paper_measurement,p4_1.png
370,777.5,51.556091676718935,-10.275229357798166,0.38600723763570566,0.20068807339449543,single,fig7b,S11_38ohm,38ohm,frequency_GHz,dB,digitized_paper_measurement,p4_1.png
371,780.0,51.74909529553679,-10.475917431192661,0.38600723763570566,0.3211009174311927,single,fig7b,S11_38ohm,38ohm,frequency_GHz,dB,digitized_paper_measurement,p4_1.png
372,784.0,51.942098914354645,-10.797018348623853,0.38600723763570566,0.40137614678899086,single,fig7b,S11_38ohm,38ohm,frequency_GHz,dB,digitized_paper_measurement,p4_1.png
373,788.0,52.1351025331725,-11.118119266055047,0.38600723763570566,0.2408256880733945,single,fig7b,S11_38ohm,38ohm,frequency_GHz,dB,digitized_paper_measurement,p4_1.png
374,790.0,52.32810615199035,-11.278669724770642,0.38600723763570566,0.2408256880733945,single,fig7b,S11_38ohm,38ohm,frequency_GHz,dB,digitized_paper_measurement,p4_1.png
375,794.5,52.5211097708082,-11.639908256880734,0.38600723763570566,0.44151376146788995,single,fig7b,S11_38ohm,38ohm,frequency_GHz,dB,digitized_paper_measurement,p4_1.png
376,800.0,52.71411338962606,-12.081422018348624,0.38600723763570566,0.481651376146789,single,fig7b,S11_38ohm,38ohm,frequency_GHz,dB,digitized_paper_measurement,p4_1.png
377,804.5,52.90711700844391,-12.442660550458715,0.38600723763570566,0.2809633027522936,single,fig7b,S11_38ohm,38ohm,frequency_GHz,dB,digitized_paper_measurement,p4_1.png
378,807.5,53.10012062726176,-12.68348623853211,0.38600723763570566,0.36123853211009177,single,fig7b,S11_38ohm,38ohm,frequency_GHz,dB,digitized_paper_measurement,p4_1.png
379,812.5,53.293124246079614,-13.0848623853211,0.38600723763570566,0.5217889908256881,single,fig7b,S11_38ohm,38ohm,frequency_GHz,dB,digitized_paper_measurement,p4_1.png
380,818.5,53.48612786489747,-13.56651376146789,0.38600723763570566,0.44151376146788995,single,fig7b,S11_38ohm,38ohm,frequency_GHz,dB,digitized_paper_measurement,p4_1.png
381,823.5,53.67913148371532,-13.96788990825688,0.38600723763570566,0.2809633027522936,single,fig7b,S11_38ohm,38ohm,frequency_GHz,dB,digitized_paper_measurement,p4_1.png
382,827.5,53.87213510253317,-14.288990825688073,0.38600723763570566,0.44151376146788995,single,fig7b,S11_38ohm,38ohm,frequency_GHz,dB,digitized_paper_measurement,p4_1.png
383,833.5,54.065138721351026,-14.770642201834862,0.38600723763570566,0.5217889908256881,single,fig7b,S11_38ohm,38ohm,frequency_GHz,dB,digitized_paper_measurement,p4_1.png
384,838.5,54.25814234016888,-15.172018348623853,0.38600723763570566,0.2809633027522936,single,fig7b,S11_38ohm,38ohm,frequency_GHz,dB,digitized_paper_measurement,p4_1.png
385,842.5,54.45114595898673,-15.493119266055047,0.38600723763570566,0.36123853211009177,single,fig7b,S11_38ohm,38ohm,frequency_GHz,dB,digitized_paper_measurement,p4_1.png
386,846.0,54.64414957780458,-15.774082568807339,0.38600723763570566,0.481651376146789,single,fig7b,S11_38ohm,38ohm,frequency_GHz,dB,digitized_paper_measurement,p4_1.png
387,850.5,54.83715319662244,-16.13532110091743,0.38600723763570566,0.36123853211009177,single,fig7b,S11_38ohm,38ohm,frequency_GHz,dB,digitized_paper_measurement,p4_1.png
388,852.5,55.03015681544029,-16.295871559633028,0.38600723763570566,0.20068807339449543,single,fig7b,S11_38ohm,38ohm,frequency_GHz,dB,digitized_paper_measurement,p4_1.png
389,853.0,55.22316043425814,-16.336009174311926,0.38600723763570566,0.2408256880733945,single,fig7b,S11_38ohm,38ohm,frequency_GHz,dB,digitized_paper_measurement,p4_1.png
390,854.0,55.416164053075995,-16.416284403669724,0.38600723763570566,0.2408256880733945,single,fig7b,S11_38ohm,38ohm,frequency_GHz,dB,digitized_paper_measurement,p4_1.png
391,853.5,55.60916767189385,-16.376146788990827,0.38600723763570566,0.2809633027522936,single,fig7b,S11_38ohm,38ohm,frequency_GHz,dB,digitized_paper_measurement,p4_1.png
392,850.5,55.8021712907117,-16.13532110091743,0.38600723763570566,0.2809633027522936,single,fig7b,S11_38ohm,38ohm,frequency_GHz,dB,digitized_paper_measurement,p4_1.png
393,848.0,55.99517490952955,-15.934633027522937,0.38600723763570566,0.2408256880733945,single,fig7b,S11_38ohm,38ohm,frequency_GHz,dB,digitized_paper_measurement,p4_1.png
394,844.5,56.18817852834741,-15.653669724770642,0.38600723763570566,0.36123853211009177,single,fig7b,S11_38ohm,38ohm,frequency_GHz,dB,digitized_paper_measurement,p4_1.png
395,840.0,56.38118214716526,-15.292431192660551,0.38600723763570566,0.40137614678899086,single,fig7b,S11_38ohm,38ohm,frequency_GHz,dB,digitized_paper_measurement,p4_1.png
396,835.0,56.57418576598311,-14.89105504587156,0.38600723763570566,0.40137614678899086,single,fig7b,S11_38ohm,38ohm,frequency_GHz,dB,digitized_paper_measurement,p4_1.png
397,830.5,56.767189384800965,-14.529816513761467,0.38600723763570566,0.36123853211009177,single,fig7b,S11_38ohm,38ohm,frequency_GHz,dB,digitized_paper_measurement,p4_1.png
398,826.5,56.96019300361882,-14.208715596330276,0.38600723763570566,0.44151376146788995,single,fig7b,S11_38ohm,38ohm,frequency_GHz,dB,digitized_paper_measurement,p4_1.png
399,822.0,57.153196622436674,-13.847477064220184,0.38600723763570566,0.3211009174311927,single,fig7b,S11_38ohm,38ohm,frequency_GHz,dB,digitized_paper_measurement,p4_1.png
400,818.0,57.34620024125452,-13.52637614678899,0.38600723763570566,0.3211009174311927,single,fig7b,S11_38ohm,38ohm,frequency_GHz,dB,digitized_paper_measurement,p4_1.png
401,814.0,57.53920386007238,-13.205275229357799,0.38600723763570566,0.40137614678899086,single,fig7b,S11_38ohm,38ohm,frequency_GHz,dB,digitized_paper_measurement,p4_1.png
402,809.0,57.73220747889023,-12.803899082568808,0.38600723763570566,0.3211009174311927,single,fig7b,S11_38ohm,38ohm,frequency_GHz,dB,digitized_paper_measurement,p4_1.png
403,806.0,57.92521109770808,-12.563073394495413,0.38600723763570566,0.2408256880733945,single,fig7b,S11_38ohm,38ohm,frequency_GHz,dB,digitized_paper_measurement,p4_1.png
404,803.0,58.118214716525934,-12.322247706422019,0.38600723763570566,0.3211009174311927,single,fig7b,S11_38ohm,38ohm,frequency_GHz,dB,digitized_paper_measurement,p4_1.png
405,800.0,58.31121833534379,-12.081422018348624,0.38600723763570566,0.3211009174311927,single,fig7b,S11_38ohm,38ohm,frequency_GHz,dB,digitized_paper_measurement,p4_1.png
406,797.5,58.50422195416164,-11.880733944954128,0.38600723763570566,0.20068807339449543,single,fig7b,S11_38ohm,38ohm,frequency_GHz,dB,digitized_paper_measurement,p4_1.png
407,797.0,58.69722557297949,-11.840596330275229,0.38600723763570566,0.16055045871559634,single,fig7b,S11_38ohm,38ohm,frequency_GHz,dB,digitized_paper_measurement,p4_1.png
408,795.0,58.890229191797346,-11.680045871559633,0.38600723763570566,0.3211009174311927,single,fig7b,S11_38ohm,38ohm,frequency_GHz,dB,digitized_paper_measurement,p4_1.png
409,792.0,59.0832328106152,-11.439220183486238,0.38600723763570566,0.3211009174311927,single,fig7b,S11_38ohm,38ohm,frequency_GHz,dB,digitized_paper_measurement,p4_1.png
410,789.0,59.276236429433055,-11.198394495412844,0.38600723763570566,0.2408256880733945,single,fig7b,S11_38ohm,38ohm,frequency_GHz,dB,digitized_paper_measurement,p4_1.png
411,787.0,59.4692400482509,-11.037844036697248,0.38600723763570566,0.2408256880733945,single,fig7b,S11_38ohm,38ohm,frequency_GHz,dB,digitized_paper_measurement,p4_1.png
412,784.5,59.66224366706876,-10.837155963302752,0.38600723763570566,0.2809633027522936,single,fig7b,S11_38ohm,38ohm,frequency_GHz,dB,digitized_paper_measurement,p4_1.png
413,782.0,59.85524728588661,-10.636467889908257,0.38600723763570566,0.2408256880733945,single,fig7b,S11_38ohm,38ohm,frequency_GHz,dB,digitized_paper_measurement,p4_1.png
414,780.0,60.04825090470446,-10.475917431192661,0.38600723763570566,0.2408256880733945,single,fig7b,S11_38ohm,38ohm,frequency_GHz,dB,digitized_paper_measurement,p4_1.png
415,779.5,60.241254523522315,-10.435779816513762,0.38600723763570566,0.20068807339449543,single,fig7b,S11_38ohm,38ohm,frequency_GHz,dB,digitized_paper_measurement,p4_1.png
416,780.0,60.43425814234017,-10.475917431192661,0.38600723763570566,0.2408256880733945,single,fig7b,S11_38ohm,38ohm,frequency_GHz,dB,digitized_paper_measurement,p4_1.png
417,780.5,60.627261761158024,-10.51605504587156,0.38600723763570566,0.20068807339449543,single,fig7b,S11_38ohm,38ohm,frequency_GHz,dB,digitized_paper_measurement,p4_1.png
418,781.0,60.82026537997587,-10.556192660550458,0.38600723763570566,0.16055045871559634,single,fig7b,S11_38ohm,38ohm,frequency_GHz,dB,digitized_paper_measurement,p4_1.png
419,781.0,61.01326899879373,-10.556192660550458,0.38600723763570566,0.16055045871559634,single,fig7b,S11_38ohm,38ohm,frequency_GHz,dB,digitized_paper_measurement,p4_1.png
420,781.0,61.20627261761158,-10.556192660550458,0.38600723763570566,0.16055045871559634,single,fig7b,S11_38ohm,38ohm,frequency_GHz,dB,digitized_paper_measurement,p4_1.png
421,781.5,61.399276236429436,-10.596330275229358,0.38600723763570566,0.20068807339449543,single,fig7b,S11_38ohm,38ohm,frequency_GHz,dB,digitized_paper_measurement,p4_1.png
422,781.0,61.592279855247284,-10.556192660550458,0.38600723763570566,0.16055045871559634,single,fig7b,S11_38ohm,38ohm,frequency_GHz,dB,digitized_paper_measurement,p4_1.png
423,781.5,61.78528347406514,-10.596330275229358,0.38600723763570566,0.20068807339449543,single,fig7b,S11_38ohm,38ohm,frequency_GHz,dB,digitized_paper_measurement,p4_1.png
424,782.5,61.978287092882994,-10.676605504587156,0.38600723763570566,0.20068807339449543,single,fig7b,S11_38ohm,38ohm,frequency_GHz,dB,digitized_paper_measurement,p4_1.png
425,783.5,62.17129071170084,-10.756880733944953,0.38600723763570566,0.20068807339449543,single,fig7b,S11_38ohm,38ohm,frequency_GHz,dB,digitized_paper_measurement,p4_1.png
426,784.5,62.364294330518696,-10.837155963302752,0.38600723763570566,0.20068807339449543,single,fig7b,S11_38ohm,38ohm,frequency_GHz,dB,digitized_paper_measurement,p4_1.png
427,786.0,62.55729794933655,-10.957568807339449,0.38600723763570566,0.2408256880733945,single,fig7b,S11_38ohm,38ohm,frequency_GHz,dB,digitized_paper_measurement,p4_1.png
428,788.0,62.750301568154406,-11.118119266055047,0.38600723763570566,0.3211009174311927,single,fig7b,S11_38ohm,38ohm,frequency_GHz,dB,digitized_paper_measurement,p4_1.png
429,790.0,62.94330518697225,-11.278669724770642,0.38600723763570566,0.2408256880733945,single,fig7b,S11_38ohm,38ohm,frequency_GHz,dB,digitized_paper_measurement,p4_1.png
430,792.0,63.13630880579011,-11.439220183486238,0.38600723763570566,0.2408256880733945,single,fig7b,S11_38ohm,38ohm,frequency_GHz,dB,digitized_paper_measurement,p4_1.png
431,795.0,63.32931242460796,-11.680045871559633,0.38600723763570566,0.3211009174311927,single,fig7b,S11_38ohm,38ohm,frequency_GHz,dB,digitized_paper_measurement,p4_1.png
432,799.0,63.52231604342582,-12.001146788990825,0.38600723763570566,0.3211009174311927,single,fig7b,S11_38ohm,38ohm,frequency_GHz,dB,digitized_paper_measurement,p4_1.png
433,803.0,63.715319662243665,-12.322247706422019,0.38600723763570566,0.3211009174311927,single,fig7b,S11_38ohm,38ohm,frequency_GHz,dB,digitized_paper_measurement,p4_1.png
434,806.0,63.90832328106152,-12.563073394495413,0.38600723763570566,0.3211009174311927,single,fig7b,S11_38ohm,38ohm,frequency_GHz,dB,digitized_paper_measurement,p4_1.png
435,810.5,64.10132689987938,-12.924311926605505,0.38600723763570566,0.36123853211009177,single,fig7b,S11_38ohm,38ohm,frequency_GHz,dB,digitized_paper_measurement,p4_1.png
436,815.0,64.29433051869722,-13.285550458715596,0.38600723763570566,0.40137614678899086,single,fig7b,S11_38ohm,38ohm,frequency_GHz,dB,digitized_paper_measurement,p4_1.png
437,820.0,64.48733413751508,-13.686926605504587,0.38600723763570566,0.40137614678899086,single,fig7b,S11_38ohm,38ohm,frequency_GHz,dB,digitized_paper_measurement,p4_1.png
438,826.0,64.68033775633293,-14.168577981651376,0.38600723763570566,0.481651376146789,single,fig7b,S11_38ohm,38ohm,frequency_GHz,dB,digitized_paper_measurement,p4_1.png
439,831.5,64.87334137515079,-14.610091743119266,0.38600723763570566,0.44151376146788995,single,fig7b,S11_38ohm,38ohm,frequency_GHz,dB,digitized_paper_measurement,p4_1.png
440,838.0,65.06634499396864,-15.131880733944953,0.38600723763570566,0.481651376146789,single,fig7b,S11_38ohm,38ohm,frequency_GHz,dB,digitized_paper_measurement,p4_1.png
441,845.5,65.25934861278648,-15.73394495412844,0.38600723763570566,0.6020642201834863,single,fig7b,S11_38ohm,38ohm,frequency_GHz,dB,digitized_paper_measurement,p4_1.png
442,855.0,65.45235223160435,-16.496559633027523,0.38600723763570566,0.6422018348623854,single,fig7b,S11_38ohm,38ohm,frequency_GHz,dB,digitized_paper_measurement,p4_1.png
443,863.5,65.64535585042219,-17.178899082568808,0.38600723763570566,0.5217889908256881,single,fig7b,S11_38ohm,38ohm,frequency_GHz,dB,digitized_paper_measurement,p4_1.png
444,872.5,65.83835946924005,-17.90137614678899,0.38600723763570566,0.6823394495412844,single,fig7b,S11_38ohm,38ohm,frequency_GHz,dB,digitized_paper_measurement,p4_1.png
445,884.5,66.0313630880579,-18.86467889908257,0.38600723763570566,0.923165137614679,single,fig7b,S11_38ohm,38ohm,frequency_GHz,dB,digitized_paper_measurement,p4_1.png
446,898.0,66.22436670687576,-19.948394495412845,0.38600723763570566,0.8830275229357799,single,fig7b,S11_38ohm,38ohm,frequency_GHz,dB,digitized_paper_measurement,p4_1.png
447,910.0,66.41737032569361,-20.91169724770642,0.38600723763570566,0.6422018348623854,single,fig7b,S11_38ohm,38ohm,frequency_GHz,dB,digitized_paper_measurement,p4_1.png
448,920.5,66.61037394451145,-21.754587155963304,0.38600723763570566,0.6823394495412844,single,fig7b,S11_38ohm,38ohm,frequency_GHz,dB,digitized_paper_measurement,p4_1.png
449,932.0,66.80337756332932,-22.67775229357798,0.38600723763570566,0.8830275229357799,single,fig7b,S11_38ohm,38ohm,frequency_GHz,dB,digitized_paper_measurement,p4_1.png
450,943.5,66.99638118214716,-23.60091743119266,0.38600723763570566,0.6823394495412844,single,fig7b,S11_38ohm,38ohm,frequency_GHz,dB,digitized_paper_measurement,p4_1.png
451,947.5,67.18938480096502,-23.922018348623855,0.38600723763570566,0.36123853211009177,single,fig7b,S11_38ohm,38ohm,frequency_GHz,dB,digitized_paper_measurement,p4_1.png
452,943.0,67.38238841978287,-23.56077981651376,0.38600723763570566,0.5619266055045872,single,fig7b,S11_38ohm,38ohm,frequency_GHz,dB,digitized_paper_measurement,p4_1.png
453,935.0,67.57539203860073,-22.918577981651374,0.38600723763570566,0.5619266055045872,single,fig7b,S11_38ohm,38ohm,frequency_GHz,dB,digitized_paper_measurement,p4_1.png
454,926.5,67.76839565741858,-22.236238532110093,0.38600723763570566,0.6020642201834863,single,fig7b,S11_38ohm,38ohm,frequency_GHz,dB,digitized_paper_measurement,p4_1.png
455,916.0,67.96139927623642,-21.39334862385321,0.38600723763570566,0.8027522935779817,single,fig7b,S11_38ohm,38ohm,frequency_GHz,dB,digitized_paper_measurement,p4_1.png
456,904.5,68.15440289505429,-20.470183486238533,0.38600723763570566,0.7626146788990826,single,fig7b,S11_38ohm,38ohm,frequency_GHz,dB,digitized_paper_measurement,p4_1.png
457,892.5,68.34740651387213,-19.506880733944953,0.38600723763570566,0.7626146788990826,single,fig7b,S11_38ohm,38ohm,frequency_GHz,dB,digitized_paper_measurement,p4_1.png
458,881.0,68.54041013268998,-18.583715596330276,0.38600723763570566,0.7224770642201835,single,fig7b,S11_38ohm,38ohm,frequency_GHz,dB,digitized_paper_measurement,p4_1.png
459,871.0,68.73341375150784,-17.780963302752294,0.38600723763570566,0.6422018348623854,single,fig7b,S11_38ohm,38ohm,frequency_GHz,dB,digitized_paper_measurement,p4_1.png
460,862.0,68.9264173703257,-17.05848623853211,0.38600723763570566,0.5619266055045872,single,fig7b,S11_38ohm,38ohm,frequency_GHz,dB,digitized_paper_measurement,p4_1.png
461,853.0,69.11942098914355,-16.336009174311926,0.38600723763570566,0.6422018348623854,single,fig7b,S11_38ohm,38ohm,frequency_GHz,dB,digitized_paper_measurement,p4_1.png
462,844.0,69.31242460796139,-15.613532110091743,0.38600723763570566,0.6422018348623854,single,fig7b,S11_38ohm,38ohm,frequency_GHz,dB,digitized_paper_measurement,p4_1.png
463,837.0,69.50542822677926,-15.051605504587156,0.38600723763570566,0.40137614678899086,single,fig7b,S11_38ohm,38ohm,frequency_GHz,dB,digitized_paper_measurement,p4_1.png
464,831.5,69.6984318455971,-14.610091743119266,0.38600723763570566,0.2809633027522936,single,fig7b,S11_38ohm,38ohm,frequency_GHz,dB,digitized_paper_measurement,p4_1.png
465,826.5,69.89143546441497,-14.208715596330276,0.38600723763570566,0.44151376146788995,single,fig7b,S11_38ohm,38ohm,frequency_GHz,dB,digitized_paper_measurement,p4_1.png
466,821.5,70.08443908323281,-13.807339449541285,0.38600723763570566,0.44151376146788995,single,fig7b,S11_38ohm,38ohm,frequency_GHz,dB,digitized_paper_measurement,p4_1.png
467,816.5,70.27744270205066,-13.405963302752294,0.38600723763570566,0.2809633027522936,single,fig7b,S11_38ohm,38ohm,frequency_GHz,dB,digitized_paper_measurement,p4_1.png
468,813.5,70.47044632086852,-13.1651376146789,0.38600723763570566,0.2809633027522936,single,fig7b,S11_38ohm,38ohm,frequency_GHz,dB,digitized_paper_measurement,p4_1.png
469,809.0,70.66344993968636,-12.803899082568808,0.38600723763570566,0.40137614678899086,single,fig7b,S11_38ohm,38ohm,frequency_GHz,dB,digitized_paper_measurement,p4_1.png
470,804.0,70.85645355850423,-12.402522935779816,0.38600723763570566,0.40137614678899086,single,fig7b,S11_38ohm,38ohm,frequency_GHz,dB,digitized_paper_measurement,p4_1.png
471,799.5,71.04945717732207,-12.041284403669724,0.38600723763570566,0.2809633027522936,single,fig7b,S11_38ohm,38ohm,frequency_GHz,dB,digitized_paper_measurement,p4_1.png
472,796.5,71.24246079613994,-11.80045871559633,0.38600723763570566,0.2809633027522936,single,fig7b,S11_38ohm,38ohm,frequency_GHz,dB,digitized_paper_measurement,p4_1.png
473,793.0,71.43546441495778,-11.519495412844037,0.38600723763570566,0.3211009174311927,single,fig7b,S11_38ohm,38ohm,frequency_GHz,dB,digitized_paper_measurement,p4_1.png
474,790.0,71.62846803377563,-11.278669724770642,0.38600723763570566,0.2408256880733945,single,fig7b,S11_38ohm,38ohm,frequency_GHz,dB,digitized_paper_measurement,p4_1.png
475,789.0,71.82147165259349,-11.198394495412844,0.38600723763570566,0.16055045871559634,single,fig7b,S11_38ohm,38ohm,frequency_GHz,dB,digitized_paper_measurement,p4_1.png
476,788.5,72.01447527141134,-11.158256880733944,0.38600723763570566,0.20068807339449543,single,fig7b,S11_38ohm,38ohm,frequency_GHz,dB,digitized_paper_measurement,p4_1.png
477,787.5,72.2074788902292,-11.077981651376147,0.38600723763570566,0.20068807339449543,single,fig7b,S11_38ohm,38ohm,frequency_GHz,dB,digitized_paper_measurement,p4_1.png
478,788.5,72.40048250904704,-11.158256880733944,0.38600723763570566,0.20068807339449543,single,fig7b,S11_38ohm,38ohm,frequency_GHz,dB,digitized_paper_measurement,p4_1.png
479,788.5,72.5934861278649,-11.158256880733944,0.38600723763570566,0.20068807339449543,single,fig7b,S11_38ohm,38ohm,frequency_GHz,dB,digitized_paper_measurement,p4_1.png
480,788.0,72.78648974668275,-11.118119266055047,0.38600723763570566,0.2408256880733945,single,fig7b,S11_38ohm,38ohm,frequency_GHz,dB,digitized_paper_measurement,p4_1.png
481,787.5,72.9794933655006,-11.077981651376147,0.38600723763570566,0.20068807339449543,single,fig7b,S11_38ohm,38ohm,frequency_GHz,dB,digitized_paper_measurement,p4_1.png
482,788.0,73.17249698431846,-11.118119266055047,0.38600723763570566,0.2408256880733945,single,fig7b,S11_38ohm,38ohm,frequency_GHz,dB,digitized_paper_measurement,p4_1.png
483,789.5,73.36550060313631,-11.238532110091743,0.38600723763570566,0.20068807339449543,single,fig7b,S11_38ohm,38ohm,frequency_GHz,dB,digitized_paper_measurement,p4_1.png
484,788.5,73.55850422195417,-11.158256880733944,0.38600723763570566,0.20068807339449543,single,fig7b,S11_38ohm,38ohm,frequency_GHz,dB,digitized_paper_measurement,p4_1.png
485,788.5,73.751507840772,-11.158256880733944,0.38600723763570566,0.20068807339449543,single,fig7b,S11_38ohm,38ohm,frequency_GHz,dB,digitized_paper_measurement,p4_1.png
486,790.0,73.94451145958988,-11.278669724770642,0.38600723763570566,0.2408256880733945,single,fig7b,S11_38ohm,38ohm,frequency_GHz,dB,digitized_paper_measurement,p4_1.png
487,792.0,74.13751507840772,-11.439220183486238,0.38600723763570566,0.2408256880733945,single,fig7b,S11_38ohm,38ohm,frequency_GHz,dB,digitized_paper_measurement,p4_1.png
488,792.5,74.33051869722557,-11.479357798165138,0.38600723763570566,0.20068807339449543,single,fig7b,S11_38ohm,38ohm,frequency_GHz,dB,digitized_paper_measurement,p4_1.png
489,794.0,74.52352231604343,-11.599770642201834,0.38600723763570566,0.2408256880733945,single,fig7b,S11_38ohm,38ohm,frequency_GHz,dB,digitized_paper_measurement,p4_1.png
490,796.5,74.71652593486128,-11.80045871559633,0.38600723763570566,0.2809633027522936,single,fig7b,S11_38ohm,38ohm,frequency_GHz,dB,digitized_paper_measurement,p4_1.png
491,799.0,74.90952955367914,-12.001146788990825,0.38600723763570566,0.2408256880733945,single,fig7b,S11_38ohm,38ohm,frequency_GHz,dB,digitized_paper_measurement,p4_1.png
492,801.5,75.10253317249698,-12.20183486238532,0.38600723763570566,0.2809633027522936,single,fig7b,S11_38ohm,38ohm,frequency_GHz,dB,digitized_paper_measurement,p4_1.png
493,803.5,75.29553679131485,-12.362385321100918,0.38600723763570566,0.20068807339449543,single,fig7b,S11_38ohm,38ohm,frequency_GHz,dB,digitized_paper_measurement,p4_1.png
494,805.5,75.48854041013269,-12.522935779816514,0.38600723763570566,0.2809633027522936,single,fig7b,S11_38ohm,38ohm,frequency_GHz,dB,digitized_paper_measurement,p4_1.png
495,809.0,75.68154402895054,-12.803899082568808,0.38600723763570566,0.3211009174311927,single,fig7b,S11_38ohm,38ohm,frequency_GHz,dB,digitized_paper_measurement,p4_1.png
496,812.5,75.8745476477684,-13.0848623853211,0.38600723763570566,0.36123853211009177,single,fig7b,S11_38ohm,38ohm,frequency_GHz,dB,digitized_paper_measurement,p4_1.png
497,816.0,76.06755126658625,-13.365825688073395,0.38600723763570566,0.2408256880733945,single,fig7b,S11_38ohm,38ohm,frequency_GHz,dB,digitized_paper_measurement,p4_1.png
498,818.0,76.2605548854041,-13.52637614678899,0.38600723763570566,0.3211009174311927,single,fig7b,S11_38ohm,38ohm,frequency_GHz,dB,digitized_paper_measurement,p4_1.png
499,822.0,76.45355850422195,-13.847477064220184,0.38600723763570566,0.40137614678899086,single,fig7b,S11_38ohm,38ohm,frequency_GHz,dB,digitized_paper_measurement,p4_1.png
500,828.5,76.64656212303981,-14.369266055045872,0.38600723763570566,0.44151376146788995,single,fig7b,S11_38ohm,38ohm,frequency_GHz,dB,digitized_paper_measurement,p4_1.png
501,832.5,76.83956574185765,-14.690366972477063,0.38600723763570566,0.2809633027522936,single,fig7b,S11_38ohm,38ohm,frequency_GHz,dB,digitized_paper_measurement,p4_1.png
502,836.5,77.03256936067551,-15.011467889908257,0.38600723763570566,0.36123853211009177,single,fig7b,S11_38ohm,38ohm,frequency_GHz,dB,digitized_paper_measurement,p4_1.png
503,842.5,77.22557297949336,-15.493119266055047,0.38600723763570566,0.6020642201834863,single,fig7b,S11_38ohm,38ohm,frequency_GHz,dB,digitized_paper_measurement,p4_1.png
504,850.0,77.41857659831122,-16.095183486238533,0.38600723763570566,0.481651376146789,single,fig7b,S11_38ohm,38ohm,frequency_GHz,dB,digitized_paper_measurement,p4_1.png
505,854.5,77.61158021712907,-16.456422018348626,0.38600723763570566,0.2809633027522936,single,fig7b,S11_38ohm,38ohm,frequency_GHz,dB,digitized_paper_measurement,p4_1.png
506,857.5,77.80458383594691,-16.69724770642202,0.38600723763570566,0.36123853211009177,single,fig7b,S11_38ohm,38ohm,frequency_GHz,dB,digitized_paper_measurement,p4_1.png
507,862.0,77.99758745476478,-17.05848623853211,0.38600723763570566,0.481651376146789,single,fig7b,S11_38ohm,38ohm,frequency_GHz,dB,digitized_paper_measurement,p4_1.png
508,868.0,78.19059107358262,-17.540137614678898,0.38600723763570566,0.40137614678899086,single,fig7b,S11_38ohm,38ohm,frequency_GHz,dB,digitized_paper_measurement,p4_1.png
509,872.0,78.3835946924005,-17.861238532110093,0.38600723763570566,0.2408256880733945,single,fig7b,S11_38ohm,38ohm,frequency_GHz,dB,digitized_paper_measurement,p4_1.png
510,872.5,78.57659831121833,-17.90137614678899,0.38600723763570566,0.20068807339449543,single,fig7b,S11_38ohm,38ohm,frequency_GHz,dB,digitized_paper_measurement,p4_1.png
511,872.5,78.76960193003619,-17.90137614678899,0.38600723763570566,0.20068807339449543,single,fig7b,S11_38ohm,38ohm,frequency_GHz,dB,digitized_paper_measurement,p4_1.png
512,874.0,78.96260554885404,-18.021788990825687,0.38600723763570566,0.2408256880733945,single,fig7b,S11_38ohm,38ohm,frequency_GHz,dB,digitized_paper_measurement,p4_1.png
513,873.5,79.15560916767188,-17.98165137614679,0.38600723763570566,0.36123853211009177,single,fig7b,S11_38ohm,38ohm,frequency_GHz,dB,digitized_paper_measurement,p4_1.png
514,869.0,79.34861278648975,-17.620412844036696,0.38600723763570566,0.481651376146789,single,fig7b,S11_38ohm,38ohm,frequency_GHz,dB,digitized_paper_measurement,p4_1.png
515,864.5,79.5416164053076,-17.259174311926607,0.38600723763570566,0.2809633027522936,single,fig7b,S11_38ohm,38ohm,frequency_GHz,dB,digitized_paper_measurement,p4_1.png
516,862.0,79.73462002412546,-17.05848623853211,0.38600723763570566,0.2408256880733945,single,fig7b,S11_38ohm,38ohm,frequency_GHz,dB,digitized_paper_measurement,p4_1.png
517,857.0,79.9276236429433,-16.65711009174312,0.38600723763570566,0.5619266055045872,single,fig7b,S11_38ohm,38ohm,frequency_GHz,dB,digitized_paper_measurement,p4_1.png
518,849.0,80.12062726176116,-16.014908256880734,0.38600723763570566,0.5619266055045872,single,fig7b,S11_38ohm,38ohm,frequency_GHz,dB,digitized_paper_measurement,p4_1.png
519,843.0,80.31363088057901,-15.533256880733944,0.38600723763570566,0.3211009174311927,single,fig7b,S11_38ohm,38ohm,frequency_GHz,dB,digitized_paper_measurement,p4_1.png
520,838.5,80.50663449939687,-15.172018348623853,0.38600723763570566,0.36123853211009177,single,fig7b,S11_38ohm,38ohm,frequency_GHz,dB,digitized_paper_measurement,p4_1.png
521,833.5,80.69963811821472,-14.770642201834862,0.38600723763570566,0.5217889908256881,single,fig7b,S11_38ohm,38ohm,frequency_GHz,dB,digitized_paper_measurement,p4_1.png
522,826.5,80.89264173703256,-14.208715596330276,0.38600723763570566,0.5217889908256881,single,fig7b,S11_38ohm,38ohm,frequency_GHz,dB,digitized_paper_measurement,p4_1.png
523,820.5,81.08564535585043,-13.727064220183486,0.38600723763570566,0.36123853211009177,single,fig7b,S11_38ohm,38ohm,frequency_GHz,dB,digitized_paper_measurement,p4_1.png
524,815.5,81.27864897466827,-13.325688073394495,0.38600723763570566,0.36123853211009177,single,fig7b,S11_38ohm,38ohm,frequency_GHz,dB,digitized_paper_measurement,p4_1.png
525,811.5,81.47165259348613,-13.004587155963304,0.38600723763570566,0.36123853211009177,single,fig7b,S11_38ohm,38ohm,frequency_GHz,dB,digitized_paper_measurement,p4_1.png
526,807.5,81.66465621230398,-12.68348623853211,0.38600723763570566,0.36123853211009177,single,fig7b,S11_38ohm,38ohm,frequency_GHz,dB,digitized_paper_measurement,p4_1.png
527,803.0,81.85765983112184,-12.322247706422019,0.38600723763570566,0.40137614678899086,single,fig7b,S11_38ohm,38ohm,frequency_GHz,dB,digitized_paper_measurement,p4_1.png
528,799.0,82.05066344993969,-12.001146788990825,0.38600723763570566,0.3211009174311927,single,fig7b,S11_38ohm,38ohm,frequency_GHz,dB,digitized_paper_measurement,p4_1.png
529,797.5,82.24366706875753,-11.880733944954128,0.38600723763570566,0.20068807339449543,single,fig7b,S11_38ohm,38ohm,frequency_GHz,dB,digitized_paper_measurement,p4_1.png
530,795.5,82.4366706875754,-11.720183486238533,0.38600723763570566,0.2809633027522936,single,fig7b,S11_38ohm,38ohm,frequency_GHz,dB,digitized_paper_measurement,p4_1.png
531,791.5,82.62967430639324,-11.399082568807339,0.38600723763570566,0.44151376146788995,single,fig7b,S11_38ohm,38ohm,frequency_GHz,dB,digitized_paper_measurement,p4_1.png
532,788.5,82.8226779252111,-11.158256880733944,0.38600723763570566,0.2809633027522936,single,fig7b,S11_38ohm,38ohm,frequency_GHz,dB,digitized_paper_measurement,p4_1.png
533,789.0,83.01568154402895,-11.198394495412844,0.38600723763570566,0.3211009174311927,single,fig7b,S11_38ohm,38ohm,frequency_GHz,dB,digitized_paper_measurement,p4_1.png
534,790.5,83.2086851628468,-11.318807339449542,0.38600723763570566,0.2809633027522936,single,fig7b,S11_38ohm,38ohm,frequency_GHz,dB,digitized_paper_measurement,p4_1.png
535,788.5,83.40168878166466,-11.158256880733944,0.38600723763570566,0.36123853211009177,single,fig7b,S11_38ohm,38ohm,frequency_GHz,dB,digitized_paper_measurement,p4_1.png
536,786.5,83.5946924004825,-10.997706422018348,0.38600723763570566,0.2809633027522936,single,fig7b,S11_38ohm,38ohm,frequency_GHz,dB,digitized_paper_measurement,p4_1.png
537,787.5,83.78769601930037,-11.077981651376147,0.38600723763570566,0.2809633027522936,single,fig7b,S11_38ohm,38ohm,frequency_GHz,dB,digitized_paper_measurement,p4_1.png
538,787.5,83.98069963811821,-11.077981651376147,0.38600723763570566,0.2809633027522936,single,fig7b,S11_38ohm,38ohm,frequency_GHz,dB,digitized_paper_measurement,p4_1.png
539,784.0,84.17370325693607,-10.797018348623853,0.38600723763570566,0.40137614678899086,single,fig7b,S11_38ohm,38ohm,frequency_GHz,dB,digitized_paper_measurement,p4_1.png
540,781.0,84.36670687575392,-10.556192660550458,0.38600723763570566,0.2408256880733945,single,fig7b,S11_38ohm,38ohm,frequency_GHz,dB,digitized_paper_measurement,p4_1.png
541,782.0,84.55971049457177,-10.636467889908257,0.38600723763570566,0.2408256880733945,single,fig7b,S11_38ohm,38ohm,frequency_GHz,dB,digitized_paper_measurement,p4_1.png
542,782.0,84.75271411338963,-10.636467889908257,0.38600723763570566,0.2408256880733945,single,fig7b,S11_38ohm,38ohm,frequency_GHz,dB,digitized_paper_measurement,p4_1.png
543,780.0,84.94571773220748,-10.475917431192661,0.38600723763570566,0.3211009174311927,single,fig7b,S11_38ohm,38ohm,frequency_GHz,dB,digitized_paper_measurement,p4_1.png
544,777.5,85.13872135102532,-10.275229357798166,0.38600723763570566,0.20068807339449543,single,fig7b,S11_38ohm,38ohm,frequency_GHz,dB,digitized_paper_measurement,p4_1.png
545,777.5,85.33172496984318,-10.275229357798166,0.38600723763570566,0.20068807339449543,single,fig7b,S11_38ohm,38ohm,frequency_GHz,dB,digitized_paper_measurement,p4_1.png
546,778.0,85.52472858866103,-10.315366972477063,0.38600723763570566,0.16055045871559634,single,fig7b,S11_38ohm,38ohm,frequency_GHz,dB,digitized_paper_measurement,p4_1.png
547,778.0,85.71773220747889,-10.315366972477063,0.38600723763570566,0.16055045871559634,single,fig7b,S11_38ohm,38ohm,frequency_GHz,dB,digitized_paper_measurement,p4_1.png
548,778.5,85.91073582629674,-10.355504587155963,0.38600723763570566,0.20068807339449543,single,fig7b,S11_38ohm,38ohm,frequency_GHz,dB,digitized_paper_measurement,p4_1.png
549,779.0,86.1037394451146,-10.395642201834862,0.38600723763570566,0.16055045871559634,single,fig7b,S11_38ohm,38ohm,frequency_GHz,dB,digitized_paper_measurement,p4_1.png
550,779.5,86.29674306393245,-10.435779816513762,0.38600723763570566,0.20068807339449543,single,fig7b,S11_38ohm,38ohm,frequency_GHz,dB,digitized_paper_measurement,p4_1.png
551,781.0,86.48974668275031,-10.556192660550458,0.38600723763570566,0.2408256880733945,single,fig7b,S11_38ohm,38ohm,frequency_GHz,dB,digitized_paper_measurement,p4_1.png
552,782.5,86.68275030156815,-10.676605504587156,0.38600723763570566,0.20068807339449543,single,fig7b,S11_38ohm,38ohm,frequency_GHz,dB,digitized_paper_measurement,p4_1.png
553,782.0,86.875753920386,-10.636467889908257,0.38600723763570566,0.16055045871559634,single,fig7b,S11_38ohm,38ohm,frequency_GHz,dB,digitized_paper_measurement,p4_1.png
554,783.0,87.06875753920386,-10.716743119266056,0.38600723763570566,0.2408256880733945,single,fig7b,S11_38ohm,38ohm,frequency_GHz,dB,digitized_paper_measurement,p4_1.png
555,786.0,87.26176115802171,-10.957568807339449,0.38600723763570566,0.3211009174311927,single,fig7b,S11_38ohm,38ohm,frequency_GHz,dB,digitized_paper_measurement,p4_1.png
556,787.5,87.45476477683957,-11.077981651376147,0.38600723763570566,0.20068807339449543,single,fig7b,S11_38ohm,38ohm,frequency_GHz,dB,digitized_paper_measurement,p4_1.png
557,788.5,87.64776839565742,-11.158256880733944,0.38600723763570566,0.20068807339449543,single,fig7b,S11_38ohm,38ohm,frequency_GHz,dB,digitized_paper_measurement,p4_1.png
558,790.5,87.84077201447528,-11.318807339449542,0.38600723763570566,0.2809633027522936,single,fig7b,S11_38ohm,38ohm,frequency_GHz,dB,digitized_paper_measurement,p4_1.png
559,794.5,88.03377563329312,-11.639908256880734,0.38600723763570566,0.36123853211009177,single,fig7b,S11_38ohm,38ohm,frequency_GHz,dB,digitized_paper_measurement,p4_1.png
560,798.0,88.22677925211097,-11.920871559633028,0.38600723763570566,0.3211009174311927,single,fig7b,S11_38ohm,38ohm,frequency_GHz,dB,digitized_paper_measurement,p4_1.png
561,802.0,88.41978287092883,-12.24197247706422,0.38600723763570566,0.3211009174311927,single,fig7b,S11_38ohm,38ohm,frequency_GHz,dB,digitized_paper_measurement,p4_1.png
562,805.5,88.61278648974668,-12.522935779816514,0.38600723763570566,0.36123853211009177,single,fig7b,S11_38ohm,38ohm,frequency_GHz,dB,digitized_paper_measurement,p4_1.png
563,810.0,88.80579010856454,-12.884174311926605,0.38600723763570566,0.40137614678899086,single,fig7b,S11_38ohm,38ohm,frequency_GHz,dB,digitized_paper_measurement,p4_1.png
564,815.5,88.99879372738239,-13.325688073394495,0.38600723763570566,0.44151376146788995,single,fig7b,S11_38ohm,38ohm,frequency_GHz,dB,digitized_paper_measurement,p4_1.png
565,821.5,89.19179734620025,-13.807339449541285,0.38600723763570566,0.44151376146788995,single,fig7b,S11_38ohm,38ohm,frequency_GHz,dB,digitized_paper_measurement,p4_1.png
566,826.5,89.38480096501809,-14.208715596330276,0.38600723763570566,0.36123853211009177,single,fig7b,S11_38ohm,38ohm,frequency_GHz,dB,digitized_paper_measurement,p4_1.png
567,831.5,89.57780458383594,-14.610091743119266,0.38600723763570566,0.36123853211009177,single,fig7b,S11_38ohm,38ohm,frequency_GHz,dB,digitized_paper_measurement,p4_1.png
568,839.0,89.7708082026538,-15.212155963302752,0.38600723763570566,0.6422018348623854,single,fig7b,S11_38ohm,38ohm,frequency_GHz,dB,digitized_paper_measurement,p4_1.png
569,845.5,89.96381182147165,-15.73394495412844,0.38600723763570566,0.6020642201834863,single,fig7b,S11_38ohm,38ohm,frequency_GHz,dB,digitized_paper_measurement,p4_1.png
570,852.0,90.1568154402895,-16.255733944954127,0.38600723763570566,0.3211009174311927,single,fig7b,S11_38ohm,38ohm,frequency_GHz,dB,digitized_paper_measurement,p4_1.png
571,858.0,90.34981905910736,-16.737385321100916,0.38600723763570566,0.5619266055045872,single,fig7b,S11_38ohm,38ohm,frequency_GHz,dB,digitized_paper_measurement,p4_1.png
572,868.5,90.54282267792522,-17.5802752293578,0.38600723763570566,0.8428899082568808,single,fig7b,S11_38ohm,38ohm,frequency_GHz,dB,digitized_paper_measurement,p4_1.png
573,880.0,90.73582629674307,-18.503440366972477,0.38600723763570566,0.6422018348623854,single,fig7b,S11_38ohm,38ohm,frequency_GHz,dB,digitized_paper_measurement,p4_1.png
574,890.0,90.92882991556091,-19.306192660550458,0.38600723763570566,0.6422018348623854,single,fig7b,S11_38ohm,38ohm,frequency_GHz,dB,digitized_paper_measurement,p4_1.png
575,902.0,91.12183353437877,-20.269495412844037,0.38600723763570566,0.963302752293578,single,fig7b,S11_38ohm,38ohm,frequency_GHz,dB,digitized_paper_measurement,p4_1.png
576,915.0,91.31483715319662,-21.31307339449541,0.38600723763570566,0.8027522935779817,single,fig7b,S11_38ohm,38ohm,frequency_GHz,dB,digitized_paper_measurement,p4_1.png
577,923.0,91.50784077201448,-21.9552752293578,0.38600723763570566,0.3211009174311927,single,fig7b,S11_38ohm,38ohm,frequency_GHz,dB,digitized_paper_measurement,p4_1.png
578,924.5,91.70084439083233,-22.075688073394495,0.38600723763570566,0.20068807339449543,single,fig7b,S11_38ohm,38ohm,frequency_GHz,dB,digitized_paper_measurement,p4_1.png
579,922.5,91.89384800965018,-21.915137614678898,0.38600723763570566,0.2809633027522936,single,fig7b,S11_38ohm,38ohm,frequency_GHz,dB,digitized_paper_measurement,p4_1.png
580,918.0,92.08685162846804,-21.553899082568808,0.38600723763570566,0.481651376146789,single,fig7b,S11_38ohm,38ohm,frequency_GHz,dB,digitized_paper_measurement,p4_1.png
581,910.5,92.27985524728588,-20.951834862385322,0.38600723763570566,0.6020642201834863,single,fig7b,S11_38ohm,38ohm,frequency_GHz,dB,digitized_paper_measurement,p4_1.png
582,900.0,92.47285886610373,-20.10894495412844,0.38600723763570566,0.7224770642201835,single,fig7b,S11_38ohm,38ohm,frequency_GHz,dB,digitized_paper_measurement,p4_1.png
583,891.0,92.66586248492159,-19.386467889908257,0.38600723763570566,0.6422018348623854,single,fig7b,S11_38ohm,38ohm,frequency_GHz,dB,digitized_paper_measurement,p4_1.png
584,884.0,92.85886610373944,-18.82454128440367,0.38600723763570566,0.3211009174311927,single,fig7b,S11_38ohm,38ohm,frequency_GHz,dB,digitized_paper_measurement,p4_1.png
585,877.0,93.0518697225573,-18.262614678899084,0.38600723763570566,0.5619266055045872,single,fig7b,S11_38ohm,38ohm,frequency_GHz,dB,digitized_paper_measurement,p4_1.png
586,867.5,93.24487334137515,-17.5,0.38600723763570566,0.8428899082568808,single,fig7b,S11_38ohm,38ohm,frequency_GHz,dB,digitized_paper_measurement,p4_1.png
587,858.5,93.43787696019301,-16.777522935779817,0.38600723763570566,0.44151376146788995,single,fig7b,S11_38ohm,38ohm,frequency_GHz,dB,digitized_paper_measurement,p4_1.png
588,855.0,93.63088057901085,-16.496559633027523,0.38600723763570566,0.2408256880733945,single,fig7b,S11_38ohm,38ohm,frequency_GHz,dB,digitized_paper_measurement,p4_1.png
589,848.0,93.8238841978287,-15.934633027522937,0.38600723763570566,0.7224770642201835,single,fig7b,S11_38ohm,38ohm,frequency_GHz,dB,digitized_paper_measurement,p4_1.png
590,838.0,94.01688781664656,-15.131880733944953,0.38600723763570566,0.7224770642201835,single,fig7b,S11_38ohm,38ohm,frequency_GHz,dB,digitized_paper_measurement,p4_1.png
591,831.5,94.20989143546441,-14.610091743119266,0.38600723763570566,0.2809633027522936,single,fig7b,S11_38ohm,38ohm,frequency_GHz,dB,digitized_paper_measurement,p4_1.png
592,832.0,94.40289505428227,-14.650229357798166,0.38600723763570566,0.3211009174311927,single,fig7b,S11_38ohm,38ohm,frequency_GHz,dB,digitized_paper_measurement,p4_1.png
593,828.5,94.59589867310012,-14.369266055045872,0.38600723763570566,0.5217889908256881,single,fig7b,S11_38ohm,38ohm,frequency_GHz,dB,digitized_paper_measurement,p4_1.png
594,824.0,94.78890229191798,-14.00802752293578,0.38600723763570566,0.3211009174311927,single,fig7b,S11_38ohm,38ohm,frequency_GHz,dB,digitized_paper_measurement,p4_1.png
595,824.5,94.98190591073583,-14.04816513761468,0.38600723763570566,0.36123853211009177,single,fig7b,S11_38ohm,38ohm,frequency_GHz,dB,digitized_paper_measurement,p4_1.png
596,826.5,95.17490952955367,-14.208715596330276,0.38600723763570566,0.36123853211009177,single,fig7b,S11_38ohm,38ohm,frequency_GHz,dB,digitized_paper_measurement,p4_1.png
597,824.5,95.36791314837153,-14.04816513761468,0.38600723763570566,0.44151376146788995,single,fig7b,S11_38ohm,38ohm,frequency_GHz,dB,digitized_paper_measurement,p4_1.png
598,820.5,95.56091676718938,-13.727064220183486,0.38600723763570566,0.2809633027522936,single,fig7b,S11_38ohm,38ohm,frequency_GHz,dB,digitized_paper_measurement,p4_1.png
599,820.0,95.75392038600724,-13.686926605504587,0.38600723763570566,0.2408256880733945,single,fig7b,S11_38ohm,38ohm,frequency_GHz,dB,digitized_paper_measurement,p4_1.png
600,818.0,95.94692400482509,-13.52637614678899,0.38600723763570566,0.40137614678899086,single,fig7b,S11_38ohm,38ohm,frequency_GHz,dB,digitized_paper_measurement,p4_1.png
601,813.0,96.13992762364295,-13.125,0.38600723763570566,0.481651376146789,single,fig7b,S11_38ohm,38ohm,frequency_GHz,dB,digitized_paper_measurement,p4_1.png
602,808.0,96.3329312424608,-12.72362385321101,0.38600723763570566,0.2408256880733945,single,fig7b,S11_38ohm,38ohm,frequency_GHz,dB,digitized_paper_measurement,p4_1.png
604,801.5,96.7189384800965,-12.20183486238532,0.38600723763570566,0.5217889908256881,single,fig7b,S11_38ohm,38ohm,frequency_GHz,dB,digitized_paper_measurement,p4_1.png
605,797.0,96.91194209891435,-11.840596330275229,0.38600723763570566,0.3211009174311927,single,fig7b,S11_38ohm,38ohm,frequency_GHz,dB,digitized_paper_measurement,p4_1.png
606,795.5,97.1049457177322,-11.720183486238533,0.38600723763570566,0.20068807339449543,single,fig7b,S11_38ohm,38ohm,frequency_GHz,dB,digitized_paper_measurement,p4_1.png
607,793.5,97.29794933655006,-11.559633027522937,0.38600723763570566,0.36123853211009177,single,fig7b,S11_38ohm,38ohm,frequency_GHz,dB,digitized_paper_measurement,p4_1.png
608,788.5,97.49095295536792,-11.158256880733944,0.38600723763570566,0.44151376146788995,single,fig7b,S11_38ohm,38ohm,frequency_GHz,dB,digitized_paper_measurement,p4_1.png
609,786.0,97.68395657418577,-10.957568807339449,0.38600723763570566,0.2408256880733945,single,fig7b,S11_38ohm,38ohm,frequency_GHz,dB,digitized_paper_measurement,p4_1.png
610,786.5,97.87696019300361,-10.997706422018348,0.38600723763570566,0.2809633027522936,single,fig7b,S11_38ohm,38ohm,frequency_GHz,dB,digitized_paper_measurement,p4_1.png
611,784.5,98.06996381182147,-10.837155963302752,0.38600723763570566,0.36123853211009177,single,fig7b,S11_38ohm,38ohm,frequency_GHz,dB,digitized_paper_measurement,p4_1.png
612,783.0,98.26296743063932,-10.716743119266056,0.38600723763570566,0.3211009174311927,single,fig7b,S11_38ohm,38ohm,frequency_GHz,dB,digitized_paper_measurement,p4_1.png
613,784.5,98.45597104945718,-10.837155963302752,0.38600723763570566,0.36123853211009177,single,fig7b,S11_38ohm,38ohm,frequency_GHz,dB,digitized_paper_measurement,p4_1.png
614,786.0,98.64897466827503,-10.957568807339449,0.38600723763570566,0.3211009174311927,single,fig7b,S11_38ohm,38ohm,frequency_GHz,dB,digitized_paper_measurement,p4_1.png
615,784.5,98.84197828709289,-10.837155963302752,0.38600723763570566,0.44151376146788995,single,fig7b,S11_38ohm,38ohm,frequency_GHz,dB,digitized_paper_measurement,p4_1.png
616,782.0,99.03498190591074,-10.636467889908257,0.38600723763570566,0.3211009174311927,single,fig7b,S11_38ohm,38ohm,frequency_GHz,dB,digitized_paper_measurement,p4_1.png
617,784.5,99.2279855247286,-10.837155963302752,0.38600723763570566,0.44151376146788995,single,fig7b,S11_38ohm,38ohm,frequency_GHz,dB,digitized_paper_measurement,p4_1.png
618,787.0,99.42098914354644,-11.037844036697248,0.38600723763570566,0.3211009174311927,single,fig7b,S11_38ohm,38ohm,frequency_GHz,dB,digitized_paper_measurement,p4_1.png
619,785.5,99.61399276236429,-10.917431192660551,0.38600723763570566,0.36123853211009177,single,fig7b,S11_38ohm,38ohm,frequency_GHz,dB,digitized_paper_measurement,p4_1.png
620,783.5,99.80699638118215,-10.756880733944953,0.38600723763570566,0.2809633027522936,single,fig7b,S11_38ohm,38ohm,frequency_GHz,dB,digitized_paper_measurement,p4_1.png
621,785.0,100.0,-10.877293577981652,0.38600723763570566,0.3211009174311927,single,fig7b,S11_38ohm,38ohm,frequency_GHz,dB,digitized_paper_measurement,p4_1.png
622,786.0,100.19300361881785,-10.957568807339449,0.38600723763570566,0.2408256880733945,single,fig7b,S11_38ohm,38ohm,frequency_GHz,dB,digitized_paper_measurement,p4_1.png
623,785.0,100.38600723763571,-10.877293577981652,0.38600723763570566,0.2408256880733945,single,fig7b,S11_38ohm,38ohm,frequency_GHz,dB,digitized_paper_measurement,p4_1.png
624,785.5,100.57901085645356,-10.917431192660551,0.38600723763570566,0.2809633027522936,single,fig7b,S11_38ohm,38ohm,frequency_GHz,dB,digitized_paper_measurement,p4_1.png
625,787.5,100.7720144752714,-11.077981651376147,0.38600723763570566,0.2809633027522936,single,fig7b,S11_38ohm,38ohm,frequency_GHz,dB,digitized_paper_measurement,p4_1.png
626,790.0,100.96501809408926,-11.278669724770642,0.38600723763570566,0.2408256880733945,single,fig7b,S11_38ohm,38ohm,frequency_GHz,dB,digitized_paper_measurement,p4_1.png
627,793.0,101.15802171290711,-11.519495412844037,0.38600723763570566,0.3211009174311927,single,fig7b,S11_38ohm,38ohm,frequency_GHz,dB,digitized_paper_measurement,p4_1.png
628,796.0,101.35102533172497,-11.760321100917432,0.38600723763570566,0.3211009174311927,single,fig7b,S11_38ohm,38ohm,frequency_GHz,dB,digitized_paper_measurement,p4_1.png
629,798.0,101.54402895054282,-11.920871559633028,0.38600723763570566,0.2408256880733945,single,fig7b,S11_38ohm,38ohm,frequency_GHz,dB,digitized_paper_measurement,p4_1.png
630,800.5,101.73703256936068,-12.121559633027523,0.38600723763570566,0.2809633027522936,single,fig7b,S11_38ohm,38ohm,frequency_GHz,dB,digitized_paper_measurement,p4_1.png
631,805.0,101.93003618817853,-12.482798165137615,0.38600723763570566,0.481651376146789,single,fig7b,S11_38ohm,38ohm,frequency_GHz,dB,digitized_paper_measurement,p4_1.png
632,810.0,102.12303980699639,-12.884174311926605,0.38600723763570566,0.40137614678899086,single,fig7b,S11_38ohm,38ohm,frequency_GHz,dB,digitized_paper_measurement,p4_1.png
633,813.5,102.31604342581423,-13.1651376146789,0.38600723763570566,0.20068807339449543,single,fig7b,S11_38ohm,38ohm,frequency_GHz,dB,digitized_paper_measurement,p4_1.png
634,816.0,102.50904704463208,-13.365825688073395,0.38600723763570566,0.3211009174311927,single,fig7b,S11_38ohm,38ohm,frequency_GHz,dB,digitized_paper_measurement,p4_1.png
635,821.0,102.70205066344994,-13.767201834862385,0.38600723763570566,0.481651376146789,single,fig7b,S11_38ohm,38ohm,frequency_GHz,dB,digitized_paper_measurement,p4_1.png
636,825.5,102.8950542822678,-14.128440366972477,0.38600723763570566,0.36123853211009177,single,fig7b,S11_38ohm,38ohm,frequency_GHz,dB,digitized_paper_measurement,p4_1.png
637,828.0,103.08805790108565,-14.329128440366972,0.38600723763570566,0.2408256880733945,single,fig7b,S11_38ohm,38ohm,frequency_GHz,dB,digitized_paper_measurement,p4_1.png
638,831.0,103.2810615199035,-14.569954128440367,0.38600723763570566,0.40137614678899086,single,fig7b,S11_38ohm,38ohm,frequency_GHz,dB,digitized_paper_measurement,p4_1.png
639,838.5,103.47406513872136,-15.172018348623853,0.38600723763570566,0.6020642201834863,single,fig7b,S11_38ohm,38ohm,frequency_GHz,dB,digitized_paper_measurement,p4_1.png
640,846.5,103.6670687575392,-15.814220183486238,0.38600723763570566,0.5217889908256881,single,fig7b,S11_38ohm,38ohm,frequency_GHz,dB,digitized_paper_measurement,p4_1.png
641,851.5,103.86007237635705,-16.21559633027523,0.38600723763570566,0.2809633027522936,single,fig7b,S11_38ohm,38ohm,frequency_GHz,dB,digitized_paper_measurement,p4_1.png
642,854.0,104.05307599517491,-16.416284403669724,0.38600723763570566,0.2408256880733945,single,fig7b,S11_38ohm,38ohm,frequency_GHz,dB,digitized_paper_measurement,p4_1.png
643,860.0,104.24607961399276,-16.897935779816514,0.38600723763570566,0.6422018348623854,single,fig7b,S11_38ohm,38ohm,frequency_GHz,dB,digitized_paper_measurement,p4_1.png
645,876.0,104.63208685162847,-18.182339449541285,0.38600723763570566,0.3211009174311927,single,fig7b,S11_38ohm,38ohm,frequency_GHz,dB,digitized_paper_measurement,p4_1.png
646,879.0,104.82509047044633,-18.423165137614678,0.38600723763570566,0.3211009174311927,single,fig7b,S11_38ohm,38ohm,frequency_GHz,dB,digitized_paper_measurement,p4_1.png
647,886.0,105.01809408926417,-18.985091743119266,0.38600723763570566,0.7224770642201835,single,fig7b,S11_38ohm,38ohm,frequency_GHz,dB,digitized_paper_measurement,p4_1.png
648,894.5,105.21109770808202,-19.66743119266055,0.38600723763570566,0.6020642201834863,single,fig7b,S11_38ohm,38ohm,frequency_GHz,dB,digitized_paper_measurement,p4_1.png
649,899.0,105.40410132689988,-20.02866972477064,0.38600723763570566,0.2408256880733945,single,fig7b,S11_38ohm,38ohm,frequency_GHz,dB,digitized_paper_measurement,p4_1.png
650,900.5,105.59710494571773,-20.14908256880734,0.38600723763570566,0.36123853211009177,single,fig7b,S11_38ohm,38ohm,frequency_GHz,dB,digitized_paper_measurement,p4_1.png
651,907.5,105.79010856453559,-20.711009174311926,0.38600723763570566,0.6823394495412844,single,fig7b,S11_38ohm,38ohm,frequency_GHz,dB,digitized_paper_measurement,p4_1.png
652,914.0,105.98311218335344,-21.232798165137616,0.38600723763570566,0.40137614678899086,single,fig7b,S11_38ohm,38ohm,frequency_GHz,dB,digitized_paper_measurement,p4_1.png
653,915.5,106.1761158021713,-21.353211009174313,0.38600723763570566,0.2809633027522936,single,fig7b,S11_38ohm,38ohm,frequency_GHz,dB,digitized_paper_measurement,p4_1.png
654,912.5,106.36911942098915,-21.112385321100916,0.38600723763570566,0.2809633027522936,single,fig7b,S11_38ohm,38ohm,frequency_GHz,dB,digitized_paper_measurement,p4_1.png
655,907.5,106.56212303980699,-20.711009174311926,0.38600723763570566,0.44151376146788995,single,fig7b,S11_38ohm,38ohm,frequency_GHz,dB,digitized_paper_measurement,p4_1.png
656,905.5,106.75512665862485,-20.55045871559633,0.38600723763570566,0.36123853211009177,single,fig7b,S11_38ohm,38ohm,frequency_GHz,dB,digitized_paper_measurement,p4_1.png
657,908.0,106.9481302774427,-20.751146788990827,0.38600723763570566,0.40137614678899086,single,fig7b,S11_38ohm,38ohm,frequency_GHz,dB,digitized_paper_measurement,p4_1.png
658,906.0,107.14113389626056,-20.59059633027523,0.38600723763570566,0.5619266055045872,single,fig7b,S11_38ohm,38ohm,frequency_GHz,dB,digitized_paper_measurement,p4_1.png
659,899.5,107.33413751507841,-20.068807339449542,0.38600723763570566,0.6823394495412844,single,fig7b,S11_38ohm,38ohm,frequency_GHz,dB,digitized_paper_measurement,p4_1.png
660,896.0,107.52714113389627,-19.787844036697248,0.38600723763570566,0.481651376146789,single,fig7b,S11_38ohm,38ohm,frequency_GHz,dB,digitized_paper_measurement,p4_1.png
661,898.0,107.72014475271412,-19.948394495412845,0.38600723763570566,0.5619266055045872,single,fig7b,S11_38ohm,38ohm,frequency_GHz,dB,digitized_paper_measurement,p4_1.png
662,889.0,107.91314837153196,-19.22591743119266,0.38600723763570566,1.1238532110091743,single,fig7b,S11_38ohm,38ohm,frequency_GHz,dB,digitized_paper_measurement,p4_1.png
663,879.5,108.10615199034982,-18.46330275229358,0.38600723763570566,0.6823394495412844,single,fig7b,S11_38ohm,38ohm,frequency_GHz,dB,digitized_paper_measurement,p4_1.png
664,884.5,108.29915560916767,-18.86467889908257,0.38600723763570566,1.0034403669724772,single,fig7b,S11_38ohm,38ohm,frequency_GHz,dB,digitized_paper_measurement,p4_1.png
665,889.5,108.49215922798552,-19.26605504587156,0.38600723763570566,0.923165137614679,single,fig7b,S11_38ohm,38ohm,frequency_GHz,dB,digitized_paper_measurement,p4_1.png
666,878.0,108.68516284680338,-18.34288990825688,0.38600723763570566,1.364678899082569,single,fig7b,S11_38ohm,38ohm,frequency_GHz,dB,digitized_paper_measurement,p4_1.png
667,866.5,108.87816646562123,-17.4197247706422,0.38600723763570566,0.6823394495412844,single,fig7b,S11_38ohm,38ohm,frequency_GHz,dB,digitized_paper_measurement,p4_1.png
668,871.0,109.07117008443909,-17.780963302752294,0.38600723763570566,0.8830275229357799,single,fig7b,S11_38ohm,38ohm,frequency_GHz,dB,digitized_paper_measurement,p4_1.png
669,873.0,109.26417370325693,-17.94151376146789,0.38600723763570566,0.7224770642201835,single,fig7b,S11_38ohm,38ohm,frequency_GHz,dB,digitized_paper_measurement,p4_1.png
108,797.5,0.9891435464414968,-11.880733944954128,0.38600723763570566,0.2809633027522936,single,fig7b,S11_57ohm,57ohm,frequency_GHz,dB,digitized_paper_measurement,p4_1.png
109,799.5,1.182147165259348,-12.041284403669724,0.38600723763570566,0.2809633027522936,single,fig7b,S11_57ohm,57ohm,frequency_GHz,dB,digitized_paper_measurement,p4_1.png
110,801.5,1.3751507840772028,-12.20183486238532,0.38600723763570566,0.2809633027522936,single,fig7b,S11_57ohm,57ohm,frequency_GHz,dB,digitized_paper_measurement,p4_1.png
111,805.0,1.568154402895054,-12.482798165137615,0.38600723763570566,0.3211009174311927,single,fig7b,S11_57ohm,57ohm,frequency_GHz,dB,digitized_paper_measurement,p4_1.png
113,812.5,1.95416164053076,-13.0848623853211,0.38600723763570566,0.36123853211009177,single,fig7b,S11_57ohm,57ohm,frequency_GHz,dB,digitized_paper_measurement,p4_1.png
115,821.5,2.340168878166466,-13.807339449541285,0.38600723763570566,0.44151376146788995,single,fig7b,S11_57ohm,57ohm,frequency_GHz,dB,digitized_paper_measurement,p4_1.png
116,827.0,2.5331724969843172,-14.248853211009175,0.38600723763570566,0.481651376146789,single,fig7b,S11_57ohm,57ohm,frequency_GHz,dB,digitized_paper_measurement,p4_1.png
117,832.5,2.726176115802172,-14.690366972477063,0.38600723763570566,0.5217889908256881,single,fig7b,S11_57ohm,57ohm,frequency_GHz,dB,digitized_paper_measurement,p4_1.png
118,839.5,2.9191797346200232,-15.252293577981652,0.38600723763570566,0.5217889908256881,single,fig7b,S11_57ohm,57ohm,frequency_GHz,dB,digitized_paper_measurement,p4_1.png
119,846.5,3.112183353437878,-15.814220183486238,0.38600723763570566,0.6020642201834863,single,fig7b,S11_57ohm,57ohm,frequency_GHz,dB,digitized_paper_measurement,p4_1.png
120,854.5,3.305186972255729,-16.456422018348626,0.38600723763570566,0.6020642201834863,single,fig7b,S11_57ohm,57ohm,frequency_GHz,dB,digitized_paper_measurement,p4_1.png
122,873.5,3.691194209891435,-17.98165137614679,0.38600723763570566,0.7626146788990826,single,fig7b,S11_57ohm,57ohm,frequency_GHz,dB,digitized_paper_measurement,p4_1.png
123,884.0,3.88419782870929,-18.82454128440367,0.38600723763570566,0.8830275229357799,single,fig7b,S11_57ohm,57ohm,frequency_GHz,dB,digitized_paper_measurement,p4_1.png
124,898.5,4.077201447527141,-19.988532110091743,0.38600723763570566,1.0034403669724772,single,fig7b,S11_57ohm,57ohm,frequency_GHz,dB,digitized_paper_measurement,p4_1.png
125,914.5,4.270205066344994,-21.272935779816514,0.38600723763570566,1.0837155963302754,single,fig7b,S11_57ohm,57ohm,frequency_GHz,dB,digitized_paper_measurement,p4_1.png
126,933.0,4.463208685162847,-22.75802752293578,0.38600723763570566,1.2844036697247707,single,fig7b,S11_57ohm,57ohm,frequency_GHz,dB,digitized_paper_measurement,p4_1.png
127,956.0,4.6562123039807,-24.604357798165136,0.38600723763570566,1.5252293577981653,single,fig7b,S11_57ohm,57ohm,frequency_GHz,dB,digitized_paper_measurement,p4_1.png
128,984.5,4.849215922798553,-26.892201834862384,0.38600723763570566,1.9667431192660552,single,fig7b,S11_57ohm,57ohm,frequency_GHz,dB,digitized_paper_measurement,p4_1.png
129,1020.0,5.042219541616406,-29.74197247706422,0.38600723763570566,2.327981651376147,single,fig7b,S11_57ohm,57ohm,frequency_GHz,dB,digitized_paper_measurement,p4_1.png
133,1016.0,5.814234016887816,-29.420871559633028,0.38600723763570566,2.408256880733945,single,fig7b,S11_57ohm,57ohm,frequency_GHz,dB,digitized_paper_measurement,p4_1.png
134,981.0,6.007237635705669,-26.611238532110093,0.38600723763570566,1.6857798165137616,single,fig7b,S11_57ohm,57ohm,frequency_GHz,dB,digitized_paper_measurement,p4_1.png
135,955.0,6.200241254523522,-24.52408256880734,0.38600723763570566,1.444954128440367,single,fig7b,S11_57ohm,57ohm,frequency_GHz,dB,digitized_paper_measurement,p4_1.png
136,933.0,6.393244873341375,-22.75802752293578,0.38600723763570566,1.2844036697247707,single,fig7b,S11_57ohm,57ohm,frequency_GHz,dB,digitized_paper_measurement,p4_1.png
137,915.0,6.586248492159228,-21.31307339449541,0.38600723763570566,1.0435779816513762,single,fig7b,S11_57ohm,57ohm,frequency_GHz,dB,digitized_paper_measurement,p4_1.png
138,900.0,6.779252110977081,-20.10894495412844,0.38600723763570566,0.8830275229357799,single,fig7b,S11_57ohm,57ohm,frequency_GHz,dB,digitized_paper_measurement,p4_1.png
139,887.5,6.972255729794934,-19.105504587155963,0.38600723763570566,0.8428899082568808,single,fig7b,S11_57ohm,57ohm,frequency_GHz,dB,digitized_paper_measurement,p4_1.png
141,865.5,7.358262967430639,-17.339449541284402,0.38600723763570566,0.6823394495412844,single,fig7b,S11_57ohm,57ohm,frequency_GHz,dB,digitized_paper_measurement,p4_1.png
142,856.5,7.551266586248492,-16.61697247706422,0.38600723763570566,0.6020642201834863,single,fig7b,S11_57ohm,57ohm,frequency_GHz,dB,digitized_paper_measurement,p4_1.png
143,848.5,7.744270205066345,-15.974770642201834,0.38600723763570566,0.6020642201834863,single,fig7b,S11_57ohm,57ohm,frequency_GHz,dB,digitized_paper_measurement,p4_1.png
144,841.5,7.9372738238841976,-15.412844036697248,0.38600723763570566,0.5217889908256881,single,fig7b,S11_57ohm,57ohm,frequency_GHz,dB,digitized_paper_measurement,p4_1.png
145,835.5,8.13027744270205,-14.931192660550458,0.38600723763570566,0.44151376146788995,single,fig7b,S11_57ohm,57ohm,frequency_GHz,dB,digitized_paper_measurement,p4_1.png
146,830.5,8.323281061519904,-14.529816513761467,0.38600723763570566,0.44151376146788995,single,fig7b,S11_57ohm,57ohm,frequency_GHz,dB,digitized_paper_measurement,p4_1.png
147,825.0,8.516284680337757,-14.088302752293577,0.38600723763570566,0.40137614678899086,single,fig7b,S11_57ohm,57ohm,frequency_GHz,dB,digitized_paper_measurement,p4_1.png
148,820.5,8.70928829915561,-13.727064220183486,0.38600723763570566,0.36123853211009177,single,fig7b,S11_57ohm,57ohm,frequency_GHz,dB,digitized_paper_measurement,p4_1.png
149,816.5,8.902291917973463,-13.405963302752294,0.38600723763570566,0.36123853211009177,single,fig7b,S11_57ohm,57ohm,frequency_GHz,dB,digitized_paper_measurement,p4_1.png
150,813.0,9.095295536791316,-13.125,0.38600723763570566,0.3211009174311927,single,fig7b,S11_57ohm,57ohm,frequency_GHz,dB,digitized_paper_measurement,p4_1.png
151,810.0,9.288299155609169,-12.884174311926605,0.38600723763570566,0.3211009174311927,single,fig7b,S11_57ohm,57ohm,frequency_GHz,dB,digitized_paper_measurement,p4_1.png
152,807.5,9.48130277442702,-12.68348623853211,0.38600723763570566,0.2809633027522936,single,fig7b,S11_57ohm,57ohm,frequency_GHz,dB,digitized_paper_measurement,p4_1.png
153,805.0,9.674306393244873,-12.482798165137615,0.38600723763570566,0.2408256880733945,single,fig7b,S11_57ohm,57ohm,frequency_GHz,dB,digitized_paper_measurement,p4_1.png
154,803.5,9.867310012062726,-12.362385321100918,0.38600723763570566,0.20068807339449543,single,fig7b,S11_57ohm,57ohm,frequency_GHz,dB,digitized_paper_measurement,p4_1.png
155,802.5,10.060313630880579,-12.28211009174312,0.38600723763570566,0.20068807339449543,single,fig7b,S11_57ohm,57ohm,frequency_GHz,dB,digitized_paper_measurement,p4_1.png
156,801.5,10.253317249698432,-12.20183486238532,0.38600723763570566,0.20068807339449543,single,fig7b,S11_57ohm,57ohm,frequency_GHz,dB,digitized_paper_measurement,p4_1.png
157,800.5,10.446320868516285,-12.121559633027523,0.38600723763570566,0.20068807339449543,single,fig7b,S11_57ohm,57ohm,frequency_GHz,dB,digitized_paper_measurement,p4_1.png
158,799.5,10.639324487334138,-12.041284403669724,0.38600723763570566,0.20068807339449543,single,fig7b,S11_57ohm,57ohm,frequency_GHz,dB,digitized_paper_measurement,p4_1.png
159,800.0,10.83232810615199,-12.081422018348624,0.38600723763570566,0.16055045871559634,single,fig7b,S11_57ohm,57ohm,frequency_GHz,dB,digitized_paper_measurement,p4_1.png
160,800.5,11.025331724969844,-12.121559633027523,0.38600723763570566,0.20068807339449543,single,fig7b,S11_57ohm,57ohm,frequency_GHz,dB,digitized_paper_measurement,p4_1.png
161,801.5,11.218335343787697,-12.20183486238532,0.38600723763570566,0.20068807339449543,single,fig7b,S11_57ohm,57ohm,frequency_GHz,dB,digitized_paper_measurement,p4_1.png
162,802.5,11.41133896260555,-12.28211009174312,0.38600723763570566,0.20068807339449543,single,fig7b,S11_57ohm,57ohm,frequency_GHz,dB,digitized_paper_measurement,p4_1.png
163,802.5,11.604342581423401,-12.28211009174312,0.38600723763570566,0.20068807339449543,single,fig7b,S11_57ohm,57ohm,frequency_GHz,dB,digitized_paper_measurement,p4_1.png
164,803.5,11.797346200241254,-12.362385321100918,0.38600723763570566,0.2809633027522936,single,fig7b,S11_57ohm,57ohm,frequency_GHz,dB,digitized_paper_measurement,p4_1.png
166,808.0,12.18335343787696,-12.72362385321101,0.38600723763570566,0.3211009174311927,single,fig7b,S11_57ohm,57ohm,frequency_GHz,dB,digitized_paper_measurement,p4_1.png
167,810.5,12.376357056694813,-12.924311926605505,0.38600723763570566,0.2809633027522936,single,fig7b,S11_57ohm,57ohm,frequency_GHz,dB,digitized_paper_measurement,p4_1.png
168,813.5,12.569360675512666,-13.1651376146789,0.38600723763570566,0.2809633027522936,single,fig7b,S11_57ohm,57ohm,frequency_GHz,dB,digitized_paper_measurement,p4_1.png
169,817.0,12.762364294330519,-13.446100917431192,0.38600723763570566,0.3211009174311927,single,fig7b,S11_57ohm,57ohm,frequency_GHz,dB,digitized_paper_measurement,p4_1.png
170,820.5,12.955367913148372,-13.727064220183486,0.38600723763570566,0.36123853211009177,single,fig7b,S11_57ohm,57ohm,frequency_GHz,dB,digitized_paper_measurement,p4_1.png
171,825.0,13.148371531966223,-14.088302752293577,0.38600723763570566,0.40137614678899086,single,fig7b,S11_57ohm,57ohm,frequency_GHz,dB,digitized_paper_measurement,p4_1.png
172,830.0,13.341375150784078,-14.489678899082568,0.38600723763570566,0.40137614678899086,single,fig7b,S11_57ohm,57ohm,frequency_GHz,dB,digitized_paper_measurement,p4_1.png
173,835.0,13.534378769601929,-14.89105504587156,0.38600723763570566,0.481651376146789,single,fig7b,S11_57ohm,57ohm,frequency_GHz,dB,digitized_paper_measurement,p4_1.png
174,841.5,13.727382388419784,-15.412844036697248,0.38600723763570566,0.5217889908256881,single,fig7b,S11_57ohm,57ohm,frequency_GHz,dB,digitized_paper_measurement,p4_1.png
175,848.0,13.920386007237635,-15.934633027522937,0.38600723763570566,0.5619266055045872,single,fig7b,S11_57ohm,57ohm,frequency_GHz,dB,digitized_paper_measurement,p4_1.png
176,855.5,14.11338962605549,-16.53669724770642,0.38600723763570566,0.6020642201834863,single,fig7b,S11_57ohm,57ohm,frequency_GHz,dB,digitized_paper_measurement,p4_1.png
177,864.0,14.306393244873341,-17.219036697247706,0.38600723763570566,0.6422018348623854,single,fig7b,S11_57ohm,57ohm,frequency_GHz,dB,digitized_paper_measurement,p4_1.png
178,874.0,14.499396863691194,-18.021788990825687,0.38600723763570566,0.7224770642201835,single,fig7b,S11_57ohm,57ohm,frequency_GHz,dB,digitized_paper_measurement,p4_1.png
179,885.5,14.692400482509047,-18.94495412844037,0.38600723763570566,0.8428899082568808,single,fig7b,S11_57ohm,57ohm,frequency_GHz,dB,digitized_paper_measurement,p4_1.png
180,897.0,14.8854041013269,-19.868119266055047,0.38600723763570566,0.963302752293578,single,fig7b,S11_57ohm,57ohm,frequency_GHz,dB,digitized_paper_measurement,p4_1.png
181,912.5,15.078407720144753,-21.112385321100916,0.38600723763570566,1.0837155963302754,single,fig7b,S11_57ohm,57ohm,frequency_GHz,dB,digitized_paper_measurement,p4_1.png
182,930.5,15.271411338962604,-22.557339449541285,0.38600723763570566,1.2442660550458717,single,fig7b,S11_57ohm,57ohm,frequency_GHz,dB,digitized_paper_measurement,p4_1.png
183,952.0,15.464414957780459,-24.283256880733944,0.38600723763570566,1.444954128440367,single,fig7b,S11_57ohm,57ohm,frequency_GHz,dB,digitized_paper_measurement,p4_1.png
184,980.5,15.65741857659831,-26.571100917431192,0.38600723763570566,1.9667431192660552,single,fig7b,S11_57ohm,57ohm,frequency_GHz,dB,digitized_paper_measurement,p4_1.png
185,1020.5,15.850422195416165,-29.78211009174312,0.38600723763570566,2.689220183486239,single,fig7b,S11_57ohm,57ohm,frequency_GHz,dB,digitized_paper_measurement,p4_1.png
190,1010.5,16.81544028950543,-28.979357798165136,0.38600723763570566,2.448394495412844,single,fig7b,S11_57ohm,57ohm,frequency_GHz,dB,digitized_paper_measurement,p4_1.png
191,974.0,17.00844390832328,-26.049311926605505,0.38600723763570566,1.846330275229358,single,fig7b,S11_57ohm,57ohm,frequency_GHz,dB,digitized_paper_measurement,p4_1.png
192,947.0,17.201447527141134,-23.881880733944953,0.38600723763570566,1.444954128440367,single,fig7b,S11_57ohm,57ohm,frequency_GHz,dB,digitized_paper_measurement,p4_1.png
193,926.0,17.394451145958985,-22.196100917431192,0.38600723763570566,1.2041284403669725,single,fig7b,S11_57ohm,57ohm,frequency_GHz,dB,digitized_paper_measurement,p4_1.png
194,908.5,17.58745476477684,-20.791284403669724,0.38600723763570566,1.0034403669724772,single,fig7b,S11_57ohm,57ohm,frequency_GHz,dB,digitized_paper_measurement,p4_1.png
195,894.5,17.78045838359469,-19.66743119266055,0.38600723763570566,0.923165137614679,single,fig7b,S11_57ohm,57ohm,frequency_GHz,dB,digitized_paper_measurement,p4_1.png
196,882.0,17.973462002412546,-18.663990825688074,0.38600723763570566,0.8027522935779817,single,fig7b,S11_57ohm,57ohm,frequency_GHz,dB,digitized_paper_measurement,p4_1.png
197,871.0,18.166465621230397,-17.780963302752294,0.38600723763570566,0.7224770642201835,single,fig7b,S11_57ohm,57ohm,frequency_GHz,dB,digitized_paper_measurement,p4_1.png
198,861.0,18.359469240048252,-16.978211009174313,0.38600723763570566,0.7224770642201835,single,fig7b,S11_57ohm,57ohm,frequency_GHz,dB,digitized_paper_measurement,p4_1.png
199,853.5,18.552472858866103,-16.376146788990827,0.38600723763570566,0.6020642201834863,single,fig7b,S11_57ohm,57ohm,frequency_GHz,dB,digitized_paper_measurement,p4_1.png
201,839.0,18.93848009650181,-15.212155963302752,0.38600723763570566,0.481651376146789,single,fig7b,S11_57ohm,57ohm,frequency_GHz,dB,digitized_paper_measurement,p4_1.png
202,833.0,19.13148371531966,-14.730504587155963,0.38600723763570566,0.481651376146789,single,fig7b,S11_57ohm,57ohm,frequency_GHz,dB,digitized_paper_measurement,p4_1.png
203,827.5,19.324487334137515,-14.288990825688073,0.38600723763570566,0.44151376146788995,single,fig7b,S11_57ohm,57ohm,frequency_GHz,dB,digitized_paper_measurement,p4_1.png
204,823.0,19.517490952955367,-13.927752293577981,0.38600723763570566,0.40137614678899086,single,fig7b,S11_57ohm,57ohm,frequency_GHz,dB,digitized_paper_measurement,p4_1.png
205,818.5,19.71049457177322,-13.56651376146789,0.38600723763570566,0.36123853211009177,single,fig7b,S11_57ohm,57ohm,frequency_GHz,dB,digitized_paper_measurement,p4_1.png
206,815.0,19.903498190591073,-13.285550458715596,0.38600723763570566,0.3211009174311927,single,fig7b,S11_57ohm,57ohm,frequency_GHz,dB,digitized_paper_measurement,p4_1.png
207,811.5,20.096501809408927,-13.004587155963304,0.38600723763570566,0.2809633027522936,single,fig7b,S11_57ohm,57ohm,frequency_GHz,dB,digitized_paper_measurement,p4_1.png
208,808.5,20.28950542822678,-12.763761467889909,0.38600723763570566,0.2809633027522936,single,fig7b,S11_57ohm,57ohm,frequency_GHz,dB,digitized_paper_measurement,p4_1.png
209,806.5,20.482509047044633,-12.603211009174313,0.38600723763570566,0.2809633027522936,single,fig7b,S11_57ohm,57ohm,frequency_GHz,dB,digitized_paper_measurement,p4_1.png
210,804.0,20.675512665862485,-12.402522935779816,0.38600723763570566,0.2408256880733945,single,fig7b,S11_57ohm,57ohm,frequency_GHz,dB,digitized_paper_measurement,p4_1.png
211,802.0,20.86851628468034,-12.24197247706422,0.38600723763570566,0.2408256880733945,single,fig7b,S11_57ohm,57ohm,frequency_GHz,dB,digitized_paper_measurement,p4_1.png
212,800.5,21.06151990349819,-12.121559633027523,0.38600723763570566,0.20068807339449543,single,fig7b,S11_57ohm,57ohm,frequency_GHz,dB,digitized_paper_measurement,p4_1.png
213,799.0,21.254523522316042,-12.001146788990825,0.38600723763570566,0.2408256880733945,single,fig7b,S11_57ohm,57ohm,frequency_GHz,dB,digitized_paper_measurement,p4_1.png
214,797.5,21.447527141133897,-11.880733944954128,0.38600723763570566,0.20068807339449543,single,fig7b,S11_57ohm,57ohm,frequency_GHz,dB,digitized_paper_measurement,p4_1.png
215,797.0,21.640530759951748,-11.840596330275229,0.38600723763570566,0.16055045871559634,single,fig7b,S11_57ohm,57ohm,frequency_GHz,dB,digitized_paper_measurement,p4_1.png
217,796.5,22.026537997587454,-11.80045871559633,0.38600723763570566,0.20068807339449543,single,fig7b,S11_57ohm,57ohm,frequency_GHz,dB,digitized_paper_measurement,p4_1.png
218,797.5,22.21954161640531,-11.880733944954128,0.38600723763570566,0.20068807339449543,single,fig7b,S11_57ohm,57ohm,frequency_GHz,dB,digitized_paper_measurement,p4_1.png
219,799.0,22.41254523522316,-12.001146788990825,0.38600723763570566,0.2408256880733945,single,fig7b,S11_57ohm,57ohm,frequency_GHz,dB,digitized_paper_measurement,p4_1.png
220,800.0,22.605548854041015,-12.081422018348624,0.38600723763570566,0.2408256880733945,single,fig7b,S11_57ohm,57ohm,frequency_GHz,dB,digitized_paper_measurement,p4_1.png
221,800.0,22.798552472858866,-12.081422018348624,0.38600723763570566,0.2408256880733945,single,fig7b,S11_57ohm,57ohm,frequency_GHz,dB,digitized_paper_measurement,p4_1.png
223,794.5,23.18455971049457,-11.639908256880734,0.38600723763570566,0.2809633027522936,single,fig7b,S11_57ohm,57ohm,frequency_GHz,dB,digitized_paper_measurement,p4_1.png
224,796.0,23.377563329312423,-11.760321100917432,0.38600723763570566,0.3211009174311927,single,fig7b,S11_57ohm,57ohm,frequency_GHz,dB,digitized_paper_measurement,p4_1.png
225,799.5,23.570566948130278,-12.041284403669724,0.38600723763570566,0.36123853211009177,single,fig7b,S11_57ohm,57ohm,frequency_GHz,dB,digitized_paper_measurement,p4_1.png
227,806.5,23.956574185765984,-12.603211009174313,0.38600723763570566,0.36123853211009177,single,fig7b,S11_57ohm,57ohm,frequency_GHz,dB,digitized_paper_measurement,p4_1.png
228,811.0,24.149577804583835,-12.964449541284404,0.38600723763570566,0.40137614678899086,single,fig7b,S11_57ohm,57ohm,frequency_GHz,dB,digitized_paper_measurement,p4_1.png
230,820.0,24.53558504221954,-13.686926605504587,0.38600723763570566,0.40137614678899086,single,fig7b,S11_57ohm,57ohm,frequency_GHz,dB,digitized_paper_measurement,p4_1.png
231,825.5,24.728588661037396,-14.128440366972477,0.38600723763570566,0.44151376146788995,single,fig7b,S11_57ohm,57ohm,frequency_GHz,dB,digitized_paper_measurement,p4_1.png
232,831.5,24.921592279855247,-14.610091743119266,0.38600723763570566,0.5217889908256881,single,fig7b,S11_57ohm,57ohm,frequency_GHz,dB,digitized_paper_measurement,p4_1.png
233,838.0,25.1145958986731,-15.131880733944953,0.38600723763570566,0.5619266055045872,single,fig7b,S11_57ohm,57ohm,frequency_GHz,dB,digitized_paper_measurement,p4_1.png
238,883.5,26.079613992762365,-18.78440366972477,0.38600723763570566,0.8428899082568808,single,fig7b,S11_57ohm,57ohm,frequency_GHz,dB,digitized_paper_measurement,p4_1.png
240,910.5,26.46562123039807,-20.951834862385322,0.38600723763570566,1.0034403669724772,single,fig7b,S11_57ohm,57ohm,frequency_GHz,dB,digitized_paper_measurement,p4_1.png
241,934.5,26.658624849215922,-22.878440366972477,0.38600723763570566,1.8061926605504588,merged,fig7b,S11_57ohm,57ohm,frequency_GHz,dB,digitized_paper_measurement,p4_1.png
242,944.5,26.851628468033777,-23.681192660550458,0.38600723763570566,1.886467889908257,merged,fig7b,S11_57ohm,57ohm,frequency_GHz,dB,digitized_paper_measurement,p4_1.png
244,1012.5,27.237635705669483,-29.139908256880734,0.38600723763570566,2.5286697247706424,single,fig7b,S11_57ohm,57ohm,frequency_GHz,dB,digitized_paper_measurement,p4_1.png
246,902.0,27.623642943305185,-20.269495412844037,0.38600723763570566,0.16055045871559634,single,fig7b,S11_57ohm,57ohm,frequency_GHz,dB,digitized_paper_measurement,p4_1.png
247,894.0,27.81664656212304,-19.62729357798165,0.38600723763570566,0.16055045871559634,single,fig7b,S11_57ohm,57ohm,frequency_GHz,dB,digitized_paper_measurement,p4_1.png
249,1024.5,28.202653799758746,-30.103211009174313,0.38600723763570566,2.7694954128440368,single,fig7b,S11_57ohm,57ohm,frequency_GHz,dB,digitized_paper_measurement,p4_1.png
251,956.5,28.588661037394452,-24.644495412844037,0.38600723763570566,1.485091743119266,single,fig7b,S11_57ohm,57ohm,frequency_GHz,dB,digitized_paper_measurement,p4_1.png
252,934.5,28.781664656212303,-22.878440366972477,0.38600723763570566,1.2442660550458717,single,fig7b,S11_57ohm,57ohm,frequency_GHz,dB,digitized_paper_measurement,p4_1.png
253,917.0,28.974668275030155,-21.47362385321101,0.38600723763570566,1.1238532110091743,single,fig7b,S11_57ohm,57ohm,frequency_GHz,dB,digitized_paper_measurement,p4_1.png
254,902.0,29.16767189384801,-20.269495412844037,0.38600723763570566,0.8830275229357799,single,fig7b,S11_57ohm,57ohm,frequency_GHz,dB,digitized_paper_measurement,p4_1.png
255,889.0,29.360675512665864,-19.22591743119266,0.38600723763570566,0.8027522935779817,single,fig7b,S11_57ohm,57ohm,frequency_GHz,dB,digitized_paper_measurement,p4_1.png
256,878.5,29.553679131483715,-18.38302752293578,0.38600723763570566,0.7626146788990826,single,fig7b,S11_57ohm,57ohm,frequency_GHz,dB,digitized_paper_measurement,p4_1.png
257,869.0,29.746682750301567,-17.620412844036696,0.38600723763570566,0.6422018348623854,single,fig7b,S11_57ohm,57ohm,frequency_GHz,dB,digitized_paper_measurement,p4_1.png
258,855.5,29.93968636911942,-16.53669724770642,0.38600723763570566,0.20068807339449543,single,fig7b,S11_57ohm,57ohm,frequency_GHz,dB,digitized_paper_measurement,p4_1.png
260,845.0,30.325693606755127,-15.693807339449542,0.38600723763570566,0.5619266055045872,single,fig7b,S11_57ohm,57ohm,frequency_GHz,dB,digitized_paper_measurement,p4_1.png
261,839.0,30.51869722557298,-15.212155963302752,0.38600723763570566,0.481651376146789,single,fig7b,S11_57ohm,57ohm,frequency_GHz,dB,digitized_paper_measurement,p4_1.png
262,834.0,30.711700844390833,-14.810779816513762,0.38600723763570566,0.481651376146789,single,fig7b,S11_57ohm,57ohm,frequency_GHz,dB,digitized_paper_measurement,p4_1.png
263,829.0,30.904704463208684,-14.409403669724771,0.38600723763570566,0.40137614678899086,single,fig7b,S11_57ohm,57ohm,frequency_GHz,dB,digitized_paper_measurement,p4_1.png
264,824.5,31.097708082026536,-14.04816513761468,0.38600723763570566,0.36123853211009177,single,fig7b,S11_57ohm,57ohm,frequency_GHz,dB,digitized_paper_measurement,p4_1.png
265,821.0,31.29071170084439,-13.767201834862385,0.38600723763570566,0.3211009174311927,single,fig7b,S11_57ohm,57ohm,frequency_GHz,dB,digitized_paper_measurement,p4_1.png
266,817.5,31.483715319662245,-13.486238532110091,0.38600723763570566,0.2809633027522936,single,fig7b,S11_57ohm,57ohm,frequency_GHz,dB,digitized_paper_measurement,p4_1.png
267,815.0,31.676718938480096,-13.285550458715596,0.38600723763570566,0.3211009174311927,single,fig7b,S11_57ohm,57ohm,frequency_GHz,dB,digitized_paper_measurement,p4_1.png
268,811.5,31.869722557297948,-13.004587155963304,0.38600723763570566,0.2809633027522936,single,fig7b,S11_57ohm,57ohm,frequency_GHz,dB,digitized_paper_measurement,p4_1.png
270,807.5,32.25572979493366,-12.68348623853211,0.38600723763570566,0.2809633027522936,single,fig7b,S11_57ohm,57ohm,frequency_GHz,dB,digitized_paper_measurement,p4_1.png
271,805.5,32.44873341375151,-12.522935779816514,0.38600723763570566,0.2809633027522936,single,fig7b,S11_57ohm,57ohm,frequency_GHz,dB,digitized_paper_measurement,p4_1.png
272,804.0,32.64173703256936,-12.402522935779816,0.38600723763570566,0.2408256880733945,single,fig7b,S11_57ohm,57ohm,frequency_GHz,dB,digitized_paper_measurement,p4_1.png
273,802.5,32.834740651387214,-12.28211009174312,0.38600723763570566,0.20068807339449543,single,fig7b,S11_57ohm,57ohm,frequency_GHz,dB,digitized_paper_measurement,p4_1.png
274,802.5,33.02774427020506,-12.28211009174312,0.38600723763570566,0.20068807339449543,single,fig7b,S11_57ohm,57ohm,frequency_GHz,dB,digitized_paper_measurement,p4_1.png
277,806.5,33.606755126658626,-12.603211009174313,0.38600723763570566,0.20068807339449543,single,fig7b,S11_57ohm,57ohm,frequency_GHz,dB,digitized_paper_measurement,p4_1.png
280,808.5,34.185765983112184,-12.763761467889909,0.38600723763570566,0.2809633027522936,single,fig7b,S11_57ohm,57ohm,frequency_GHz,dB,digitized_paper_measurement,p4_1.png
281,809.0,34.37876960193004,-12.803899082568808,0.38600723763570566,0.2408256880733945,single,fig7b,S11_57ohm,57ohm,frequency_GHz,dB,digitized_paper_measurement,p4_1.png
282,806.0,34.571773220747886,-12.563073394495413,0.38600723763570566,0.40137614678899086,single,fig7b,S11_57ohm,57ohm,frequency_GHz,dB,digitized_paper_measurement,p4_1.png
283,802.5,34.76477683956574,-12.28211009174312,0.38600723763570566,0.2809633027522936,single,fig7b,S11_57ohm,57ohm,frequency_GHz,dB,digitized_paper_measurement,p4_1.png
285,801.5,35.15078407720145,-12.20183486238532,0.38600723763570566,0.20068807339449543,single,fig7b,S11_57ohm,57ohm,frequency_GHz,dB,digitized_paper_measurement,p4_1.png
286,803.5,35.3437876960193,-12.362385321100918,0.38600723763570566,0.2809633027522936,single,fig7b,S11_57ohm,57ohm,frequency_GHz,dB,digitized_paper_measurement,p4_1.png
287,807.0,35.53679131483715,-12.64334862385321,0.38600723763570566,0.40137614678899086,single,fig7b,S11_57ohm,57ohm,frequency_GHz,dB,digitized_paper_measurement,p4_1.png
288,811.0,35.72979493365501,-12.964449541284404,0.38600723763570566,0.40137614678899086,single,fig7b,S11_57ohm,57ohm,frequency_GHz,dB,digitized_paper_measurement,p4_1.png
292,836.0,36.50180940892642,-14.971330275229358,0.38600723763570566,0.481651376146789,single,fig7b,S11_57ohm,57ohm,frequency_GHz,dB,digitized_paper_measurement,p4_1.png
293,843.0,36.694813027744274,-15.533256880733944,0.38600723763570566,0.5619266055045872,single,fig7b,S11_57ohm,57ohm,frequency_GHz,dB,digitized_paper_measurement,p4_1.png
295,860.5,37.08082026537998,-16.93807339449541,0.38600723763570566,0.6823394495412844,single,fig7b,S11_57ohm,57ohm,frequency_GHz,dB,digitized_paper_measurement,p4_1.png
297,882.0,37.46682750301568,-18.663990825688074,0.38600723763570566,0.8830275229357799,single,fig7b,S11_57ohm,57ohm,frequency_GHz,dB,digitized_paper_measurement,p4_1.png
299,910.0,37.85283474065139,-20.91169724770642,0.38600723763570566,0.963302752293578,single,fig7b,S11_57ohm,57ohm,frequency_GHz,dB,digitized_paper_measurement,p4_1.png
300,926.5,38.04583835946924,-22.236238532110093,0.38600723763570566,1.1639908256880735,single,fig7b,S11_57ohm,57ohm,frequency_GHz,dB,digitized_paper_measurement,p4_1.png
302,978.5,38.431845597104946,-26.410550458715598,0.38600723763570566,2.1272935779816513,single,fig7b,S11_57ohm,57ohm,frequency_GHz,dB,digitized_paper_measurement,p4_1.png
303,1002.0,38.624849215922794,-28.297018348623855,0.38600723763570566,2.1674311926605507,single,fig7b,S11_57ohm,57ohm,frequency_GHz,dB,digitized_paper_measurement,p4_1.png
306,914.0,39.20386007237636,-21.232798165137616,0.38600723763570566,0.16055045871559634,single,fig7b,S11_57ohm,57ohm,frequency_GHz,dB,digitized_paper_measurement,p4_1.png
308,1036.5,39.58986731001207,-31.06651376146789,0.38600723763570566,3.6525229357798166,single,fig7b,S11_57ohm,57ohm,frequency_GHz,dB,digitized_paper_measurement,p4_1.png
309,988.0,39.782870928829915,-27.173165137614678,0.38600723763570566,2.0068807339449544,single,fig7b,S11_57ohm,57ohm,frequency_GHz,dB,digitized_paper_measurement,p4_1.png
310,961.5,39.97587454764777,-25.045871559633028,0.38600723763570566,1.0837155963302754,single,fig7b,S11_57ohm,57ohm,frequency_GHz,dB,digitized_paper_measurement,p4_1.png
311,942.5,40.16887816646562,-23.520642201834864,0.38600723763570566,1.2442660550458717,single,fig7b,S11_57ohm,57ohm,frequency_GHz,dB,digitized_paper_measurement,p4_1.png
312,922.0,40.36188178528347,-21.875,0.38600723763570566,1.364678899082569,single,fig7b,S11_57ohm,57ohm,frequency_GHz,dB,digitized_paper_measurement,p4_1.png
313,904.5,40.55488540410133,-20.470183486238533,0.38600723763570566,0.923165137614679,single,fig7b,S11_57ohm,57ohm,frequency_GHz,dB,digitized_paper_measurement,p4_1.png
314,893.5,40.74788902291918,-19.587155963302752,0.38600723763570566,0.5217889908256881,single,fig7b,S11_57ohm,57ohm,frequency_GHz,dB,digitized_paper_measurement,p4_1.png
315,887.0,40.94089264173704,-19.065366972477065,0.38600723763570566,0.481651376146789,single,fig7b,S11_57ohm,57ohm,frequency_GHz,dB,digitized_paper_measurement,p4_1.png
317,862.5,41.32689987937274,-17.09862385321101,0.38600723763570566,0.6020642201834863,single,fig7b,S11_57ohm,57ohm,frequency_GHz,dB,digitized_paper_measurement,p4_1.png
318,856.0,41.51990349819059,-16.576834862385322,0.38600723763570566,0.40137614678899086,single,fig7b,S11_57ohm,57ohm,frequency_GHz,dB,digitized_paper_measurement,p4_1.png
319,849.5,41.71290711700844,-16.05504587155963,0.38600723763570566,0.5217889908256881,single,fig7b,S11_57ohm,57ohm,frequency_GHz,dB,digitized_paper_measurement,p4_1.png
321,836.5,42.09891435464415,-15.011467889908257,0.38600723763570566,0.44151376146788995,single,fig7b,S11_57ohm,57ohm,frequency_GHz,dB,digitized_paper_measurement,p4_1.png
322,831.0,42.291917973462006,-14.569954128440367,0.38600723763570566,0.40137614678899086,single,fig7b,S11_57ohm,57ohm,frequency_GHz,dB,digitized_paper_measurement,p4_1.png
323,827.0,42.48492159227985,-14.248853211009175,0.38600723763570566,0.40137614678899086,single,fig7b,S11_57ohm,57ohm,frequency_GHz,dB,digitized_paper_measurement,p4_1.png
324,822.5,42.67792521109771,-13.887614678899082,0.38600723763570566,0.36123853211009177,single,fig7b,S11_57ohm,57ohm,frequency_GHz,dB,digitized_paper_measurement,p4_1.png
325,818.5,42.870928829915556,-13.56651376146789,0.38600723763570566,0.36123853211009177,single,fig7b,S11_57ohm,57ohm,frequency_GHz,dB,digitized_paper_measurement,p4_1.png
326,815.5,43.06393244873341,-13.325688073394495,0.38600723763570566,0.36123853211009177,single,fig7b,S11_57ohm,57ohm,frequency_GHz,dB,digitized_paper_measurement,p4_1.png
327,812.5,43.256936067551266,-13.0848623853211,0.38600723763570566,0.2809633027522936,single,fig7b,S11_57ohm,57ohm,frequency_GHz,dB,digitized_paper_measurement,p4_1.png
328,811.0,43.44993968636912,-12.964449541284404,0.38600723763570566,0.2408256880733945,single,fig7b,S11_57ohm,57ohm,frequency_GHz,dB,digitized_paper_measurement,p4_1.png
329,809.0,43.642943305186975,-12.803899082568808,0.38600723763570566,0.3211009174311927,merged,fig7b,S11_57ohm,57ohm,frequency_GHz,dB,digitized_paper_measurement,p4_1.png
330,808.0,43.83594692400483,-12.72362385321101,0.38600723763570566,0.3211009174311927,single,fig7b,S11_57ohm,57ohm,frequency_GHz,dB,digitized_paper_measurement,p4_1.png
331,805.5,44.02895054282268,-12.522935779816514,0.38600723763570566,0.2809633027522936,single,fig7b,S11_57ohm,57ohm,frequency_GHz,dB,digitized_paper_measurement,p4_1.png
332,806.0,44.22195416164053,-12.563073394495413,0.38600723763570566,0.2408256880733945,single,fig7b,S11_57ohm,57ohm,frequency_GHz,dB,digitized_paper_measurement,p4_1.png
333,806.5,44.41495778045838,-12.603211009174313,0.38600723763570566,0.2809633027522936,single,fig7b,S11_57ohm,57ohm,frequency_GHz,dB,digitized_paper_measurement,p4_1.png
334,803.0,44.607961399276235,-12.322247706422019,0.38600723763570566,0.2408256880733945,single,fig7b,S11_57ohm,57ohm,frequency_GHz,dB,digitized_paper_measurement,p4_1.png
336,803.5,44.993968636911944,-12.362385321100918,0.38600723763570566,0.2809633027522936,single,fig7b,S11_57ohm,57ohm,frequency_GHz,dB,digitized_paper_measurement,p4_1.png
337,805.5,45.1869722557298,-12.522935779816514,0.38600723763570566,0.20068807339449543,single,fig7b,S11_57ohm,57ohm,frequency_GHz,dB,digitized_paper_measurement,p4_1.png
338,805.0,45.37997587454765,-12.482798165137615,0.38600723763570566,0.2408256880733945,single,fig7b,S11_57ohm,57ohm,frequency_GHz,dB,digitized_paper_measurement,p4_1.png
339,805.5,45.5729794933655,-12.522935779816514,0.38600723763570566,0.2809633027522936,single,fig7b,S11_57ohm,57ohm,frequency_GHz,dB,digitized_paper_measurement,p4_1.png
340,809.5,45.76598311218335,-12.844036697247706,0.38600723763570566,0.5217889908256881,merged,fig7b,S11_57ohm,57ohm,frequency_GHz,dB,digitized_paper_measurement,p4_1.png
341,807.5,45.958986731001204,-12.68348623853211,0.38600723763570566,0.20068807339449543,single,fig7b,S11_57ohm,57ohm,frequency_GHz,dB,digitized_paper_measurement,p4_1.png
342,808.0,46.15199034981906,-12.72362385321101,0.38600723763570566,0.16055045871559634,single,fig7b,S11_57ohm,57ohm,frequency_GHz,dB,digitized_paper_measurement,p4_1.png
343,808.5,46.34499396863691,-12.763761467889909,0.38600723763570566,0.20068807339449543,single,fig7b,S11_57ohm,57ohm,frequency_GHz,dB,digitized_paper_measurement,p4_1.png
344,809.0,46.53799758745477,-12.803899082568808,0.38600723763570566,0.2408256880733945,single,fig7b,S11_57ohm,57ohm,frequency_GHz,dB,digitized_paper_measurement,p4_1.png
345,811.5,46.731001206272616,-13.004587155963304,0.38600723763570566,0.2809633027522936,single,fig7b,S11_57ohm,57ohm,frequency_GHz,dB,digitized_paper_measurement,p4_1.png
346,812.5,46.92400482509047,-13.0848623853211,0.38600723763570566,0.2809633027522936,single,fig7b,S11_57ohm,57ohm,frequency_GHz,dB,digitized_paper_measurement,p4_1.png
347,814.0,47.11700844390832,-13.205275229357799,0.38600723763570566,0.2408256880733945,single,fig7b,S11_57ohm,57ohm,frequency_GHz,dB,digitized_paper_measurement,p4_1.png
348,815.0,47.31001206272617,-13.285550458715596,0.38600723763570566,0.2408256880733945,single,fig7b,S11_57ohm,57ohm,frequency_GHz,dB,digitized_paper_measurement,p4_1.png
349,819.0,47.50301568154403,-13.60665137614679,0.38600723763570566,0.481651376146789,single,fig7b,S11_57ohm,57ohm,frequency_GHz,dB,digitized_paper_measurement,p4_1.png
350,823.5,47.69601930036188,-13.96788990825688,0.38600723763570566,0.5217889908256881,single,fig7b,S11_57ohm,57ohm,frequency_GHz,dB,digitized_paper_measurement,p4_1.png
351,828.5,47.88902291917974,-14.369266055045872,0.38600723763570566,0.36123853211009177,single,fig7b,S11_57ohm,57ohm,frequency_GHz,dB,digitized_paper_measurement,p4_1.png
353,839.0,48.27503015681544,-15.212155963302752,0.38600723763570566,0.5619266055045872,single,fig7b,S11_57ohm,57ohm,frequency_GHz,dB,digitized_paper_measurement,p4_1.png
354,845.5,48.468033775633295,-15.73394495412844,0.38600723763570566,0.5217889908256881,single,fig7b,S11_57ohm,57ohm,frequency_GHz,dB,digitized_paper_measurement,p4_1.png
355,851.5,48.66103739445114,-16.21559633027523,0.38600723763570566,0.36123853211009177,single,fig7b,S11_57ohm,57ohm,frequency_GHz,dB,digitized_paper_measurement,p4_1.png
356,856.5,48.854041013269,-16.61697247706422,0.38600723763570566,0.44151376146788995,single,fig7b,S11_57ohm,57ohm,frequency_GHz,dB,digitized_paper_measurement,p4_1.png
358,872.5,49.24004825090471,-17.90137614678899,0.38600723763570566,0.6020642201834863,single,fig7b,S11_57ohm,57ohm,frequency_GHz,dB,digitized_paper_measurement,p4_1.png
359,879.5,49.43305186972256,-18.46330275229358,0.38600723763570566,0.5217889908256881,single,fig7b,S11_57ohm,57ohm,frequency_GHz,dB,digitized_paper_measurement,p4_1.png
360,887.5,49.62605548854041,-19.105504587155963,0.38600723763570566,0.6020642201834863,single,fig7b,S11_57ohm,57ohm,frequency_GHz,dB,digitized_paper_measurement,p4_1.png
361,895.5,49.819059107358264,-19.74770642201835,0.38600723763570566,0.6020642201834863,single,fig7b,S11_57ohm,57ohm,frequency_GHz,dB,digitized_paper_measurement,p4_1.png
362,904.5,50.01206272617611,-20.470183486238533,0.38600723763570566,0.6020642201834863,single,fig7b,S11_57ohm,57ohm,frequency_GHz,dB,digitized_paper_measurement,p4_1.png
363,914.0,50.205066344993966,-21.232798165137616,0.38600723763570566,0.7224770642201835,single,fig7b,S11_57ohm,57ohm,frequency_GHz,dB,digitized_paper_measurement,p4_1.png
365,930.5,50.591073582629676,-22.557339449541285,0.38600723763570566,0.44151376146788995,single,fig7b,S11_57ohm,57ohm,frequency_GHz,dB,digitized_paper_measurement,p4_1.png
366,939.5,50.78407720144753,-23.279816513761467,0.38600723763570566,0.6823394495412844,single,fig7b,S11_57ohm,57ohm,frequency_GHz,dB,digitized_paper_measurement,p4_1.png
367,947.5,50.97708082026538,-23.922018348623855,0.38600723763570566,0.6823394495412844,single,fig7b,S11_57ohm,57ohm,frequency_GHz,dB,digitized_paper_measurement,p4_1.png
368,951.5,51.17008443908323,-24.243119266055047,0.38600723763570566,0.36123853211009177,single,fig7b,S11_57ohm,57ohm,frequency_GHz,dB,digitized_paper_measurement,p4_1.png
369,950.5,51.36308805790108,-24.162844036697248,0.38600723763570566,0.36123853211009177,single,fig7b,S11_57ohm,57ohm,frequency_GHz,dB,digitized_paper_measurement,p4_1.png
370,952.5,51.556091676718935,-24.323394495412845,0.38600723763570566,0.44151376146788995,single,fig7b,S11_57ohm,57ohm,frequency_GHz,dB,digitized_paper_measurement,p4_1.png
371,952.5,51.74909529553679,-24.323394495412845,0.38600723763570566,0.5217889908256881,single,fig7b,S11_57ohm,57ohm,frequency_GHz,dB,digitized_paper_measurement,p4_1.png
372,945.0,51.942098914354645,-23.72133027522936,0.38600723763570566,0.8027522935779817,single,fig7b,S11_57ohm,57ohm,frequency_GHz,dB,digitized_paper_measurement,p4_1.png
373,938.0,52.1351025331725,-23.15940366972477,0.38600723763570566,0.3211009174311927,single,fig7b,S11_57ohm,57ohm,frequency_GHz,dB,digitized_paper_measurement,p4_1.png
374,937.0,52.32810615199035,-23.079128440366972,0.38600723763570566,0.3211009174311927,single,fig7b,S11_57ohm,57ohm,frequency_GHz,dB,digitized_paper_measurement,p4_1.png
376,919.0,52.71411338962606,-21.634174311926607,0.38600723763570566,0.6422018348623854,single,fig7b,S11_57ohm,57ohm,frequency_GHz,dB,digitized_paper_measurement,p4_1.png
377,913.5,52.90711700844391,-21.192660550458715,0.38600723763570566,0.20068807339449543,single,fig7b,S11_57ohm,57ohm,frequency_GHz,dB,digitized_paper_measurement,p4_1.png
378,910.0,53.10012062726176,-20.91169724770642,0.38600723763570566,0.481651376146789,single,fig7b,S11_57ohm,57ohm,frequency_GHz,dB,digitized_paper_measurement,p4_1.png
379,903.0,53.293124246079614,-20.349770642201836,0.38600723763570566,0.7224770642201835,single,fig7b,S11_57ohm,57ohm,frequency_GHz,dB,digitized_paper_measurement,p4_1.png
380,896.5,53.48612786489747,-19.827981651376145,0.38600723763570566,0.36123853211009177,single,fig7b,S11_57ohm,57ohm,frequency_GHz,dB,digitized_paper_measurement,p4_1.png
381,894.5,53.67913148371532,-19.66743119266055,0.38600723763570566,0.20068807339449543,single,fig7b,S11_57ohm,57ohm,frequency_GHz,dB,digitized_paper_measurement,p4_1.png
382,891.0,53.87213510253317,-19.386467889908257,0.38600723763570566,0.481651376146789,single,fig7b,S11_57ohm,57ohm,frequency_GHz,dB,digitized_paper_measurement,p4_1.png
383,886.5,54.065138721351026,-19.025229357798164,0.38600723763570566,0.44151376146788995,single,fig7b,S11_57ohm,57ohm,frequency_GHz,dB,digitized_paper_measurement,p4_1.png
385,884.0,54.45114595898673,-18.82454128440367,0.38600723763570566,0.2408256880733945,single,fig7b,S11_57ohm,57ohm,frequency_GHz,dB,digitized_paper_measurement,p4_1.png
386,881.0,54.64414957780458,-18.583715596330276,0.38600723763570566,0.40137614678899086,single,fig7b,S11_57ohm,57ohm,frequency_GHz,dB,digitized_paper_measurement,p4_1.png
387,878.0,54.83715319662244,-18.34288990825688,0.38600723763570566,0.2408256880733945,single,fig7b,S11_57ohm,57ohm,frequency_GHz,dB,digitized_paper_measurement,p4_1.png
388,878.5,55.03015681544029,-18.38302752293578,0.38600723763570566,0.2809633027522936,single,fig7b,S11_57ohm,57ohm,frequency_GHz,dB,digitized_paper_measurement,p4_1.png
389,879.5,55.22316043425814,-18.46330275229358,0.38600723763570566,0.20068807339449543,single,fig7b,S11_57ohm,57ohm,frequency_GHz,dB,digitized_paper_measurement,p4_1.png
390,878.5,55.416164053075995,-18.38302752293578,0.38600723763570566,0.20068807339449543,single,fig7b,S11_57ohm,57ohm,frequency_GHz,dB,digitized_paper_measurement,p4_1.png
391,879.0,55.60916767189385,-18.423165137614678,0.38600723763570566,0.2408256880733945,single,fig7b,S11_57ohm,57ohm,frequency_GHz,dB,digitized_paper_measurement,p4_1.png
392,881.0,55.8021712907117,-18.583715596330276,0.38600723763570566,0.2408256880733945,single,fig7b,S11_57ohm,57ohm,frequency_GHz,dB,digitized_paper_measurement,p4_1.png
393,881.0,55.99517490952955,-18.583715596330276,0.38600723763570566,0.2408256880733945,single,fig7b,S11_57ohm,57ohm,frequency_GHz,dB,digitized_paper_measurement,p4_1.png
394,881.0,56.18817852834741,-18.583715596330276,0.38600723763570566,0.2408256880733945,single,fig7b,S11_57ohm,57ohm,frequency_GHz,dB,digitized_paper_measurement,p4_1.png
395,884.0,56.38118214716526,-18.82454128440367,0.38600723763570566,0.40137614678899086,single,fig7b,S11_57ohm,57ohm,frequency_GHz,dB,digitized_paper_measurement,p4_1.png
396,888.5,56.57418576598311,-19.18577981651376,0.38600723763570566,0.44151376146788995,single,fig7b,S11_57ohm,57ohm,frequency_GHz,dB,digitized_paper_measurement,p4_1.png
397,895.0,56.767189384800965,-19.70756880733945,0.38600723763570566,0.481651376146789,single,fig7b,S11_57ohm,57ohm,frequency_GHz,dB,digitized_paper_measurement,p4_1.png
398,901.5,56.96019300361882,-20.229357798165136,0.38600723763570566,0.6020642201834863,single,fig7b,S11_57ohm,57ohm,frequency_GHz,dB,digitized_paper_measurement,p4_1.png
399,907.5,57.153196622436674,-20.711009174311926,0.38600723763570566,0.44151376146788995,single,fig7b,S11_57ohm,57ohm,frequency_GHz,dB,digitized_paper_measurement,p4_1.png
400,912.0,57.34620024125452,-21.07224770642202,0.38600723763570566,0.2408256880733945,single,fig7b,S11_57ohm,57ohm,frequency_GHz,dB,digitized_paper_measurement,p4_1.png
401,913.5,57.53920386007238,-21.192660550458715,0.38600723763570566,0.2809633027522936,single,fig7b,S11_57ohm,57ohm,frequency_GHz,dB,digitized_paper_measurement,p4_1.png
402,916.5,57.73220747889023,-21.43348623853211,0.38600723763570566,0.36123853211009177,single,fig7b,S11_57ohm,57ohm,frequency_GHz,dB,digitized_paper_measurement,p4_1.png
403,918.0,57.92521109770808,-21.553899082568808,0.38600723763570566,0.2408256880733945,single,fig7b,S11_57ohm,57ohm,frequency_GHz,dB,digitized_paper_measurement,p4_1.png
404,918.0,58.118214716525934,-21.553899082568808,0.38600723763570566,0.2408256880733945,single,fig7b,S11_57ohm,57ohm,frequency_GHz,dB,digitized_paper_measurement,p4_1.png
406,923.5,58.50422195416164,-21.995412844036696,0.38600723763570566,0.36123853211009177,single,fig7b,S11_57ohm,57ohm,frequency_GHz,dB,digitized_paper_measurement,p4_1.png
407,926.5,58.69722557297949,-22.236238532110093,0.38600723763570566,0.20068807339449543,single,fig7b,S11_57ohm,57ohm,frequency_GHz,dB,digitized_paper_measurement,p4_1.png
409,936.0,59.0832328106152,-22.998853211009173,0.38600723763570566,0.6422018348623854,single,fig7b,S11_57ohm,57ohm,frequency_GHz,dB,digitized_paper_measurement,p4_1.png
410,943.0,59.276236429433055,-23.56077981651376,0.38600723763570566,0.481651376146789,single,fig7b,S11_57ohm,57ohm,frequency_GHz,dB,digitized_paper_measurement,p4_1.png
411,949.5,59.4692400482509,-24.08256880733945,0.38600723763570566,0.44151376146788995,single,fig7b,S11_57ohm,57ohm,frequency_GHz,dB,digitized_paper_measurement,p4_1.png
412,954.5,59.66224366706876,-24.48394495412844,0.38600723763570566,0.44151376146788995,single,fig7b,S11_57ohm,57ohm,frequency_GHz,dB,digitized_paper_measurement,p4_1.png
414,955.5,60.04825090470446,-24.56422018348624,0.38600723763570566,0.36123853211009177,single,fig7b,S11_57ohm,57ohm,frequency_GHz,dB,digitized_paper_measurement,p4_1.png
415,951.5,60.241254523522315,-24.243119266055047,0.38600723763570566,0.36123853211009177,single,fig7b,S11_57ohm,57ohm,frequency_GHz,dB,digitized_paper_measurement,p4_1.png
418,928.5,60.82026537997587,-22.396788990825687,0.38600723763570566,0.6823394495412844,single,fig7b,S11_57ohm,57ohm,frequency_GHz,dB,digitized_paper_measurement,p4_1.png
420,910.0,61.20627261761158,-20.91169724770642,0.38600723763570566,0.6422018348623854,single,fig7b,S11_57ohm,57ohm,frequency_GHz,dB,digitized_paper_measurement,p4_1.png
421,900.0,61.399276236429436,-20.10894495412844,0.38600723763570566,0.7224770642201835,merged,fig7b,S11_57ohm,57ohm,frequency_GHz,dB,digitized_paper_measurement,p4_1.png
422,895.5,61.592279855247284,-19.74770642201835,0.38600723763570566,0.6020642201834863,single,fig7b,S11_57ohm,57ohm,frequency_GHz,dB,digitized_paper_measurement,p4_1.png
423,887.0,61.78528347406514,-19.065366972477065,0.38600723763570566,0.6422018348623854,single,fig7b,S11_57ohm,57ohm,frequency_GHz,dB,digitized_paper_measurement,p4_1.png
424,879.0,61.978287092882994,-18.423165137614678,0.38600723763570566,0.5619266055045872,single,fig7b,S11_57ohm,57ohm,frequency_GHz,dB,digitized_paper_measurement,p4_1.png
425,872.5,62.17129071170084,-17.90137614678899,0.38600723763570566,0.44151376146788995,single,fig7b,S11_57ohm,57ohm,frequency_GHz,dB,digitized_paper_measurement,p4_1.png
426,866.5,62.364294330518696,-17.4197247706422,0.38600723763570566,0.5217889908256881,single,fig7b,S11_57ohm,57ohm,frequency_GHz,dB,digitized_paper_measurement,p4_1.png
427,860.0,62.55729794933655,-16.897935779816514,0.38600723763570566,0.5619266055045872,single,fig7b,S11_57ohm,57ohm,frequency_GHz,dB,digitized_paper_measurement,p4_1.png
428,854.0,62.750301568154406,-16.416284403669724,0.38600723763570566,0.40137614678899086,single,fig7b,S11_57ohm,57ohm,frequency_GHz,dB,digitized_paper_measurement,p4_1.png
429,849.5,62.94330518697225,-16.05504587155963,0.38600723763570566,0.36123853211009177,single,fig7b,S11_57ohm,57ohm,frequency_GHz,dB,digitized_paper_measurement,p4_1.png
430,845.5,63.13630880579011,-15.73394495412844,0.38600723763570566,0.44151376146788995,single,fig7b,S11_57ohm,57ohm,frequency_GHz,dB,digitized_paper_measurement,p4_1.png
432,837.0,63.52231604342582,-15.051605504587156,0.38600723763570566,0.3211009174311927,single,fig7b,S11_57ohm,57ohm,frequency_GHz,dB,digitized_paper_measurement,p4_1.png
433,833.5,63.715319662243665,-14.770642201834862,0.38600723763570566,0.2809633027522936,single,fig7b,S11_57ohm,57ohm,frequency_GHz,dB,digitized_paper_measurement,p4_1.png
435,827.5,64.10132689987938,-14.288990825688073,0.38600723763570566,0.2809633027522936,single,fig7b,S11_57ohm,57ohm,frequency_GHz,dB,digitized_paper_measurement,p4_1.png
436,825.0,64.29433051869722,-14.088302752293577,0.38600723763570566,0.3211009174311927,single,fig7b,S11_57ohm,57ohm,frequency_GHz,dB,digitized_paper_measurement,p4_1.png
439,819.0,64.87334137515079,-13.60665137614679,0.38600723763570566,0.2408256880733945,single,fig7b,S11_57ohm,57ohm,frequency_GHz,dB,digitized_paper_measurement,p4_1.png
442,814.5,65.45235223160435,-13.245412844036696,0.38600723763570566,0.20068807339449543,single,fig7b,S11_57ohm,57ohm,frequency_GHz,dB,digitized_paper_measurement,p4_1.png
443,814.0,65.64535585042219,-13.205275229357799,0.38600723763570566,0.2408256880733945,single,fig7b,S11_57ohm,57ohm,frequency_GHz,dB,digitized_paper_measurement,p4_1.png
444,812.5,65.83835946924005,-13.0848623853211,0.38600723763570566,0.2809633027522936,single,fig7b,S11_57ohm,57ohm,frequency_GHz,dB,digitized_paper_measurement,p4_1.png
445,811.5,66.0313630880579,-13.004587155963304,0.38600723763570566,0.20068807339449543,single,fig7b,S11_57ohm,57ohm,frequency_GHz,dB,digitized_paper_measurement,p4_1.png
446,812.0,66.22436670687576,-13.044724770642201,0.38600723763570566,0.2408256880733945,single,fig7b,S11_57ohm,57ohm,frequency_GHz,dB,digitized_paper_measurement,p4_1.png
447,812.5,66.41737032569361,-13.0848623853211,0.38600723763570566,0.20068807339449543,single,fig7b,S11_57ohm,57ohm,frequency_GHz,dB,digitized_paper_measurement,p4_1.png
449,812.0,66.80337756332932,-13.044724770642201,0.38600723763570566,0.2408256880733945,single,fig7b,S11_57ohm,57ohm,frequency_GHz,dB,digitized_paper_measurement,p4_1.png
450,814.0,66.99638118214716,-13.205275229357799,0.38600723763570566,0.3211009174311927,single,fig7b,S11_57ohm,57ohm,frequency_GHz,dB,digitized_paper_measurement,p4_1.png
451,815.5,67.18938480096502,-13.325688073394495,0.38600723763570566,0.20068807339449543,single,fig7b,S11_57ohm,57ohm,frequency_GHz,dB,digitized_paper_measurement,p4_1.png
453,818.5,67.57539203860073,-13.56651376146789,0.38600723763570566,0.2809633027522936,single,fig7b,S11_57ohm,57ohm,frequency_GHz,dB,digitized_paper_measurement,p4_1.png
454,821.5,67.76839565741858,-13.807339449541285,0.38600723763570566,0.2809633027522936,single,fig7b,S11_57ohm,57ohm,frequency_GHz,dB,digitized_paper_measurement,p4_1.png
455,824.0,67.96139927623642,-14.00802752293578,0.38600723763570566,0.2408256880733945,single,fig7b,S11_57ohm,57ohm,frequency_GHz,dB,digitized_paper_measurement,p4_1.png
456,825.5,68.15440289505429,-14.128440366972477,0.38600723763570566,0.20068807339449543,single,fig7b,S11_57ohm,57ohm,frequency_GHz,dB,digitized_paper_measurement,p4_1.png
457,826.5,68.34740651387213,-14.208715596330276,0.38600723763570566,0.20068807339449543,single,fig7b,S11_57ohm,57ohm,frequency_GHz,dB,digitized_paper_measurement,p4_1.png
458,827.5,68.54041013268998,-14.288990825688073,0.38600723763570566,0.20068807339449543,single,fig7b,S11_57ohm,57ohm,frequency_GHz,dB,digitized_paper_measurement,p4_1.png
459,828.5,68.73341375150784,-14.369266055045872,0.38600723763570566,0.20068807339449543,single,fig7b,S11_57ohm,57ohm,frequency_GHz,dB,digitized_paper_measurement,p4_1.png
460,829.5,68.9264173703257,-14.44954128440367,0.38600723763570566,0.20068807339449543,single,fig7b,S11_57ohm,57ohm,frequency_GHz,dB,digitized_paper_measurement,p4_1.png
461,829.5,69.11942098914355,-14.44954128440367,0.38600723763570566,0.20068807339449543,single,fig7b,S11_57ohm,57ohm,frequency_GHz,dB,digitized_paper_measurement,p4_1.png
462,830.0,69.31242460796139,-14.489678899082568,0.38600723763570566,0.2408256880733945,single,fig7b,S11_57ohm,57ohm,frequency_GHz,dB,digitized_paper_measurement,p4_1.png
463,831.0,69.50542822677926,-14.569954128440367,0.38600723763570566,0.2408256880733945,single,fig7b,S11_57ohm,57ohm,frequency_GHz,dB,digitized_paper_measurement,p4_1.png
464,835.5,69.6984318455971,-14.931192660550458,0.38600723763570566,0.20068807339449543,single,fig7b,S11_57ohm,57ohm,frequency_GHz,dB,digitized_paper_measurement,p4_1.png
466,840.0,70.08443908323281,-15.292431192660551,0.38600723763570566,0.40137614678899086,single,fig7b,S11_57ohm,57ohm,frequency_GHz,dB,digitized_paper_measurement,p4_1.png
467,845.0,70.27744270205066,-15.693807339449542,0.38600723763570566,0.481651376146789,single,fig7b,S11_57ohm,57ohm,frequency_GHz,dB,digitized_paper_measurement,p4_1.png
468,849.0,70.47044632086852,-16.014908256880734,0.38600723763570566,0.3211009174311927,single,fig7b,S11_57ohm,57ohm,frequency_GHz,dB,digitized_paper_measurement,p4_1.png
469,852.5,70.66344993968636,-16.295871559633028,0.38600723763570566,0.36123853211009177,single,fig7b,S11_57ohm,57ohm,frequency_GHz,dB,digitized_paper_measurement,p4_1.png
470,857.0,70.85645355850423,-16.65711009174312,0.38600723763570566,0.481651376146789,single,fig7b,S11_57ohm,57ohm,frequency_GHz,dB,digitized_paper_measurement,p4_1.png
471,861.5,71.04945717732207,-17.01834862385321,0.38600723763570566,0.36123853211009177,single,fig7b,S11_57ohm,57ohm,frequency_GHz,dB,digitized_paper_measurement,p4_1.png
472,864.5,71.24246079613994,-17.259174311926607,0.38600723763570566,0.20068807339449543,single,fig7b,S11_57ohm,57ohm,frequency_GHz,dB,digitized_paper_measurement,p4_1.png
473,866.0,71.43546441495778,-17.379587155963304,0.38600723763570566,0.2408256880733945,single,fig7b,S11_57ohm,57ohm,frequency_GHz,dB,digitized_paper_measurement,p4_1.png
474,868.5,71.62846803377563,-17.5802752293578,0.38600723763570566,0.2809633027522936,single,fig7b,S11_57ohm,57ohm,frequency_GHz,dB,digitized_paper_measurement,p4_1.png
475,869.5,71.82147165259349,-17.660550458715598,0.38600723763570566,0.20068807339449543,single,fig7b,S11_57ohm,57ohm,frequency_GHz,dB,digitized_paper_measurement,p4_1.png
476,868.5,72.01447527141134,-17.5802752293578,0.38600723763570566,0.20068807339449543,single,fig7b,S11_57ohm,57ohm,frequency_GHz,dB,digitized_paper_measurement,p4_1.png
477,869.5,72.2074788902292,-17.660550458715598,0.38600723763570566,0.20068807339449543,single,fig7b,S11_57ohm,57ohm,frequency_GHz,dB,digitized_paper_measurement,p4_1.png
478,869.0,72.40048250904704,-17.620412844036696,0.38600723763570566,0.2408256880733945,single,fig7b,S11_57ohm,57ohm,frequency_GHz,dB,digitized_paper_measurement,p4_1.png
479,867.5,72.5934861278649,-17.5,0.38600723763570566,0.2809633027522936,single,fig7b,S11_57ohm,57ohm,frequency_GHz,dB,digitized_paper_measurement,p4_1.png
480,866.5,72.78648974668275,-17.4197247706422,0.38600723763570566,0.20068807339449543,single,fig7b,S11_57ohm,57ohm,frequency_GHz,dB,digitized_paper_measurement,p4_1.png
481,866.5,72.9794933655006,-17.4197247706422,0.38600723763570566,0.20068807339449543,single,fig7b,S11_57ohm,57ohm,frequency_GHz,dB,digitized_paper_measurement,p4_1.png
482,864.0,73.17249698431846,-17.219036697247706,0.38600723763570566,0.40137614678899086,single,fig7b,S11_57ohm,57ohm,frequency_GHz,dB,digitized_paper_measurement,p4_1.png
483,860.5,73.36550060313631,-16.93807339449541,0.38600723763570566,0.2809633027522936,single,fig7b,S11_57ohm,57ohm,frequency_GHz,dB,digitized_paper_measurement,p4_1.png
484,858.5,73.55850422195417,-16.777522935779817,0.38600723763570566,0.20068807339449543,single,fig7b,S11_57ohm,57ohm,frequency_GHz,dB,digitized_paper_measurement,p4_1.png
486,847.0,73.94451145958988,-15.854357798165138,0.38600723763570566,0.8830275229357799,merged,fig7b,S11_57ohm,57ohm,frequency_GHz,dB,digitized_paper_measurement,p4_1.png
487,850.0,74.13751507840772,-16.095183486238533,0.38600723763570566,0.40137614678899086,single,fig7b,S11_57ohm,57ohm,frequency_GHz,dB,digitized_paper_measurement,p4_1.png
488,847.0,74.33051869722557,-15.854357798165138,0.38600723763570566,0.2408256880733945,single,fig7b,S11_57ohm,57ohm,frequency_GHz,dB,digitized_paper_measurement,p4_1.png
490,841.0,74.71652593486128,-15.372706422018348,0.38600723763570566,0.3211009174311927,single,fig7b,S11_57ohm,57ohm,frequency_GHz,dB,digitized_paper_measurement,p4_1.png
491,837.5,74.90952955367914,-15.091743119266056,0.38600723763570566,0.2809633027522936,single,fig7b,S11_57ohm,57ohm,frequency_GHz,dB,digitized_paper_measurement,p4_1.png
493,834.0,75.29553679131485,-14.810779816513762,0.38600723763570566,0.2408256880733945,single,fig7b,S11_57ohm,57ohm,frequency_GHz,dB,digitized_paper_measurement,p4_1.png
494,832.0,75.48854041013269,-14.650229357798166,0.38600723763570566,0.2408256880733945,single,fig7b,S11_57ohm,57ohm,frequency_GHz,dB,digitized_paper_measurement,p4_1.png
495,829.5,75.68154402895054,-14.44954128440367,0.38600723763570566,0.2809633027522936,single,fig7b,S11_57ohm,57ohm,frequency_GHz,dB,digitized_paper_measurement,p4_1.png
496,827.5,75.8745476477684,-14.288990825688073,0.38600723763570566,0.20068807339449543,single,fig7b,S11_57ohm,57ohm,frequency_GHz,dB,digitized_paper_measurement,p4_1.png
497,827.5,76.06755126658625,-14.288990825688073,0.38600723763570566,0.20068807339449543,single,fig7b,S11_57ohm,57ohm,frequency_GHz,dB,digitized_paper_measurement,p4_1.png
500,822.0,76.64656212303981,-13.847477064220184,0.38600723763570566,0.16055045871559634,single,fig7b,S11_57ohm,57ohm,frequency_GHz,dB,digitized_paper_measurement,p4_1.png
501,823.5,76.83956574185765,-13.96788990825688,0.38600723763570566,0.20068807339449543,single,fig7b,S11_57ohm,57ohm,frequency_GHz,dB,digitized_paper_measurement,p4_1.png
503,822.5,77.22557297949336,-13.887614678899082,0.38600723763570566,0.2809633027522936,single,fig7b,S11_57ohm,57ohm,frequency_GHz,dB,digitized_paper_measurement,p4_1.png
504,822.0,77.41857659831122,-13.847477064220184,0.38600723763570566,0.2408256880733945,single,fig7b,S11_57ohm,57ohm,frequency_GHz,dB,digitized_paper_measurement,p4_1.png
505,823.5,77.61158021712907,-13.96788990825688,0.38600723763570566,0.2809633027522936,single,fig7b,S11_57ohm,57ohm,frequency_GHz,dB,digitized_paper_measurement,p4_1.png
506,825.0,77.80458383594691,-14.088302752293577,0.38600723763570566,0.2408256880733945,single,fig7b,S11_57ohm,57ohm,frequency_GHz,dB,digitized_paper_measurement,p4_1.png
507,825.5,77.99758745476478,-14.128440366972477,0.38600723763570566,0.20068807339449543,single,fig7b,S11_57ohm,57ohm,frequency_GHz,dB,digitized_paper_measurement,p4_1.png
508,825.5,78.19059107358262,-14.128440366972477,0.38600723763570566,0.20068807339449543,single,fig7b,S11_57ohm,57ohm,frequency_GHz,dB,digitized_paper_measurement,p4_1.png
510,829.0,78.57659831121833,-14.409403669724771,0.38600723763570566,0.3211009174311927,single,fig7b,S11_57ohm,57ohm,frequency_GHz,dB,digitized_paper_measurement,p4_1.png
511,831.0,78.76960193003619,-14.569954128440367,0.38600723763570566,0.2408256880733945,single,fig7b,S11_57ohm,57ohm,frequency_GHz,dB,digitized_paper_measurement,p4_1.png
512,832.0,78.96260554885404,-14.650229357798166,0.38600723763570566,0.16055045871559634,single,fig7b,S11_57ohm,57ohm,frequency_GHz,dB,digitized_paper_measurement,p4_1.png
513,833.0,79.15560916767188,-14.730504587155963,0.38600723763570566,0.2408256880733945,single,fig7b,S11_57ohm,57ohm,frequency_GHz,dB,digitized_paper_measurement,p4_1.png
514,836.0,79.34861278648975,-14.971330275229358,0.38600723763570566,0.40137614678899086,single,fig7b,S11_57ohm,57ohm,frequency_GHz,dB,digitized_paper_measurement,p4_1.png
515,839.0,79.5416164053076,-15.212155963302752,0.38600723763570566,0.2408256880733945,single,fig7b,S11_57ohm,57ohm,frequency_GHz,dB,digitized_paper_measurement,p4_1.png
518,842.0,80.12062726176116,-15.452981651376147,0.38600723763570566,0.16055045871559634,single,fig7b,S11_57ohm,57ohm,frequency_GHz,dB,digitized_paper_measurement,p4_1.png
519,852.0,80.31363088057901,-16.255733944954127,0.38600723763570566,0.40137614678899086,single,fig7b,S11_57ohm,57ohm,frequency_GHz,dB,digitized_paper_measurement,p4_1.png
520,855.5,80.50663449939687,-16.53669724770642,0.38600723763570566,0.2809633027522936,single,fig7b,S11_57ohm,57ohm,frequency_GHz,dB,digitized_paper_measurement,p4_1.png
521,859.5,80.69963811821472,-16.857798165137616,0.38600723763570566,0.44151376146788995,single,fig7b,S11_57ohm,57ohm,frequency_GHz,dB,digitized_paper_measurement,p4_1.png
522,866.0,80.89264173703256,-17.379587155963304,0.38600723763570566,0.6422018348623854,single,fig7b,S11_57ohm,57ohm,frequency_GHz,dB,digitized_paper_measurement,p4_1.png
524,881.0,81.27864897466827,-18.583715596330276,0.38600723763570566,0.481651376146789,single,fig7b,S11_57ohm,57ohm,frequency_GHz,dB,digitized_paper_measurement,p4_1.png
525,886.5,81.47165259348613,-19.025229357798164,0.38600723763570566,0.5217889908256881,single,fig7b,S11_57ohm,57ohm,frequency_GHz,dB,digitized_paper_measurement,p4_1.png
527,901.5,81.85765983112184,-20.229357798165136,0.38600723763570566,0.6823394495412844,single,fig7b,S11_57ohm,57ohm,frequency_GHz,dB,digitized_paper_measurement,p4_1.png
528,904.5,82.05066344993969,-20.470183486238533,0.38600723763570566,0.6823394495412844,single,fig7b,S11_57ohm,57ohm,frequency_GHz,dB,digitized_paper_measurement,p4_1.png
530,911.0,82.4366706875754,-20.99197247706422,0.38600723763570566,0.3211009174311927,single,fig7b,S11_57ohm,57ohm,frequency_GHz,dB,digitized_paper_measurement,p4_1.png
534,920.5,83.2086851628468,-21.754587155963304,0.38600723763570566,0.6020642201834863,single,fig7b,S11_57ohm,57ohm,frequency_GHz,dB,digitized_paper_measurement,p4_1.png
535,925.5,83.40168878166466,-22.155963302752294,0.38600723763570566,0.8428899082568808,single,fig7b,S11_57ohm,57ohm,frequency_GHz,dB,digitized_paper_measurement,p4_1.png
538,914.5,83.98069963811821,-21.272935779816514,0.38600723763570566,0.5217889908256881,single,fig7b,S11_57ohm,57ohm,frequency_GHz,dB,digitized_paper_measurement,p4_1.png
539,916.0,84.17370325693607,-21.39334862385321,0.38600723763570566,0.5619266055045872,single,fig7b,S11_57ohm,57ohm,frequency_GHz,dB,digitized_paper_measurement,p4_1.png
540,920.0,84.36670687575392,-21.714449541284402,0.38600723763570566,1.6055045871559634,merged,fig7b,S11_57ohm,57ohm,frequency_GHz,dB,digitized_paper_measurement,p4_1.png
541,903.0,84.55971049457177,-20.349770642201836,0.38600723763570566,0.7224770642201835,single,fig7b,S11_57ohm,57ohm,frequency_GHz,dB,digitized_paper_measurement,p4_1.png
542,897.0,84.75271411338963,-19.868119266055047,0.38600723763570566,0.3211009174311927,single,fig7b,S11_57ohm,57ohm,frequency_GHz,dB,digitized_paper_measurement,p4_1.png
544,892.5,85.13872135102532,-19.506880733944953,0.38600723763570566,0.6020642201834863,single,fig7b,S11_57ohm,57ohm,frequency_GHz,dB,digitized_paper_measurement,p4_1.png
549,870.0,86.1037394451146,-17.700688073394495,0.38600723763570566,0.2408256880733945,single,fig7b,S11_57ohm,57ohm,frequency_GHz,dB,digitized_paper_measurement,p4_1.png
550,867.0,86.29674306393245,-17.459862385321102,0.38600723763570566,0.3211009174311927,single,fig7b,S11_57ohm,57ohm,frequency_GHz,dB,digitized_paper_measurement,p4_1.png
551,864.0,86.48974668275031,-17.219036697247706,0.38600723763570566,0.3211009174311927,single,fig7b,S11_57ohm,57ohm,frequency_GHz,dB,digitized_paper_measurement,p4_1.png
552,862.5,86.68275030156815,-17.09862385321101,0.38600723763570566,0.20068807339449543,single,fig7b,S11_57ohm,57ohm,frequency_GHz,dB,digitized_paper_measurement,p4_1.png
553,862.0,86.875753920386,-17.05848623853211,0.38600723763570566,0.2408256880733945,single,fig7b,S11_57ohm,57ohm,frequency_GHz,dB,digitized_paper_measurement,p4_1.png
554,859.5,87.06875753920386,-16.857798165137616,0.38600723763570566,0.36123853211009177,single,fig7b,S11_57ohm,57ohm,frequency_GHz,dB,digitized_paper_measurement,p4_1.png
557,858.0,87.64776839565742,-16.737385321100916,0.38600723763570566,0.2408256880733945,single,fig7b,S11_57ohm,57ohm,frequency_GHz,dB,digitized_paper_measurement,p4_1.png
558,856.0,87.84077201447528,-16.576834862385322,0.38600723763570566,0.3211009174311927,single,fig7b,S11_57ohm,57ohm,frequency_GHz,dB,digitized_paper_measurement,p4_1.png
559,853.5,88.03377563329312,-16.376146788990827,0.38600723763570566,0.20068807339449543,single,fig7b,S11_57ohm,57ohm,frequency_GHz,dB,digitized_paper_measurement,p4_1.png
560,854.0,88.22677925211097,-16.416284403669724,0.38600723763570566,0.2408256880733945,single,fig7b,S11_57ohm,57ohm,frequency_GHz,dB,digitized_paper_measurement,p4_1.png
561,854.5,88.41978287092883,-16.456422018348626,0.38600723763570566,0.20068807339449543,single,fig7b,S11_57ohm,57ohm,frequency_GHz,dB,digitized_paper_measurement,p4_1.png
564,857.0,88.99879372738239,-16.65711009174312,0.38600723763570566,0.2408256880733945,single,fig7b,S11_57ohm,57ohm,frequency_GHz,dB,digitized_paper_measurement,p4_1.png
565,859.5,89.19179734620025,-16.857798165137616,0.38600723763570566,0.36123853211009177,single,fig7b,S11_57ohm,57ohm,frequency_GHz,dB,digitized_paper_measurement,p4_1.png
566,862.5,89.38480096501809,-17.09862385321101,0.38600723763570566,0.36123853211009177,single,fig7b,S11_57ohm,57ohm,frequency_GHz,dB,digitized_paper_measurement,p4_1.png
568,865.5,89.7708082026538,-17.339449541284402,0.38600723763570566,0.20068807339449543,single,fig7b,S11_57ohm,57ohm,frequency_GHz,dB,digitized_paper_measurement,p4_1.png
569,869.0,89.96381182147165,-17.620412844036696,0.38600723763570566,0.40137614678899086,single,fig7b,S11_57ohm,57ohm,frequency_GHz,dB,digitized_paper_measurement,p4_1.png
570,872.5,90.1568154402895,-17.90137614678899,0.38600723763570566,0.36123853211009177,single,fig7b,S11_57ohm,57ohm,frequency_GHz,dB,digitized_paper_measurement,p4_1.png
574,875.0,90.92882991556091,-18.102064220183486,0.38600723763570566,0.2408256880733945,single,fig7b,S11_57ohm,57ohm,frequency_GHz,dB,digitized_paper_measurement,p4_1.png
575,874.0,91.12183353437877,-18.021788990825687,0.38600723763570566,0.2408256880733945,single,fig7b,S11_57ohm,57ohm,frequency_GHz,dB,digitized_paper_measurement,p4_1.png
576,874.5,91.31483715319662,-18.06192660550459,0.38600723763570566,0.2809633027522936,single,fig7b,S11_57ohm,57ohm,frequency_GHz,dB,digitized_paper_measurement,p4_1.png
577,878.5,91.50784077201448,-18.38302752293578,0.38600723763570566,0.44151376146788995,single,fig7b,S11_57ohm,57ohm,frequency_GHz,dB,digitized_paper_measurement,p4_1.png
578,882.5,91.70084439083233,-18.704128440366972,0.38600723763570566,0.36123853211009177,single,fig7b,S11_57ohm,57ohm,frequency_GHz,dB,digitized_paper_measurement,p4_1.png
579,887.0,91.89384800965018,-19.065366972477065,0.38600723763570566,0.3211009174311927,single,fig7b,S11_57ohm,57ohm,frequency_GHz,dB,digitized_paper_measurement,p4_1.png
580,891.0,92.08685162846804,-19.386467889908257,0.38600723763570566,0.40137614678899086,single,fig7b,S11_57ohm,57ohm,frequency_GHz,dB,digitized_paper_measurement,p4_1.png
581,895.0,92.27985524728588,-19.70756880733945,0.38600723763570566,0.3211009174311927,single,fig7b,S11_57ohm,57ohm,frequency_GHz,dB,digitized_paper_measurement,p4_1.png
583,903.5,92.66586248492159,-20.389908256880734,0.38600723763570566,0.36123853211009177,single,fig7b,S11_57ohm,57ohm,frequency_GHz,dB,digitized_paper_measurement,p4_1.png
584,903.5,92.85886610373944,-20.389908256880734,0.38600723763570566,0.36123853211009177,single,fig7b,S11_57ohm,57ohm,frequency_GHz,dB,digitized_paper_measurement,p4_1.png
585,901.5,93.0518697225573,-20.229357798165136,0.38600723763570566,0.36123853211009177,single,fig7b,S11_57ohm,57ohm,frequency_GHz,dB,digitized_paper_measurement,p4_1.png
586,903.5,93.24487334137515,-20.389908256880734,0.38600723763570566,0.44151376146788995,single,fig7b,S11_57ohm,57ohm,frequency_GHz,dB,digitized_paper_measurement,p4_1.png
587,905.5,93.43787696019301,-20.55045871559633,0.38600723763570566,0.44151376146788995,single,fig7b,S11_57ohm,57ohm,frequency_GHz,dB,digitized_paper_measurement,p4_1.png
588,902.0,93.63088057901085,-20.269495412844037,0.38600723763570566,0.5619266055045872,single,fig7b,S11_57ohm,57ohm,frequency_GHz,dB,digitized_paper_measurement,p4_1.png
589,900.0,93.8238841978287,-20.10894495412844,0.38600723763570566,0.481651376146789,single,fig7b,S11_57ohm,57ohm,frequency_GHz,dB,digitized_paper_measurement,p4_1.png
590,906.0,94.01688781664656,-20.59059633027523,0.38600723763570566,0.7224770642201835,single,fig7b,S11_57ohm,57ohm,frequency_GHz,dB,digitized_paper_measurement,p4_1.png
591,909.5,94.20989143546441,-20.871559633027523,0.38600723763570566,0.5217889908256881,single,fig7b,S11_57ohm,57ohm,frequency_GHz,dB,digitized_paper_measurement,p4_1.png
592,905.5,94.40289505428227,-20.55045871559633,0.38600723763570566,0.6020642201834863,single,fig7b,S11_57ohm,57ohm,frequency_GHz,dB,digitized_paper_measurement,p4_1.png
593,906.0,94.59589867310012,-20.59059633027523,0.38600723763570566,0.6422018348623854,single,fig7b,S11_57ohm,57ohm,frequency_GHz,dB,digitized_paper_measurement,p4_1.png
594,912.5,94.78890229191798,-21.112385321100916,0.38600723763570566,0.6020642201834863,single,fig7b,S11_57ohm,57ohm,frequency_GHz,dB,digitized_paper_measurement,p4_1.png
595,911.5,94.98190591073583,-21.03211009174312,0.38600723763570566,0.6823394495412844,single,fig7b,S11_57ohm,57ohm,frequency_GHz,dB,digitized_paper_measurement,p4_1.png
596,906.0,95.17490952955367,-20.59059633027523,0.38600723763570566,0.481651376146789,single,fig7b,S11_57ohm,57ohm,frequency_GHz,dB,digitized_paper_measurement,p4_1.png
597,907.0,95.36791314837153,-20.670871559633028,0.38600723763570566,0.481651376146789,single,fig7b,S11_57ohm,57ohm,frequency_GHz,dB,digitized_paper_measurement,p4_1.png
598,907.5,95.56091676718938,-20.711009174311926,0.38600723763570566,0.5217889908256881,single,fig7b,S11_57ohm,57ohm,frequency_GHz,dB,digitized_paper_measurement,p4_1.png
599,901.5,95.75392038600724,-20.229357798165136,0.38600723763570566,0.6823394495412844,single,fig7b,S11_57ohm,57ohm,frequency_GHz,dB,digitized_paper_measurement,p4_1.png
600,897.0,95.94692400482509,-19.868119266055047,0.38600723763570566,0.40137614678899086,single,fig7b,S11_57ohm,57ohm,frequency_GHz,dB,digitized_paper_measurement,p4_1.png
601,899.5,96.13992762364295,-20.068807339449542,0.38600723763570566,0.36123853211009177,single,fig7b,S11_57ohm,57ohm,frequency_GHz,dB,digitized_paper_measurement,p4_1.png
602,898.5,96.3329312424608,-19.988532110091743,0.38600723763570566,0.44151376146788995,single,fig7b,S11_57ohm,57ohm,frequency_GHz,dB,digitized_paper_measurement,p4_1.png
603,897.0,96.52593486127864,-19.868119266055047,0.38600723763570566,0.40137614678899086,single,fig7b,S11_57ohm,57ohm,frequency_GHz,dB,digitized_paper_measurement,p4_1.png
604,899.5,96.7189384800965,-20.068807339449542,0.38600723763570566,0.5217889908256881,single,fig7b,S11_57ohm,57ohm,frequency_GHz,dB,digitized_paper_measurement,p4_1.png
605,903.0,96.91194209891435,-20.349770642201836,0.38600723763570566,0.40137614678899086,single,fig7b,S11_57ohm,57ohm,frequency_GHz,dB,digitized_paper_measurement,p4_1.png
606,901.5,97.1049457177322,-20.229357798165136,0.38600723763570566,0.36123853211009177,single,fig7b,S11_57ohm,57ohm,frequency_GHz,dB,digitized_paper_measurement,p4_1.png
607,905.5,97.29794933655006,-20.55045871559633,0.38600723763570566,0.6823394495412844,single,fig7b,S11_57ohm,57ohm,frequency_GHz,dB,digitized_paper_measurement,p4_1.png
608,913.0,97.49095295536792,-21.152522935779817,0.38600723763570566,0.6422018348623854,single,fig7b,S11_57ohm,57ohm,frequency_GHz,dB,digitized_paper_measurement,p4_1.png
609,914.0,97.68395657418577,-21.232798165137616,0.38600723763570566,0.5619266055045872,single,fig7b,S11_57ohm,57ohm,frequency_GHz,dB,digitized_paper_measurement,p4_1.png
610,912.5,97.87696019300361,-21.112385321100916,0.38600723763570566,0.5217889908256881,single,fig7b,S11_57ohm,57ohm,frequency_GHz,dB,digitized_paper_measurement,p4_1.png
611,919.0,98.06996381182147,-21.634174311926607,0.38600723763570566,0.8830275229357799,single,fig7b,S11_57ohm,57ohm,frequency_GHz,dB,digitized_paper_measurement,p4_1.png
612,923.5,98.26296743063932,-21.995412844036696,0.38600723763570566,0.6020642201834863,single,fig7b,S11_57ohm,57ohm,frequency_GHz,dB,digitized_paper_measurement,p4_1.png
613,920.5,98.45597104945718,-21.754587155963304,0.38600723763570566,0.6823394495412844,single,fig7b,S11_57ohm,57ohm,frequency_GHz,dB,digitized_paper_measurement,p4_1.png
615,935.5,98.84197828709289,-22.958715596330276,0.38600723763570566,1.485091743119266,single,fig7b,S11_57ohm,57ohm,frequency_GHz,dB,digitized_paper_measurement,p4_1.png
616,947.5,99.03498190591074,-23.922018348623855,0.38600723763570566,0.6823394495412844,single,fig7b,S11_57ohm,57ohm,frequency_GHz,dB,digitized_paper_measurement,p4_1.png
617,946.0,99.2279855247286,-23.801605504587155,0.38600723763570566,0.6422018348623854,single,fig7b,S11_57ohm,57ohm,frequency_GHz,dB,digitized_paper_measurement,p4_1.png
618,951.5,99.42098914354644,-24.243119266055047,0.38600723763570566,1.0837155963302754,single,fig7b,S11_57ohm,57ohm,frequency_GHz,dB,digitized_paper_measurement,p4_1.png
620,991.0,99.80699638118215,-27.413990825688074,0.38600723763570566,0.7224770642201835,single,fig7b,S11_57ohm,57ohm,frequency_GHz,dB,digitized_paper_measurement,p4_1.png
622,999.0,100.19300361881785,-28.056192660550458,0.38600723763570566,0.8830275229357799,single,fig7b,S11_57ohm,57ohm,frequency_GHz,dB,digitized_paper_measurement,p4_1.png
624,1022.5,100.57901085645356,-29.942660550458715,0.38600723763570566,0.8428899082568808,single,fig7b,S11_57ohm,57ohm,frequency_GHz,dB,digitized_paper_measurement,p4_1.png
625,1014.0,100.7720144752714,-29.26032110091743,0.38600723763570566,1.2041284403669725,single,fig7b,S11_57ohm,57ohm,frequency_GHz,dB,digitized_paper_measurement,p4_1.png
626,1000.0,100.96501809408926,-28.136467889908257,0.38600723763570566,0.8830275229357799,single,fig7b,S11_57ohm,57ohm,frequency_GHz,dB,digitized_paper_measurement,p4_1.png
627,985.5,101.15802171290711,-26.972477064220183,0.38600723763570566,0.7626146788990826,single,fig7b,S11_57ohm,57ohm,frequency_GHz,dB,digitized_paper_measurement,p4_1.png
628,970.5,101.35102533172497,-25.76834862385321,0.38600723763570566,1.2442660550458717,single,fig7b,S11_57ohm,57ohm,frequency_GHz,dB,digitized_paper_measurement,p4_1.png
630,946.0,101.73703256936068,-23.801605504587155,0.38600723763570566,0.40137614678899086,single,fig7b,S11_57ohm,57ohm,frequency_GHz,dB,digitized_paper_measurement,p4_1.png
631,938.5,101.93003618817853,-23.19954128440367,0.38600723763570566,0.6020642201834863,single,fig7b,S11_57ohm,57ohm,frequency_GHz,dB,digitized_paper_measurement,p4_1.png
632,927.0,102.12303980699639,-22.27637614678899,0.38600723763570566,1.0435779816513762,single,fig7b,S11_57ohm,57ohm,frequency_GHz,dB,digitized_paper_measurement,p4_1.png
635,900.5,102.70205066344994,-20.14908256880734,0.38600723763570566,0.5217889908256881,single,fig7b,S11_57ohm,57ohm,frequency_GHz,dB,digitized_paper_measurement,p4_1.png
636,892.5,102.8950542822678,-19.506880733944953,0.38600723763570566,0.7626146788990826,single,fig7b,S11_57ohm,57ohm,frequency_GHz,dB,digitized_paper_measurement,p4_1.png
637,883.0,103.08805790108565,-18.744266055045873,0.38600723763570566,0.5619266055045872,single,fig7b,S11_57ohm,57ohm,frequency_GHz,dB,digitized_paper_measurement,p4_1.png
638,877.5,103.2810615199035,-18.30275229357798,0.38600723763570566,0.2809633027522936,single,fig7b,S11_57ohm,57ohm,frequency_GHz,dB,digitized_paper_measurement,p4_1.png
639,875.0,103.47406513872136,-18.102064220183486,0.38600723763570566,0.3211009174311927,single,fig7b,S11_57ohm,57ohm,frequency_GHz,dB,digitized_paper_measurement,p4_1.png
641,861.0,103.86007237635705,-16.978211009174313,0.38600723763570566,0.7224770642201835,single,fig7b,S11_57ohm,57ohm,frequency_GHz,dB,digitized_paper_measurement,p4_1.png
643,849.0,104.24607961399276,-16.014908256880734,0.38600723763570566,0.2408256880733945,single,fig7b,S11_57ohm,57ohm,frequency_GHz,dB,digitized_paper_measurement,p4_1.png
644,845.5,104.43908323281062,-15.73394495412844,0.38600723763570566,0.36123853211009177,single,fig7b,S11_57ohm,57ohm,frequency_GHz,dB,digitized_paper_measurement,p4_1.png
645,840.0,104.63208685162847,-15.292431192660551,0.38600723763570566,0.5619266055045872,single,fig7b,S11_57ohm,57ohm,frequency_GHz,dB,digitized_paper_measurement,p4_1.png
646,834.5,104.82509047044633,-14.850917431192661,0.38600723763570566,0.44151376146788995,single,fig7b,S11_57ohm,57ohm,frequency_GHz,dB,digitized_paper_measurement,p4_1.png
647,830.0,105.01809408926417,-14.489678899082568,0.38600723763570566,0.2408256880733945,single,fig7b,S11_57ohm,57ohm,frequency_GHz,dB,digitized_paper_measurement,p4_1.png
648,828.0,105.21109770808202,-14.329128440366972,0.38600723763570566,0.3211009174311927,single,fig7b,S11_57ohm,57ohm,frequency_GHz,dB,digitized_paper_measurement,p4_1.png
649,823.0,105.40410132689988,-13.927752293577981,0.38600723763570566,0.481651376146789,single,fig7b,S11_57ohm,57ohm,frequency_GHz,dB,digitized_paper_measurement,p4_1.png
650,818.5,105.59710494571773,-13.56651376146789,0.38600723763570566,0.36123853211009177,single,fig7b,S11_57ohm,57ohm,frequency_GHz,dB,digitized_paper_measurement,p4_1.png
651,815.5,105.79010856453559,-13.325688073394495,0.38600723763570566,0.20068807339449543,single,fig7b,S11_57ohm,57ohm,frequency_GHz,dB,digitized_paper_measurement,p4_1.png
652,814.5,105.98311218335344,-13.245412844036696,0.38600723763570566,0.2809633027522936,single,fig7b,S11_57ohm,57ohm,frequency_GHz,dB,digitized_paper_measurement,p4_1.png
653,811.5,106.1761158021713,-13.004587155963304,0.38600723763570566,0.36123853211009177,single,fig7b,S11_57ohm,57ohm,frequency_GHz,dB,digitized_paper_measurement,p4_1.png
654,808.0,106.36911942098915,-12.72362385321101,0.38600723763570566,0.3211009174311927,single,fig7b,S11_57ohm,57ohm,frequency_GHz,dB,digitized_paper_measurement,p4_1.png
655,804.5,106.56212303980699,-12.442660550458715,0.38600723763570566,0.36123853211009177,single,fig7b,S11_57ohm,57ohm,frequency_GHz,dB,digitized_paper_measurement,p4_1.png
656,801.5,106.75512665862485,-12.20183486238532,0.38600723763570566,0.2809633027522936,single,fig7b,S11_57ohm,57ohm,frequency_GHz,dB,digitized_paper_measurement,p4_1.png
658,800.5,107.14113389626056,-12.121559633027523,0.38600723763570566,0.20068807339449543,single,fig7b,S11_57ohm,57ohm,frequency_GHz,dB,digitized_paper_measurement,p4_1.png
659,798.5,107.33413751507841,-11.961009174311927,0.38600723763570566,0.36123853211009177,single,fig7b,S11_57ohm,57ohm,frequency_GHz,dB,digitized_paper_measurement,p4_1.png
660,796.5,107.52714113389627,-11.80045871559633,0.38600723763570566,0.2809633027522936,single,fig7b,S11_57ohm,57ohm,frequency_GHz,dB,digitized_paper_measurement,p4_1.png
662,798.5,107.91314837153196,-11.961009174311927,0.38600723763570566,0.36123853211009177,single,fig7b,S11_57ohm,57ohm,frequency_GHz,dB,digitized_paper_measurement,p4_1.png
663,796.5,108.10615199034982,-11.80045871559633,0.38600723763570566,0.44151376146788995,single,fig7b,S11_57ohm,57ohm,frequency_GHz,dB,digitized_paper_measurement,p4_1.png
664,794.5,108.29915560916767,-11.639908256880734,0.38600723763570566,0.36123853211009177,single,fig7b,S11_57ohm,57ohm,frequency_GHz,dB,digitized_paper_measurement,p4_1.png
665,798.5,108.49215922798552,-11.961009174311927,0.38600723763570566,0.6020642201834863,single,fig7b,S11_57ohm,57ohm,frequency_GHz,dB,digitized_paper_measurement,p4_1.png
666,802.5,108.68516284680338,-12.28211009174312,0.38600723763570566,0.44151376146788995,single,fig7b,S11_57ohm,57ohm,frequency_GHz,dB,digitized_paper_measurement,p4_1.png
667,801.0,108.87816646562123,-12.161697247706423,0.38600723763570566,0.481651376146789,single,fig7b,S11_57ohm,57ohm,frequency_GHz,dB,digitized_paper_measurement,p4_1.png
668,799.0,109.07117008443909,-12.001146788990825,0.38600723763570566,0.40137614678899086,single,fig7b,S11_57ohm,57ohm,frequency_GHz,dB,digitized_paper_measurement,p4_1.png
669,803.5,109.26417370325693,-12.362385321100918,0.38600723763570566,0.6020642201834863,single,fig7b,S11_57ohm,57ohm,frequency_GHz,dB,digitized_paper_measurement,p4_1.png
108,935.5,0.9891435464414968,-22.958715596330276,0.38600723763570566,0.36123853211009177,single,fig7b,S11_83ohm,83ohm,frequency_GHz,dB,digitized_paper_measurement,p4_1.png
109,932.5,1.182147165259348,-22.71788990825688,0.38600723763570566,0.44151376146788995,single,fig7b,S11_83ohm,83ohm,frequency_GHz,dB,digitized_paper_measurement,p4_1.png
110,928.0,1.3751507840772028,-22.35665137614679,0.38600723763570566,0.3211009174311927,single,fig7b,S11_83ohm,83ohm,frequency_GHz,dB,digitized_paper_measurement,p4_1.png
111,925.0,1.568154402895054,-22.115825688073393,0.38600723763570566,0.3211009174311927,single,fig7b,S11_83ohm,83ohm,frequency_GHz,dB,digitized_paper_measurement,p4_1.png
112,922.0,1.7611580217129088,-21.875,0.38600723763570566,0.40137614678899086,single,fig7b,S11_83ohm,83ohm,frequency_GHz,dB,digitized_paper_measurement,p4_1.png
113,917.5,1.95416164053076,-21.513761467889907,0.38600723763570566,0.44151376146788995,single,fig7b,S11_83ohm,83ohm,frequency_GHz,dB,digitized_paper_measurement,p4_1.png
114,913.0,2.1471652593486112,-21.152522935779817,0.38600723763570566,0.481651376146789,single,fig7b,S11_83ohm,83ohm,frequency_GHz,dB,digitized_paper_measurement,p4_1.png
115,907.5,2.340168878166466,-20.711009174311926,0.38600723763570566,0.44151376146788995,single,fig7b,S11_83ohm,83ohm,frequency_GHz,dB,digitized_paper_measurement,p4_1.png
116,902.0,2.5331724969843172,-20.269495412844037,0.38600723763570566,0.481651376146789,single,fig7b,S11_83ohm,83ohm,frequency_GHz,dB,digitized_paper_measurement,p4_1.png
117,897.5,2.726176115802172,-19.908256880733944,0.38600723763570566,0.44151376146788995,single,fig7b,S11_83ohm,83ohm,frequency_GHz,dB,digitized_paper_measurement,p4_1.png
118,892.5,2.9191797346200232,-19.506880733944953,0.38600723763570566,0.44151376146788995,single,fig7b,S11_83ohm,83ohm,frequency_GHz,dB,digitized_paper_measurement,p4_1.png
119,887.5,3.112183353437878,-19.105504587155963,0.38600723763570566,0.44151376146788995,single,fig7b,S11_83ohm,83ohm,frequency_GHz,dB,digitized_paper_measurement,p4_1.png
120,883.0,3.305186972255729,-18.744266055045873,0.38600723763570566,0.40137614678899086,single,fig7b,S11_83ohm,83ohm,frequency_GHz,dB,digitized_paper_measurement,p4_1.png
121,879.5,3.498190591073584,-18.46330275229358,0.38600723763570566,0.36123853211009177,single,fig7b,S11_83ohm,83ohm,frequency_GHz,dB,digitized_paper_measurement,p4_1.png
123,872.0,3.88419782870929,-17.861238532110093,0.38600723763570566,0.3211009174311927,single,fig7b,S11_83ohm,83ohm,frequency_GHz,dB,digitized_paper_measurement,p4_1.png
124,869.0,4.077201447527141,-17.620412844036696,0.38600723763570566,0.3211009174311927,single,fig7b,S11_83ohm,83ohm,frequency_GHz,dB,digitized_paper_measurement,p4_1.png
125,866.0,4.270205066344994,-17.379587155963304,0.38600723763570566,0.3211009174311927,single,fig7b,S11_83ohm,83ohm,frequency_GHz,dB,digitized_paper_measurement,p4_1.png
126,863.0,4.463208685162847,-17.138761467889907,0.38600723763570566,0.3211009174311927,single,fig7b,S11_83ohm,83ohm,frequency_GHz,dB,digitized_paper_measurement,p4_1.png
127,860.5,4.6562123039807,-16.93807339449541,0.38600723763570566,0.2809633027522936,single,fig7b,S11_83ohm,83ohm,frequency_GHz,dB,digitized_paper_measurement,p4_1.png
128,858.0,4.849215922798553,-16.737385321100916,0.38600723763570566,0.3211009174311927,single,fig7b,S11_83ohm,83ohm,frequency_GHz,dB,digitized_paper_measurement,p4_1.png
129,855.5,5.042219541616406,-16.53669724770642,0.38600723763570566,0.2809633027522936,single,fig7b,S11_83ohm,83ohm,frequency_GHz,dB,digitized_paper_measurement,p4_1.png
130,854.0,5.235223160434257,-16.416284403669724,0.38600723763570566,0.2408256880733945,single,fig7b,S11_83ohm,83ohm,frequency_GHz,dB,digitized_paper_measurement,p4_1.png
131,852.0,5.42822677925211,-16.255733944954127,0.38600723763570566,0.2408256880733945,single,fig7b,S11_83ohm,83ohm,frequency_GHz,dB,digitized_paper_measurement,p4_1.png
132,850.5,5.621230398069963,-16.13532110091743,0.38600723763570566,0.2809633027522936,single,fig7b,S11_83ohm,83ohm,frequency_GHz,dB,digitized_paper_measurement,p4_1.png
133,849.0,5.814234016887816,-16.014908256880734,0.38600723763570566,0.2408256880733945,single,fig7b,S11_83ohm,83ohm,frequency_GHz,dB,digitized_paper_measurement,p4_1.png
134,847.5,6.007237635705669,-15.894495412844037,0.38600723763570566,0.20068807339449543,single,fig7b,S11_83ohm,83ohm,frequency_GHz,dB,digitized_paper_measurement,p4_1.png
135,847.5,6.200241254523522,-15.894495412844037,0.38600723763570566,0.20068807339449543,single,fig7b,S11_83ohm,83ohm,frequency_GHz,dB,digitized_paper_measurement,p4_1.png
136,846.5,6.393244873341375,-15.814220183486238,0.38600723763570566,0.20068807339449543,single,fig7b,S11_83ohm,83ohm,frequency_GHz,dB,digitized_paper_measurement,p4_1.png
137,845.5,6.586248492159228,-15.73394495412844,0.38600723763570566,0.20068807339449543,single,fig7b,S11_83ohm,83ohm,frequency_GHz,dB,digitized_paper_measurement,p4_1.png
138,845.5,6.779252110977081,-15.73394495412844,0.38600723763570566,0.20068807339449543,single,fig7b,S11_83ohm,83ohm,frequency_GHz,dB,digitized_paper_measurement,p4_1.png
139,845.5,6.972255729794934,-15.73394495412844,0.38600723763570566,0.20068807339449543,single,fig7b,S11_83ohm,83ohm,frequency_GHz,dB,digitized_paper_measurement,p4_1.png
140,845.5,7.165259348612787,-15.73394495412844,0.38600723763570566,0.20068807339449543,single,fig7b,S11_83ohm,83ohm,frequency_GHz,dB,digitized_paper_measurement,p4_1.png
141,844.5,7.358262967430639,-15.653669724770642,0.38600723763570566,0.20068807339449543,single,fig7b,S11_83ohm,83ohm,frequency_GHz,dB,digitized_paper_measurement,p4_1.png
142,844.5,7.551266586248492,-15.653669724770642,0.38600723763570566,0.20068807339449543,single,fig7b,S11_83ohm,83ohm,frequency_GHz,dB,digitized_paper_measurement,p4_1.png
145,845.5,8.13027744270205,-15.73394495412844,0.38600723763570566,0.20068807339449543,single,fig7b,S11_83ohm,83ohm,frequency_GHz,dB,digitized_paper_measurement,p4_1.png
146,846.5,8.323281061519904,-15.814220183486238,0.38600723763570566,0.20068807339449543,single,fig7b,S11_83ohm,83ohm,frequency_GHz,dB,digitized_paper_measurement,p4_1.png
147,847.0,8.516284680337757,-15.854357798165138,0.38600723763570566,0.2408256880733945,single,fig7b,S11_83ohm,83ohm,frequency_GHz,dB,digitized_paper_measurement,p4_1.png
148,848.0,8.70928829915561,-15.934633027522937,0.38600723763570566,0.2408256880733945,single,fig7b,S11_83ohm,83ohm,frequency_GHz,dB,digitized_paper_measurement,p4_1.png
149,849.0,8.902291917973463,-16.014908256880734,0.38600723763570566,0.2408256880733945,single,fig7b,S11_83ohm,83ohm,frequency_GHz,dB,digitized_paper_measurement,p4_1.png
150,850.0,9.095295536791316,-16.095183486238533,0.38600723763570566,0.2408256880733945,single,fig7b,S11_83ohm,83ohm,frequency_GHz,dB,digitized_paper_measurement,p4_1.png
151,851.0,9.288299155609169,-16.17545871559633,0.38600723763570566,0.2408256880733945,single,fig7b,S11_83ohm,83ohm,frequency_GHz,dB,digitized_paper_measurement,p4_1.png
152,852.0,9.48130277442702,-16.255733944954127,0.38600723763570566,0.2408256880733945,single,fig7b,S11_83ohm,83ohm,frequency_GHz,dB,digitized_paper_measurement,p4_1.png
153,853.5,9.674306393244873,-16.376146788990827,0.38600723763570566,0.20068807339449543,single,fig7b,S11_83ohm,83ohm,frequency_GHz,dB,digitized_paper_measurement,p4_1.png
154,855.0,9.867310012062726,-16.496559633027523,0.38600723763570566,0.2408256880733945,single,fig7b,S11_83ohm,83ohm,frequency_GHz,dB,digitized_paper_measurement,p4_1.png
155,856.5,10.060313630880579,-16.61697247706422,0.38600723763570566,0.2809633027522936,single,fig7b,S11_83ohm,83ohm,frequency_GHz,dB,digitized_paper_measurement,p4_1.png
156,858.5,10.253317249698432,-16.777522935779817,0.38600723763570566,0.2809633027522936,single,fig7b,S11_83ohm,83ohm,frequency_GHz,dB,digitized_paper_measurement,p4_1.png
157,861.0,10.446320868516285,-16.978211009174313,0.38600723763570566,0.3211009174311927,single,fig7b,S11_83ohm,83ohm,frequency_GHz,dB,digitized_paper_measurement,p4_1.png
158,864.5,10.639324487334138,-17.259174311926607,0.38600723763570566,0.36123853211009177,single,fig7b,S11_83ohm,83ohm,frequency_GHz,dB,digitized_paper_measurement,p4_1.png
159,867.0,10.83232810615199,-17.459862385321102,0.38600723763570566,0.3211009174311927,single,fig7b,S11_83ohm,83ohm,frequency_GHz,dB,digitized_paper_measurement,p4_1.png
160,870.5,11.025331724969844,-17.740825688073393,0.38600723763570566,0.36123853211009177,single,fig7b,S11_83ohm,83ohm,frequency_GHz,dB,digitized_paper_measurement,p4_1.png
161,873.5,11.218335343787697,-17.98165137614679,0.38600723763570566,0.36123853211009177,single,fig7b,S11_83ohm,83ohm,frequency_GHz,dB,digitized_paper_measurement,p4_1.png
162,877.0,11.41133896260555,-18.262614678899084,0.38600723763570566,0.3211009174311927,single,fig7b,S11_83ohm,83ohm,frequency_GHz,dB,digitized_paper_measurement,p4_1.png
163,880.5,11.604342581423401,-18.543577981651374,0.38600723763570566,0.36123853211009177,single,fig7b,S11_83ohm,83ohm,frequency_GHz,dB,digitized_paper_measurement,p4_1.png
164,883.5,11.797346200241254,-18.78440366972477,0.38600723763570566,0.36123853211009177,single,fig7b,S11_83ohm,83ohm,frequency_GHz,dB,digitized_paper_measurement,p4_1.png
165,886.0,11.990349819059107,-18.985091743119266,0.38600723763570566,0.3211009174311927,single,fig7b,S11_83ohm,83ohm,frequency_GHz,dB,digitized_paper_measurement,p4_1.png
166,889.0,12.18335343787696,-19.22591743119266,0.38600723763570566,0.3211009174311927,single,fig7b,S11_83ohm,83ohm,frequency_GHz,dB,digitized_paper_measurement,p4_1.png
167,891.5,12.376357056694813,-19.426605504587155,0.38600723763570566,0.2809633027522936,single,fig7b,S11_83ohm,83ohm,frequency_GHz,dB,digitized_paper_measurement,p4_1.png
168,894.0,12.569360675512666,-19.62729357798165,0.38600723763570566,0.2408256880733945,single,fig7b,S11_83ohm,83ohm,frequency_GHz,dB,digitized_paper_measurement,p4_1.png
169,895.5,12.762364294330519,-19.74770642201835,0.38600723763570566,0.2809633027522936,single,fig7b,S11_83ohm,83ohm,frequency_GHz,dB,digitized_paper_measurement,p4_1.png
170,897.5,12.955367913148372,-19.908256880733944,0.38600723763570566,0.2809633027522936,single,fig7b,S11_83ohm,83ohm,frequency_GHz,dB,digitized_paper_measurement,p4_1.png
171,899.0,13.148371531966223,-20.02866972477064,0.38600723763570566,0.2408256880733945,single,fig7b,S11_83ohm,83ohm,frequency_GHz,dB,digitized_paper_measurement,p4_1.png
172,899.5,13.341375150784078,-20.068807339449542,0.38600723763570566,0.20068807339449543,single,fig7b,S11_83ohm,83ohm,frequency_GHz,dB,digitized_paper_measurement,p4_1.png
173,899.5,13.534378769601929,-20.068807339449542,0.38600723763570566,0.20068807339449543,single,fig7b,S11_83ohm,83ohm,frequency_GHz,dB,digitized_paper_measurement,p4_1.png
174,899.5,13.727382388419784,-20.068807339449542,0.38600723763570566,0.20068807339449543,single,fig7b,S11_83ohm,83ohm,frequency_GHz,dB,digitized_paper_measurement,p4_1.png
175,898.5,13.920386007237635,-19.988532110091743,0.38600723763570566,0.20068807339449543,single,fig7b,S11_83ohm,83ohm,frequency_GHz,dB,digitized_paper_measurement,p4_1.png
176,897.0,14.11338962605549,-19.868119266055047,0.38600723763570566,0.2408256880733945,single,fig7b,S11_83ohm,83ohm,frequency_GHz,dB,digitized_paper_measurement,p4_1.png
177,896.0,14.306393244873341,-19.787844036697248,0.38600723763570566,0.2408256880733945,single,fig7b,S11_83ohm,83ohm,frequency_GHz,dB,digitized_paper_measurement,p4_1.png
178,894.0,14.499396863691194,-19.62729357798165,0.38600723763570566,0.2408256880733945,single,fig7b,S11_83ohm,83ohm,frequency_GHz,dB,digitized_paper_measurement,p4_1.png
181,887.5,15.078407720144753,-19.105504587155963,0.38600723763570566,0.2809633027522936,single,fig7b,S11_83ohm,83ohm,frequency_GHz,dB,digitized_paper_measurement,p4_1.png
182,885.0,15.271411338962604,-18.904816513761467,0.38600723763570566,0.3211009174311927,single,fig7b,S11_83ohm,83ohm,frequency_GHz,dB,digitized_paper_measurement,p4_1.png
183,882.5,15.464414957780459,-18.704128440366972,0.38600723763570566,0.2809633027522936,single,fig7b,S11_83ohm,83ohm,frequency_GHz,dB,digitized_paper_measurement,p4_1.png
184,880.0,15.65741857659831,-18.503440366972477,0.38600723763570566,0.3211009174311927,single,fig7b,S11_83ohm,83ohm,frequency_GHz,dB,digitized_paper_measurement,p4_1.png
185,877.5,15.850422195416165,-18.30275229357798,0.38600723763570566,0.2809633027522936,single,fig7b,S11_83ohm,83ohm,frequency_GHz,dB,digitized_paper_measurement,p4_1.png
186,875.0,16.043425814234016,-18.102064220183486,0.38600723763570566,0.3211009174311927,single,fig7b,S11_83ohm,83ohm,frequency_GHz,dB,digitized_paper_measurement,p4_1.png
187,872.0,16.23642943305187,-17.861238532110093,0.38600723763570566,0.3211009174311927,single,fig7b,S11_83ohm,83ohm,frequency_GHz,dB,digitized_paper_measurement,p4_1.png
188,870.0,16.429433051869722,-17.700688073394495,0.38600723763570566,0.3211009174311927,single,fig7b,S11_83ohm,83ohm,frequency_GHz,dB,digitized_paper_measurement,p4_1.png
189,867.5,16.622436670687577,-17.5,0.38600723763570566,0.2809633027522936,single,fig7b,S11_83ohm,83ohm,frequency_GHz,dB,digitized_paper_measurement,p4_1.png
190,865.5,16.81544028950543,-17.339449541284402,0.38600723763570566,0.2809633027522936,single,fig7b,S11_83ohm,83ohm,frequency_GHz,dB,digitized_paper_measurement,p4_1.png
191,863.5,17.00844390832328,-17.178899082568808,0.38600723763570566,0.2809633027522936,single,fig7b,S11_83ohm,83ohm,frequency_GHz,dB,digitized_paper_measurement,p4_1.png
192,862.0,17.201447527141134,-17.05848623853211,0.38600723763570566,0.2408256880733945,single,fig7b,S11_83ohm,83ohm,frequency_GHz,dB,digitized_paper_measurement,p4_1.png
193,860.0,17.394451145958985,-16.897935779816514,0.38600723763570566,0.2408256880733945,single,fig7b,S11_83ohm,83ohm,frequency_GHz,dB,digitized_paper_measurement,p4_1.png
194,859.0,17.58745476477684,-16.817660550458715,0.38600723763570566,0.2408256880733945,single,fig7b,S11_83ohm,83ohm,frequency_GHz,dB,digitized_paper_measurement,p4_1.png
195,857.5,17.78045838359469,-16.69724770642202,0.38600723763570566,0.20068807339449543,single,fig7b,S11_83ohm,83ohm,frequency_GHz,dB,digitized_paper_measurement,p4_1.png
196,856.5,17.973462002412546,-16.61697247706422,0.38600723763570566,0.20068807339449543,single,fig7b,S11_83ohm,83ohm,frequency_GHz,dB,digitized_paper_measurement,p4_1.png
197,855.5,18.166465621230397,-16.53669724770642,0.38600723763570566,0.20068807339449543,single,fig7b,S11_83ohm,83ohm,frequency_GHz,dB,digitized_paper_measurement,p4_1.png
198,855.0,18.359469240048252,-16.496559633027523,0.38600723763570566,0.16055045871559634,single,fig7b,S11_83ohm,83ohm,frequency_GHz,dB,digitized_paper_measurement,p4_1.png
200,854.0,18.745476477683958,-16.416284403669724,0.38600723763570566,0.16055045871559634,single,fig7b,S11_83ohm,83ohm,frequency_GHz,dB,digitized_paper_measurement,p4_1.png
201,853.5,18.93848009650181,-16.376146788990827,0.38600723763570566,0.20068807339449543,single,fig7b,S11_83ohm,83ohm,frequency_GHz,dB,digitized_paper_measurement,p4_1.png
202,854.0,19.13148371531966,-16.416284403669724,0.38600723763570566,0.16055045871559634,single,fig7b,S11_83ohm,83ohm,frequency_GHz,dB,digitized_paper_measurement,p4_1.png
203,854.5,19.324487334137515,-16.456422018348626,0.38600723763570566,0.20068807339449543,single,fig7b,S11_83ohm,83ohm,frequency_GHz,dB,digitized_paper_measurement,p4_1.png
204,854.5,19.517490952955367,-16.456422018348626,0.38600723763570566,0.20068807339449543,single,fig7b,S11_83ohm,83ohm,frequency_GHz,dB,digitized_paper_measurement,p4_1.png
205,854.5,19.71049457177322,-16.456422018348626,0.38600723763570566,0.20068807339449543,single,fig7b,S11_83ohm,83ohm,frequency_GHz,dB,digitized_paper_measurement,p4_1.png
206,856.0,19.903498190591073,-16.576834862385322,0.38600723763570566,0.2408256880733945,single,fig7b,S11_83ohm,83ohm,frequency_GHz,dB,digitized_paper_measurement,p4_1.png
207,856.5,20.096501809408927,-16.61697247706422,0.38600723763570566,0.20068807339449543,single,fig7b,S11_83ohm,83ohm,frequency_GHz,dB,digitized_paper_measurement,p4_1.png
208,857.5,20.28950542822678,-16.69724770642202,0.38600723763570566,0.20068807339449543,single,fig7b,S11_83ohm,83ohm,frequency_GHz,dB,digitized_paper_measurement,p4_1.png
209,859.0,20.482509047044633,-16.817660550458715,0.38600723763570566,0.2408256880733945,single,fig7b,S11_83ohm,83ohm,frequency_GHz,dB,digitized_paper_measurement,p4_1.png
210,861.5,20.675512665862485,-17.01834862385321,0.38600723763570566,0.2809633027522936,single,fig7b,S11_83ohm,83ohm,frequency_GHz,dB,digitized_paper_measurement,p4_1.png
211,863.5,20.86851628468034,-17.178899082568808,0.38600723763570566,0.2809633027522936,single,fig7b,S11_83ohm,83ohm,frequency_GHz,dB,digitized_paper_measurement,p4_1.png
212,865.5,21.06151990349819,-17.339449541284402,0.38600723763570566,0.2809633027522936,single,fig7b,S11_83ohm,83ohm,frequency_GHz,dB,digitized_paper_measurement,p4_1.png
213,868.0,21.254523522316042,-17.540137614678898,0.38600723763570566,0.3211009174311927,single,fig7b,S11_83ohm,83ohm,frequency_GHz,dB,digitized_paper_measurement,p4_1.png
214,871.5,21.447527141133897,-17.821100917431192,0.38600723763570566,0.36123853211009177,single,fig7b,S11_83ohm,83ohm,frequency_GHz,dB,digitized_paper_measurement,p4_1.png
215,874.5,21.640530759951748,-18.06192660550459,0.38600723763570566,0.36123853211009177,single,fig7b,S11_83ohm,83ohm,frequency_GHz,dB,digitized_paper_measurement,p4_1.png
216,878.5,21.833534378769603,-18.38302752293578,0.38600723763570566,0.36123853211009177,single,fig7b,S11_83ohm,83ohm,frequency_GHz,dB,digitized_paper_measurement,p4_1.png
217,882.0,22.026537997587454,-18.663990825688074,0.38600723763570566,0.40137614678899086,single,fig7b,S11_83ohm,83ohm,frequency_GHz,dB,digitized_paper_measurement,p4_1.png
218,887.0,22.21954161640531,-19.065366972477065,0.38600723763570566,0.481651376146789,single,fig7b,S11_83ohm,83ohm,frequency_GHz,dB,digitized_paper_measurement,p4_1.png
219,893.0,22.41254523522316,-19.547018348623855,0.38600723763570566,0.5619266055045872,single,fig7b,S11_83ohm,83ohm,frequency_GHz,dB,digitized_paper_measurement,p4_1.png
220,899.0,22.605548854041015,-20.02866972477064,0.38600723763570566,0.481651376146789,single,fig7b,S11_83ohm,83ohm,frequency_GHz,dB,digitized_paper_measurement,p4_1.png
221,904.5,22.798552472858866,-20.470183486238533,0.38600723763570566,0.5217889908256881,single,fig7b,S11_83ohm,83ohm,frequency_GHz,dB,digitized_paper_measurement,p4_1.png
222,912.0,22.99155609167672,-21.07224770642202,0.38600723763570566,0.6422018348623854,single,fig7b,S11_83ohm,83ohm,frequency_GHz,dB,digitized_paper_measurement,p4_1.png
223,920.0,23.18455971049457,-21.714449541284402,0.38600723763570566,0.6422018348623854,single,fig7b,S11_83ohm,83ohm,frequency_GHz,dB,digitized_paper_measurement,p4_1.png
224,929.0,23.377563329312423,-22.43692660550459,0.38600723763570566,0.8027522935779817,single,fig7b,S11_83ohm,83ohm,frequency_GHz,dB,digitized_paper_measurement,p4_1.png
225,940.0,23.570566948130278,-23.31995412844037,0.38600723763570566,0.8830275229357799,single,fig7b,S11_83ohm,83ohm,frequency_GHz,dB,digitized_paper_measurement,p4_1.png
226,952.0,23.76357056694813,-24.283256880733944,0.38600723763570566,0.963302752293578,single,fig7b,S11_83ohm,83ohm,frequency_GHz,dB,digitized_paper_measurement,p4_1.png
227,963.5,23.956574185765984,-25.206422018348626,0.38600723763570566,0.8428899082568808,single,fig7b,S11_83ohm,83ohm,frequency_GHz,dB,digitized_paper_measurement,p4_1.png
228,976.5,24.149577804583835,-26.25,0.38600723763570566,1.0034403669724772,single,fig7b,S11_83ohm,83ohm,frequency_GHz,dB,digitized_paper_measurement,p4_1.png
229,992.0,24.34258142340169,-27.494266055045873,0.38600723763570566,1.2844036697247707,single,fig7b,S11_83ohm,83ohm,frequency_GHz,dB,digitized_paper_measurement,p4_1.png
230,1010.0,24.53558504221954,-28.93922018348624,0.38600723763570566,1.444954128440367,single,fig7b,S11_83ohm,83ohm,frequency_GHz,dB,digitized_paper_measurement,p4_1.png
231,1031.5,24.728588661037396,-30.665137614678898,0.38600723763570566,1.5653669724770642,single,fig7b,S11_83ohm,83ohm,frequency_GHz,dB,digitized_paper_measurement,p4_1.png
232,1051.0,24.921592279855247,-32.23050458715596,0.38600723763570566,1.444954128440367,single,fig7b,S11_83ohm,83ohm,frequency_GHz,dB,digitized_paper_measurement,p4_1.png
233,1064.0,25.1145958986731,-33.27408256880734,0.38600723763570566,0.7224770642201835,single,fig7b,S11_83ohm,83ohm,frequency_GHz,dB,digitized_paper_measurement,p4_1.png
234,1064.5,25.307599517490953,-33.31422018348624,0.38600723763570566,0.6823394495412844,single,fig7b,S11_83ohm,83ohm,frequency_GHz,dB,digitized_paper_measurement,p4_1.png
235,1052.0,25.500603136308804,-32.31077981651376,0.38600723763570566,1.364678899082569,single,fig7b,S11_83ohm,83ohm,frequency_GHz,dB,digitized_paper_measurement,p4_1.png
236,1032.0,25.69360675512666,-30.7052752293578,0.38600723763570566,1.6055045871559634,single,fig7b,S11_83ohm,83ohm,frequency_GHz,dB,digitized_paper_measurement,p4_1.png
237,1009.5,25.88661037394451,-28.89908256880734,0.38600723763570566,1.6456422018348624,single,fig7b,S11_83ohm,83ohm,frequency_GHz,dB,digitized_paper_measurement,p4_1.png
238,989.5,26.079613992762365,-27.293577981651374,0.38600723763570566,1.3245412844036697,single,fig7b,S11_83ohm,83ohm,frequency_GHz,dB,digitized_paper_measurement,p4_1.png
239,973.0,26.272617611580216,-25.969036697247706,0.38600723763570566,1.1238532110091743,single,fig7b,S11_83ohm,83ohm,frequency_GHz,dB,digitized_paper_measurement,p4_1.png
240,958.0,26.46562123039807,-24.764908256880734,0.38600723763570566,1.0435779816513762,single,fig7b,S11_83ohm,83ohm,frequency_GHz,dB,digitized_paper_measurement,p4_1.png
241,948.5,26.658624849215922,-24.00229357798165,0.38600723763570566,0.6823394495412844,single,fig7b,S11_83ohm,83ohm,frequency_GHz,dB,digitized_paper_measurement,p4_1.png
242,927.5,26.851628468033777,-22.31651376146789,0.38600723763570566,0.5217889908256881,single,fig7b,S11_83ohm,83ohm,frequency_GHz,dB,digitized_paper_measurement,p4_1.png
243,922.0,27.044632086851628,-21.875,0.38600723763570566,0.7224770642201835,single,fig7b,S11_83ohm,83ohm,frequency_GHz,dB,digitized_paper_measurement,p4_1.png
244,912.0,27.237635705669483,-21.07224770642202,0.38600723763570566,0.7224770642201835,single,fig7b,S11_83ohm,83ohm,frequency_GHz,dB,digitized_paper_measurement,p4_1.png
245,903.5,27.430639324487334,-20.389908256880734,0.38600723763570566,0.6823394495412844,single,fig7b,S11_83ohm,83ohm,frequency_GHz,dB,digitized_paper_measurement,p4_1.png
246,896.0,27.623642943305185,-19.787844036697248,0.38600723763570566,0.6422018348623854,single,fig7b,S11_83ohm,83ohm,frequency_GHz,dB,digitized_paper_measurement,p4_1.png
247,889.5,27.81664656212304,-19.26605504587156,0.38600723763570566,0.5217889908256881,single,fig7b,S11_83ohm,83ohm,frequency_GHz,dB,digitized_paper_measurement,p4_1.png
248,883.5,28.009650180940895,-18.78440366972477,0.38600723763570566,0.5217889908256881,single,fig7b,S11_83ohm,83ohm,frequency_GHz,dB,digitized_paper_measurement,p4_1.png
249,877.5,28.202653799758746,-18.30275229357798,0.38600723763570566,0.5217889908256881,single,fig7b,S11_83ohm,83ohm,frequency_GHz,dB,digitized_paper_measurement,p4_1.png
250,872.0,28.395657418576597,-17.861238532110093,0.38600723763570566,0.481651376146789,single,fig7b,S11_83ohm,83ohm,frequency_GHz,dB,digitized_paper_measurement,p4_1.png
251,867.0,28.588661037394452,-17.459862385321102,0.38600723763570566,0.40137614678899086,single,fig7b,S11_83ohm,83ohm,frequency_GHz,dB,digitized_paper_measurement,p4_1.png
252,863.0,28.781664656212303,-17.138761467889907,0.38600723763570566,0.40137614678899086,single,fig7b,S11_83ohm,83ohm,frequency_GHz,dB,digitized_paper_measurement,p4_1.png
253,859.0,28.974668275030155,-16.817660550458715,0.38600723763570566,0.40137614678899086,single,fig7b,S11_83ohm,83ohm,frequency_GHz,dB,digitized_paper_measurement,p4_1.png
254,855.5,29.16767189384801,-16.53669724770642,0.38600723763570566,0.36123853211009177,single,fig7b,S11_83ohm,83ohm,frequency_GHz,dB,digitized_paper_measurement,p4_1.png
255,851.5,29.360675512665864,-16.21559633027523,0.38600723763570566,0.36123853211009177,single,fig7b,S11_83ohm,83ohm,frequency_GHz,dB,digitized_paper_measurement,p4_1.png
257,846.5,29.746682750301567,-15.814220183486238,0.38600723763570566,0.2809633027522936,single,fig7b,S11_83ohm,83ohm,frequency_GHz,dB,digitized_paper_measurement,p4_1.png
259,842.0,30.132689987937276,-15.452981651376147,0.38600723763570566,0.3211009174311927,single,fig7b,S11_83ohm,83ohm,frequency_GHz,dB,digitized_paper_measurement,p4_1.png
260,839.5,30.325693606755127,-15.252293577981652,0.38600723763570566,0.20068807339449543,single,fig7b,S11_83ohm,83ohm,frequency_GHz,dB,digitized_paper_measurement,p4_1.png
262,838.0,30.711700844390833,-15.131880733944953,0.38600723763570566,0.16055045871559634,single,fig7b,S11_83ohm,83ohm,frequency_GHz,dB,digitized_paper_measurement,p4_1.png
263,836.0,30.904704463208684,-14.971330275229358,0.38600723763570566,0.2408256880733945,single,fig7b,S11_83ohm,83ohm,frequency_GHz,dB,digitized_paper_measurement,p4_1.png
264,835.0,31.097708082026536,-14.89105504587156,0.38600723763570566,0.2408256880733945,single,fig7b,S11_83ohm,83ohm,frequency_GHz,dB,digitized_paper_measurement,p4_1.png
265,834.5,31.29071170084439,-14.850917431192661,0.38600723763570566,0.20068807339449543,single,fig7b,S11_83ohm,83ohm,frequency_GHz,dB,digitized_paper_measurement,p4_1.png
266,834.5,31.483715319662245,-14.850917431192661,0.38600723763570566,0.20068807339449543,single,fig7b,S11_83ohm,83ohm,frequency_GHz,dB,digitized_paper_measurement,p4_1.png
267,833.5,31.676718938480096,-14.770642201834862,0.38600723763570566,0.20068807339449543,single,fig7b,S11_83ohm,83ohm,frequency_GHz,dB,digitized_paper_measurement,p4_1.png
268,833.5,31.869722557297948,-14.770642201834862,0.38600723763570566,0.20068807339449543,single,fig7b,S11_83ohm,83ohm,frequency_GHz,dB,digitized_paper_measurement,p4_1.png
269,835.0,32.0627261761158,-14.89105504587156,0.38600723763570566,0.2408256880733945,single,fig7b,S11_83ohm,83ohm,frequency_GHz,dB,digitized_paper_measurement,p4_1.png
270,835.5,32.25572979493366,-14.931192660550458,0.38600723763570566,0.20068807339449543,single,fig7b,S11_83ohm,83ohm,frequency_GHz,dB,digitized_paper_measurement,p4_1.png
271,836.0,32.44873341375151,-14.971330275229358,0.38600723763570566,0.16055045871559634,single,fig7b,S11_83ohm,83ohm,frequency_GHz,dB,digitized_paper_measurement,p4_1.png
273,837.0,32.834740651387214,-15.051605504587156,0.38600723763570566,0.16055045871559634,single,fig7b,S11_83ohm,83ohm,frequency_GHz,dB,digitized_paper_measurement,p4_1.png
274,837.5,33.02774427020506,-15.091743119266056,0.38600723763570566,0.2809633027522936,single,fig7b,S11_83ohm,83ohm,frequency_GHz,dB,digitized_paper_measurement,p4_1.png
275,840.5,33.22074788902292,-15.332568807339449,0.38600723763570566,0.44151376146788995,single,fig7b,S11_83ohm,83ohm,frequency_GHz,dB,digitized_paper_measurement,p4_1.png
276,844.0,33.41375150784077,-15.613532110091743,0.38600723763570566,0.40137614678899086,single,fig7b,S11_83ohm,83ohm,frequency_GHz,dB,digitized_paper_measurement,p4_1.png
277,847.0,33.606755126658626,-15.854357798165138,0.38600723763570566,0.2408256880733945,single,fig7b,S11_83ohm,83ohm,frequency_GHz,dB,digitized_paper_measurement,p4_1.png
278,847.5,33.79975874547648,-15.894495412844037,0.38600723763570566,0.20068807339449543,single,fig7b,S11_83ohm,83ohm,frequency_GHz,dB,digitized_paper_measurement,p4_1.png
279,848.5,33.99276236429433,-15.974770642201834,0.38600723763570566,0.36123853211009177,single,fig7b,S11_83ohm,83ohm,frequency_GHz,dB,digitized_paper_measurement,p4_1.png
280,854.0,34.185765983112184,-16.416284403669724,0.38600723763570566,0.6422018348623854,single,fig7b,S11_83ohm,83ohm,frequency_GHz,dB,digitized_paper_measurement,p4_1.png
281,858.5,34.37876960193004,-16.777522935779817,0.38600723763570566,0.44151376146788995,single,fig7b,S11_83ohm,83ohm,frequency_GHz,dB,digitized_paper_measurement,p4_1.png
282,862.5,34.571773220747886,-17.09862385321101,0.38600723763570566,0.20068807339449543,single,fig7b,S11_83ohm,83ohm,frequency_GHz,dB,digitized_paper_measurement,p4_1.png
283,863.5,34.76477683956574,-17.178899082568808,0.38600723763570566,0.20068807339449543,single,fig7b,S11_83ohm,83ohm,frequency_GHz,dB,digitized_paper_measurement,p4_1.png
284,866.0,34.957780458383596,-17.379587155963304,0.38600723763570566,0.3211009174311927,single,fig7b,S11_83ohm,83ohm,frequency_GHz,dB,digitized_paper_measurement,p4_1.png
285,870.0,35.15078407720145,-17.700688073394495,0.38600723763570566,0.481651376146789,single,fig7b,S11_83ohm,83ohm,frequency_GHz,dB,digitized_paper_measurement,p4_1.png
286,874.0,35.3437876960193,-18.021788990825687,0.38600723763570566,0.40137614678899086,single,fig7b,S11_83ohm,83ohm,frequency_GHz,dB,digitized_paper_measurement,p4_1.png
287,872.5,35.53679131483715,-17.90137614678899,0.38600723763570566,0.5217889908256881,single,fig7b,S11_83ohm,83ohm,frequency_GHz,dB,digitized_paper_measurement,p4_1.png
288,869.5,35.72979493365501,-17.660550458715598,0.38600723763570566,0.6020642201834863,single,fig7b,S11_83ohm,83ohm,frequency_GHz,dB,digitized_paper_measurement,p4_1.png
289,876.0,35.922798552472855,-18.182339449541285,0.38600723763570566,1.1238532110091743,single,fig7b,S11_83ohm,83ohm,frequency_GHz,dB,digitized_paper_measurement,p4_1.png
290,892.0,36.11580217129071,-19.466743119266056,0.38600723763570566,1.6857798165137616,single,fig7b,S11_83ohm,83ohm,frequency_GHz,dB,digitized_paper_measurement,p4_1.png
291,914.0,36.308805790108565,-21.232798165137616,0.38600723763570566,1.444954128440367,single,fig7b,S11_83ohm,83ohm,frequency_GHz,dB,digitized_paper_measurement,p4_1.png
292,933.0,36.50180940892642,-22.75802752293578,0.38600723763570566,1.2041284403669725,single,fig7b,S11_83ohm,83ohm,frequency_GHz,dB,digitized_paper_measurement,p4_1.png
293,951.5,36.694813027744274,-24.243119266055047,0.38600723763570566,1.4048165137614679,single,fig7b,S11_83ohm,83ohm,frequency_GHz,dB,digitized_paper_measurement,p4_1.png
294,972.5,36.88781664656212,-25.928899082568808,0.38600723763570566,1.6456422018348624,single,fig7b,S11_83ohm,83ohm,frequency_GHz,dB,digitized_paper_measurement,p4_1.png
295,995.5,37.08082026537998,-27.775229357798164,0.38600723763570566,1.7259174311926606,single,fig7b,S11_83ohm,83ohm,frequency_GHz,dB,digitized_paper_measurement,p4_1.png
296,1017.0,37.273823884197824,-29.501146788990827,0.38600723763570566,1.444954128440367,single,fig7b,S11_83ohm,83ohm,frequency_GHz,dB,digitized_paper_measurement,p4_1.png
297,1036.0,37.46682750301568,-31.02637614678899,0.38600723763570566,1.364678899082569,single,fig7b,S11_83ohm,83ohm,frequency_GHz,dB,digitized_paper_measurement,p4_1.png
298,1048.5,37.659831121833534,-32.02981651376147,0.38600723763570566,0.7626146788990826,single,fig7b,S11_83ohm,83ohm,frequency_GHz,dB,digitized_paper_measurement,p4_1.png
299,1047.0,37.85283474065139,-31.90940366972477,0.38600723763570566,0.8830275229357799,single,fig7b,S11_83ohm,83ohm,frequency_GHz,dB,digitized_paper_measurement,p4_1.png
300,1030.5,38.04583835946924,-30.584862385321102,0.38600723763570566,1.7259174311926606,single,fig7b,S11_83ohm,83ohm,frequency_GHz,dB,digitized_paper_measurement,p4_1.png
301,1008.0,38.23884197828709,-28.77866972477064,0.38600723763570566,1.6857798165137616,single,fig7b,S11_83ohm,83ohm,frequency_GHz,dB,digitized_paper_measurement,p4_1.png
302,994.5,38.431845597104946,-27.69495412844037,0.38600723763570566,0.2809633027522936,merged,fig7b,S11_83ohm,83ohm,frequency_GHz,dB,digitized_paper_measurement,p4_1.png
303,965.5,38.624849215922794,-25.36697247706422,0.38600723763570566,1.0837155963302754,single,fig7b,S11_83ohm,83ohm,frequency_GHz,dB,digitized_paper_measurement,p4_1.png
304,950.5,38.81785283474065,-24.162844036697248,0.38600723763570566,1.4048165137614679,single,fig7b,S11_83ohm,83ohm,frequency_GHz,dB,digitized_paper_measurement,p4_1.png
305,934.5,39.0108564535585,-22.878440366972477,0.38600723763570566,1.0837155963302754,single,fig7b,S11_83ohm,83ohm,frequency_GHz,dB,digitized_paper_measurement,p4_1.png
306,921.5,39.20386007237636,-21.834862385321102,0.38600723763570566,0.7626146788990826,single,fig7b,S11_83ohm,83ohm,frequency_GHz,dB,digitized_paper_measurement,p4_1.png
307,910.0,39.39686369119421,-20.91169724770642,0.38600723763570566,0.8830275229357799,single,fig7b,S11_83ohm,83ohm,frequency_GHz,dB,digitized_paper_measurement,p4_1.png
308,899.0,39.58986731001207,-20.02866972477064,0.38600723763570566,1.0435779816513762,single,fig7b,S11_83ohm,83ohm,frequency_GHz,dB,digitized_paper_measurement,p4_1.png
309,888.5,39.782870928829915,-19.18577981651376,0.38600723763570566,0.6823394495412844,single,fig7b,S11_83ohm,83ohm,frequency_GHz,dB,digitized_paper_measurement,p4_1.png
310,881.5,39.97587454764777,-18.623853211009173,0.38600723763570566,0.44151376146788995,single,fig7b,S11_83ohm,83ohm,frequency_GHz,dB,digitized_paper_measurement,p4_1.png
311,874.0,40.16887816646562,-18.021788990825687,0.38600723763570566,0.6422018348623854,single,fig7b,S11_83ohm,83ohm,frequency_GHz,dB,digitized_paper_measurement,p4_1.png
312,867.5,40.36188178528347,-17.5,0.38600723763570566,0.7626146788990826,single,fig7b,S11_83ohm,83ohm,frequency_GHz,dB,digitized_paper_measurement,p4_1.png
314,854.5,40.74788902291918,-16.456422018348626,0.38600723763570566,0.2809633027522936,single,fig7b,S11_83ohm,83ohm,frequency_GHz,dB,digitized_paper_measurement,p4_1.png
317,839.0,41.32689987937274,-15.212155963302752,0.38600723763570566,0.40137614678899086,single,fig7b,S11_83ohm,83ohm,frequency_GHz,dB,digitized_paper_measurement,p4_1.png
318,835.5,41.51990349819059,-14.931192660550458,0.38600723763570566,0.2809633027522936,single,fig7b,S11_83ohm,83ohm,frequency_GHz,dB,digitized_paper_measurement,p4_1.png
319,832.0,41.71290711700844,-14.650229357798166,0.38600723763570566,0.40137614678899086,single,fig7b,S11_83ohm,83ohm,frequency_GHz,dB,digitized_paper_measurement,p4_1.png
320,828.0,41.905910735826296,-14.329128440366972,0.38600723763570566,0.481651376146789,single,fig7b,S11_83ohm,83ohm,frequency_GHz,dB,digitized_paper_measurement,p4_1.png
321,824.0,42.09891435464415,-14.00802752293578,0.38600723763570566,0.3211009174311927,single,fig7b,S11_83ohm,83ohm,frequency_GHz,dB,digitized_paper_measurement,p4_1.png
322,821.5,42.291917973462006,-13.807339449541285,0.38600723763570566,0.2809633027522936,single,fig7b,S11_83ohm,83ohm,frequency_GHz,dB,digitized_paper_measurement,p4_1.png
323,819.0,42.48492159227985,-13.60665137614679,0.38600723763570566,0.3211009174311927,single,fig7b,S11_83ohm,83ohm,frequency_GHz,dB,digitized_paper_measurement,p4_1.png
324,816.5,42.67792521109771,-13.405963302752294,0.38600723763570566,0.2809633027522936,single,fig7b,S11_83ohm,83ohm,frequency_GHz,dB,digitized_paper_measurement,p4_1.png
325,814.0,42.870928829915556,-13.205275229357799,0.38600723763570566,0.2408256880733945,single,fig7b,S11_83ohm,83ohm,frequency_GHz,dB,digitized_paper_measurement,p4_1.png
326,811.0,43.06393244873341,-12.964449541284404,0.38600723763570566,0.2408256880733945,single,fig7b,S11_83ohm,83ohm,frequency_GHz,dB,digitized_paper_measurement,p4_1.png
327,809.5,43.256936067551266,-12.844036697247706,0.38600723763570566,0.20068807339449543,single,fig7b,S11_83ohm,83ohm,frequency_GHz,dB,digitized_paper_measurement,p4_1.png
328,809.0,43.44993968636912,-12.803899082568808,0.38600723763570566,0.16055045871559634,single,fig7b,S11_83ohm,83ohm,frequency_GHz,dB,digitized_paper_measurement,p4_1.png
329,807.5,43.642943305186975,-12.68348623853211,0.38600723763570566,0.20068807339449543,single,fig7b,S11_83ohm,83ohm,frequency_GHz,dB,digitized_paper_measurement,p4_1.png
330,805.0,43.83594692400483,-12.482798165137615,0.38600723763570566,0.16055045871559634,single,fig7b,S11_83ohm,83ohm,frequency_GHz,dB,digitized_paper_measurement,p4_1.png
331,804.0,44.02895054282268,-12.402522935779816,0.38600723763570566,0.16055045871559634,single,fig7b,S11_83ohm,83ohm,frequency_GHz,dB,digitized_paper_measurement,p4_1.png
332,808.5,44.22195416164053,-12.763761467889909,0.38600723763570566,0.20068807339449543,single,fig7b,S11_83ohm,83ohm,frequency_GHz,dB,digitized_paper_measurement,p4_1.png
333,809.5,44.41495778045838,-12.844036697247706,0.38600723763570566,0.20068807339449543,single,fig7b,S11_83ohm,83ohm,frequency_GHz,dB,digitized_paper_measurement,p4_1.png
334,804.5,44.607961399276235,-12.442660550458715,0.38600723763570566,0.20068807339449543,single,fig7b,S11_83ohm,83ohm,frequency_GHz,dB,digitized_paper_measurement,p4_1.png
336,807.0,44.993968636911944,-12.64334862385321,0.38600723763570566,0.2408256880733945,single,fig7b,S11_83ohm,83ohm,frequency_GHz,dB,digitized_paper_measurement,p4_1.png
337,808.0,45.1869722557298,-12.72362385321101,0.38600723763570566,0.2408256880733945,single,fig7b,S11_83ohm,83ohm,frequency_GHz,dB,digitized_paper_measurement,p4_1.png
338,808.5,45.37997587454765,-12.763761467889909,0.38600723763570566,0.20068807339449543,single,fig7b,S11_83ohm,83ohm,frequency_GHz,dB,digitized_paper_measurement,p4_1.png
339,809.5,45.5729794933655,-12.844036697247706,0.38600723763570566,0.2809633027522936,single,fig7b,S11_83ohm,83ohm,frequency_GHz,dB,digitized_paper_measurement,p4_1.png
340,811.5,45.76598311218335,-13.004587155963304,0.38600723763570566,0.36123853211009177,single,fig7b,S11_83ohm,83ohm,frequency_GHz,dB,digitized_paper_measurement,p4_1.png
341,813.5,45.958986731001204,-13.1651376146789,0.38600723763570566,0.2809633027522936,single,fig7b,S11_83ohm,83ohm,frequency_GHz,dB,digitized_paper_measurement,p4_1.png
342,814.5,46.15199034981906,-13.245412844036696,0.38600723763570566,0.20068807339449543,single,fig7b,S11_83ohm,83ohm,frequency_GHz,dB,digitized_paper_measurement,p4_1.png
343,813.5,46.34499396863691,-13.1651376146789,0.38600723763570566,0.20068807339449543,single,fig7b,S11_83ohm,83ohm,frequency_GHz,dB,digitized_paper_measurement,p4_1.png
344,813.5,46.53799758745477,-13.1651376146789,0.38600723763570566,0.20068807339449543,single,fig7b,S11_83ohm,83ohm,frequency_GHz,dB,digitized_paper_measurement,p4_1.png
345,816.5,46.731001206272616,-13.405963302752294,0.38600723763570566,0.36123853211009177,single,fig7b,S11_83ohm,83ohm,frequency_GHz,dB,digitized_paper_measurement,p4_1.png
346,820.0,46.92400482509047,-13.686926605504587,0.38600723763570566,0.481651376146789,single,fig7b,S11_83ohm,83ohm,frequency_GHz,dB,digitized_paper_measurement,p4_1.png
347,824.5,47.11700844390832,-14.04816513761468,0.38600723763570566,0.36123853211009177,single,fig7b,S11_83ohm,83ohm,frequency_GHz,dB,digitized_paper_measurement,p4_1.png
348,827.0,47.31001206272617,-14.248853211009175,0.38600723763570566,0.2408256880733945,single,fig7b,S11_83ohm,83ohm,frequency_GHz,dB,digitized_paper_measurement,p4_1.png
349,825.5,47.50301568154403,-14.128440366972477,0.38600723763570566,0.36123853211009177,single,fig7b,S11_83ohm,83ohm,frequency_GHz,dB,digitized_paper_measurement,p4_1.png
351,820.0,47.88902291917974,-13.686926605504587,0.38600723763570566,0.2408256880733945,single,fig7b,S11_83ohm,83ohm,frequency_GHz,dB,digitized_paper_measurement,p4_1.png
352,821.5,48.08202653799759,-13.807339449541285,0.38600723763570566,0.2809633027522936,single,fig7b,S11_83ohm,83ohm,frequency_GHz,dB,digitized_paper_measurement,p4_1.png
353,825.5,48.27503015681544,-14.128440366972477,0.38600723763570566,0.5217889908256881,single,fig7b,S11_83ohm,83ohm,frequency_GHz,dB,digitized_paper_measurement,p4_1.png
354,830.5,48.468033775633295,-14.529816513761467,0.38600723763570566,0.6020642201834863,single,fig7b,S11_83ohm,83ohm,frequency_GHz,dB,digitized_paper_measurement,p4_1.png
355,835.0,48.66103739445114,-14.89105504587156,0.38600723763570566,0.3211009174311927,single,fig7b,S11_83ohm,83ohm,frequency_GHz,dB,digitized_paper_measurement,p4_1.png
356,840.0,48.854041013269,-15.292431192660551,0.38600723763570566,0.40137614678899086,single,fig7b,S11_83ohm,83ohm,frequency_GHz,dB,digitized_paper_measurement,p4_1.png
357,844.5,49.04704463208685,-15.653669724770642,0.38600723763570566,0.6020642201834863,single,fig7b,S11_83ohm,83ohm,frequency_GHz,dB,digitized_paper_measurement,p4_1.png
358,850.0,49.24004825090471,-16.095183486238533,0.38600723763570566,0.481651376146789,single,fig7b,S11_83ohm,83ohm,frequency_GHz,dB,digitized_paper_measurement,p4_1.png
359,855.0,49.43305186972256,-16.496559633027523,0.38600723763570566,0.40137614678899086,single,fig7b,S11_83ohm,83ohm,frequency_GHz,dB,digitized_paper_measurement,p4_1.png
360,860.0,49.62605548854041,-16.897935779816514,0.38600723763570566,0.481651376146789,single,fig7b,S11_83ohm,83ohm,frequency_GHz,dB,digitized_paper_measurement,p4_1.png
361,864.0,49.819059107358264,-17.219036697247706,0.38600723763570566,0.481651376146789,single,fig7b,S11_83ohm,83ohm,frequency_GHz,dB,digitized_paper_measurement,p4_1.png
362,869.0,50.01206272617611,-17.620412844036696,0.38600723763570566,0.40137614678899086,single,fig7b,S11_83ohm,83ohm,frequency_GHz,dB,digitized_paper_measurement,p4_1.png
363,874.0,50.205066344993966,-18.021788990825687,0.38600723763570566,0.481651376146789,single,fig7b,S11_83ohm,83ohm,frequency_GHz,dB,digitized_paper_measurement,p4_1.png
364,878.0,50.39806996381182,-18.34288990825688,0.38600723763570566,0.40137614678899086,single,fig7b,S11_83ohm,83ohm,frequency_GHz,dB,digitized_paper_measurement,p4_1.png
365,881.5,50.591073582629676,-18.623853211009173,0.38600723763570566,0.2809633027522936,single,fig7b,S11_83ohm,83ohm,frequency_GHz,dB,digitized_paper_measurement,p4_1.png
366,885.0,50.78407720144753,-18.904816513761467,0.38600723763570566,0.40137614678899086,single,fig7b,S11_83ohm,83ohm,frequency_GHz,dB,digitized_paper_measurement,p4_1.png
367,888.0,50.97708082026538,-19.145642201834864,0.38600723763570566,0.481651376146789,single,fig7b,S11_83ohm,83ohm,frequency_GHz,dB,digitized_paper_measurement,p4_1.png
368,890.0,51.17008443908323,-19.306192660550458,0.38600723763570566,0.3211009174311927,single,fig7b,S11_83ohm,83ohm,frequency_GHz,dB,digitized_paper_measurement,p4_1.png
369,889.0,51.36308805790108,-19.22591743119266,0.38600723763570566,0.3211009174311927,single,fig7b,S11_83ohm,83ohm,frequency_GHz,dB,digitized_paper_measurement,p4_1.png
370,890.0,51.556091676718935,-19.306192660550458,0.38600723763570566,0.40137614678899086,single,fig7b,S11_83ohm,83ohm,frequency_GHz,dB,digitized_paper_measurement,p4_1.png
371,891.5,51.74909529553679,-19.426605504587155,0.38600723763570566,0.36123853211009177,single,fig7b,S11_83ohm,83ohm,frequency_GHz,dB,digitized_paper_measurement,p4_1.png
372,888.5,51.942098914354645,-19.18577981651376,0.38600723763570566,0.5217889908256881,single,fig7b,S11_83ohm,83ohm,frequency_GHz,dB,digitized_paper_measurement,p4_1.png
373,885.5,52.1351025331725,-18.94495412844037,0.38600723763570566,0.36123853211009177,single,fig7b,S11_83ohm,83ohm,frequency_GHz,dB,digitized_paper_measurement,p4_1.png
374,885.0,52.32810615199035,-18.904816513761467,0.38600723763570566,0.3211009174311927,single,fig7b,S11_83ohm,83ohm,frequency_GHz,dB,digitized_paper_measurement,p4_1.png
375,882.5,52.5211097708082,-18.704128440366972,0.38600723763570566,0.5217889908256881,single,fig7b,S11_83ohm,83ohm,frequency_GHz,dB,digitized_paper_measurement,p4_1.png
376,877.5,52.71411338962606,-18.30275229357798,0.38600723763570566,0.6020642201834863,single,fig7b,S11_83ohm,83ohm,frequency_GHz,dB,digitized_paper_measurement,p4_1.png
377,872.5,52.90711700844391,-17.90137614678899,0.38600723763570566,0.2809633027522936,single,fig7b,S11_83ohm,83ohm,frequency_GHz,dB,digitized_paper_measurement,p4_1.png
378,871.5,53.10012062726176,-17.821100917431192,0.38600723763570566,0.2809633027522936,single,fig7b,S11_83ohm,83ohm,frequency_GHz,dB,digitized_paper_measurement,p4_1.png
379,867.0,53.293124246079614,-17.459862385321102,0.38600723763570566,0.5619266055045872,single,fig7b,S11_83ohm,83ohm,frequency_GHz,dB,digitized_paper_measurement,p4_1.png
380,862.5,53.48612786489747,-17.09862385321101,0.38600723763570566,0.44151376146788995,single,fig7b,S11_83ohm,83ohm,frequency_GHz,dB,digitized_paper_measurement,p4_1.png
381,858.5,53.67913148371532,-16.777522935779817,0.38600723763570566,0.20068807339449543,single,fig7b,S11_83ohm,83ohm,frequency_GHz,dB,digitized_paper_measurement,p4_1.png
382,856.5,53.87213510253317,-16.61697247706422,0.38600723763570566,0.36123853211009177,single,fig7b,S11_83ohm,83ohm,frequency_GHz,dB,digitized_paper_measurement,p4_1.png
383,852.5,54.065138721351026,-16.295871559633028,0.38600723763570566,0.5217889908256881,single,fig7b,S11_83ohm,83ohm,frequency_GHz,dB,digitized_paper_measurement,p4_1.png
384,849.0,54.25814234016888,-16.014908256880734,0.38600723763570566,0.3211009174311927,single,fig7b,S11_83ohm,83ohm,frequency_GHz,dB,digitized_paper_measurement,p4_1.png
385,847.0,54.45114595898673,-15.854357798165138,0.38600723763570566,0.2408256880733945,single,fig7b,S11_83ohm,83ohm,frequency_GHz,dB,digitized_paper_measurement,p4_1.png
387,842.0,54.83715319662244,-15.452981651376147,0.38600723763570566,0.40137614678899086,single,fig7b,S11_83ohm,83ohm,frequency_GHz,dB,digitized_paper_measurement,p4_1.png
388,839.5,55.03015681544029,-15.252293577981652,0.38600723763570566,0.20068807339449543,single,fig7b,S11_83ohm,83ohm,frequency_GHz,dB,digitized_paper_measurement,p4_1.png
389,839.0,55.22316043425814,-15.212155963302752,0.38600723763570566,0.2408256880733945,single,fig7b,S11_83ohm,83ohm,frequency_GHz,dB,digitized_paper_measurement,p4_1.png
390,837.0,55.416164053075995,-15.051605504587156,0.38600723763570566,0.3211009174311927,single,fig7b,S11_83ohm,83ohm,frequency_GHz,dB,digitized_paper_measurement,p4_1.png
391,835.0,55.60916767189385,-14.89105504587156,0.38600723763570566,0.2408256880733945,single,fig7b,S11_83ohm,83ohm,frequency_GHz,dB,digitized_paper_measurement,p4_1.png
392,833.5,55.8021712907117,-14.770642201834862,0.38600723763570566,0.20068807339449543,single,fig7b,S11_83ohm,83ohm,frequency_GHz,dB,digitized_paper_measurement,p4_1.png
393,833.0,55.99517490952955,-14.730504587155963,0.38600723763570566,0.2408256880733945,single,fig7b,S11_83ohm,83ohm,frequency_GHz,dB,digitized_paper_measurement,p4_1.png
394,832.0,56.18817852834741,-14.650229357798166,0.38600723763570566,0.2408256880733945,single,fig7b,S11_83ohm,83ohm,frequency_GHz,dB,digitized_paper_measurement,p4_1.png
395,831.5,56.38118214716526,-14.610091743119266,0.38600723763570566,0.20068807339449543,single,fig7b,S11_83ohm,83ohm,frequency_GHz,dB,digitized_paper_measurement,p4_1.png
396,831.0,56.57418576598311,-14.569954128440367,0.38600723763570566,0.16055045871559634,single,fig7b,S11_83ohm,83ohm,frequency_GHz,dB,digitized_paper_measurement,p4_1.png
398,831.0,56.96019300361882,-14.569954128440367,0.38600723763570566,0.16055045871559634,single,fig7b,S11_83ohm,83ohm,frequency_GHz,dB,digitized_paper_measurement,p4_1.png
399,831.5,57.153196622436674,-14.610091743119266,0.38600723763570566,0.20068807339449543,single,fig7b,S11_83ohm,83ohm,frequency_GHz,dB,digitized_paper_measurement,p4_1.png
400,830.0,57.34620024125452,-14.489678899082568,0.38600723763570566,0.2408256880733945,single,fig7b,S11_83ohm,83ohm,frequency_GHz,dB,digitized_paper_measurement,p4_1.png
401,829.0,57.53920386007238,-14.409403669724771,0.38600723763570566,0.2408256880733945,single,fig7b,S11_83ohm,83ohm,frequency_GHz,dB,digitized_paper_measurement,p4_1.png
402,829.5,57.73220747889023,-14.44954128440367,0.38600723763570566,0.2809633027522936,single,fig7b,S11_83ohm,83ohm,frequency_GHz,dB,digitized_paper_measurement,p4_1.png
403,831.5,57.92521109770808,-14.610091743119266,0.38600723763570566,0.2809633027522936,single,fig7b,S11_83ohm,83ohm,frequency_GHz,dB,digitized_paper_measurement,p4_1.png
404,834.0,58.118214716525934,-14.810779816513762,0.38600723763570566,0.2408256880733945,single,fig7b,S11_83ohm,83ohm,frequency_GHz,dB,digitized_paper_measurement,p4_1.png
405,837.0,58.31121833534379,-15.051605504587156,0.38600723763570566,0.40137614678899086,single,fig7b,S11_83ohm,83ohm,frequency_GHz,dB,digitized_paper_measurement,p4_1.png
406,841.0,58.50422195416164,-15.372706422018348,0.38600723763570566,0.481651376146789,single,fig7b,S11_83ohm,83ohm,frequency_GHz,dB,digitized_paper_measurement,p4_1.png
407,845.5,58.69722557297949,-15.73394495412844,0.38600723763570566,0.44151376146788995,single,fig7b,S11_83ohm,83ohm,frequency_GHz,dB,digitized_paper_measurement,p4_1.png
408,850.0,58.890229191797346,-16.095183486238533,0.38600723763570566,0.40137614678899086,single,fig7b,S11_83ohm,83ohm,frequency_GHz,dB,digitized_paper_measurement,p4_1.png
409,854.0,59.0832328106152,-16.416284403669724,0.38600723763570566,0.481651376146789,single,fig7b,S11_83ohm,83ohm,frequency_GHz,dB,digitized_paper_measurement,p4_1.png
410,856.0,59.276236429433055,-16.576834862385322,0.38600723763570566,0.3211009174311927,single,fig7b,S11_83ohm,83ohm,frequency_GHz,dB,digitized_paper_measurement,p4_1.png
411,853.5,59.4692400482509,-16.376146788990827,0.38600723763570566,0.5217889908256881,single,fig7b,S11_83ohm,83ohm,frequency_GHz,dB,digitized_paper_measurement,p4_1.png
412,849.5,59.66224366706876,-16.05504587155963,0.38600723763570566,0.44151376146788995,single,fig7b,S11_83ohm,83ohm,frequency_GHz,dB,digitized_paper_measurement,p4_1.png
413,849.0,59.85524728588661,-16.014908256880734,0.38600723763570566,0.40137614678899086,single,fig7b,S11_83ohm,83ohm,frequency_GHz,dB,digitized_paper_measurement,p4_1.png
414,852.5,60.04825090470446,-16.295871559633028,0.38600723763570566,0.5217889908256881,single,fig7b,S11_83ohm,83ohm,frequency_GHz,dB,digitized_paper_measurement,p4_1.png
415,857.5,60.241254523522315,-16.69724770642202,0.38600723763570566,0.44151376146788995,single,fig7b,S11_83ohm,83ohm,frequency_GHz,dB,digitized_paper_measurement,p4_1.png
416,864.0,60.43425814234017,-17.219036697247706,0.38600723763570566,0.5619266055045872,single,fig7b,S11_83ohm,83ohm,frequency_GHz,dB,digitized_paper_measurement,p4_1.png
417,870.5,60.627261761158024,-17.740825688073393,0.38600723763570566,0.6823394495412844,single,fig7b,S11_83ohm,83ohm,frequency_GHz,dB,digitized_paper_measurement,p4_1.png
418,878.0,60.82026537997587,-18.34288990825688,0.38600723763570566,0.6422018348623854,single,fig7b,S11_83ohm,83ohm,frequency_GHz,dB,digitized_paper_measurement,p4_1.png
419,885.5,61.01326899879373,-18.94495412844037,0.38600723763570566,0.6020642201834863,single,fig7b,S11_83ohm,83ohm,frequency_GHz,dB,digitized_paper_measurement,p4_1.png
420,891.5,61.20627261761158,-19.426605504587155,0.38600723763570566,0.5217889908256881,single,fig7b,S11_83ohm,83ohm,frequency_GHz,dB,digitized_paper_measurement,p4_1.png
421,895.0,61.399276236429436,-19.70756880733945,0.38600723763570566,0.3211009174311927,single,fig7b,S11_83ohm,83ohm,frequency_GHz,dB,digitized_paper_measurement,p4_1.png
422,905.0,61.592279855247284,-20.51032110091743,0.38600723763570566,0.481651376146789,single,fig7b,S11_83ohm,83ohm,frequency_GHz,dB,digitized_paper_measurement,p4_1.png
423,909.5,61.78528347406514,-20.871559633027523,0.38600723763570566,0.6020642201834863,single,fig7b,S11_83ohm,83ohm,frequency_GHz,dB,digitized_paper_measurement,p4_1.png
424,915.0,61.978287092882994,-21.31307339449541,0.38600723763570566,0.40137614678899086,single,fig7b,S11_83ohm,83ohm,frequency_GHz,dB,digitized_paper_measurement,p4_1.png
425,919.5,62.17129071170084,-21.674311926605505,0.38600723763570566,0.36123853211009177,single,fig7b,S11_83ohm,83ohm,frequency_GHz,dB,digitized_paper_measurement,p4_1.png
426,924.0,62.364294330518696,-22.035550458715598,0.38600723763570566,0.5619266055045872,single,fig7b,S11_83ohm,83ohm,frequency_GHz,dB,digitized_paper_measurement,p4_1.png
427,928.0,62.55729794933655,-22.35665137614679,0.38600723763570566,0.40137614678899086,single,fig7b,S11_83ohm,83ohm,frequency_GHz,dB,digitized_paper_measurement,p4_1.png
428,928.5,62.750301568154406,-22.396788990825687,0.38600723763570566,0.36123853211009177,single,fig7b,S11_83ohm,83ohm,frequency_GHz,dB,digitized_paper_measurement,p4_1.png
429,926.0,62.94330518697225,-22.196100917431192,0.38600723763570566,0.2408256880733945,single,fig7b,S11_83ohm,83ohm,frequency_GHz,dB,digitized_paper_measurement,p4_1.png
430,924.5,63.13630880579011,-22.075688073394495,0.38600723763570566,0.2809633027522936,single,fig7b,S11_83ohm,83ohm,frequency_GHz,dB,digitized_paper_measurement,p4_1.png
431,919.5,63.32931242460796,-21.674311926605505,0.38600723763570566,0.6020642201834863,single,fig7b,S11_83ohm,83ohm,frequency_GHz,dB,digitized_paper_measurement,p4_1.png
432,913.5,63.52231604342582,-21.192660550458715,0.38600723763570566,0.6823394495412844,single,fig7b,S11_83ohm,83ohm,frequency_GHz,dB,digitized_paper_measurement,p4_1.png
433,906.0,63.715319662243665,-20.59059633027523,0.38600723763570566,0.5619266055045872,single,fig7b,S11_83ohm,83ohm,frequency_GHz,dB,digitized_paper_measurement,p4_1.png
434,899.0,63.90832328106152,-20.02866972477064,0.38600723763570566,0.5619266055045872,single,fig7b,S11_83ohm,83ohm,frequency_GHz,dB,digitized_paper_measurement,p4_1.png
435,892.5,64.10132689987938,-19.506880733944953,0.38600723763570566,0.6020642201834863,single,fig7b,S11_83ohm,83ohm,frequency_GHz,dB,digitized_paper_measurement,p4_1.png
436,885.5,64.29433051869722,-18.94495412844037,0.38600723763570566,0.6020642201834863,single,fig7b,S11_83ohm,83ohm,frequency_GHz,dB,digitized_paper_measurement,p4_1.png
437,879.0,64.48733413751508,-18.423165137614678,0.38600723763570566,0.6422018348623854,single,fig7b,S11_83ohm,83ohm,frequency_GHz,dB,digitized_paper_measurement,p4_1.png
439,866.0,64.87334137515079,-17.379587155963304,0.38600723763570566,0.481651376146789,single,fig7b,S11_83ohm,83ohm,frequency_GHz,dB,digitized_paper_measurement,p4_1.png
440,859.5,65.06634499396864,-16.857798165137616,0.38600723763570566,0.6020642201834863,single,fig7b,S11_83ohm,83ohm,frequency_GHz,dB,digitized_paper_measurement,p4_1.png
441,856.0,65.25934861278648,-16.576834862385322,0.38600723763570566,0.40137614678899086,single,fig7b,S11_83ohm,83ohm,frequency_GHz,dB,digitized_paper_measurement,p4_1.png
442,846.0,65.45235223160435,-15.774082568807339,0.38600723763570566,0.3211009174311927,single,fig7b,S11_83ohm,83ohm,frequency_GHz,dB,digitized_paper_measurement,p4_1.png
443,842.5,65.64535585042219,-15.493119266055047,0.38600723763570566,0.36123853211009177,single,fig7b,S11_83ohm,83ohm,frequency_GHz,dB,digitized_paper_measurement,p4_1.png
444,837.5,65.83835946924005,-15.091743119266056,0.38600723763570566,0.5217889908256881,single,fig7b,S11_83ohm,83ohm,frequency_GHz,dB,digitized_paper_measurement,p4_1.png
445,832.5,66.0313630880579,-14.690366972477063,0.38600723763570566,0.5217889908256881,single,fig7b,S11_83ohm,83ohm,frequency_GHz,dB,digitized_paper_measurement,p4_1.png
446,828.0,66.22436670687576,-14.329128440366972,0.38600723763570566,0.3211009174311927,single,fig7b,S11_83ohm,83ohm,frequency_GHz,dB,digitized_paper_measurement,p4_1.png
447,825.0,66.41737032569361,-14.088302752293577,0.38600723763570566,0.3211009174311927,single,fig7b,S11_83ohm,83ohm,frequency_GHz,dB,digitized_paper_measurement,p4_1.png
448,821.5,66.61037394451145,-13.807339449541285,0.38600723763570566,0.44151376146788995,single,fig7b,S11_83ohm,83ohm,frequency_GHz,dB,digitized_paper_measurement,p4_1.png
449,818.0,66.80337756332932,-13.52637614678899,0.38600723763570566,0.40137614678899086,single,fig7b,S11_83ohm,83ohm,frequency_GHz,dB,digitized_paper_measurement,p4_1.png
450,816.0,66.99638118214716,-13.365825688073395,0.38600723763570566,0.16055045871559634,single,fig7b,S11_83ohm,83ohm,frequency_GHz,dB,digitized_paper_measurement,p4_1.png
451,812.5,67.18938480096502,-13.0848623853211,0.38600723763570566,0.2809633027522936,single,fig7b,S11_83ohm,83ohm,frequency_GHz,dB,digitized_paper_measurement,p4_1.png
452,810.0,67.38238841978287,-12.884174311926605,0.38600723763570566,0.40137614678899086,single,fig7b,S11_83ohm,83ohm,frequency_GHz,dB,digitized_paper_measurement,p4_1.png
453,807.0,67.57539203860073,-12.64334862385321,0.38600723763570566,0.3211009174311927,single,fig7b,S11_83ohm,83ohm,frequency_GHz,dB,digitized_paper_measurement,p4_1.png
454,805.0,67.76839565741858,-12.482798165137615,0.38600723763570566,0.2408256880733945,single,fig7b,S11_83ohm,83ohm,frequency_GHz,dB,digitized_paper_measurement,p4_1.png
455,803.0,67.96139927623642,-12.322247706422019,0.38600723763570566,0.2408256880733945,single,fig7b,S11_83ohm,83ohm,frequency_GHz,dB,digitized_paper_measurement,p4_1.png
456,801.5,68.15440289505429,-12.20183486238532,0.38600723763570566,0.2809633027522936,single,fig7b,S11_83ohm,83ohm,frequency_GHz,dB,digitized_paper_measurement,p4_1.png
457,800.0,68.34740651387213,-12.081422018348624,0.38600723763570566,0.2408256880733945,single,fig7b,S11_83ohm,83ohm,frequency_GHz,dB,digitized_paper_measurement,p4_1.png
458,799.0,68.54041013268998,-12.001146788990825,0.38600723763570566,0.2408256880733945,single,fig7b,S11_83ohm,83ohm,frequency_GHz,dB,digitized_paper_measurement,p4_1.png
459,798.5,68.73341375150784,-11.961009174311927,0.38600723763570566,0.20068807339449543,single,fig7b,S11_83ohm,83ohm,frequency_GHz,dB,digitized_paper_measurement,p4_1.png
460,798.5,68.9264173703257,-11.961009174311927,0.38600723763570566,0.20068807339449543,single,fig7b,S11_83ohm,83ohm,frequency_GHz,dB,digitized_paper_measurement,p4_1.png
461,799.0,69.11942098914355,-12.001146788990825,0.38600723763570566,0.2408256880733945,single,fig7b,S11_83ohm,83ohm,frequency_GHz,dB,digitized_paper_measurement,p4_1.png
462,798.0,69.31242460796139,-11.920871559633028,0.38600723763570566,0.2408256880733945,single,fig7b,S11_83ohm,83ohm,frequency_GHz,dB,digitized_paper_measurement,p4_1.png
465,798.5,69.89143546441497,-11.961009174311927,0.38600723763570566,0.2809633027522936,single,fig7b,S11_83ohm,83ohm,frequency_GHz,dB,digitized_paper_measurement,p4_1.png
466,797.0,70.08443908323281,-11.840596330275229,0.38600723763570566,0.3211009174311927,single,fig7b,S11_83ohm,83ohm,frequency_GHz,dB,digitized_paper_measurement,p4_1.png
467,795.5,70.27744270205066,-11.720183486238533,0.38600723763570566,0.20068807339449543,single,fig7b,S11_83ohm,83ohm,frequency_GHz,dB,digitized_paper_measurement,p4_1.png
468,794.5,70.47044632086852,-11.639908256880734,0.38600723763570566,0.20068807339449543,single,fig7b,S11_83ohm,83ohm,frequency_GHz,dB,digitized_paper_measurement,p4_1.png
469,793.5,70.66344993968636,-11.559633027522937,0.38600723763570566,0.2809633027522936,single,fig7b,S11_83ohm,83ohm,frequency_GHz,dB,digitized_paper_measurement,p4_1.png
470,792.0,70.85645355850423,-11.439220183486238,0.38600723763570566,0.2408256880733945,single,fig7b,S11_83ohm,83ohm,frequency_GHz,dB,digitized_paper_measurement,p4_1.png
471,793.0,71.04945717732207,-11.519495412844037,0.38600723763570566,0.2408256880733945,single,fig7b,S11_83ohm,83ohm,frequency_GHz,dB,digitized_paper_measurement,p4_1.png
472,793.5,71.24246079613994,-11.559633027522937,0.38600723763570566,0.20068807339449543,single,fig7b,S11_83ohm,83ohm,frequency_GHz,dB,digitized_paper_measurement,p4_1.png
473,797.5,71.43546441495778,-11.880733944954128,0.38600723763570566,0.2809633027522936,single,fig7b,S11_83ohm,83ohm,frequency_GHz,dB,digitized_paper_measurement,p4_1.png
474,800.5,71.62846803377563,-12.121559633027523,0.38600723763570566,0.36123853211009177,single,fig7b,S11_83ohm,83ohm,frequency_GHz,dB,digitized_paper_measurement,p4_1.png
475,803.5,71.82147165259349,-12.362385321100918,0.38600723763570566,0.36123853211009177,single,fig7b,S11_83ohm,83ohm,frequency_GHz,dB,digitized_paper_measurement,p4_1.png
476,806.0,72.01447527141134,-12.563073394495413,0.38600723763570566,0.3211009174311927,single,fig7b,S11_83ohm,83ohm,frequency_GHz,dB,digitized_paper_measurement,p4_1.png
477,809.0,72.2074788902292,-12.803899082568808,0.38600723763570566,0.3211009174311927,single,fig7b,S11_83ohm,83ohm,frequency_GHz,dB,digitized_paper_measurement,p4_1.png
478,812.5,72.40048250904704,-13.0848623853211,0.38600723763570566,0.44151376146788995,single,fig7b,S11_83ohm,83ohm,frequency_GHz,dB,digitized_paper_measurement,p4_1.png
479,815.5,72.5934861278649,-13.325688073394495,0.38600723763570566,0.36123853211009177,single,fig7b,S11_83ohm,83ohm,frequency_GHz,dB,digitized_paper_measurement,p4_1.png
480,818.5,72.78648974668275,-13.56651376146789,0.38600723763570566,0.2809633027522936,single,fig7b,S11_83ohm,83ohm,frequency_GHz,dB,digitized_paper_measurement,p4_1.png
481,821.5,72.9794933655006,-13.807339449541285,0.38600723763570566,0.36123853211009177,single,fig7b,S11_83ohm,83ohm,frequency_GHz,dB,digitized_paper_measurement,p4_1.png
482,826.0,73.17249698431846,-14.168577981651376,0.38600723763570566,0.481651376146789,single,fig7b,S11_83ohm,83ohm,frequency_GHz,dB,digitized_paper_measurement,p4_1.png
483,830.0,73.36550060313631,-14.489678899082568,0.38600723763570566,0.40137614678899086,single,fig7b,S11_83ohm,83ohm,frequency_GHz,dB,digitized_paper_measurement,p4_1.png
484,833.5,73.55850422195417,-14.770642201834862,0.38600723763570566,0.2809633027522936,single,fig7b,S11_83ohm,83ohm,frequency_GHz,dB,digitized_paper_measurement,p4_1.png
485,838.0,73.751507840772,-15.131880733944953,0.38600723763570566,0.481651376146789,single,fig7b,S11_83ohm,83ohm,frequency_GHz,dB,digitized_paper_measurement,p4_1.png
486,843.0,73.94451145958988,-15.533256880733944,0.38600723763570566,0.5619266055045872,single,fig7b,S11_83ohm,83ohm,frequency_GHz,dB,digitized_paper_measurement,p4_1.png
487,849.0,74.13751507840772,-16.014908256880734,0.38600723763570566,0.481651376146789,merged,fig7b,S11_83ohm,83ohm,frequency_GHz,dB,digitized_paper_measurement,p4_1.png
488,854.5,74.33051869722557,-16.456422018348626,0.38600723763570566,0.44151376146788995,single,fig7b,S11_83ohm,83ohm,frequency_GHz,dB,digitized_paper_measurement,p4_1.png
489,860.5,74.52352231604343,-16.93807339449541,0.38600723763570566,0.6020642201834863,single,fig7b,S11_83ohm,83ohm,frequency_GHz,dB,digitized_paper_measurement,p4_1.png
490,867.5,74.71652593486128,-17.5,0.38600723763570566,0.6823394495412844,single,fig7b,S11_83ohm,83ohm,frequency_GHz,dB,digitized_paper_measurement,p4_1.png
491,875.0,74.90952955367914,-18.102064220183486,0.38600723763570566,0.6422018348623854,single,fig7b,S11_83ohm,83ohm,frequency_GHz,dB,digitized_paper_measurement,p4_1.png
492,882.5,75.10253317249698,-18.704128440366972,0.38600723763570566,0.6020642201834863,single,fig7b,S11_83ohm,83ohm,frequency_GHz,dB,digitized_paper_measurement,p4_1.png
493,889.5,75.29553679131485,-19.26605504587156,0.38600723763570566,0.6020642201834863,single,fig7b,S11_83ohm,83ohm,frequency_GHz,dB,digitized_paper_measurement,p4_1.png
494,897.5,75.48854041013269,-19.908256880733944,0.38600723763570566,0.6823394495412844,single,fig7b,S11_83ohm,83ohm,frequency_GHz,dB,digitized_paper_measurement,p4_1.png
495,908.0,75.68154402895054,-20.751146788990827,0.38600723763570566,0.963302752293578,single,fig7b,S11_83ohm,83ohm,frequency_GHz,dB,digitized_paper_measurement,p4_1.png
496,919.5,75.8745476477684,-21.674311926605505,0.38600723763570566,0.923165137614679,single,fig7b,S11_83ohm,83ohm,frequency_GHz,dB,digitized_paper_measurement,p4_1.png
497,929.5,76.06755126658625,-22.477064220183486,0.38600723763570566,0.6020642201834863,single,fig7b,S11_83ohm,83ohm,frequency_GHz,dB,digitized_paper_measurement,p4_1.png
498,940.0,76.2605548854041,-23.31995412844037,0.38600723763570566,0.8027522935779817,single,fig7b,S11_83ohm,83ohm,frequency_GHz,dB,digitized_paper_measurement,p4_1.png
499,956.5,76.45355850422195,-24.644495412844037,0.38600723763570566,1.5653669724770642,single,fig7b,S11_83ohm,83ohm,frequency_GHz,dB,digitized_paper_measurement,p4_1.png
501,993.0,76.83956574185765,-27.57454128440367,0.38600723763570566,1.0435779816513762,single,fig7b,S11_83ohm,83ohm,frequency_GHz,dB,digitized_paper_measurement,p4_1.png
502,1012.0,77.03256936067551,-29.099770642201836,0.38600723763570566,1.2041284403669725,single,fig7b,S11_83ohm,83ohm,frequency_GHz,dB,digitized_paper_measurement,p4_1.png
503,1040.0,77.22557297949336,-31.347477064220183,0.38600723763570566,2.6490825688073394,single,fig7b,S11_83ohm,83ohm,frequency_GHz,dB,digitized_paper_measurement,p4_1.png
509,1030.0,78.3835946924005,-30.5447247706422,0.38600723763570566,1.364678899082569,single,fig7b,S11_83ohm,83ohm,frequency_GHz,dB,digitized_paper_measurement,p4_1.png
510,1013.5,78.57659831121833,-29.220183486238533,0.38600723763570566,0.923165137614679,single,fig7b,S11_83ohm,83ohm,frequency_GHz,dB,digitized_paper_measurement,p4_1.png
511,998.5,78.76960193003619,-28.01605504587156,0.38600723763570566,1.1639908256880735,single,fig7b,S11_83ohm,83ohm,frequency_GHz,dB,digitized_paper_measurement,p4_1.png
512,983.0,78.96260554885404,-26.771788990825687,0.38600723763570566,1.444954128440367,single,fig7b,S11_83ohm,83ohm,frequency_GHz,dB,digitized_paper_measurement,p4_1.png
513,968.0,79.15560916767188,-25.567660550458715,0.38600723763570566,0.963302752293578,single,fig7b,S11_83ohm,83ohm,frequency_GHz,dB,digitized_paper_measurement,p4_1.png
514,959.0,79.34861278648975,-24.845183486238533,0.38600723763570566,0.3211009174311927,single,fig7b,S11_83ohm,83ohm,frequency_GHz,dB,digitized_paper_measurement,p4_1.png
515,954.5,79.5416164053076,-24.48394495412844,0.38600723763570566,0.5217889908256881,single,fig7b,S11_83ohm,83ohm,frequency_GHz,dB,digitized_paper_measurement,p4_1.png
516,946.5,79.73462002412546,-23.841743119266056,0.38600723763570566,1.0034403669724772,single,fig7b,S11_83ohm,83ohm,frequency_GHz,dB,digitized_paper_measurement,p4_1.png
517,937.5,79.9276236429433,-23.119266055045873,0.38600723763570566,0.6823394495412844,single,fig7b,S11_83ohm,83ohm,frequency_GHz,dB,digitized_paper_measurement,p4_1.png
518,934.0,80.12062726176116,-22.83830275229358,0.38600723763570566,0.40137614678899086,single,fig7b,S11_83ohm,83ohm,frequency_GHz,dB,digitized_paper_measurement,p4_1.png
519,935.5,80.31363088057901,-22.958715596330276,0.38600723763570566,0.36123853211009177,single,fig7b,S11_83ohm,83ohm,frequency_GHz,dB,digitized_paper_measurement,p4_1.png
520,932.0,80.50663449939687,-22.67775229357798,0.38600723763570566,0.6422018348623854,single,fig7b,S11_83ohm,83ohm,frequency_GHz,dB,digitized_paper_measurement,p4_1.png
521,927.0,80.69963811821472,-22.27637614678899,0.38600723763570566,0.5619266055045872,single,fig7b,S11_83ohm,83ohm,frequency_GHz,dB,digitized_paper_measurement,p4_1.png
522,922.0,80.89264173703256,-21.875,0.38600723763570566,0.2408256880733945,single,fig7b,S11_83ohm,83ohm,frequency_GHz,dB,digitized_paper_measurement,p4_1.png
523,921.5,81.08564535585043,-21.834862385321102,0.38600723763570566,0.2809633027522936,single,fig7b,S11_83ohm,83ohm,frequency_GHz,dB,digitized_paper_measurement,p4_1.png
524,918.5,81.27864897466827,-21.594036697247706,0.38600723763570566,0.44151376146788995,single,fig7b,S11_83ohm,83ohm,frequency_GHz,dB,digitized_paper_measurement,p4_1.png
525,913.5,81.47165259348613,-21.192660550458715,0.38600723763570566,0.5217889908256881,single,fig7b,S11_83ohm,83ohm,frequency_GHz,dB,digitized_paper_measurement,p4_1.png
526,907.0,81.66465621230398,-20.670871559633028,0.38600723763570566,0.5619266055045872,single,fig7b,S11_83ohm,83ohm,frequency_GHz,dB,digitized_paper_measurement,p4_1.png
528,896.0,82.05066344993969,-19.787844036697248,0.38600723763570566,0.3211009174311927,single,fig7b,S11_83ohm,83ohm,frequency_GHz,dB,digitized_paper_measurement,p4_1.png
529,892.0,82.24366706875753,-19.466743119266056,0.38600723763570566,0.40137614678899086,single,fig7b,S11_83ohm,83ohm,frequency_GHz,dB,digitized_paper_measurement,p4_1.png
530,885.5,82.4366706875754,-18.94495412844037,0.38600723763570566,0.7626146788990826,single,fig7b,S11_83ohm,83ohm,frequency_GHz,dB,digitized_paper_measurement,p4_1.png
531,879.0,82.62967430639324,-18.423165137614678,0.38600723763570566,0.5619266055045872,single,fig7b,S11_83ohm,83ohm,frequency_GHz,dB,digitized_paper_measurement,p4_1.png
532,878.5,82.8226779252111,-18.38302752293578,0.38600723763570566,0.5217889908256881,single,fig7b,S11_83ohm,83ohm,frequency_GHz,dB,digitized_paper_measurement,p4_1.png
533,881.0,83.01568154402895,-18.583715596330276,0.38600723763570566,0.481651376146789,single,fig7b,S11_83ohm,83ohm,frequency_GHz,dB,digitized_paper_measurement,p4_1.png
534,879.0,83.2086851628468,-18.423165137614678,0.38600723763570566,0.5619266055045872,single,fig7b,S11_83ohm,83ohm,frequency_GHz,dB,digitized_paper_measurement,p4_1.png
535,878.5,83.40168878166466,-18.38302752293578,0.38600723763570566,0.5217889908256881,single,fig7b,S11_83ohm,83ohm,frequency_GHz,dB,digitized_paper_measurement,p4_1.png
536,888.5,83.5946924004825,-19.18577981651376,0.38600723763570566,1.2442660550458717,single,fig7b,S11_83ohm,83ohm,frequency_GHz,dB,digitized_paper_measurement,p4_1.png
537,898.0,83.78769601930037,-19.948394495412845,0.38600723763570566,0.8027522935779817,single,fig7b,S11_83ohm,83ohm,frequency_GHz,dB,digitized_paper_measurement,p4_1.png
538,904.0,83.98069963811821,-20.43004587155963,0.38600723763570566,0.3211009174311927,single,fig7b,S11_83ohm,83ohm,frequency_GHz,dB,digitized_paper_measurement,p4_1.png
539,905.5,84.17370325693607,-20.55045871559633,0.38600723763570566,0.5217889908256881,single,fig7b,S11_83ohm,83ohm,frequency_GHz,dB,digitized_paper_measurement,p4_1.png
540,929.5,84.36670687575392,-22.477064220183486,0.38600723763570566,0.8428899082568808,single,fig7b,S11_83ohm,83ohm,frequency_GHz,dB,digitized_paper_measurement,p4_1.png
541,933.5,84.55971049457177,-22.798165137614678,0.38600723763570566,0.6823394495412844,single,fig7b,S11_83ohm,83ohm,frequency_GHz,dB,digitized_paper_measurement,p4_1.png
542,936.0,84.75271411338963,-22.998853211009173,0.38600723763570566,0.40137614678899086,single,fig7b,S11_83ohm,83ohm,frequency_GHz,dB,digitized_paper_measurement,p4_1.png
543,941.5,84.94571773220748,-23.440366972477065,0.38600723763570566,0.8428899082568808,single,fig7b,S11_83ohm,83ohm,frequency_GHz,dB,digitized_paper_measurement,p4_1.png
544,953.5,85.13872135102532,-24.40366972477064,0.38600723763570566,1.2442660550458717,single,fig7b,S11_83ohm,83ohm,frequency_GHz,dB,digitized_paper_measurement,p4_1.png
545,965.5,85.33172496984318,-25.36697247706422,0.38600723763570566,0.7626146788990826,single,fig7b,S11_83ohm,83ohm,frequency_GHz,dB,digitized_paper_measurement,p4_1.png
546,975.0,85.52472858866103,-26.129587155963304,0.38600723763570566,0.5619266055045872,single,fig7b,S11_83ohm,83ohm,frequency_GHz,dB,digitized_paper_measurement,p4_1.png
547,981.5,85.71773220747889,-26.65137614678899,0.38600723763570566,0.6823394495412844,single,fig7b,S11_83ohm,83ohm,frequency_GHz,dB,digitized_paper_measurement,p4_1.png
548,986.5,85.91073582629674,-27.05275229357798,0.38600723763570566,0.36123853211009177,single,fig7b,S11_83ohm,83ohm,frequency_GHz,dB,digitized_paper_measurement,p4_1.png
549,989.5,86.1037394451146,-27.293577981651374,0.38600723763570566,0.2809633027522936,single,fig7b,S11_83ohm,83ohm,frequency_GHz,dB,digitized_paper_measurement,p4_1.png
550,990.5,86.29674306393245,-27.373853211009173,0.38600723763570566,0.36123853211009177,single,fig7b,S11_83ohm,83ohm,frequency_GHz,dB,digitized_paper_measurement,p4_1.png
551,983.5,86.48974668275031,-26.81192660550459,0.38600723763570566,0.8428899082568808,single,fig7b,S11_83ohm,83ohm,frequency_GHz,dB,digitized_paper_measurement,p4_1.png
552,977.0,86.68275030156815,-26.290137614678898,0.38600723763570566,0.7224770642201835,single,fig7b,S11_83ohm,83ohm,frequency_GHz,dB,digitized_paper_measurement,p4_1.png
553,971.5,86.875753920386,-25.84862385321101,0.38600723763570566,0.2809633027522936,single,fig7b,S11_83ohm,83ohm,frequency_GHz,dB,digitized_paper_measurement,p4_1.png
554,962.5,87.06875753920386,-25.126146788990827,0.38600723763570566,0.923165137614679,single,fig7b,S11_83ohm,83ohm,frequency_GHz,dB,digitized_paper_measurement,p4_1.png
555,951.5,87.26176115802171,-24.243119266055047,0.38600723763570566,1.3245412844036697,single,fig7b,S11_83ohm,83ohm,frequency_GHz,dB,digitized_paper_measurement,p4_1.png
556,939.5,87.45476477683957,-23.279816513761467,0.38600723763570566,0.6020642201834863,single,fig7b,S11_83ohm,83ohm,frequency_GHz,dB,digitized_paper_measurement,p4_1.png
557,930.5,87.64776839565742,-22.557339449541285,0.38600723763570566,0.5217889908256881,single,fig7b,S11_83ohm,83ohm,frequency_GHz,dB,digitized_paper_measurement,p4_1.png
558,921.5,87.84077201447528,-21.834862385321102,0.38600723763570566,1.0837155963302754,single,fig7b,S11_83ohm,83ohm,frequency_GHz,dB,digitized_paper_measurement,p4_1.png
559,909.5,88.03377563329312,-20.871559633027523,0.38600723763570566,1.0034403669724772,single,fig7b,S11_83ohm,83ohm,frequency_GHz,dB,digitized_paper_measurement,p4_1.png
560,897.5,88.22677925211097,-19.908256880733944,0.38600723763570566,0.7626146788990826,single,fig7b,S11_83ohm,83ohm,frequency_GHz,dB,digitized_paper_measurement,p4_1.png
561,888.0,88.41978287092883,-19.145642201834864,0.38600723763570566,0.7224770642201835,single,fig7b,S11_83ohm,83ohm,frequency_GHz,dB,digitized_paper_measurement,p4_1.png
562,879.0,88.61278648974668,-18.423165137614678,0.38600723763570566,0.7224770642201835,single,fig7b,S11_83ohm,83ohm,frequency_GHz,dB,digitized_paper_measurement,p4_1.png
563,870.5,88.80579010856454,-17.740825688073393,0.38600723763570566,0.6823394495412844,single,fig7b,S11_83ohm,83ohm,frequency_GHz,dB,digitized_paper_measurement,p4_1.png
564,864.0,88.99879372738239,-17.219036697247706,0.38600723763570566,0.5619266055045872,single,fig7b,S11_83ohm,83ohm,frequency_GHz,dB,digitized_paper_measurement,p4_1.png
565,853.5,89.19179734620025,-16.376146788990827,0.38600723763570566,0.36123853211009177,single,fig7b,S11_83ohm,83ohm,frequency_GHz,dB,digitized_paper_measurement,p4_1.png
566,850.0,89.38480096501809,-16.095183486238533,0.38600723763570566,0.40137614678899086,single,fig7b,S11_83ohm,83ohm,frequency_GHz,dB,digitized_paper_measurement,p4_1.png
567,845.0,89.57780458383594,-15.693807339449542,0.38600723763570566,0.481651376146789,single,fig7b,S11_83ohm,83ohm,frequency_GHz,dB,digitized_paper_measurement,p4_1.png
569,835.5,89.96381182147165,-14.931192660550458,0.38600723763570566,0.36123853211009177,single,fig7b,S11_83ohm,83ohm,frequency_GHz,dB,digitized_paper_measurement,p4_1.png
570,832.0,90.1568154402895,-14.650229357798166,0.38600723763570566,0.2408256880733945,single,fig7b,S11_83ohm,83ohm,frequency_GHz,dB,digitized_paper_measurement,p4_1.png
571,828.5,90.34981905910736,-14.369266055045872,0.38600723763570566,0.44151376146788995,single,fig7b,S11_83ohm,83ohm,frequency_GHz,dB,digitized_paper_measurement,p4_1.png
572,824.5,90.54282267792522,-14.04816513761468,0.38600723763570566,0.5217889908256881,single,fig7b,S11_83ohm,83ohm,frequency_GHz,dB,digitized_paper_measurement,p4_1.png
573,819.5,90.73582629674307,-13.646788990825687,0.38600723763570566,0.36123853211009177,single,fig7b,S11_83ohm,83ohm,frequency_GHz,dB,digitized_paper_measurement,p4_1.png
574,816.0,90.92882991556091,-13.365825688073395,0.38600723763570566,0.3211009174311927,single,fig7b,S11_83ohm,83ohm,frequency_GHz,dB,digitized_paper_measurement,p4_1.png
575,812.0,91.12183353437877,-13.044724770642201,0.38600723763570566,0.481651376146789,single,fig7b,S11_83ohm,83ohm,frequency_GHz,dB,digitized_paper_measurement,p4_1.png
576,808.5,91.31483715319662,-12.763761467889909,0.38600723763570566,0.44151376146788995,single,fig7b,S11_83ohm,83ohm,frequency_GHz,dB,digitized_paper_measurement,p4_1.png
577,804.5,91.50784077201448,-12.442660550458715,0.38600723763570566,0.2809633027522936,single,fig7b,S11_83ohm,83ohm,frequency_GHz,dB,digitized_paper_measurement,p4_1.png
578,802.5,91.70084439083233,-12.28211009174312,0.38600723763570566,0.2809633027522936,single,fig7b,S11_83ohm,83ohm,frequency_GHz,dB,digitized_paper_measurement,p4_1.png
579,800.5,91.89384800965018,-12.121559633027523,0.38600723763570566,0.2809633027522936,single,fig7b,S11_83ohm,83ohm,frequency_GHz,dB,digitized_paper_measurement,p4_1.png
580,798.5,92.08685162846804,-11.961009174311927,0.38600723763570566,0.2809633027522936,single,fig7b,S11_83ohm,83ohm,frequency_GHz,dB,digitized_paper_measurement,p4_1.png
581,796.5,92.27985524728588,-11.80045871559633,0.38600723763570566,0.2809633027522936,single,fig7b,S11_83ohm,83ohm,frequency_GHz,dB,digitized_paper_measurement,p4_1.png
582,795.0,92.47285886610373,-11.680045871559633,0.38600723763570566,0.2408256880733945,single,fig7b,S11_83ohm,83ohm,frequency_GHz,dB,digitized_paper_measurement,p4_1.png
583,795.0,92.66586248492159,-11.680045871559633,0.38600723763570566,0.2408256880733945,single,fig7b,S11_83ohm,83ohm,frequency_GHz,dB,digitized_paper_measurement,p4_1.png
584,795.0,92.85886610373944,-11.680045871559633,0.38600723763570566,0.2408256880733945,single,fig7b,S11_83ohm,83ohm,frequency_GHz,dB,digitized_paper_measurement,p4_1.png
585,793.0,93.0518697225573,-11.519495412844037,0.38600723763570566,0.3211009174311927,single,fig7b,S11_83ohm,83ohm,frequency_GHz,dB,digitized_paper_measurement,p4_1.png
586,792.5,93.24487334137515,-11.479357798165138,0.38600723763570566,0.2809633027522936,single,fig7b,S11_83ohm,83ohm,frequency_GHz,dB,digitized_paper_measurement,p4_1.png
587,793.5,93.43787696019301,-11.559633027522937,0.38600723763570566,0.2809633027522936,single,fig7b,S11_83ohm,83ohm,frequency_GHz,dB,digitized_paper_measurement,p4_1.png
588,794.0,93.63088057901085,-11.599770642201834,0.38600723763570566,0.3211009174311927,single,fig7b,S11_83ohm,83ohm,frequency_GHz,dB,digitized_paper_measurement,p4_1.png
589,792.0,93.8238841978287,-11.439220183486238,0.38600723763570566,0.40137614678899086,single,fig7b,S11_83ohm,83ohm,frequency_GHz,dB,digitized_paper_measurement,p4_1.png
590,791.0,94.01688781664656,-11.35894495412844,0.38600723763570566,0.3211009174311927,single,fig7b,S11_83ohm,83ohm,frequency_GHz,dB,digitized_paper_measurement,p4_1.png
591,793.0,94.20989143546441,-11.519495412844037,0.38600723763570566,0.40137614678899086,single,fig7b,S11_83ohm,83ohm,frequency_GHz,dB,digitized_paper_measurement,p4_1.png
592,795.0,94.40289505428227,-11.680045871559633,0.38600723763570566,0.3211009174311927,single,fig7b,S11_83ohm,83ohm,frequency_GHz,dB,digitized_paper_measurement,p4_1.png
593,793.0,94.59589867310012,-11.519495412844037,0.38600723763570566,0.3211009174311927,single,fig7b,S11_83ohm,83ohm,frequency_GHz,dB,digitized_paper_measurement,p4_1.png
594,793.5,94.78890229191798,-11.559633027522937,0.38600723763570566,0.36123853211009177,single,fig7b,S11_83ohm,83ohm,frequency_GHz,dB,digitized_paper_measurement,p4_1.png
595,796.0,94.98190591073583,-11.760321100917432,0.38600723763570566,0.40137614678899086,single,fig7b,S11_83ohm,83ohm,frequency_GHz,dB,digitized_paper_measurement,p4_1.png
596,797.5,95.17490952955367,-11.880733944954128,0.38600723763570566,0.2809633027522936,single,fig7b,S11_83ohm,83ohm,frequency_GHz,dB,digitized_paper_measurement,p4_1.png
597,797.5,95.36791314837153,-11.880733944954128,0.38600723763570566,0.2809633027522936,single,fig7b,S11_83ohm,83ohm,frequency_GHz,dB,digitized_paper_measurement,p4_1.png
598,799.5,95.56091676718938,-12.041284403669724,0.38600723763570566,0.44151376146788995,single,fig7b,S11_83ohm,83ohm,frequency_GHz,dB,digitized_paper_measurement,p4_1.png
599,802.0,95.75392038600724,-12.24197247706422,0.38600723763570566,0.3211009174311927,single,fig7b,S11_83ohm,83ohm,frequency_GHz,dB,digitized_paper_measurement,p4_1.png
600,801.0,95.94692400482509,-12.161697247706423,0.38600723763570566,0.3211009174311927,single,fig7b,S11_83ohm,83ohm,frequency_GHz,dB,digitized_paper_measurement,p4_1.png
601,799.5,96.13992762364295,-12.041284403669724,0.38600723763570566,0.2809633027522936,single,fig7b,S11_83ohm,83ohm,frequency_GHz,dB,digitized_paper_measurement,p4_1.png
602,801.0,96.3329312424608,-12.161697247706423,0.38600723763570566,0.3211009174311927,single,fig7b,S11_83ohm,83ohm,frequency_GHz,dB,digitized_paper_measurement,p4_1.png
603,800.5,96.52593486127864,-12.121559633027523,0.38600723763570566,0.2809633027522936,single,fig7b,S11_83ohm,83ohm,frequency_GHz,dB,digitized_paper_measurement,p4_1.png
605,801.0,96.91194209891435,-12.161697247706423,0.38600723763570566,0.2408256880733945,single,fig7b,S11_83ohm,83ohm,frequency_GHz,dB,digitized_paper_measurement,p4_1.png
606,801.5,97.1049457177322,-12.20183486238532,0.38600723763570566,0.2809633027522936,single,fig7b,S11_83ohm,83ohm,frequency_GHz,dB,digitized_paper_measurement,p4_1.png
607,800.0,97.29794933655006,-12.081422018348624,0.38600723763570566,0.3211009174311927,single,fig7b,S11_83ohm,83ohm,frequency_GHz,dB,digitized_paper_measurement,p4_1.png
608,800.5,97.49095295536792,-12.121559633027523,0.38600723763570566,0.36123853211009177,single,fig7b,S11_83ohm,83ohm,frequency_GHz,dB,digitized_paper_measurement,p4_1.png
609,803.5,97.68395657418577,-12.362385321100918,0.38600723763570566,0.44151376146788995,single,fig7b,S11_83ohm,83ohm,frequency_GHz,dB,digitized_paper_measurement,p4_1.png
610,806.0,97.87696019300361,-12.563073394495413,0.38600723763570566,0.3211009174311927,single,fig7b,S11_83ohm,83ohm,frequency_GHz,dB,digitized_paper_measurement,p4_1.png
611,805.5,98.06996381182147,-12.522935779816514,0.38600723763570566,0.2809633027522936,single,fig7b,S11_83ohm,83ohm,frequency_GHz,dB,digitized_paper_measurement,p4_1.png
612,808.5,98.26296743063932,-12.763761467889909,0.38600723763570566,0.5217889908256881,single,fig7b,S11_83ohm,83ohm,frequency_GHz,dB,digitized_paper_measurement,p4_1.png
613,812.0,98.45597104945718,-13.044724770642201,0.38600723763570566,0.40137614678899086,single,fig7b,S11_83ohm,83ohm,frequency_GHz,dB,digitized_paper_measurement,p4_1.png
614,810.0,98.64897466827503,-12.884174311926605,0.38600723763570566,0.481651376146789,single,fig7b,S11_83ohm,83ohm,frequency_GHz,dB,digitized_paper_measurement,p4_1.png
615,808.0,98.84197828709289,-12.72362385321101,0.38600723763570566,0.40137614678899086,single,fig7b,S11_83ohm,83ohm,frequency_GHz,dB,digitized_paper_measurement,p4_1.png
616,811.5,99.03498190591074,-13.004587155963304,0.38600723763570566,0.6020642201834863,single,fig7b,S11_83ohm,83ohm,frequency_GHz,dB,digitized_paper_measurement,p4_1.png
617,815.0,99.2279855247286,-13.285550458715596,0.38600723763570566,0.40137614678899086,single,fig7b,S11_83ohm,83ohm,frequency_GHz,dB,digitized_paper_measurement,p4_1.png
618,814.5,99.42098914354644,-13.245412844036696,0.38600723763570566,0.36123853211009177,single,fig7b,S11_83ohm,83ohm,frequency_GHz,dB,digitized_paper_measurement,p4_1.png
619,813.5,99.61399276236429,-13.1651376146789,0.38600723763570566,0.36123853211009177,single,fig7b,S11_83ohm,83ohm,frequency_GHz,dB,digitized_paper_measurement,p4_1.png
620,816.5,99.80699638118215,-13.405963302752294,0.38600723763570566,0.5217889908256881,single,fig7b,S11_83ohm,83ohm,frequency_GHz,dB,digitized_paper_measurement,p4_1.png
621,820.5,100.0,-13.727064220183486,0.38600723763570566,0.2809633027522936,single,fig7b,S11_83ohm,83ohm,frequency_GHz,dB,digitized_paper_measurement,p4_1.png
622,821.0,100.19300361881785,-13.767201834862385,0.38600723763570566,0.2408256880733945,single,fig7b,S11_83ohm,83ohm,frequency_GHz,dB,digitized_paper_measurement,p4_1.png
623,824.0,100.38600723763571,-14.00802752293578,0.38600723763570566,0.481651376146789,single,fig7b,S11_83ohm,83ohm,frequency_GHz,dB,digitized_paper_measurement,p4_1.png
624,828.5,100.57901085645356,-14.369266055045872,0.38600723763570566,0.5217889908256881,single,fig7b,S11_83ohm,83ohm,frequency_GHz,dB,digitized_paper_measurement,p4_1.png
625,832.5,100.7720144752714,-14.690366972477063,0.38600723763570566,0.2809633027522936,single,fig7b,S11_83ohm,83ohm,frequency_GHz,dB,digitized_paper_measurement,p4_1.png
626,836.0,100.96501809408926,-14.971330275229358,0.38600723763570566,0.3211009174311927,single,fig7b,S11_83ohm,83ohm,frequency_GHz,dB,digitized_paper_measurement,p4_1.png
627,838.5,101.15802171290711,-15.172018348623853,0.38600723763570566,0.36123853211009177,single,fig7b,S11_83ohm,83ohm,frequency_GHz,dB,digitized_paper_measurement,p4_1.png
628,841.5,101.35102533172497,-15.412844036697248,0.38600723763570566,0.20068807339449543,single,fig7b,S11_83ohm,83ohm,frequency_GHz,dB,digitized_paper_measurement,p4_1.png
629,844.0,101.54402895054282,-15.613532110091743,0.38600723763570566,0.3211009174311927,single,fig7b,S11_83ohm,83ohm,frequency_GHz,dB,digitized_paper_measurement,p4_1.png
630,847.0,101.73703256936068,-15.854357798165138,0.38600723763570566,0.481651376146789,single,fig7b,S11_83ohm,83ohm,frequency_GHz,dB,digitized_paper_measurement,p4_1.png
631,850.5,101.93003618817853,-16.13532110091743,0.38600723763570566,0.2809633027522936,single,fig7b,S11_83ohm,83ohm,frequency_GHz,dB,digitized_paper_measurement,p4_1.png
632,849.5,102.12303980699639,-16.05504587155963,0.38600723763570566,0.2809633027522936,single,fig7b,S11_83ohm,83ohm,frequency_GHz,dB,digitized_paper_measurement,p4_1.png
633,850.0,102.31604342581423,-16.095183486238533,0.38600723763570566,0.3211009174311927,single,fig7b,S11_83ohm,83ohm,frequency_GHz,dB,digitized_paper_measurement,p4_1.png
634,852.0,102.50904704463208,-16.255733944954127,0.38600723763570566,0.40137614678899086,single,fig7b,S11_83ohm,83ohm,frequency_GHz,dB,digitized_paper_measurement,p4_1.png
635,853.5,102.70205066344994,-16.376146788990827,0.38600723763570566,0.2809633027522936,single,fig7b,S11_83ohm,83ohm,frequency_GHz,dB,digitized_paper_measurement,p4_1.png
636,853.0,102.8950542822678,-16.336009174311926,0.38600723763570566,0.2408256880733945,single,fig7b,S11_83ohm,83ohm,frequency_GHz,dB,digitized_paper_measurement,p4_1.png
637,855.5,103.08805790108565,-16.53669724770642,0.38600723763570566,0.44151376146788995,single,fig7b,S11_83ohm,83ohm,frequency_GHz,dB,digitized_paper_measurement,p4_1.png
638,858.5,103.2810615199035,-16.777522935779817,0.38600723763570566,0.44151376146788995,single,fig7b,S11_83ohm,83ohm,frequency_GHz,dB,digitized_paper_measurement,p4_1.png
639,859.5,103.47406513872136,-16.857798165137616,0.38600723763570566,0.36123853211009177,single,fig7b,S11_83ohm,83ohm,frequency_GHz,dB,digitized_paper_measurement,p4_1.png
640,857.0,103.6670687575392,-16.65711009174312,0.38600723763570566,0.40137614678899086,single,fig7b,S11_83ohm,83ohm,frequency_GHz,dB,digitized_paper_measurement,p4_1.png
641,854.0,103.86007237635705,-16.416284403669724,0.38600723763570566,0.16055045871559634,single,fig7b,S11_83ohm,83ohm,frequency_GHz,dB,digitized_paper_measurement,p4_1.png
642,859.0,104.05307599517491,-16.817660550458715,0.38600723763570566,0.3211009174311927,single,fig7b,S11_83ohm,83ohm,frequency_GHz,dB,digitized_paper_measurement,p4_1.png
644,857.0,104.43908323281062,-16.65711009174312,0.38600723763570566,0.40137614678899086,single,fig7b,S11_83ohm,83ohm,frequency_GHz,dB,digitized_paper_measurement,p4_1.png
645,856.0,104.63208685162847,-16.576834862385322,0.38600723763570566,0.3211009174311927,single,fig7b,S11_83ohm,83ohm,frequency_GHz,dB,digitized_paper_measurement,p4_1.png
646,858.5,104.82509047044633,-16.777522935779817,0.38600723763570566,0.44151376146788995,single,fig7b,S11_83ohm,83ohm,frequency_GHz,dB,digitized_paper_measurement,p4_1.png
647,860.0,105.01809408926417,-16.897935779816514,0.38600723763570566,0.3211009174311927,single,fig7b,S11_83ohm,83ohm,frequency_GHz,dB,digitized_paper_measurement,p4_1.png
648,858.0,105.21109770808202,-16.737385321100916,0.38600723763570566,0.40137614678899086,single,fig7b,S11_83ohm,83ohm,frequency_GHz,dB,digitized_paper_measurement,p4_1.png
649,855.5,105.40410132689988,-16.53669724770642,0.38600723763570566,0.2809633027522936,single,fig7b,S11_83ohm,83ohm,frequency_GHz,dB,digitized_paper_measurement,p4_1.png
650,856.5,105.59710494571773,-16.61697247706422,0.38600723763570566,0.2809633027522936,single,fig7b,S11_83ohm,83ohm,frequency_GHz,dB,digitized_paper_measurement,p4_1.png
651,855.0,105.79010856453559,-16.496559633027523,0.38600723763570566,0.481651376146789,single,fig7b,S11_83ohm,83ohm,frequency_GHz,dB,digitized_paper_measurement,p4_1.png
652,850.0,105.98311218335344,-16.095183486238533,0.38600723763570566,0.5619266055045872,single,fig7b,S11_83ohm,83ohm,frequency_GHz,dB,digitized_paper_measurement,p4_1.png
653,845.0,106.1761158021713,-15.693807339449542,0.38600723763570566,0.40137614678899086,single,fig7b,S11_83ohm,83ohm,frequency_GHz,dB,digitized_paper_measurement,p4_1.png
654,841.5,106.36911942098915,-15.412844036697248,0.38600723763570566,0.2809633027522936,single,fig7b,S11_83ohm,83ohm,frequency_GHz,dB,digitized_paper_measurement,p4_1.png
655,840.0,106.56212303980699,-15.292431192660551,0.38600723763570566,0.2408256880733945,single,fig7b,S11_83ohm,83ohm,frequency_GHz,dB,digitized_paper_measurement,p4_1.png
656,839.5,106.75512665862485,-15.252293577981652,0.38600723763570566,0.20068807339449543,single,fig7b,S11_83ohm,83ohm,frequency_GHz,dB,digitized_paper_measurement,p4_1.png
657,837.5,106.9481302774427,-15.091743119266056,0.38600723763570566,0.44151376146788995,single,fig7b,S11_83ohm,83ohm,frequency_GHz,dB,digitized_paper_measurement,p4_1.png
658,834.0,107.14113389626056,-14.810779816513762,0.38600723763570566,0.5619266055045872,single,fig7b,S11_83ohm,83ohm,frequency_GHz,dB,digitized_paper_measurement,p4_1.png
659,830.5,107.33413751507841,-14.529816513761467,0.38600723763570566,0.36123853211009177,single,fig7b,S11_83ohm,83ohm,frequency_GHz,dB,digitized_paper_measurement,p4_1.png
660,831.5,107.52714113389627,-14.610091743119266,0.38600723763570566,0.36123853211009177,single,fig7b,S11_83ohm,83ohm,frequency_GHz,dB,digitized_paper_measurement,p4_1.png
661,829.0,107.72014475271412,-14.409403669724771,0.38600723763570566,0.5619266055045872,single,fig7b,S11_83ohm,83ohm,frequency_GHz,dB,digitized_paper_measurement,p4_1.png
662,825.5,107.91314837153196,-14.128440366972477,0.38600723763570566,0.5217889908256881,single,fig7b,S11_83ohm,83ohm,frequency_GHz,dB,digitized_paper_measurement,p4_1.png
663,827.0,108.10615199034982,-14.248853211009175,0.38600723763570566,0.6422018348623854,single,fig7b,S11_83ohm,83ohm,frequency_GHz,dB,digitized_paper_measurement,p4_1.png
664,831.0,108.29915560916767,-14.569954128440367,0.38600723763570566,0.5619266055045872,single,fig7b,S11_83ohm,83ohm,frequency_GHz,dB,digitized_paper_measurement,p4_1.png
665,828.0,108.49215922798552,-14.329128440366972,0.38600723763570566,0.8027522935779817,single,fig7b,S11_83ohm,83ohm,frequency_GHz,dB,digitized_paper_measurement,p4_1.png
666,822.0,108.68516284680338,-13.847477064220184,0.38600723763570566,0.5619266055045872,single,fig7b,S11_83ohm,83ohm,frequency_GHz,dB,digitized_paper_measurement,p4_1.png
667,825.0,108.87816646562123,-14.088302752293577,0.38600723763570566,0.7224770642201835,single,fig7b,S11_83ohm,83ohm,frequency_GHz,dB,digitized_paper_measurement,p4_1.png
668,830.0,109.07117008443909,-14.489678899082568,0.38600723763570566,0.6422018348623854,single,fig7b,S11_83ohm,83ohm,frequency_GHz,dB,digitized_paper_measurement,p4_1.png
669,828.5,109.26417370325693,-14.369266055045872,0.38600723763570566,0.6823394495412844,single,fig7b,S11_83ohm,83ohm,frequency_GHz,dB,digitized_paper_measurement,p4_1.png
