voltage_gap_V,delta_n_effective,T_single_arm,T_push_pull,T_quadrature,provenance
-4.852241422489355,7.75e-05,1.0,1.0,0.4999999999999997,simulation
-4.8425369396443765,7.7345e-05,0.9999605221019081,0.99984209464165,0.506283019941676,simulation
-4.832832456799397,7.718999999999998e-05,0.99984209464165,0.9993684783030087,0.5125650477216694,simulation
-4.823127973954419,7.7035e-05,0.9996447363202946,0.9985794501303069,0.5188450913349671,simulation
-4.8134234911094405,7.688e-05,0.9993684783030088,0.9974755084906501,0.5251221590898847,simulation
-4.803719008264461,7.672499999999998e-05,0.9990133642141357,0.9960573506572388,0.5313952597646575,simulation
-4.794014525419483,7.657e-05,0.9985794501303069,0.994325872368957,0.5376634027639664,simulation
-4.7843100425745035,7.641499999999998e-05,0.9980668045715861,0.9922821672646025,0.5439255982753721,simulation
-4.774605559729525,7.625999999999999e-05,0.9974755084906501,0.9899275261921234,0.5501808574256076,simulation
-4.764901076884547,7.610499999999999e-05,0.9968056552600042,0.9872634363932885,0.556428192436741,simulation
-4.7551965940395675,7.594999999999999e-05,0.9960573506572389,0.9842915805643155,0.5626666167821524,simulation
-4.745492111194589,7.579499999999999e-05,0.9952307128483255,0.9810138357930428,0.5688951453423193,simulation
-4.735787628349611,7.563999999999999e-05,0.994325872368957,0.9774322723733213,0.5751127945603789,simulation
-4.7260831455046315,7.548499999999999e-05,0.993342972103934,0.9735491524973718,0.5813185825974422,simulation
-4.716378662659653,7.532999999999999e-05,0.9922821672646026,0.9693669288269368,0.5875115294876385,simulation
-4.706674179814674,7.517499999999998e-05,0.9911436253643442,0.9648882429441253,0.5936906572928629,simulation
-4.6969696969696955,7.501999999999998e-05,0.9899275261921233,0.9601159236829347,0.599854990257204,simulation
-4.687265214124717,7.4865e-05,0.9886340617840967,0.9550529853424977,0.6060035549610274,simulation
-4.677560731279738,7.470999999999998e-05,0.9872634363932884,0.949702625783185,0.6121353804746912,simulation
-4.667856248434759,7.4555e-05,0.9858158664573369,0.944068224406772,0.6182494985118626,simulation
-4.658151765589781,7.439999999999999e-05,0.9842915805643155,0.9381533400219315,0.6243449435824278,simulation
-4.648447282744802,7.424499999999999e-05,0.9826908194166368,0.9319617085964174,0.6304207531449488,simulation
-4.638742799899823,7.408999999999999e-05,0.9810138357930429,0.9254972408973455,0.636475967758663,simulation
-4.629038317054844,7.393499999999999e-05,0.9792608945086878,0.9187640200210703,0.6425096312349885,simulation
-4.619333834209866,7.377999999999999e-05,0.9774322723733213,0.9117662988142131,0.648520790788518,simulation
-4.609629351364887,7.3625e-05,0.9755282581475768,0.9045084971874742,0.6545084971874734,simulation
-4.599924868519908,7.346999999999999e-05,0.973549152497372,0.8969951993239169,0.6604718049036054,simulation
-4.59022038567493,7.3315e-05,0.9714952679464324,0.889231150783512,0.6664097722614931,simulation
-4.580515902829951,7.316e-05,0.9693669288269371,0.8812212555057242,0.6723214615872584,simulation
-4.570811419984972,7.3005e-05,0.9671644712283061,0.8729705727120912,0.6782059393566253,simulation
-4.561106937139994,7.285e-05,0.9648882429441257,0.8644843137107059,0.684062276342339,simulation
-4.551402454295015,7.2695e-05,0.962538603417229,0.8557678386046427,0.6898895477609006,simulation
-4.541697971450036,7.254e-05,0.9601159236829351,0.8468266529064024,0.6956868334186013,simulation
-4.531993488605058,7.238499999999999e-05,0.9576205863104588,0.8376664040605121,0.7014532178568315,simulation
-4.522289005760078,7.222999999999998e-05,0.9550529853424976,0.8282928778764773,0.7071877904966426,simulation
-4.5125845229151,7.207499999999999e-05,0.9524135262330097,0.8187119948743445,0.7128896457825366,simulation
-4.502880040070122,7.192e-05,0.9497026257831855,0.8089298065451676,0.7185578833254663,simulation
-4.493175557225142,7.176499999999999e-05,0.9469207120756318,0.7989524915287589,0.7241916080450164,simulation
-4.483471074380164,7.161e-05,0.9440682244067723,0.788786351711134,0.7297899303107439,simulation
-4.473766591535185,7.145499999999999e-05,0.9411456132174765,0.7784378082440933,0.7353519660826666,simulation
-4.464062108690206,7.129999999999998e-05,0.9381533400219315,0.7679133974894975,0.740876837050858,simulation
-4.454357625845228,7.1145e-05,0.9350918773347627,0.7572197668907531,0.7463636707741459,simulation
-4.444653143000249,7.098999999999998e-05,0.9319617085964174,0.7463636707741448,0.751811600817881,simulation
-4.43494866015527,7.083499999999998e-05,0.9287633280968258,0.7353519660826652,0.7572197668907538,simulation
-4.425244177310292,7.068e-05,0.9254972408973459,0.7241916080450157,0.7625873149806481,simulation
-4.415539694465313,7.052499999999998e-05,0.9221639627510072,0.712889645782535,0.7679133974894989,simulation
-4.405835211620334,7.036999999999999e-05,0.9187640200210707,0.7014532178568307,0.7731971733671348,simulation
-4.396130728775356,7.021499999999999e-05,0.9152979495979061,0.6898895477608998,0.7784378082440944,simulation
-4.386426245930377,7.005999999999999e-05,0.9117662988142134,0.6782059393566245,0.7836344745633786,simulation
-4.376721763085398,6.990499999999999e-05,0.9081696253585917,0.6664097722614923,0.7887863517111342,simulation
-4.367017280240419,6.974999999999999e-05,0.9045084971874734,0.6545084971874726,0.793892626146237,simulation
-4.357312797395441,6.959499999999999e-05,0.9007834924354379,0.6425096312349869,0.79895249152876,simulation
-4.347608314550462,6.944e-05,0.8969951993239178,0.6304207531449489,0.8039651488473025,simulation
-4.337903831705483,6.928499999999998e-05,0.8931442160683093,0.6182494985118618,0.8089298065451673,simulation
-4.328199348860505,6.913e-05,0.8892311507835118,0.6060035549610275,0.8138456806453502,simulation
-4.318494866015526,6.8975e-05,0.8852566213878946,0.5936906572928624,0.8187119948743449,simulation
-4.308790383170547,6.882e-05,0.8812212555057239,0.5813185825974418,0.8235279807847222,simulation
-4.299085900325569,6.8665e-05,0.8771256903680519,0.568895145342319,0.8282928778764782,simulation
-4.289381417480589,6.850999999999999e-05,0.872970572712091,0.5564281924367407,0.8330059337171258,simulation
-4.279676934635611,6.835499999999999e-05,0.8687565586790869,0.5439255982753713,0.8376664040605124,simulation
-4.269972451790633,6.819999999999999e-05,0.8644843137107057,0.5313952597646563,0.8422735529643445,simulation
-4.260267968945653,6.804499999999999e-05,0.8601545124439532,0.5188450913349668,0.8468266529064027,simulation
-4.250563486100675,6.788999999999999e-05,0.8557678386046425,0.5062830199416757,0.8513249848994249,simulation
-4.2408590032556965,6.7735e-05,0.8513249848994247,0.4937169800583239,0.8557678386046426,simulation
-4.231154520410717,6.757999999999999e-05,0.8468266529064021,0.4811549086650319,0.8601545124439538,simulation
-4.221450037565739,6.7425e-05,0.8422735529643444,0.46860474023534326,0.8644843137107058,simulation
-4.2117455547207605,6.727e-05,0.8376664040605122,0.45607440172462826,0.8687565586790871,simulation
-4.202041071875781,6.7115e-05,0.8330059337171257,0.4435718075632589,0.8729705727120911,simulation
-4.192336589030803,6.696e-05,0.8282928778764781,0.4311048546576806,0.877125690368052,simulation
-4.182632106185824,6.680499999999998e-05,0.8235279807847217,0.4186814174025569,0.8812212555057244,simulation
-4.172927623340845,6.665e-05,0.8187119948743447,0.40630934270713714,0.8852566213878948,simulation
-4.163223140495867,6.6495e-05,0.8138456806453507,0.39399644503897374,0.8892311507835113,simulation
-4.153518657650888,6.633999999999998e-05,0.8089298065451666,0.38175050148813605,0.8931442160683101,simulation
-4.143814174805909,6.6185e-05,0.8039651488473031,0.3695792468550524,0.8969951993239174,simulation
-4.13410969196093,6.602999999999998e-05,0.7989524915287587,0.35749036876501017,0.9007834924354389,simulation
-4.1244052091159515,6.587499999999999e-05,0.7938926261462361,0.3454915028125253,0.9045084971874741,simulation
-4.114700726270973,6.571999999999999e-05,0.7887863517111333,0.33359022773850555,0.9081696253585924,simulation
-4.104996243425994,6.556499999999999e-05,0.7836344745633781,0.32179406064337424,0.9117662988142139,simulation
-4.0952917605810155,6.540999999999999e-05,0.7784378082440938,0.31011045223909894,0.9152979495979066,simulation
-4.085587277736037,6.5255e-05,0.7731971733671347,0.2985467821431689,0.9187640200210708,simulation
-4.075882794891058,6.509999999999998e-05,0.767913397489498,0.287110354217463,0.9221639627510078,simulation
-4.0661783120460795,6.4945e-05,0.7625873149806479,0.2758083919549839,0.9254972408973459,simulation
-4.056473829201101,6.479e-05,0.7572197668907532,0.26464803391733366,0.9287633280968262,simulation
-4.046769346356122,6.4635e-05,0.7518116008178803,0.2536363292258541,0.9319617085964177,simulation
-4.0370648635111435,6.447999999999999e-05,0.7463636707741457,0.2427802331092465,0.935091877334763,simulation
-4.027360380666165,6.432499999999999e-05,0.7408768370508575,0.2320866025105014,0.938153340021932,simulation
-4.017655897821186,6.416999999999999e-05,0.7353519660826661,0.22156219175590558,0.9411456132174767,simulation
-4.007951414976207,6.401499999999999e-05,0.7297899303107437,0.21121364828886574,0.9440682244067724,simulation
-3.9982469321312286,6.386e-05,0.7241916080450161,0.2010475084712407,0.9469207120756319,simulation
-3.98854244928625,6.370499999999999e-05,0.7185578833254661,0.19107019345483217,0.9497026257831858,simulation
-3.978837966441271,6.354999999999999e-05,0.7128896457825359,0.18128800512565446,0.95241352623301,simulation
-3.969133483596292,6.339499999999999e-05,0.7071877904966416,0.17170712212352102,0.955052985342498,simulation
-3.9594290007513138,6.324e-05,0.7014532178568312,0.1623335959394876,0.9576205863104588,simulation
-3.949724517906335,6.308499999999998e-05,0.6956868334186006,0.15317334709359665,0.9601159236829354,simulation
-3.940020035061356,6.293e-05,0.6898895477609004,0.144232161395357,0.9625386034172292,simulation
-3.9303155522163777,6.2775e-05,0.6840622763423387,0.13551568628929384,0.9648882429441259,simulation
-3.920611069371399,6.262e-05,0.6782059393566251,0.1270294272879085,0.9671644712283062,simulation
-3.91090658652642,6.246499999999999e-05,0.6723214615872581,0.11877874449427556,0.9693669288269372,simulation
-3.9012021036814413,6.230999999999999e-05,0.6664097722614929,0.11076884921648777,0.9714952679464324,simulation
-3.8914976208364624,6.215499999999999e-05,0.6604718049036042,0.10300480067608175,0.9735491524973723,simulation
-3.881793137991484,6.2e-05,0.6545084971874741,0.09549150281252672,0.9755282581475767,simulation
-3.8720886551465052,6.184499999999999e-05,0.6485207907885173,0.0882337011857861,0.9774322723733215,simulation
-3.8623841723015264,6.169e-05,0.6425096312349883,0.0812359799789294,0.9792608945086878,simulation
-3.852679689456548,6.1535e-05,0.6364759677586628,0.07450275910265425,0.9810138357930429,simulation
-3.842975206611569,6.138e-05,0.6304207531449486,0.06803829140358247,0.9826908194166369,simulation
-3.8332707237665904,6.1225e-05,0.6243449435824274,0.061846659978068264,0.9842915805643155,simulation
-3.823566240921612,6.107e-05,0.6182494985118624,0.05593177559322776,0.985815866457337,simulation
-3.8138617580766327,6.091499999999999e-05,0.6121353804746902,0.05029737421681407,0.9872634363932886,simulation
-3.8041572752316544,6.076e-05,0.6060035549610276,0.04494701465750245,0.9886340617840967,simulation
-3.7944527923866755,6.060499999999999e-05,0.5998549902572033,0.0398840763170647,0.9899275261921234,simulation
-3.7847483095416967,6.0449999999999985e-05,0.5936906572928617,0.03511175705587383,0.9911436253643444,simulation
-3.7750438266967183,6.029499999999999e-05,0.5875115294876379,0.030633071173062798,0.9922821672646027,simulation
-3.7653393438517395,6.014e-05,0.581318582597442,0.02645084750262794,0.993342972103934,simulation
-3.7556348610067607,5.998499999999999e-05,0.5751127945603782,0.022567727626678302,0.9943258723689571,simulation
-3.7459303781617823,5.9829999999999995e-05,0.5688951453423191,0.01898616420695709,0.9952307128483255,simulation
-3.736225895316803,5.967499999999999e-05,0.5626666167821517,0.01570841943568424,0.996057350657239,simulation
-3.7265214124718247,5.951999999999999e-05,0.5564281924367408,0.012736563606711382,0.9968056552600042,simulation
-3.716816929626846,5.9365e-05,0.5501808574256073,0.010072473807876514,0.9974755084906501,simulation
-3.707112446781867,5.920999999999999e-05,0.5439255982753715,0.007717832735397279,0.9980668045715863,simulation
-3.6974079639368886,5.9054999999999996e-05,0.5376634027639662,0.005674127631042913,0.9985794501303069,simulation
-3.68770348109191,5.89e-05,0.5313952597646568,0.0039426493427611176,0.9990133642141358,simulation
-3.677998998246931,5.8744999999999994e-05,0.5251221590898845,0.0025244915093498577,0.9993684783030088,simulation
-3.6682945154019526,5.859e-05,0.5188450913349674,0.001420549869693033,0.9996447363202946,simulation
-3.6585900325569733,5.843499999999999e-05,0.5125650477216683,0.0006315216969912107,0.99984209464165,simulation
-3.648885549711995,5.828e-05,0.5062830199416762,0.00015790535835003006,0.9999605221019081,simulation
-3.639181066867016,5.812499999999999e-05,0.4999999999999999,0.0,1.0,simulation
-3.6294765840220373,5.7969999999999996e-05,0.49371698005832354,0.00015790535835003006,0.9999605221019081,simulation
-3.619772101177059,5.7814999999999994e-05,0.48743495227833106,0.0006315216969912663,0.99984209464165,simulation
-3.61006761833208,5.7659999999999993e-05,0.48115490866503247,0.0014205498696930885,0.9996447363202946,simulation
-3.6003631354871013,5.750499999999999e-05,0.4748778409101149,0.0025244915093499687,0.9993684783030088,simulation
-3.590658652642123,5.735e-05,0.4686047402353434,0.003942649342761062,0.9990133642141358,simulation
-3.580954169797144,5.719499999999999e-05,0.4623365972360332,0.0056741276310431354,0.9985794501303069,simulation
-3.5712496869521653,5.7039999999999996e-05,0.4560744017246284,0.007717832735397334,0.9980668045715863,simulation
-3.561545204107187,5.6885e-05,0.4498191425743929,0.010072473807876403,0.9974755084906501,simulation
-3.5518407212622076,5.6729999999999994e-05,0.44357180756325904,0.012736563606711493,0.9968056552600042,simulation
-3.5421362384172292,5.6575e-05,0.43733338321784815,0.015708419435684295,0.996057350657239,simulation
-3.5324317555722504,5.641999999999999e-05,0.4311048546576807,0.0189861642069572,0.9952307128483255,simulation
-3.5227272727272716,5.6265e-05,0.42488720543962166,0.022567727626678413,0.994325872368957,simulation
-3.513022789882293,5.611e-05,0.4186814174025583,0.026450847502627772,0.9933429721039341,simulation
-3.5033183070373144,5.5954999999999995e-05,0.41248847051236204,0.03063307117306291,0.9922821672646027,simulation
-3.4936138241923356,5.58e-05,0.4063093427071377,0.035111757055874326,0.9911436253643444,simulation
-3.483909341347357,5.5645e-05,0.40014500974279643,0.039884076317064865,0.9899275261921234,simulation
-3.474204858502378,5.5489999999999985e-05,0.39399644503897213,0.044947014657502615,0.9886340617840966,simulation
-3.4645003756573995,5.5335000000000005e-05,0.3878646195253097,0.05029737421681424,0.9872634363932886,simulation
-3.4547958928124207,5.518e-05,0.38175050148813744,0.05593177559322793,0.9858158664573369,simulation
-3.445091409967442,5.502499999999999e-05,0.37565505641757235,0.061846659978068486,0.9842915805643155,simulation
-3.4353869271224635,5.4869999999999995e-05,0.3695792468550512,0.06803829140358264,0.9826908194166368,simulation
-3.4256824442774847,5.4715e-05,0.36352403224133745,0.07450275910265397,0.9810138357930429,simulation
-3.415977961432506,5.455999999999999e-05,0.35749036876501195,0.08123597997892912,0.9792608945086879,simulation
-3.4062734785875275,5.4405e-05,0.3514792092114825,0.08823370118578633,0.9774322723733215,simulation
-3.3965689957425482,5.424999999999999e-05,0.3454915028125262,0.09549150281252639,0.9755282581475768,simulation
-3.38686451289757,5.4094999999999996e-05,0.3395281950963951,0.10300480067608248,0.9735491524973721,simulation
-3.377160030052591,5.3939999999999995e-05,0.3335902277385065,0.1107688492164885,0.9714952679464322,simulation
-3.367455547207612,5.3784999999999994e-05,0.32767853841274125,0.11877874449427639,0.9693669288269369,simulation
-3.357751064362634,5.362999999999999e-05,0.32179406064337435,0.12702942728790934,0.9671644712283058,simulation
-3.348046581517655,5.3475e-05,0.3159377236576611,0.1355156862892941,0.9648882429441257,simulation
-3.338342098672676,5.331999999999999e-05,0.31011045223909905,0.14423216139535788,0.9625386034172289,simulation
-3.328637615827698,5.3165e-05,0.3043131665813988,0.15317334709359753,0.9601159236829351,simulation
-3.3189331329827185,5.300999999999999e-05,0.2985467821431682,0.16233359593948854,0.9576205863104585,simulation
-3.30922865013774,5.2854999999999995e-05,0.29281220950335785,0.17170712212352196,0.9550529853424978,simulation
-3.2995241672927613,5.269999999999999e-05,0.2871103542174631,0.18128800512565607,0.9524135262330096,simulation
-3.2898196844477825,5.254499999999999e-05,0.28144211667453334,0.19107019345483317,0.9497026257831854,simulation
-3.280115201602804,5.239e-05,0.275808391954984,0.2010475084712403,0.946920712075632,simulation
-3.2704107187578253,5.223499999999999e-05,0.27021006968925576,0.21121364828886674,0.9440682244067721,simulation
-3.2607062359128465,5.2079999999999996e-05,0.26464803391733377,0.2215621917559059,0.9411456132174767,simulation
-3.251001753067868,5.1925e-05,0.2591231629491424,0.23208660251050167,0.9381533400219317,simulation
-3.2412972702228893,5.1769999999999994e-05,0.25363632922585416,0.24278023310924685,0.9350918773347627,simulation
-3.2315927873779104,5.1615e-05,0.2481883991821195,0.2536363292258544,0.9319617085964176,simulation
-3.221888304532932,5.1460000000000005e-05,0.242780233109247,0.2646480339173332,0.9287633280968263,simulation
-3.212183821687953,5.1305e-05,0.23741268501935198,0.27580839195498424,0.9254972408973459,simulation
-3.2024793388429744,5.115e-05,0.23208660251050184,0.28711035421746334,0.9221639627510076,simulation
-3.1927748559979956,5.0994999999999995e-05,0.22680282663286555,0.29854678214316843,0.9187640200210709,simulation
-3.1830703731530168,5.084e-05,0.22156219175590608,0.3101104522390993,0.9152979495979063,simulation
-3.1733658903080384,5.0685e-05,0.2163655254366218,0.32179406064337457,0.9117662988142137,simulation
-3.1636614074630596,5.053e-05,0.21121364828886618,0.3335902277385067,0.908169625358592,simulation
-3.1539569246180807,5.0375e-05,0.20610737385376338,0.34549150281252644,0.9045084971874737,simulation
-3.1442524417731024,5.0220000000000004e-05,0.2010475084712408,0.35749036876501133,0.9007834924354384,simulation
-3.134547958928123,5.006499999999999e-05,0.19603485115269714,0.3695792468550519,0.8969951993239176,simulation
-3.1248434760831447,4.9909999999999995e-05,0.19107019345483262,0.3817505014881381,0.8931442160683093,simulation
-3.115138993238166,4.9754999999999994e-05,0.18615431935464954,0.39399644503897324,0.8892311507835116,simulation
-3.105434510393187,4.959999999999999e-05,0.1812880051256549,0.40630934270713837,0.8852566213878943,simulation
-3.0957300275482087,4.944499999999999e-05,0.17647201921527755,0.418681417402559,0.8812212555057237,simulation
-3.08602554470323,4.929e-05,0.1717071221235218,0.431104854657681,0.8771256903680519,simulation
-3.076321061858251,4.913499999999999e-05,0.166994066282874,0.4435718075632597,0.8729705727120907,simulation
-3.0666165790132727,4.8979999999999995e-05,0.1623335959394877,0.45607440172462865,0.8687565586790869,simulation
-3.0569120961682934,4.882499999999999e-05,0.15772644703565541,0.4686047402353441,0.8644843137107053,simulation
-3.047207613323315,4.866999999999999e-05,0.15317334709359737,0.4811549086650332,0.8601545124439532,simulation
-3.037503130478336,4.8515e-05,0.14867501510057535,0.4937169800583238,0.8557678386046428,simulation
-3.0277986476333574,4.835999999999999e-05,0.1442321613953571,0.5062830199416769,0.8513249848994243,simulation
-3.018094164788379,4.8205e-05,0.1398454875560466,0.5188450913349671,0.8468266529064026,simulation
-3.0083896819434,4.805e-05,0.1355156862892944,0.5313952597646562,0.8422735529643446,simulation
-2.9986851990984214,4.7894999999999995e-05,0.13124344132091303,0.5439255982753717,0.8376664040605122,simulation
-2.988980716253443,4.774e-05,0.127029427287909,0.5564281924367406,0.8330059337171261,simulation
-2.979276233408464,4.7585000000000006e-05,0.12287430963194829,0.5688951453423184,0.8282928778764784,simulation
-2.9695717505634853,4.743e-05,0.11877874449427606,0.5813185825974417,0.8235279807847223,simulation
-2.959867267718507,4.7275000000000004e-05,0.11474337861210548,0.593690657292862,0.818711994874345,simulation
-2.9501627848735277,4.7119999999999996e-05,0.11076884921648822,0.6060035549610274,0.8138456806453503,simulation
-2.9404583020285493,4.6965e-05,0.1068557839316906,0.6182494985118622,0.8089298065451672,simulation
-2.9307538191835705,4.6809999999999994e-05,0.1030048006760822,0.6304207531449488,0.8039651488473027,simulation
-2.9210493363385917,4.6655e-05,0.09921650756456168,0.642509631234988,0.7989524915287594,simulation
-2.9113448534936133,4.65e-05,0.09549150281252627,0.6545084971874738,0.7938926261462365,simulation
-2.9016403706486344,4.6345e-05,0.09183037464140809,0.6664097722614931,0.788786351711134,simulation
-2.8919358878036556,4.6189999999999997e-05,0.08823370118578633,0.6782059393566253,0.7836344745633781,simulation
-2.8822314049586772,4.6035e-05,0.08470205040209378,0.6898895477609002,0.7784378082440941,simulation
-2.872526922113698,4.5879999999999994e-05,0.08123597997892912,0.7014532178568315,0.7731971733671343,simulation
-2.8628224392687196,4.572499999999999e-05,0.0778360372489924,0.7128896457825366,0.7679133974894984,simulation
-2.8531179564237408,4.556999999999999e-05,0.07450275910265397,0.7241916080450164,0.7625873149806475,simulation
-2.843413473578762,4.541499999999999e-05,0.07123667190317379,0.7353519660826666,0.7572197668907532,simulation
-2.8337089907337836,4.526e-05,0.06803829140358231,0.7463636707741459,0.7518116008178803,simulation
-2.8240045078888047,4.5104999999999996e-05,0.0649081226652371,0.7572197668907534,0.7463636707741457,simulation
-2.814300025043826,4.4949999999999995e-05,0.06184665997806815,0.7679133974894986,0.7408768370508575,simulation
-2.804595542198847,4.4794999999999994e-05,0.05885438678252325,0.7784378082440944,0.7353519660826661,simulation
-2.7948910593538687,4.464e-05,0.05593177559322782,0.7887863517111335,0.729789930310744,simulation
-2.78518657650889,4.4485e-05,0.05307928792436817,0.7989524915287592,0.7241916080450161,simulation
-2.775482093663911,4.433e-05,0.05029737421681452,0.8089298065451671,0.7185578833254664,simulation
-2.7657776108189323,4.4174999999999996e-05,0.04758647376699027,0.8187119948743449,0.7128896457825363,simulation
-2.756073127973954,4.402e-05,0.04494701465750223,0.828292877876478,0.707187790496642,simulation
-2.746368645128975,4.3865e-05,0.04237941368954129,0.837666404060512,0.7014532178568316,simulation
-2.7366641622839962,4.371e-05,0.039884076317064865,0.8468266529064024,0.695686833418601,simulation
-2.7269596794390174,4.355499999999999e-05,0.03746139658277092,0.855767838604643,0.6898895477609004,simulation
-2.717255196594039,4.3400000000000005e-05,0.03511175705587438,0.8644843137107054,0.6840622763423392,simulation
-2.70755071374906,4.3245e-05,0.032835528771693934,0.8729705727120911,0.6782059393566254,simulation
-2.6978462309040814,4.3089999999999996e-05,0.03063307117306291,0.8812212555057242,0.6723214615872581,simulation
-2.6881417480591026,4.2934999999999995e-05,0.028504732053567683,0.889231150783512,0.6664097722614933,simulation
-2.678437265214124,4.278e-05,0.02645084750262794,0.8969951993239174,0.6604718049036051,simulation
-2.6687327823691454,4.2625e-05,0.024471741852423234,0.9045084971874735,0.6545084971874736,simulation
-2.6590282995241665,4.247e-05,0.022567727626678524,0.9117662988142137,0.6485207907885178,simulation
-2.649323816679188,4.2315e-05,0.020739105491312082,0.9187640200210708,0.6425096312349878,simulation
-2.6396193338342093,4.2159999999999996e-05,0.018986164206957035,0.9254972408973459,0.6364759677586628,simulation
-2.6299148509892305,4.2004999999999995e-05,0.01730918058336306,0.9319617085964177,0.6304207531449482,simulation
-2.6202103681442517,4.1849999999999994e-05,0.015708419435684406,0.938153340021932,0.6243449435824274,simulation
-2.6105058852992733,4.1695e-05,0.014184133542663069,0.9440682244067722,0.6182494985118624,simulation
-2.6008014024542945,4.154e-05,0.012736563606711437,0.9497026257831855,0.6121353804746905,simulation
-2.5910969196093157,4.1385e-05,0.01136593821590326,0.9550529853424978,0.6060035549610272,simulation
-2.581392436764337,4.1229999999999997e-05,0.01007247380787657,0.9601159236829353,0.5998549902572033,simulation
-2.5716879539193584,4.1075e-05,0.008856374635655695,0.9648882429441257,0.5936906572928625,simulation
-2.5619834710743796,4.092e-05,0.007717832735397334,0.9693669288269369,0.5875115294876382,simulation
-2.552278988229401,4.0764999999999993e-05,0.006657027896065926,0.9735491524973723,0.5813185825974415,simulation
-2.542574505384422,4.060999999999999e-05,0.005674127631042969,0.9774322723733216,0.5751127945603782,simulation
-2.5328700225394436,4.0455000000000005e-05,0.004769287151674406,0.9810138357930428,0.5688951453423191,simulation
-2.5231655396944648,4.03e-05,0.003942649342761062,0.9842915805643155,0.5626666167821521,simulation
-2.513461056849486,4.0144999999999996e-05,0.0031943447399958025,0.9872634363932886,0.5564281924367408,simulation
-2.503756574004507,3.9989999999999995e-05,0.002524491509349913,0.9899275261921234,0.5501808574256073,simulation
-2.4940520911595288,3.9835e-05,0.0019331954284137476,0.9922821672646027,0.5439255982753715,simulation
-2.48434760831455,3.968e-05,0.001420549869693033,0.994325872368957,0.5376634027639666,simulation
-2.474643125469571,3.9525e-05,0.0009866357858642205,0.996057350657239,0.5313952597646564,simulation
-2.4649386426245923,3.937e-05,0.0006315216969912663,0.9974755084906501,0.5251221590898849,simulation
-2.455234159779614,3.9215e-05,0.00035526367970539763,0.9985794501303069,0.5188450913349674,simulation
-2.445529676934635,3.906e-05,0.00015790535835003006,0.9993684783030088,0.5125650477216688,simulation
-2.4358251940896563,3.8905e-05,3.947789809194413e-05,0.99984209464165,0.5062830199416767,simulation
-2.4261207112446774,3.875e-05,0.0,1.0,0.4999999999999999,simulation
-2.416416228399699,3.8595e-05,3.947789809194413e-05,0.99984209464165,0.493716980058324,simulation
-2.4067117455547202,3.844e-05,0.00015790535835003006,0.9993684783030088,0.48743495227833106,simulation
-2.3970072627097414,3.8285e-05,0.00035526367970539763,0.9985794501303069,0.4811549086650329,simulation
-2.3873027798647626,3.8129999999999996e-05,0.0006315216969912663,0.9974755084906501,0.4748778409101149,simulation
-2.377598297019784,3.7975e-05,0.0009866357858642205,0.996057350657239,0.4686047402353434,simulation
-2.3678938141748054,3.7819999999999994e-05,0.001420549869693033,0.994325872368957,0.4623365972360332,simulation
-2.3581893313298266,3.766499999999999e-05,0.001933195428413803,0.9922821672646026,0.4560744017246284,simulation
-2.348484848484848,3.751e-05,0.002524491509349913,0.9899275261921234,0.4498191425743925,simulation
-2.3387803656398694,3.7355e-05,0.0031943447399958025,0.9872634363932885,0.44357180756325904,simulation
-2.3290758827948905,3.7199999999999996e-05,0.0039426493427611176,0.9842915805643155,0.4373333832178477,simulation
-2.3193713999499117,3.7044999999999995e-05,0.004769287151674406,0.9810138357930429,0.4311048546576807,simulation
-2.3096669171049333,3.689e-05,0.005674127631042969,0.9774322723733215,0.42488720543962166,simulation
-2.2999624342599545,3.6735e-05,0.006657027896065926,0.9735491524973723,0.4186814174025583,simulation
-2.2902579514149757,3.658e-05,0.007717832735397279,0.9693669288269371,0.41248847051236204,simulation
-2.280553468569997,3.6425e-05,0.00885637463565564,0.9648882429441257,0.4063093427071377,simulation
-2.2708489857250185,3.6270000000000003e-05,0.010072473807876514,0.9601159236829353,0.40014500974279643,simulation
-2.2611445028800397,3.6115e-05,0.01136593821590326,0.9550529853424979,0.393996445038973,simulation
-2.251440020035061,3.596e-05,0.012736563606711382,0.9497026257831855,0.38786461952530926,simulation
-2.241735537190082,3.5805e-05,0.014184133542663013,0.9440682244067723,0.3817505014881379,simulation
-2.2320310543451036,3.5650000000000006e-05,0.015708419435684406,0.938153340021932,0.3756550564175728,simulation
-2.222326571500125,3.5495000000000005e-05,0.017309180583363004,0.9319617085964178,0.36957924685505167,simulation
-2.212622088655146,3.534e-05,0.01898616420695709,0.9254972408973459,0.363524032241337,simulation
-2.202917605810167,3.5184999999999996e-05,0.020739105491312082,0.9187640200210707,0.35749036876501195,simulation
-2.1932131229651888,3.503e-05,0.02256772762667847,0.9117662988142139,0.3514792092114829,simulation
-2.18350864012021,3.4875e-05,0.02447174185242318,0.904508497187474,0.3454915028125262,simulation
-2.173804157275231,3.472e-05,0.026450847502627828,0.8969951993239178,0.33952819509639554,simulation
-2.1640996744302523,3.4565e-05,0.02850473205356774,0.8892311507835118,0.3335902277385065,simulation
-2.154395191585274,3.441e-05,0.030633071173062965,0.8812212555057239,0.32767853841274164,simulation
-2.144690708740295,3.4254999999999996e-05,0.03283552877169399,0.872970572712091,0.32179406064337435,simulation
-2.1349862258953163,3.4099999999999995e-05,0.035111757055874326,0.8644843137107057,0.3159377236576611,simulation
-2.1252817430503375,3.3944999999999994e-05,0.037461396582771034,0.8557678386046425,0.31011045223909905,simulation
-2.115577260205359,3.379e-05,0.03988407631706481,0.8468266529064026,0.3043131665813988,simulation
-2.1058727773603803,3.3635e-05,0.042379413689541234,0.8376664040605122,0.2985467821431686,simulation
-2.0961682945154014,3.348e-05,0.04494701465750217,0.8282928778764781,0.29281220950335785,simulation
-2.0864638116704226,3.3325e-05,0.04758647376699032,0.8187119948743447,0.2871103542174635,simulation
-2.0767593288254442,3.317e-05,0.05029737421681435,0.8089298065451676,0.2814421166745338,simulation
-2.0670548459804654,3.3015e-05,0.053079287924368,0.7989524915287598,0.275808391954984,simulation
-2.0573503631354866,3.2859999999999994e-05,0.05593177559322787,0.7887863517111333,0.27021006968925576,simulation
-2.047645880290508,3.2705000000000006e-05,0.058854386782523194,0.7784378082440946,0.26464803391733377,simulation
-2.0379413974455294,3.2550000000000005e-05,0.0618466599780681,0.7679133974894987,0.2591231629491427,simulation
-2.0282369146005506,3.2395e-05,0.06490812266523716,0.7572197668907532,0.25363632922585416,simulation
-2.0185324317555717,3.2239999999999996e-05,0.06803829140358236,0.7463636707741457,0.2481883991821195,simulation
-2.0088279489105934,3.2085e-05,0.07123667190317384,0.7353519660826664,0.24278023310924662,simulation
-1.9991234660656145,3.193e-05,0.07450275910265403,0.7241916080450161,0.23741268501935237,simulation
-1.9894189832206357,3.1775e-05,0.07783603724899246,0.7128896457825363,0.23208660251050145,simulation
-1.9797145003756569,3.162e-05,0.08123597997892917,0.7014532178568312,0.22680282663286555,simulation
-1.9700100175306785,3.1465000000000005e-05,0.0847020504020935,0.6898895477609012,0.2215621917559064,simulation
-1.9603055346856997,3.1310000000000003e-05,0.0882337011857861,0.6782059393566259,0.2163655254366218,simulation
-1.9506010518407209,3.1155e-05,0.09183037464140792,0.6664097722614938,0.21121364828886657,simulation
-1.940896568995742,3.1e-05,0.09549150281252616,0.6545084971874741,0.20610737385376338,simulation
-1.9311920861507637,3.0845e-05,0.09921650756456163,0.6425096312349883,0.2010475084712408,simulation
-1.9214876033057848,3.069e-05,0.10300480067608231,0.6304207531449486,0.19603485115269714,simulation
-1.911783120460806,3.0535e-05,0.10685578393169054,0.6182494985118624,0.191070193454833,simulation
-1.9020786376158272,3.038e-05,0.11076884921648816,0.6060035549610276,0.18615431935464988,simulation
-1.8923741547708488,3.0225000000000003e-05,0.11474337861210532,0.5936906572928625,0.18128800512565524,simulation
-1.88266967192587,3.0070000000000002e-05,0.118778744494276,0.581318582597442,0.1764720192152779,simulation
-1.8729651890808912,2.9914999999999997e-05,0.12287430963194806,0.5688951453423191,0.1717071221235218,simulation
-1.8632607062359123,2.9759999999999996e-05,0.12702942728790895,0.5564281924367408,0.16699406628287417,simulation
-1.853556223390934,2.9605e-05,0.1312434413209131,0.5439255982753715,0.1623335959394877,simulation
-1.8438517405459551,2.945e-05,0.13551568628929417,0.5313952597646568,0.1577264470356557,simulation
-1.8341472577009763,2.9295e-05,0.13984548755604653,0.5188450913349674,0.15317334709359753,simulation
-1.8244427748559975,2.914e-05,0.14423216139535733,0.5062830199416762,0.14867501510057535,simulation
-1.814738292011019,2.8985e-05,0.1486750151005753,0.493716980058324,0.14423216139535744,simulation
-1.8050338091660403,2.883e-05,0.15317334709359742,0.4811549086650329,0.1398454875560466,simulation
-1.7953293263210615,2.8675e-05,0.15772644703565564,0.4686047402353434,0.13551568628929422,simulation
-1.7856248434760826,2.8519999999999998e-05,0.16233359593948776,0.4560744017246284,0.13124344132091303,simulation
-1.7759203606311043,2.8365000000000004e-05,0.16699406628287405,0.4435718075632595,0.127029427287909,simulation
-1.7662158777861254,2.8210000000000003e-05,0.17170712212352168,0.43110485465768117,0.12287430963194818,simulation
-1.7565113949411466,2.8055e-05,0.17647201921527778,0.4186814174025583,0.11877874449427606,simulation
-1.7468069120961678,2.79e-05,0.18128800512565513,0.4063093427071377,0.11474337861210537,simulation
-1.7371024292511894,2.7745000000000003e-05,0.1861543193546496,0.393996445038973,0.11076884921648839,simulation
-1.7273979464062106,2.7590000000000002e-05,0.19107019345483273,0.3817505014881379,0.1068557839316906,simulation
-1.7176934635612318,2.7434999999999997e-05,0.19603485115269742,0.3695792468550512,0.1030048006760822,simulation
-1.7079889807162534,2.7280000000000006e-05,0.20104750847124037,0.3574903687650124,0.09921650756456185,simulation
-1.6982844978712746,2.7125000000000005e-05,0.20610737385376326,0.3454915028125266,0.09549150281252639,simulation
-1.6885800150262957,2.6969999999999998e-05,0.2112136482888663,0.3335902277385065,0.09183037464140797,simulation
-1.678875532181317,2.6814999999999997e-05,0.21636552543662185,0.32179406064337435,0.08823370118578616,simulation
-1.6691710493363385,2.6660000000000002e-05,0.2215621917559058,0.3101104522390999,0.08470205040209378,simulation
-1.6594665664913597,2.6505e-05,0.22680282663286527,0.298546782143169,0.08123597997892923,simulation
-1.6497620836463809,2.635e-05,0.23208660251050156,0.2871103542174639,0.07783603724899252,simulation
-1.640057600801402,2.6195e-05,0.2374126850193521,0.275808391954984,0.07450275910265408,simulation
-1.6303531179564237,2.604e-05,0.24278023310924673,0.26464803391733377,0.07123667190317384,simulation
-1.6206486351114449,2.5885000000000004e-05,0.24818839918211943,0.25363632922585455,0.06803829140358242,simulation
-1.610944152266466,2.5730000000000003e-05,0.2536363292258541,0.242780233109247,0.06490812266523721,simulation
-1.6012396694214872,2.5575e-05,0.2591231629491423,0.23208660251050184,0.061846659978068264,simulation
-1.5915351865765088,2.5420000000000004e-05,0.2646480339173335,0.2215621917559064,0.05885438678252347,simulation
-1.58183070373153,2.5265000000000003e-05,0.27021006968925587,0.21121364828886657,0.05593177559322782,simulation
-1.5721262208865512,2.5110000000000002e-05,0.27580839195498374,0.2010475084712408,0.05307928792436817,simulation
-1.5624217380415724,2.4954999999999997e-05,0.28144211667453367,0.19107019345483262,0.050297374216814406,simulation
-1.552717255196594,2.4800000000000007e-05,0.28711035421746345,0.18128800512565557,0.04758647376699032,simulation
-1.5430127723516152,2.4645000000000005e-05,0.29281220950335773,0.17170712212352213,0.04494701465750223,simulation
-1.5333082895066363,2.4489999999999998e-05,0.2985467821431687,0.1623335959394877,0.04237941368954118,simulation
-1.5236038066616575,2.4334999999999997e-05,0.3043131665813989,0.15317334709359737,0.039884076317064754,simulation
-1.5138993238166791,2.4180000000000002e-05,0.3101104522390993,0.1442321613953576,0.03746139658277109,simulation
-1.5041948409717003,2.4025e-05,0.31593772365766093,0.1355156862892944,0.03511175705587438,simulation
-1.4944903581267215,2.387e-05,0.32179406064337457,0.127029427287909,0.032835528771694045,simulation
-1.4847858752817427,2.3715e-05,0.32767853841274147,0.11877874449427606,0.030633071173062965,simulation
-1.4750813924367643,2.356e-05,0.3335902277385066,0.11076884921648839,0.028504732053567794,simulation
-1.4653769095917855,2.3405e-05,0.3395281950963952,0.10300480067608236,0.026450847502627828,simulation
-1.4556724267468066,2.325e-05,0.34549150281252633,0.09549150281252627,0.02447174185242318,simulation
-1.4459679439018278,2.3094999999999998e-05,0.3514792092114825,0.08823370118578633,0.02256772762667847,simulation
-1.4362634610568494,2.2940000000000004e-05,0.3574903687650117,0.08123597997892934,0.020739105491312138,simulation
-1.4265589782118706,2.2785000000000003e-05,0.3635240322413372,0.07450275910265419,0.01898616420695709,simulation
-1.4168544953668918,2.263e-05,0.36957924685505156,0.06803829140358231,0.01730918058336306,simulation
-1.4071500125219134,2.2475000000000004e-05,0.37565505641757235,0.06184665997806843,0.015708419435684462,simulation
-1.3974455296769346,2.2320000000000003e-05,0.3817505014881375,0.05593177559322793,0.014184133542663069,simulation
-1.3877410468319558,2.2165000000000002e-05,0.38786461952530926,0.05029737421681463,0.012736563606711437,simulation
-1.378036563986977,2.201e-05,0.3939964450389726,0.04494701465750223,0.01136593821590326,simulation
-1.3683320811419986,2.1855000000000003e-05,0.4001450097427963,0.03988407631706492,0.01007247380787657,simulation
-1.3586275982970197,2.1700000000000002e-05,0.4063093427071376,0.03511175705587438,0.008856374635655695,simulation
-1.348923115452041,2.1545e-05,0.4124884705123619,0.030633071173062965,0.007717832735397334,simulation
-1.339218632607062,2.139e-05,0.4186814174025581,0.02645084750262794,0.006657027896065981,simulation
-1.3295141497620837,2.1235000000000006e-05,0.4248872054396212,0.02256772762667869,0.005674127631043024,simulation
-1.3198096669171049,2.1080000000000005e-05,0.4311048546576808,0.0189861642069572,0.004769287151674406,simulation
-1.310105184072126,2.0925e-05,0.4373333832178478,0.015708419435684462,0.003942649342761062,simulation
-1.3004007012271472,2.077e-05,0.44357180756325915,0.012736563606711437,0.0031943447399958025,simulation
-1.2906962183821689,2.0615000000000005e-05,0.44981914257439226,0.01007247380787668,0.0025244915093499687,simulation
-1.28099173553719,2.0460000000000004e-05,0.4560744017246282,0.00771783273539739,0.001933195428413803,simulation
-1.2712872526922112,2.0305000000000003e-05,0.4623365972360335,0.005674127631043024,0.001420549869693033,simulation
-1.2615827698472324,2.015e-05,0.4686047402353433,0.003942649342761062,0.0009866357858642205,simulation
-1.251878287002254,1.9995000000000004e-05,0.47487784091011503,0.0025244915093499687,0.0006315216969912663,simulation
-1.2421738041572752,1.9840000000000003e-05,0.4811549086650326,0.001420549869693033,0.00035526367970539763,simulation
-1.2324693213122964,1.9685000000000002e-05,0.48743495227833117,0.0006315216969912663,0.00015790535835003006,simulation
-1.2227648384673175,1.953e-05,0.49371698005832354,0.00015790535835003006,3.947789809194413e-05,simulation
-1.2130603556223392,1.9375000000000003e-05,0.49999999999999983,0.0,0.0,simulation
-1.2033558727773603,1.9220000000000002e-05,0.5062830199416761,0.00015790535834997455,3.947789809194413e-05,simulation
-1.1936513899323815,1.9065e-05,0.5125650477216687,0.0006315216969912663,0.00015790535835003006,simulation
-1.1839469070874027,1.8909999999999997e-05,0.5188450913349674,0.001420549869693033,0.00035526367970539763,simulation
-1.1742424242424243,1.8755000000000006e-05,0.5251221590898845,0.0025244915093498577,0.0006315216969912663,simulation
-1.1645379413974455,1.8600000000000005e-05,0.5313952597646564,0.0039426493427610065,0.0009866357858642205,simulation
-1.1548334585524667,1.8445e-05,0.5376634027639663,0.005674127631042969,0.001420549869693033,simulation
-1.1451289757074878,1.829e-05,0.5439255982753716,0.007717832735397279,0.0019331954284137476,simulation
-1.1354244928625095,1.8135000000000005e-05,0.5501808574256072,0.010072473807876459,0.002524491509349913,simulation
-1.1257200100175306,1.7980000000000004e-05,0.5564281924367407,0.012736563606711382,0.0031943447399958025,simulation
-1.1160155271725518,1.7825000000000003e-05,0.562666616782152,0.015708419435684406,0.003942649342761062,simulation
-1.1063110443275734,1.7670000000000005e-05,0.5688951453423188,0.018986164206956924,0.004769287151674351,simulation
-1.0966065614825946,1.7515000000000004e-05,0.5751127945603783,0.022567727626678413,0.005674127631042969,simulation
-1.0869020786376158,1.7360000000000003e-05,0.5813185825974416,0.026450847502627772,0.006657027896065926,simulation
-1.077197595792637,1.7205e-05,0.5875115294876381,0.030633071173062965,0.007717832735397279,simulation
-1.0674931129476586,1.7050000000000008e-05,0.593690657292862,0.03511175705587399,0.008856374635655584,simulation
-1.0577886301026798,1.6895000000000003e-05,0.5998549902572033,0.039884076317064754,0.01007247380787657,simulation
-1.048084147257701,1.6740000000000002e-05,0.6060035549610272,0.044947014657502005,0.01136593821590326,simulation
-1.0383796644127221,1.6585e-05,0.6121353804746905,0.05029737421681435,0.012736563606711382,simulation
-1.0286751815677437,1.6430000000000007e-05,0.6182494985118621,0.055931775593227484,0.014184133542662958,simulation
-1.018970698722765,1.6275000000000006e-05,0.6243449435824272,0.061846659978067986,0.015708419435684406,simulation
-1.009266215877786,1.6120000000000005e-05,0.6304207531449483,0.06803829140358214,0.017309180583363004,simulation
-0.9995617330328073,1.5965e-05,0.6364759677586626,0.07450275910265403,0.018986164206957035,simulation
-0.9898572501878289,1.5810000000000006e-05,0.6425096312349878,0.08123597997892884,0.02073910549131197,simulation
-0.9801527673428501,1.5655000000000002e-05,0.6485207907885173,0.0882337011857861,0.022567727626678524,simulation
-0.9704482844978712,1.55e-05,0.6545084971874736,0.09549150281252616,0.024471741852423234,simulation
-0.9607438016528924,1.5345e-05,0.6604718049036047,0.10300480067608231,0.026450847502627883,simulation
-0.951039318807914,1.5190000000000005e-05,0.6664097722614931,0.11076884921648805,0.028504732053567683,simulation
-0.9413348359629352,1.5035000000000004e-05,0.6723214615872584,0.11877874449427589,0.030633071173062854,simulation
-0.9316303531179564,1.4880000000000003e-05,0.6782059393566251,0.12702942728790867,0.032835528771693934,simulation
-0.9219258702729776,1.4725e-05,0.684062276342339,0.13551568628929417,0.03511175705587427,simulation
-0.9122213874279992,1.4570000000000006e-05,0.6898895477609003,0.14423216139535688,0.03746139658277087,simulation
-0.9025169045830204,1.4415000000000003e-05,0.695686833418601,0.15317334709359726,0.03988407631706481,simulation
-0.8928124217380415,1.4260000000000002e-05,0.7014532178568312,0.1623335959394876,0.042379413689541234,simulation
-0.8831079388930627,1.4105000000000001e-05,0.707187790496642,0.17170712212352168,0.04494701465750217,simulation
-0.8734034560480843,1.3950000000000005e-05,0.7128896457825361,0.1812880051256548,0.0475864737669901,simulation
-0.8636989732031055,1.3795000000000004e-05,0.7185578833254663,0.19107019345483256,0.05029737421681435,simulation
-0.8539944903581267,1.3640000000000003e-05,0.724191608045016,0.20104750847124037,0.053079287924368,simulation
-0.8442900075131483,1.3485000000000007e-05,0.7297899303107437,0.21121364828886574,0.05593177559322765,simulation
-0.834585524668169,1.3329999999999998e-05,0.7353519660826664,0.2215621917559062,0.058854386782523416,simulation
-0.8248810418231907,1.3175000000000005e-05,0.7408768370508575,0.2320866025105014,0.06184665997806821,simulation
-0.8151765589782123,1.302000000000001e-05,0.7463636707741454,0.24278023310924618,0.06490812266523699,simulation
-0.805472076133233,1.2865000000000001e-05,0.7518116008178803,0.2536363292258541,0.06803829140358236,simulation
-0.7957675932882546,1.2710000000000005e-05,0.757219766890753,0.26464803391733327,0.07123667190317373,simulation
-0.7860631104432763,1.2555000000000011e-05,0.7625873149806475,0.27580839195498297,0.0745027591026538,simulation
-0.776358627598297,1.2400000000000003e-05,0.7679133974894983,0.28711035421746345,0.07783603724899235,simulation
-0.7666541447533186,1.2245000000000007e-05,0.7731971733671343,0.2985467821431681,0.08123597997892906,simulation
-0.7569496619083393,1.2089999999999998e-05,0.7784378082440941,0.3101104522390996,0.08470205040209372,simulation
-0.747245179063361,1.1935000000000005e-05,0.7836344745633781,0.3217940606433742,0.0882337011857861,simulation
-0.7375406962183826,1.178000000000001e-05,0.7887863517111335,0.333590227738506,0.09183037464140775,simulation
-0.7278362133734033,1.1625e-05,0.7938926261462366,0.34549150281252633,0.09549150281252633,simulation
-0.7181317305284249,1.1470000000000005e-05,0.7989524915287592,0.35749036876501145,0.09921650756456152,simulation
-0.7084272476834466,1.1315000000000011e-05,0.8039651488473023,0.3695792468550506,0.10300480067608203,simulation
-0.6987227648384673,1.1160000000000002e-05,0.8089298065451671,0.3817505014881375,0.10685578393169054,simulation
-0.6890182819934889,1.1005000000000007e-05,0.81384568064535,0.393996445038972,0.11076884921648816,simulation
-0.6793137991485096,1.0849999999999998e-05,0.8187119948743449,0.4063093427071378,0.11474337861210543,simulation
-0.6696093163035313,1.0695000000000003e-05,0.823527980784722,0.4186814174025579,0.118778744494276,simulation
-0.6599048334585529,1.054000000000001e-05,0.828292877876478,0.4311048546576802,0.12287430963194779,simulation
-0.6502003506135736,1.0385e-05,0.8330059337171258,0.44357180756325915,0.12702942728790895,simulation
-0.6404958677685952,1.0230000000000005e-05,0.8376664040605121,0.456074401724628,0.13124344132091298,simulation
-0.6307913849236169,1.0075000000000011e-05,0.842273552964344,0.46860474023534243,0.135515686289294,simulation
-0.6210869020786376,9.920000000000002e-06,0.8468266529064024,0.4811549086650326,0.13984548755604653,simulation
-0.6113824192336592,9.765000000000006e-06,0.8513249848994244,0.4937169800583232,0.14423216139535722,simulation
-0.60167793638868,9.609999999999998e-06,0.8557678386046428,0.5062830199416765,0.14867501510057546,simulation
-0.5919734535437016,9.455000000000003e-06,0.8601545124439534,0.5188450913349669,0.15317334709359742,simulation
-0.5822689706987232,9.30000000000001e-06,0.8644843137107054,0.5313952597646558,0.1577264470356553,simulation
-0.5725644878537439,9.145e-06,0.868756558679087,0.5439255982753716,0.16233359593948776,simulation
-0.5628600050087655,8.990000000000005e-06,0.8729705727120909,0.5564281924367404,0.16699406628287405,simulation
-0.5531555221637872,8.835000000000011e-06,0.8771256903680515,0.5688951453423181,0.17170712212352152,simulation
-0.5434510393188079,8.680000000000002e-06,0.8812212555057239,0.5813185825974416,0.17647201921527778,simulation
-0.5337465564738295,8.525000000000006e-06,0.8852566213878945,0.5936906572928619,0.18128800512565496,simulation
-0.5240420736288502,8.369999999999998e-06,0.8892311507835118,0.6060035549610274,0.18615431935464977,simulation
-0.5143375907838719,8.215000000000004e-06,0.8931442160683094,0.6182494985118621,0.19107019345483273,simulation
-0.5046331079388935,8.060000000000008e-06,0.8969951993239175,0.6304207531449478,0.1960348511526971,simulation
-0.4949286250939142,7.905e-06,0.9007834924354383,0.642509631234988,0.20104750847124053,simulation
-0.48522414224893584,7.750000000000005e-06,0.9045084971874736,0.6545084971874733,0.20610737385376326,simulation
-0.47551965940395746,7.59500000000001e-06,0.9081696253585918,0.6664097722614926,0.2112136482888659,simulation
-0.4658151765589782,7.440000000000002e-06,0.9117662988142137,0.6782059393566251,0.2163655254366217,simulation
-0.4561106937139998,7.285000000000007e-06,0.9152979495979061,0.6898895477609,0.2215621917559058,simulation
-0.44640621086902144,7.130000000000011e-06,0.9187640200210706,0.7014532178568305,0.2268028266328651,simulation
-0.43670172802404217,6.975000000000003e-06,0.9221639627510074,0.7128896457825361,0.23208660251050156,simulation
-0.4269972451790638,6.8200000000000075e-06,0.9254972408973458,0.7241916080450155,0.23741268501935187,simulation
-0.4172927623340845,6.664999999999999e-06,0.9287633280968262,0.7353519660826664,0.24278023310924673,simulation
-0.40758827948910614,6.510000000000005e-06,0.9319617085964176,0.7463636707741454,0.24818839918211943,simulation
-0.39788379664412776,6.35500000000001e-06,0.9350918773347626,0.7572197668907524,0.2536363292258539,simulation
-0.3881793137991485,6.200000000000002e-06,0.9381533400219317,0.7679133974894983,0.2591231629491423,simulation
-0.3784748309541701,6.0450000000000065e-06,0.9411456132174765,0.7784378082440935,0.2646480339173335,simulation
-0.36877034810919174,5.890000000000011e-06,0.9440682244067721,0.7887863517111331,0.27021006968925565,simulation
-0.35906586526421247,5.735000000000003e-06,0.9469207120756318,0.7989524915287592,0.27580839195498374,simulation
-0.3493613824192341,5.5800000000000076e-06,0.9497026257831853,0.8089298065451667,0.2814421166745332,simulation
-0.3396568995742548,5.424999999999999e-06,0.9524135262330098,0.8187119948743449,0.28711035421746367,simulation
-0.32995241672927644,5.270000000000005e-06,0.9550529853424978,0.828292877876478,0.29281220950335773,simulation
-0.32024793388429806,5.1150000000000095e-06,0.9576205863104585,0.8376664040605116,0.2985467821431683,simulation
-0.3105434510393188,4.960000000000001e-06,0.9601159236829351,0.8468266529064024,0.3043131665813988,simulation
-0.3008389681943404,4.805000000000006e-06,0.962538603417229,0.8557678386046423,0.3101104522390993,simulation
-0.29113448534936204,4.650000000000011e-06,0.9648882429441255,0.8644843137107051,0.3159377236576606,simulation
-0.28143000250438277,4.495000000000003e-06,0.967164471228306,0.8729705727120909,0.32179406064337457,simulation
-0.2717255196594044,4.340000000000008e-06,0.9693669288269369,0.8812212555057235,0.32767853841274114,simulation
-0.2620210368144251,4.184999999999999e-06,0.9714952679464323,0.8892311507835118,0.3335902277385067,simulation
-0.25231655396944674,4.030000000000004e-06,0.9735491524973721,0.8969951993239175,0.33952819509639515,simulation
-0.24261207112446836,3.8750000000000095e-06,0.9755282581475766,0.9045084971874733,0.34549150281252594,simulation
-0.2329075882794891,3.720000000000001e-06,0.9774322723733215,0.9117662988142137,0.3514792092114825,simulation
-0.22320310543451072,3.5650000000000057e-06,0.9792608945086878,0.9187640200210706,0.3574903687650117,simulation
-0.21349862258953234,3.410000000000011e-06,0.9810138357930428,0.9254972408973454,0.3635240322413369,simulation
-0.20379413974455307,3.2550000000000023e-06,0.9826908194166369,0.9319617085964176,0.36957924685505145,simulation
-0.1940896568995747,3.1000000000000076e-06,0.9842915805643155,0.9381533400219315,0.37565505641757235,simulation
-0.1843851740545963,2.9450000000000125e-06,0.9858158664573369,0.9440682244067717,0.38175050148813716,simulation
-0.17468069120961704,2.7900000000000038e-06,0.9872634363932886,0.9497026257831853,0.38786461952530926,simulation
-0.16497620836463867,2.6350000000000095e-06,0.9886340617840966,0.9550529853424975,0.39399644503897235,simulation
-0.1552717255196594,2.4800000000000004e-06,0.9899275261921234,0.9601159236829351,0.40014500974279654,simulation
-0.14556724267468102,2.3250000000000057e-06,0.9911436253643443,0.9648882429441255,0.4063093427071375,simulation
-0.13586275982970264,2.170000000000011e-06,0.9922821672646026,0.9693669288269368,0.4124884705123616,simulation
-0.12615827698472337,2.015000000000002e-06,0.993342972103934,0.9735491524973721,0.4186814174025582,simulation
-0.11645379413974499,1.8600000000000076e-06,0.994325872368957,0.9774322723733213,0.4248872054396212,simulation
-0.10674931129476661,1.7050000000000127e-06,0.9952307128483255,0.9810138357930427,0.43110485465768056,simulation
-0.09704482844978735,1.5500000000000038e-06,0.9960573506572389,0.9842915805643155,0.4373333832178477,simulation
-0.08734034560480897,1.395000000000009e-06,0.9968056552600042,0.9872634363932884,0.4435718075632588,simulation
-0.0776358627598297,1.2400000000000002e-06,0.9974755084906501,0.9899275261921234,0.4498191425743926,simulation
-0.06793137991485132,1.0850000000000055e-06,0.9980668045715861,0.9922821672646026,0.4560744017246282,simulation
-0.05822689706987294,9.300000000000109e-07,0.9985794501303069,0.9943258723689569,0.46233659723603326,simulation
-0.04852241422489367,7.750000000000019e-07,0.9990133642141358,0.9960573506572389,0.4686047402353433,simulation
-0.038817931379915294,6.200000000000072e-07,0.9993684783030088,0.99747550849065,0.4748778409101149,simulation
-0.029113448534936914,4.6500000000001244e-07,0.9996447363202946,0.9985794501303069,0.48115490866503224,simulation
-0.019408965689957647,3.100000000000036e-07,0.99984209464165,0.9993684783030088,0.48743495227833117,simulation
-0.009704482844979267,1.550000000000089e-07,0.9999605221019081,0.99984209464165,0.4937169800583233,simulation
0.0,-0.0,1.0,1.0,0.5,simulation
0.00970448284497838,-1.549999999999947e-07,0.9999605221019081,0.99984209464165,0.5062830199416761,simulation
0.01940896568995676,-3.099999999999894e-07,0.99984209464165,0.9993684783030088,0.5125650477216683,simulation
0.029113448534936026,-4.649999999999983e-07,0.9996447363202946,0.9985794501303069,0.5188450913349673,simulation
0.038817931379914405,-6.19999999999993e-07,0.9993684783030088,0.9974755084906501,0.5251221590898846,simulation
0.048522414224892785,-7.749999999999877e-07,0.9990133642141359,0.996057350657239,0.5313952597646562,simulation
0.05822689706987205,-9.299999999999966e-07,0.9985794501303069,0.994325872368957,0.5376634027639663,simulation
0.06793137991485043,-1.0849999999999913e-06,0.9980668045715863,0.9922821672646028,0.5439255982753713,simulation
0.0776358627598297,-1.2400000000000002e-06,0.9974755084906501,0.9899275261921234,0.5501808574256074,simulation
0.08734034560480808,-1.394999999999995e-06,0.9968056552600042,0.9872634363932886,0.5564281924367407,simulation
0.09704482844978646,-1.5499999999999896e-06,0.996057350657239,0.9842915805643158,0.5626666167821518,simulation
0.10674931129476573,-1.7049999999999985e-06,0.9952307128483255,0.9810138357930429,0.568895145342319,simulation
0.1164537941397441,-1.8599999999999932e-06,0.994325872368957,0.9774322723733216,0.5751127945603783,simulation
0.12615827698472248,-2.014999999999988e-06,0.9933429721039342,0.9735491524973725,0.5813185825974413,simulation
0.13586275982970175,-2.169999999999997e-06,0.9922821672646027,0.9693669288269371,0.5875115294876379,simulation
0.14556724267468013,-2.3249999999999913e-06,0.9911436253643444,0.9648882429441259,0.5936906572928621,simulation
0.1552717255196585,-2.4799999999999864e-06,0.9899275261921235,0.9601159236829355,0.599854990257203,simulation
0.16497620836463778,-2.634999999999995e-06,0.9886340617840967,0.955052985342498,0.6060035549610272,simulation
0.17468069120961616,-2.78999999999999e-06,0.9872634363932886,0.9497026257831859,0.6121353804746903,simulation
0.18438517405459542,-2.9449999999999985e-06,0.985815866457337,0.9440682244067723,0.6182494985118623,simulation
0.1940896568995738,-3.0999999999999936e-06,0.9842915805643156,0.938153340021932,0.6243449435824272,simulation
0.20379413974455218,-3.2549999999999883e-06,0.982690819416637,0.9319617085964181,0.630420753144948,simulation
0.21349862258953145,-3.409999999999997e-06,0.9810138357930429,0.9254972408973461,0.6364759677586624,simulation
0.22320310543450983,-3.5649999999999913e-06,0.979260894508688,0.9187640200210712,0.6425096312349878,simulation
0.2329075882794882,-3.7199999999999864e-06,0.9774322723733216,0.9117662988142143,0.648520790788517,simulation
0.24261207112446748,-3.874999999999995e-06,0.9755282581475768,0.904508497187474,0.6545084971874735,simulation
0.25231655396944586,-4.02999999999999e-06,0.9735491524973723,0.8969951993239181,0.6604718049036045,simulation
0.2620210368144251,-4.184999999999999e-06,0.9714952679464323,0.8892311507835118,0.6664097722614933,simulation
0.2717255196594035,-4.339999999999994e-06,0.9693669288269371,0.8812212555057242,0.6723214615872583,simulation
0.2814300025043819,-4.494999999999988e-06,0.9671644712283062,0.8729705727120917,0.678205939356625,simulation
0.29113448534936115,-4.649999999999997e-06,0.9648882429441257,0.8644843137107059,0.684062276342339,simulation
0.30083896819433953,-4.804999999999991e-06,0.9625386034172292,0.8557678386046432,0.6898895477609003,simulation
0.3105434510393179,-4.959999999999987e-06,0.9601159236829353,0.8468266529064032,0.6956868334186008,simulation
0.3202479338842972,-5.114999999999996e-06,0.9576205863104588,0.8376664040605124,0.7014532178568312,simulation
0.32995241672927555,-5.26999999999999e-06,0.955052985342498,0.8282928778764789,0.7071877904966417,simulation
0.3396568995742548,-5.424999999999999e-06,0.9524135262330098,0.8187119948743449,0.7128896457825363,simulation
0.3493613824192332,-5.579999999999993e-06,0.9497026257831856,0.8089298065451676,0.7185578833254662,simulation
0.3590658652642116,-5.734999999999988e-06,0.9469207120756321,0.7989524915287601,0.7241916080450157,simulation
0.36877034810919085,-5.889999999999997e-06,0.9440682244067723,0.788786351711134,0.7297899303107439,simulation
0.37847483095416923,-6.044999999999993e-06,0.9411456132174767,0.7784378082440944,0.7353519660826661,simulation
0.3881793137991476,-6.199999999999987e-06,0.938153340021932,0.7679133974894992,0.7408768370508572,simulation
0.3978837966441269,-6.354999999999996e-06,0.935091877334763,0.7572197668907534,0.7463636707741457,simulation
0.40758827948910525,-6.50999999999999e-06,0.9319617085964178,0.7463636707741464,0.7518116008178801,simulation
0.4172927623340845,-6.664999999999999e-06,0.9287633280968262,0.7353519660826664,0.7572197668907532,simulation
0.4269972451790629,-6.819999999999994e-06,0.9254972408973461,0.7241916080450166,0.7625873149806477,simulation
0.4367017280240413,-6.974999999999988e-06,0.9221639627510078,0.7128896457825371,0.7679133974894978,simulation
0.44640621086902055,-7.129999999999997e-06,0.9187640200210709,0.7014532178568316,0.7731971733671344,simulation
0.4561106937139989,-7.284999999999993e-06,0.9152979495979066,0.6898895477609011,0.7784378082440938,simulation
0.4658151765589773,-7.439999999999987e-06,0.911766298814214,0.6782059393566263,0.7836344745633779,simulation
0.4755196594039566,-7.594999999999996e-06,0.908169625358592,0.6664097722614937,0.7887863517111336,simulation
0.48522414224893495,-7.74999999999999e-06,0.904508497187474,0.6545084971874745,0.7938926261462362,simulation
0.49492862509391333,-7.904999999999984e-06,0.9007834924354386,0.6425096312349893,0.7989524915287589,simulation
0.5046331079388926,-8.059999999999994e-06,0.8969951993239178,0.6304207531449489,0.8039651488473025,simulation
0.514337590783871,-8.214999999999988e-06,0.8931442160683097,0.6182494985118633,0.8089298065451669,simulation
0.5240420736288502,-8.369999999999998e-06,0.8892311507835118,0.6060035549610274,0.8138456806453502,simulation
0.5337465564738286,-8.524999999999992e-06,0.8852566213878947,0.5936906572928629,0.8187119948743447,simulation
0.543451039318807,-8.679999999999988e-06,0.8812212555057242,0.5813185825974427,0.8235279807847218,simulation
0.5531555221637863,-8.834999999999996e-06,0.877125690368052,0.5688951453423193,0.8282928778764782,simulation
0.5628600050087647,-8.98999999999999e-06,0.8729705727120913,0.5564281924367416,0.8330059337171256,simulation
0.572564487853743,-9.144999999999986e-06,0.8687565586790873,0.5439255982753727,0.8376664040605118,simulation
0.5822689706987223,-9.299999999999994e-06,0.8644843137107059,0.5313952597646571,0.8422735529643441,simulation
0.5919734535437007,-9.454999999999988e-06,0.8601545124439538,0.5188450913349683,0.8468266529064021,simulation
0.60167793638868,-9.609999999999998e-06,0.8557678386046428,0.5062830199416765,0.8513249848994245,simulation
0.6113824192336583,-9.764999999999992e-06,0.8513249848994249,0.4937169800583243,0.8557678386046425,simulation
0.6210869020786367,-9.919999999999988e-06,0.8468266529064028,0.4811549086650337,0.8601545124439531,simulation
0.630791384923616,-1.0074999999999996e-05,0.8422735529643445,0.46860474023534365,0.8644843137107057,simulation
0.6404958677685944,-1.0229999999999992e-05,0.8376664040605124,0.4560744017246291,0.8687565586790867,simulation
0.6502003506135727,-1.0384999999999986e-05,0.8330059337171263,0.44357180756326026,0.8729705727120907,simulation
0.659904833458552,-1.0539999999999994e-05,0.8282928778764784,0.4311048546576814,0.8771256903680518,simulation
0.6696093163035304,-1.0694999999999988e-05,0.8235279807847224,0.4186814174025591,0.8812212555057237,simulation
0.6793137991485096,-1.0849999999999998e-05,0.8187119948743449,0.4063093427071378,0.8852566213878945,simulation
0.689018281993488,-1.1004999999999992e-05,0.8138456806453505,0.39399644503897324,0.8892311507835116,simulation
0.6987227648384664,-1.1159999999999986e-05,0.8089298065451676,0.38175050148813866,0.8931442160683092,simulation
0.7084272476834457,-1.1314999999999998e-05,0.8039651488473027,0.36957924685505167,0.8969951993239176,simulation
0.718131730528424,-1.1469999999999992e-05,0.7989524915287597,0.3574903687650125,0.9007834924354381,simulation
0.7278362133734024,-1.1624999999999986e-05,0.7938926261462369,0.3454915028125273,0.9045084971874735,simulation
0.7375406962183817,-1.1779999999999994e-05,0.788786351711134,0.3335902277385071,0.9081696253585918,simulation
0.7472451790633601,-1.193499999999999e-05,0.7836344745633785,0.32179406064337546,0.9117662988142134,simulation
0.7569496619083385,-1.2089999999999986e-05,0.7784378082440944,0.3101104522391004,0.9152979495979061,simulation
0.7666541447533177,-1.2244999999999994e-05,0.7731971733671348,0.2985467821431691,0.9187640200210707,simulation
0.7763586275982961,-1.2399999999999988e-05,0.7679133974894987,0.28711035421746445,0.9221639627510073,simulation
0.7860631104432754,-1.2554999999999996e-05,0.7625873149806479,0.27580839195498413,0.9254972408973459,simulation
0.7957675932882537,-1.2709999999999992e-05,0.7572197668907534,0.26464803391733427,0.9287633280968259,simulation
0.8054720761332321,-1.2864999999999984e-05,0.751811600817881,0.2536363292258552,0.9319617085964174,simulation
0.8151765589782114,-1.3019999999999994e-05,0.7463636707741459,0.24278023310924712,0.9350918773347627,simulation
0.8248810418231898,-1.317499999999999e-05,0.7408768370508579,0.23208660251050234,0.9381533400219316,simulation
0.8345855246681682,-1.3329999999999986e-05,0.7353519660826667,0.2215621917559069,0.9411456132174765,simulation
0.8442900075131474,-1.3484999999999994e-05,0.7297899303107442,0.21121364828886663,0.9440682244067722,simulation
0.8539944903581258,-1.3639999999999988e-05,0.7241916080450166,0.20104750847124125,0.9469207120756318,simulation
0.8636989732031051,-1.3794999999999996e-05,0.7185578833254667,0.19107019345483306,0.9497026257831855,simulation
0.8734034560480834,-1.3949999999999992e-05,0.7128896457825367,0.18128800512565563,0.9524135262330096,simulation
0.8831079388930618,-1.4104999999999986e-05,0.7071877904966425,0.17170712212352252,0.9550529853424976,simulation
0.8928124217380411,-1.4259999999999994e-05,0.7014532178568316,0.1623335959394881,0.9576205863104588,simulation
0.9025169045830195,-1.441499999999999e-05,0.6956868334186016,0.1531733470935981,0.9601159236829351,simulation
0.9122213874279979,-1.4569999999999986e-05,0.6898895477609011,0.1442321613953581,0.9625386034172287,simulation
0.9219258702729771,-1.4724999999999994e-05,0.6840622763423392,0.1355156862892945,0.9648882429441257,simulation
0.9316303531179555,-1.4879999999999988e-05,0.6782059393566258,0.12702942728790956,0.9671644712283058,simulation
0.9413348359629348,-1.5034999999999996e-05,0.6723214615872587,0.11877874449427633,0.969366928826937,simulation
0.9510393188079131,-1.5189999999999992e-05,0.6664097722614937,0.11076884921648872,0.9714952679464322,simulation
0.9607438016528915,-1.5344999999999986e-05,0.6604718049036052,0.10300480067608297,0.9735491524973721,simulation
0.9704482844978708,-1.5499999999999994e-05,0.654508497187474,0.09549150281252655,0.9755282581475767,simulation
0.9801527673428492,-1.565499999999999e-05,0.6485207907885178,0.08823370118578666,0.9774322723733214,simulation
0.9898572501878276,-1.5809999999999986e-05,0.6425096312349886,0.08123597997892978,0.9792608945086878,simulation
0.9995617330328068,-1.5964999999999994e-05,0.6364759677586628,0.0745027591026543,0.9810138357930429,simulation
1.0092662158777852,-1.6119999999999988e-05,0.6304207531449489,0.0680382914035828,0.9826908194166368,simulation
1.0189706987227645,-1.6274999999999996e-05,0.6243449435824275,0.06184665997806832,0.9842915805643155,simulation
1.0286751815677428,-1.6429999999999993e-05,0.6182494985118626,0.055931775593227984,0.9858158664573369,simulation
1.0383796644127212,-1.6584999999999984e-05,0.6121353804746912,0.05029737421681507,0.9872634363932884,simulation
1.0480841472577005,-1.6739999999999996e-05,0.6060035549610274,0.04494701465750228,0.9886340617840967,simulation
1.0577886301026789,-1.689499999999999e-05,0.5998549902572038,0.03988407631706509,0.9899275261921234,simulation
1.0674931129476573,-1.7049999999999984e-05,0.5936906572928629,0.03511175705587477,0.9911436253643442,simulation
1.0771975957926365,-1.7204999999999995e-05,0.5875115294876381,0.03063307117306302,0.9922821672646027,simulation
1.086902078637615,-1.735999999999999e-05,0.5813185825974422,0.026450847502628105,0.993342972103934,simulation
1.0966065614825933,-1.7514999999999984e-05,0.5751127945603792,0.022567727626678913,0.994325872368957,simulation
1.1063110443275725,-1.7669999999999992e-05,0.5688951453423193,0.0189861642069572,0.9952307128483255,simulation
1.116015527172551,-1.7824999999999986e-05,0.5626666167821527,0.01570841943568474,0.9960573506572388,simulation
1.1257200100175302,-1.7979999999999994e-05,0.556428192436741,0.012736563606711493,0.9968056552600042,simulation
1.1354244928625086,-1.813499999999999e-05,0.5501808574256077,0.01007247380787668,0.99747550849065,simulation
1.145128975707487,-1.8289999999999982e-05,0.5439255982753722,0.007717832735397501,0.9980668045715861,simulation
1.1548334585524662,-1.8444999999999994e-05,0.5376634027639666,0.00567412763104308,0.9985794501303069,simulation
1.1645379413974446,-1.8599999999999988e-05,0.5313952597646571,0.003942649342761173,0.9990133642141358,simulation
1.174242424242423,-1.8754999999999986e-05,0.5251221590898854,0.002524491509350024,0.9993684783030088,simulation
1.1839469070874022,-1.8909999999999993e-05,0.5188450913349675,0.0014205498696930885,0.9996447363202946,simulation
1.1936513899323806,-1.9064999999999988e-05,0.5125650477216692,0.0006315216969913218,0.99984209464165,simulation
1.20335587277736,-1.9219999999999996e-05,0.5062830199416765,0.00015790535835003006,0.9999605221019081,simulation
1.2130603556223383,-1.937499999999999e-05,0.5000000000000003,0.0,1.0,simulation
1.2227648384673167,-1.9529999999999984e-05,0.4937169800583243,0.00015790535834997455,0.9999605221019081,simulation
1.232469321312296,-1.9684999999999992e-05,0.4874349522783315,0.0006315216969912107,0.99984209464165,simulation
1.2421738041572743,-1.983999999999999e-05,0.48115490866503313,0.0014205498696929775,0.9996447363202947,simulation
1.2518782870022527,-1.9994999999999984e-05,0.4748778409101158,0.002524491509349802,0.9993684783030088,simulation
1.261582769847232,-2.0149999999999992e-05,0.46860474023534365,0.0039426493427610065,0.9990133642141358,simulation
1.2712872526922103,-2.0304999999999986e-05,0.46233659723603415,0.005674127631042858,0.998579450130307,simulation
1.2809917355371896,-2.0459999999999994e-05,0.45607440172462865,0.007717832735397223,0.9980668045715863,simulation
1.290696218382168,-2.061499999999999e-05,0.4498191425743928,0.010072473807876459,0.9974755084906501,simulation
1.3004007012271463,-2.0769999999999986e-05,0.4435718075632597,0.01273656360671116,0.9968056552600042,simulation
1.3101051840721256,-2.0924999999999994e-05,0.43733338321784804,0.01570841943568435,0.996057350657239,simulation
1.319809666917104,-2.1079999999999988e-05,0.4311048546576814,0.018986164206956813,0.9952307128483256,simulation
1.3295141497620824,-2.1234999999999986e-05,0.424887205439622,0.022567727626678247,0.9943258723689571,simulation
1.3392186326070616,-2.1389999999999993e-05,0.41868141740255843,0.026450847502627717,0.9933429721039341,simulation
1.34892311545204,-2.1544999999999988e-05,0.4124884705123625,0.03063307117306263,0.9922821672646027,simulation
1.3586275982970193,-2.1699999999999996e-05,0.4063093427071378,0.035111757055874215,0.9911436253643444,simulation
1.3683320811419977,-2.1854999999999993e-05,0.40014500974279665,0.0398840763170647,0.9899275261921234,simulation
1.378036563986976,-2.2009999999999984e-05,0.39399644503897324,0.04494701465750167,0.9886340617840969,simulation
1.3877410468319553,-2.2164999999999992e-05,0.3878646195253097,0.05029737421681424,0.9872634363932886,simulation
1.3974455296769337,-2.231999999999999e-05,0.381750501488138,0.05593177559322743,0.9858158664573371,simulation
1.407150012521912,-2.2474999999999984e-05,0.37565505641757324,0.0618466599780676,0.9842915805643158,simulation
1.4168544953668913,-2.2629999999999995e-05,0.36957924685505167,0.0680382914035822,0.982690819416637,simulation
1.4265589782118697,-2.2784999999999986e-05,0.3635240322413379,0.07450275910265353,0.9810138357930431,simulation
1.436263461056848,-2.2939999999999984e-05,0.3574903687650125,0.08123597997892851,0.979260894508688,simulation
1.4459679439018274,-2.309499999999999e-05,0.35147920921148285,0.08823370118578594,0.9774322723733215,simulation
1.4556724267468057,-2.3249999999999986e-05,0.3454915028125267,0.09549150281252572,0.9755282581475769,simulation
1.465376909591785,-2.3404999999999997e-05,0.3395281950963953,0.1030048006760822,0.9735491524973722,simulation
1.4750813924367634,-2.3559999999999988e-05,0.3335902277385071,0.11076884921648766,0.9714952679464324,simulation
1.4847858752817418,-2.3714999999999982e-05,0.3276785384127421,0.11877874449427522,0.9693669288269373,simulation
1.494490358126721,-2.3869999999999993e-05,0.3217940606433749,0.12702942728790856,0.9671644712283061,simulation
1.5041948409716994,-2.402499999999999e-05,0.3159377236576613,0.13551568628929378,0.9648882429441258,simulation
1.5138993238166778,-2.4179999999999982e-05,0.3101104522391001,0.14423216139535633,0.9625386034172293,simulation
1.523603806661657,-2.4334999999999993e-05,0.304313166581399,0.1531733470935972,0.9601159236829353,simulation
1.5333082895066354,-2.4489999999999987e-05,0.2985467821431691,0.16233359593948704,0.957620586310459,simulation
1.5430127723516147,-2.4644999999999995e-05,0.29281220950335807,0.17170712212352163,0.9550529853424978,simulation
1.552717255196593,-2.479999999999999e-05,0.287110354217464,0.18128800512565452,0.9524135262330099,simulation
1.5624217380415715,-2.4954999999999987e-05,0.28144211667453406,0.19107019345483195,0.9497026257831858,simulation
1.5721262208865507,-2.510999999999999e-05,0.27580839195498413,0.2010475084712401,0.946920712075632,simulation
1.5818307037315291,-2.526499999999999e-05,0.2702100696892565,0.21121364828886546,0.9440682244067724,simulation
1.5915351865765075,-2.5419999999999984e-05,0.26464803391733427,0.22156219175590497,0.9411456132174769,simulation
1.6012396694214868,-2.5574999999999988e-05,0.25912316294914267,0.23208660251050112,0.938153340021932,simulation
1.6109441522664651,-2.5729999999999986e-05,0.25363632922585466,0.2427802331092459,0.9350918773347631,simulation
1.6206486351114444,-2.5884999999999997e-05,0.2481883991821196,0.25363632922585416,0.9319617085964176,simulation
1.6303531179564228,-2.6039999999999988e-05,0.24278023310924712,0.264648033917333,0.9287633280968264,simulation
1.6400576008014012,-2.6194999999999982e-05,0.23741268501935264,0.27580839195498286,0.9254972408973462,simulation
1.6497620836463804,-2.6349999999999993e-05,0.23208660251050195,0.2871103542174631,0.9221639627510076,simulation
1.6594665664913588,-2.650499999999999e-05,0.22680282663286566,0.2985467821431682,0.9187640200210709,simulation
1.6691710493363372,-2.6659999999999982e-05,0.22156219175590652,0.3101104522390983,0.9152979495979067,simulation
1.6788755321813165,-2.6814999999999993e-05,0.21636552543662185,0.32179406064337435,0.9117662988142138,simulation
1.6885800150262948,-2.6969999999999987e-05,0.21121364828886663,0.33359022773850566,0.9081696253585922,simulation
1.6982844978712732,-2.712499999999998e-05,0.2061073738537642,0.3454915028125245,0.9045084971874742,simulation
1.7079889807162525,-2.727999999999999e-05,0.20104750847124092,0.3574903687650111,0.9007834924354385,simulation
1.7176934635612309,-2.7434999999999987e-05,0.1960348511526976,0.36957924685505084,0.8969951993239178,simulation
1.7273979464062101,-2.758999999999999e-05,0.19107019345483306,0.38175050148813705,0.8931442160683096,simulation
1.7371024292511885,-2.774499999999999e-05,0.18615431935465,0.39399644503897213,0.8892311507835119,simulation
1.746806912096167,-2.7899999999999984e-05,0.18128800512565563,0.40630934270713637,0.885256621387895,simulation
1.7565113949411462,-2.805499999999999e-05,0.1764720192152781,0.41868141740255743,0.8812212555057242,simulation
1.7662158777861245,-2.8209999999999986e-05,0.17170712212352218,0.4311048546576799,0.8771256903680522,simulation
1.775920360631103,-2.8364999999999983e-05,0.16699406628287472,0.4435718075632577,0.8729705727120916,simulation
1.7856248434760822,-2.8519999999999988e-05,0.1623335959394881,0.4560744017246275,0.8687565586790873,simulation
1.7953293263210606,-2.8674999999999985e-05,0.15772644703565608,0.46860474023534204,0.8644843137107061,simulation
1.8050338091660398,-2.8829999999999997e-05,0.1531733470935976,0.48115490866503247,0.8601545124439536,simulation
1.8147382920110182,-2.898499999999999e-05,0.14867501510057557,0.4937169800583231,0.8557678386046428,simulation
1.8244427748559966,-2.9139999999999982e-05,0.14423216139535783,0.5062830199416749,0.8513249848994251,simulation
1.8341472577009759,-2.9294999999999993e-05,0.1398454875560467,0.5188450913349669,0.8468266529064026,simulation
1.8438517405459542,-2.9449999999999987e-05,0.1355156862892945,0.531395259764656,0.8422735529643446,simulation
1.8535562233909326,-2.9604999999999978e-05,0.13124344132091353,0.5439255982753701,0.8376664040605127,simulation
1.863260706235912,-2.975999999999999e-05,0.12702942728790922,0.5564281924367399,0.8330059337171262,simulation
1.8729651890808903,-2.9914999999999987e-05,0.1228743096319484,0.5688951453423182,0.8282928778764784,simulation
1.8826696719258695,-3.006999999999999e-05,0.11877874449427633,0.5813185825974411,0.8235279807847224,simulation
1.892374154770848,-3.022499999999999e-05,0.1147433786121056,0.5936906572928617,0.8187119948743451,simulation
1.9020786376158263,-3.0379999999999984e-05,0.11076884921648872,0.606003554961026,0.8138456806453508,simulation
1.9117831204608056,-3.053499999999999e-05,0.1068557839316907,0.618249498511862,0.8089298065451673,simulation
1.921487603305784,-3.0689999999999986e-05,0.1030048006760827,0.6304207531449473,0.8039651488473032,simulation
1.9311920861507623,-3.084499999999998e-05,0.09921650756456218,0.6425096312349866,0.79895249152876,simulation
1.9408965689957416,-3.099999999999999e-05,0.09549150281252655,0.6545084971874728,0.7938926261462369,simulation
1.95060105184072,-3.115499999999998e-05,0.09183037464140842,0.6664097722614921,0.7887863517111343,simulation
1.9603055346856992,-3.131e-05,0.08823370118578638,0.6782059393566251,0.7836344745633783,simulation
1.9700100175306776,-3.1464999999999984e-05,0.084702050402094,0.6898895477608995,0.7784378082440944,simulation
1.979714500375656,-3.1619999999999985e-05,0.0812359799789294,0.7014532178568305,0.773197173367135,simulation
1.9894189832206353,-3.177499999999999e-05,0.07783603724899257,0.7128896457825359,0.7679133974894985,simulation
1.9991234660656136,-3.192999999999999e-05,0.0745027591026543,0.7241916080450155,0.7625873149806481,simulation
2.008827948910592,-3.208499999999998e-05,0.07123667190317429,0.7353519660826648,0.7572197668907539,simulation
2.0185324317555713,-3.223999999999999e-05,0.06803829140358247,0.7463636707741452,0.7518116008178806,simulation
2.0282369146005497,-3.239499999999999e-05,0.06490812266523727,0.7572197668907528,0.7463636707741459,simulation
2.037941397445528,-3.254999999999998e-05,0.0618466599780686,0.7679133974894969,0.7408768370508584,simulation
2.0476458802905073,-3.270499999999999e-05,0.058854386782523416,0.7784378082440938,0.7353519660826664,simulation
2.0573503631354857,-3.285999999999999e-05,0.055931775593227984,0.7887863517111329,0.7297899303107444,simulation
2.067054845980465,-3.301499999999999e-05,0.053079287924368335,0.7989524915287587,0.7241916080450166,simulation
2.0767593288254433,-3.316999999999999e-05,0.05029737421681468,0.8089298065451666,0.7185578833254668,simulation
2.0864638116704217,-3.332499999999998e-05,0.04758647376699049,0.818711994874344,0.7128896457825369,simulation
2.096168294515401,-3.347999999999999e-05,0.04494701465750228,0.8282928778764778,0.7071877904966424,simulation
2.1058727773603794,-3.3634999999999985e-05,0.0423794136895414,0.8376664040605115,0.7014532178568318,simulation
2.1155772602053577,-3.378999999999998e-05,0.03988407631706509,0.8468266529064016,0.6956868334186017,simulation
2.125281743050337,-3.394499999999999e-05,0.037461396582771145,0.8557678386046421,0.6898895477609008,simulation
2.1349862258953154,-3.409999999999998e-05,0.035111757055874604,0.8644843137107048,0.6840622763423396,simulation
2.1446907087402947,-3.4254999999999996e-05,0.03283552877169399,0.872970572712091,0.6782059393566253,simulation
2.154395191585273,-3.440999999999999e-05,0.03063307117306302,0.8812212555057237,0.6723214615872587,simulation
2.1640996744302514,-3.456499999999998e-05,0.028504732053568016,0.8892311507835107,0.6664097722614941,simulation
2.1738041572752307,-3.471999999999999e-05,0.02645084750262794,0.8969951993239172,0.660471804903605,simulation
2.183508640120209,-3.487499999999999e-05,0.024471741852423345,0.9045084971874731,0.6545084971874742,simulation
2.1932131229651874,-3.502999999999998e-05,0.022567727626678746,0.911766298814213,0.6485207907885181,simulation
2.2029176058101667,-3.518499999999999e-05,0.020739105491312193,0.9187640200210705,0.6425096312349884,simulation
2.212622088655145,-3.5339999999999984e-05,0.0189861642069572,0.9254972408973454,0.6364759677586631,simulation
2.2223265715001244,-3.549499999999999e-05,0.017309180583363115,0.9319617085964174,0.6304207531449487,simulation
2.2320310543451027,-3.5649999999999986e-05,0.015708419435684573,0.9381533400219313,0.6243449435824278,simulation
2.241735537190081,-3.580499999999999e-05,0.014184133542663124,0.944068224406772,0.6182494985118627,simulation
2.2514400200350604,-3.595999999999999e-05,0.012736563606711493,0.9497026257831852,0.612135380474691,simulation
2.2611445028800388,-3.611499999999999e-05,0.011365938215903315,0.9550529853424976,0.6060035549610275,simulation
2.270848985725017,-3.626999999999998e-05,0.01007247380787668,0.9601159236829346,0.5998549902572041,simulation
2.2805534685699964,-3.642499999999999e-05,0.008856374635655695,0.9648882429441256,0.5936906572928624,simulation
2.290257951414975,-3.6579999999999985e-05,0.00771783273539739,0.9693669288269366,0.5875115294876385,simulation
2.299962434259953,-3.673499999999998e-05,0.006657027896066092,0.9735491524973716,0.5813185825974425,simulation
2.3096669171049324,-3.688999999999999e-05,0.00567412763104308,0.9774322723733212,0.575112794560379,simulation
2.319371399949911,-3.704499999999998e-05,0.004769287151674462,0.9810138357930426,0.5688951453423197,simulation
2.32907588279489,-3.719999999999999e-05,0.0039426493427611176,0.9842915805643153,0.5626666167821525,simulation
2.3387803656398685,-3.735499999999999e-05,0.003194344739995858,0.9872634363932884,0.5564281924367411,simulation
2.348484848484847,-3.750999999999998e-05,0.002524491509350024,0.989927526192123,0.5501808574256083,simulation
2.358189331329826,-3.766499999999999e-05,0.001933195428413803,0.9922821672646026,0.5439255982753718,simulation
2.3678938141748045,-3.781999999999999e-05,0.0014205498696930885,0.9943258723689569,0.5376634027639667,simulation
2.377598297019783,-3.7974999999999974e-05,0.000986635785864276,0.9960573506572387,0.5313952597646576,simulation
2.387302779864762,-3.812999999999999e-05,0.0006315216969912663,0.99747550849065,0.525122159089885,simulation
2.3970072627097405,-3.828499999999998e-05,0.00035526367970539763,0.9985794501303069,0.5188450913349679,simulation
2.40671174555472,-3.843999999999999e-05,0.00015790535835003006,0.9993684783030088,0.5125650477216691,simulation
2.416416228399698,-3.8594999999999985e-05,3.947789809194413e-05,0.99984209464165,0.5062830199416768,simulation
2.4261207112446765,-3.874999999999998e-05,0.0,1.0,0.5000000000000007,simulation
2.435825194089656,-3.890499999999999e-05,3.947789809194413e-05,0.99984209464165,0.4937169800583241,simulation
2.445529676934634,-3.905999999999998e-05,0.00015790535834997455,0.9993684783030088,0.48743495227833183,simulation
2.4552341597796126,-3.921499999999998e-05,0.0003552636797053421,0.9985794501303071,0.48115490866503324,simulation
2.464938642624592,-3.9369999999999984e-05,0.0006315216969912107,0.9974755084906501,0.4748778409101157,simulation
2.47464312546957,-3.9524999999999985e-05,0.000986635785864165,0.996057350657239,0.46860474023534376,simulation
2.4843476083145495,-3.967999999999999e-05,0.001420549869693033,0.9943258723689571,0.4623365972360338,simulation
2.494052091159528,-3.983499999999999e-05,0.0019331954284137476,0.9922821672646028,0.45607440172462876,simulation
2.5037565740045062,-3.998999999999998e-05,0.0025244915093498577,0.9899275261921237,0.44981914257439326,simulation
2.5134610568494855,-4.014499999999999e-05,0.003194344739995747,0.9872634363932886,0.44357180756325937,simulation
2.523165539694464,-4.0299999999999983e-05,0.0039426493427610065,0.9842915805643159,0.4373333832178485,simulation
2.5328700225394423,-4.045499999999998e-05,0.004769287151674295,0.9810138357930434,0.4311048546576817,simulation
2.5425745053844215,-4.0609999999999986e-05,0.005674127631042913,0.9774322723733218,0.424887205439622,simulation
2.5522789882294,-4.076499999999999e-05,0.00665702789606587,0.9735491524973725,0.41868141740255865,simulation
2.561983471074379,-4.091999999999999e-05,0.007717832735397223,0.9693669288269373,0.41248847051236237,simulation
2.5716879539193576,-4.107499999999999e-05,0.008856374635655584,0.9648882429441259,0.40630934270713803,simulation
2.581392436764336,-4.122999999999998e-05,0.010072473807876459,0.9601159236829355,0.400145009742797,simulation
2.591096919609315,-4.138499999999999e-05,0.011365938215903204,0.955052985342498,0.3939964450389729,simulation
2.6008014024542936,-4.1539999999999985e-05,0.012736563606711326,0.9497026257831859,0.3878646195253098,simulation
2.610505885299272,-4.169499999999998e-05,0.014184133542662847,0.9440682244067731,0.38175050148813844,simulation
2.6202103681442512,-4.184999999999999e-05,0.01570841943568435,0.9381533400219322,0.3756550564175729,simulation
2.6299148509892296,-4.200499999999998e-05,0.017309180583362893,0.9319617085964185,0.36957924685505217,simulation
2.639619333834208,-4.2159999999999976e-05,0.018986164206956813,0.9254972408973469,0.3635240322413382,simulation
2.6493238166791873,-4.231499999999999e-05,0.02073910549131197,0.9187640200210713,0.3574903687650123,simulation
2.6590282995241656,-4.246999999999998e-05,0.022567727626678302,0.9117662988142146,0.35147920921148323,simulation
2.668732782369145,-4.262499999999999e-05,0.024471741852423123,0.9045084971874741,0.3454915028125265,simulation
2.6784372652141233,-4.277999999999999e-05,0.026450847502627717,0.8969951993239182,0.33952819509639565,simulation
2.6881417480591017,-4.293499999999998e-05,0.028504732053567572,0.8892311507835124,0.3335902277385072,simulation
2.697846230904081,-4.308999999999999e-05,0.030633071173062854,0.8812212555057244,0.32767853841274175,simulation
2.7075507137490593,-4.324499999999998e-05,0.03283552877169377,0.8729705727120918,0.3217940606433751,simulation
2.7172551965940377,-4.3399999999999984e-05,0.035111757055874104,0.8644843137107063,0.31593772365766143,simulation
2.726959679439017,-4.3554999999999985e-05,0.03746139658277081,0.8557678386046432,0.31011045223909983,simulation
2.7366641622839953,-4.3709999999999986e-05,0.0398840763170647,0.846826652906403,0.30431316658139906,simulation
2.7463686451289746,-4.386499999999999e-05,0.04237941368954101,0.8376664040605131,0.2985467821431691,simulation
2.756073127973953,-4.401999999999998e-05,0.044947014657501894,0.8282928778764793,0.2928122095033585,simulation
2.7657776108189314,-4.417499999999998e-05,0.04758647376698999,0.8187119948743459,0.2871103542174642,simulation
2.7754820936639106,-4.4329999999999984e-05,0.05029737421681424,0.8089298065451681,0.28144211667453406,simulation
2.785186576508889,-4.4484999999999985e-05,0.05307928792436789,0.7989524915287602,0.2758083919549843,simulation
2.7948910593538674,-4.463999999999998e-05,0.05593177559322743,0.788786351711135,0.27021006968925665,simulation
2.8045955421988467,-4.479499999999999e-05,0.05885438678252314,0.7784378082440947,0.26464803391733405,simulation
2.814300025043825,-4.494999999999998e-05,0.06184665997806793,0.7679133974894994,0.25912316294914284,simulation
2.8240045078888043,-4.510499999999999e-05,0.06490812266523699,0.7572197668907538,0.25363632922585444,simulation
2.8337089907337827,-4.525999999999999e-05,0.0680382914035822,0.7463636707741462,0.24818839918211977,simulation
2.843413473578761,-4.541499999999998e-05,0.0712366719031734,0.7353519660826678,0.2427802331092475,simulation
2.8531179564237403,-4.556999999999999e-05,0.07450275910265397,0.7241916080450164,0.23741268501935225,simulation
2.8628224392687187,-4.5724999999999987e-05,0.07783603724899218,0.7128896457825373,0.23208660251050212,simulation
2.872526922113697,-4.5879999999999974e-05,0.08123597997892862,0.7014532178568331,0.22680282663286622,simulation
2.8822314049586764,-4.603499999999999e-05,0.08470205040209344,0.6898895477609014,0.22156219175590636,simulation
2.8919358878036547,-4.618999999999998e-05,0.08823370118578594,0.6782059393566265,0.21636552543662224,simulation
2.901640370648634,-4.634499999999999e-05,0.09183037464140781,0.666409772261494,0.21121364828886646,simulation
2.9113448534936124,-4.6499999999999985e-05,0.095491502812526,0.6545084971874747,0.20610737385376382,simulation
2.9210493363385908,-4.665499999999998e-05,0.0992165075645613,0.6425096312349894,0.2010475084712411,simulation
2.93075381918357,-4.6809999999999994e-05,0.1030048006760822,0.6304207531449488,0.19603485115269742,simulation
2.9404583020285484,-4.696499999999999e-05,0.10685578393169032,0.6182494985118631,0.19107019345483306,simulation
2.950162784873527,-4.7119999999999976e-05,0.11076884921648766,0.6060035549610292,0.1861543193546505,simulation
2.959867267718506,-4.727499999999999e-05,0.1147433786121052,0.5936906572928629,0.1812880051256553,simulation
2.9695717505634844,-4.7429999999999985e-05,0.11877874449427578,0.5813185825974426,0.1764720192152781,simulation
2.979276233408463,-4.758499999999998e-05,0.12287430963194756,0.5688951453423207,0.17170712212352235,simulation
2.988980716253442,-4.773999999999999e-05,0.12702942728790856,0.5564281924367419,0.16699406628287455,simulation
2.9986851990984205,-4.789499999999998e-05,0.1312434413209126,0.543925598275373,0.16233359593948826,simulation
3.0083896819433997,-4.804999999999999e-05,0.13551568628929395,0.5313952597646575,0.15772644703565597,simulation
3.018094164788378,-4.820499999999998e-05,0.13984548755604614,0.5188450913349685,0.15317334709359792,simulation
3.0277986476333565,-4.8359999999999984e-05,0.14423216139535694,0.5062830199416773,0.14867501510057574,simulation
3.0375031304783358,-4.8514999999999985e-05,0.14867501510057507,0.4937169800583247,0.14423216139535766,simulation
3.047207613323314,-4.8669999999999986e-05,0.1531733470935972,0.48115490866503363,0.1398454875560468,simulation
3.0569120961682925,-4.882499999999998e-05,0.1577264470356552,0.46860474023534454,0.13551568628929467,simulation
3.066616579013272,-4.897999999999999e-05,0.16233359593948754,0.4560744017246291,0.13124344132091326,simulation
3.07632106185825,-4.913499999999998e-05,0.16699406628287383,0.44357180756326015,0.12702942728790922,simulation
3.0860255447032294,-4.928999999999999e-05,0.17170712212352163,0.43110485465768145,0.12287430963194823,simulation
3.095730027548208,-4.9444999999999985e-05,0.17647201921527755,0.418681417402559,0.11877874449427633,simulation
3.105434510393186,-4.959999999999998e-05,0.18128800512565452,0.40630934270713925,0.11474337861210587,simulation
3.1151389932381655,-4.975499999999999e-05,0.18615431935464954,0.39399644503897324,0.11076884921648844,simulation
3.124843476083144,-4.990999999999998e-05,0.19107019345483228,0.381750501488139,0.10685578393169093,simulation
3.134547958928122,-5.0064999999999976e-05,0.19603485115269648,0.3695792468550536,0.10300480067608297,simulation
3.1442524417731015,-5.021999999999998e-05,0.2010475084712401,0.35749036876501306,0.09921650756456202,simulation
3.1539569246180807,-5.0375e-05,0.20610737385376338,0.34549150281252644,0.09549150281252633,simulation
3.1636614074630582,-5.052999999999998e-05,0.21121364828886546,0.33359022773850844,0.09183037464140853,simulation
3.1733658903080375,-5.068499999999998e-05,0.21636552543662102,0.32179406064337623,0.08823370118578677,simulation
3.1830703731530168,-5.084e-05,0.22156219175590608,0.3101104522390993,0.08470205040209361,simulation
3.1927748559979943,-5.0994999999999975e-05,0.22680282663286483,0.29854678214317004,0.08123597997892956,simulation
3.2024793388429735,-5.1149999999999976e-05,0.23208660251050112,0.28711035421746495,0.0778360372489928,simulation
3.212183821687953,-5.1305e-05,0.23741268501935198,0.27580839195498424,0.07450275910265419,simulation
3.2218883045329303,-5.145999999999997e-05,0.2427802331092459,0.26464803391733555,0.0712366719031744,simulation
3.2315927873779096,-5.161499999999998e-05,0.2481883991821191,0.25363632922585516,0.06803829140358258,simulation
3.241297270222889,-5.1769999999999994e-05,0.25363632922585416,0.24278023310924685,0.06490812266523716,simulation
3.2510017530678663,-5.192499999999997e-05,0.2591231629491412,0.23208660251050395,0.06184665997806882,simulation
3.2607062359128456,-5.2079999999999976e-05,0.264648033917333,0.22156219175590736,0.05885438678252375,simulation
3.270410718757825,-5.223499999999999e-05,0.27021006968925576,0.21121364828886674,0.05593177559322787,simulation
3.2801152016028023,-5.2389999999999964e-05,0.27580839195498286,0.20104750847124242,0.05307928792436861,simulation
3.2898196844477816,-5.254499999999997e-05,0.28144211667453256,0.19107019345483456,0.05029737421681496,simulation
3.299524167292761,-5.269999999999999e-05,0.2871103542174631,0.18128800512565607,0.04758647376699049,simulation
3.30922865013774,-5.2854999999999995e-05,0.29281220950335785,0.17170712212352196,0.04494701465750217,simulation
3.3189331329827176,-5.300999999999998e-05,0.2985467821431682,0.16233359593948854,0.0423794136895414,simulation
3.328637615827697,-5.316499999999999e-05,0.3043131665813984,0.15317334709359814,0.039884076317064976,simulation
3.338342098672676,-5.331999999999999e-05,0.31011045223909905,0.14423216139535788,0.037461396582771145,simulation
3.3480465815176537,-5.347499999999998e-05,0.31593772365766026,0.13551568628929533,0.035111757055874604,simulation
3.357751064362633,-5.3629999999999986e-05,0.32179406064337435,0.12702942728790934,0.032835528771694045,simulation
3.367455547207612,-5.3784999999999994e-05,0.32767853841274125,0.11877874449427639,0.03063307117306302,simulation
3.3771600300525897,-5.3939999999999975e-05,0.33359022773850566,0.11076884921648966,0.028504732053568127,simulation
3.386864512897569,-5.409499999999998e-05,0.3395281950963947,0.10300480067608303,0.02645084750262805,simulation
3.3965689957425482,-5.424999999999999e-05,0.3454915028125262,0.09549150281252639,0.024471741852423234,simulation
3.4062734785875257,-5.440499999999998e-05,0.3514792092114817,0.08823370118578733,0.022567727626678802,simulation
3.415977961432505,-5.455999999999998e-05,0.3574903687650111,0.08123597997893006,0.020739105491312304,simulation
3.4256824442774843,-5.471499999999999e-05,0.363524032241337,0.07450275910265447,0.018986164206957146,simulation
3.4353869271224617,-5.4869999999999974e-05,0.36957924685505084,0.06803829140358308,0.017309180583363226,simulation
3.445091409967441,-5.5024999999999975e-05,0.3756550564175719,0.061846659978068874,0.01570841943568463,simulation
3.4547958928124203,-5.517999999999998e-05,0.38175050148813705,0.05593177559322832,0.01418413354266318,simulation
3.4645003756573995,-5.5335000000000005e-05,0.3878646195253097,0.05029737421681424,0.012736563606711382,simulation
3.474204858502377,-5.548999999999998e-05,0.39399644503897213,0.044947014657502615,0.01136593821590337,simulation
3.4839093413473563,-5.564499999999998e-05,0.400145009742796,0.0398840763170652,0.01007247380787668,simulation
3.4936138241923356,-5.58e-05,0.4063093427071377,0.035111757055874326,0.00885637463565564,simulation
3.503318307037313,-5.5954999999999975e-05,0.41248847051236115,0.03063307117306352,0.007717832735397445,simulation
3.5130227898822923,-5.610999999999998e-05,0.41868141740255743,0.026450847502628383,0.006657027896066092,simulation
3.5227272727272716,-5.6265e-05,0.42488720543962166,0.022567727626678413,0.005674127631042969,simulation
3.532431755572249,-5.641999999999997e-05,0.4311048546576799,0.018986164206957645,0.004769287151674517,simulation
3.5421362384172284,-5.657499999999998e-05,0.43733338321784726,0.01570841943568474,0.003942649342761173,simulation
3.5518407212622076,-5.6729999999999994e-05,0.44357180756325904,0.012736563606711493,0.0031943447399958025,simulation
3.561545204107185,-5.688499999999997e-05,0.44981914257439115,0.010072473807877125,0.0025244915093500797,simulation
3.5712496869521644,-5.7039999999999976e-05,0.4560744017246275,0.007717832735397612,0.0019331954284138586,simulation
3.5809541697971436,-5.719499999999999e-05,0.4623365972360332,0.0056741276310431354,0.0014205498696930885,simulation
3.590658652642121,-5.734999999999997e-05,0.46860474023534204,0.003942649342761395,0.000986635785864276,simulation
3.6003631354871004,-5.750499999999997e-05,0.47487784091011404,0.0025244915093501352,0.0006315216969913218,simulation
3.6100676183320797,-5.7659999999999993e-05,0.48115490866503247,0.0014205498696930885,0.00035526367970539763,simulation
3.619772101177057,-5.781499999999997e-05,0.48743495227833017,0.0006315216969913773,0.00015790535835003006,simulation
3.6294765840220364,-5.796999999999998e-05,0.4937169800583231,0.00015790535835003006,3.947789809194413e-05,simulation
3.6391810668670157,-5.812499999999999e-05,0.4999999999999999,0.0,0.0,simulation
3.648885549711995,-5.828e-05,0.5062830199416762,0.00015790535835003006,3.947789809194413e-05,simulation
3.6585900325569725,-5.843499999999998e-05,0.5125650477216679,0.0006315216969911552,0.00015790535834997455,simulation
3.6682945154019517,-5.8589999999999986e-05,0.5188450913349669,0.0014205498696929775,0.0003552636797053421,simulation
3.677998998246931,-5.8744999999999994e-05,0.5251221590898845,0.0025244915093498577,0.0006315216969912107,simulation
3.6877034810919085,-5.8899999999999975e-05,0.531395259764656,0.0039426493427608955,0.000986635785864165,simulation
3.6974079639368878,-5.905499999999998e-05,0.5376634027639657,0.005674127631042802,0.0014205498696929775,simulation
3.707112446781867,-5.920999999999999e-05,0.5439255982753715,0.007717832735397279,0.0019331954284137476,simulation
3.7168169296268445,-5.936499999999998e-05,0.5501808574256069,0.010072473807876348,0.0025244915093498577,simulation
3.726521412471824,-5.951999999999998e-05,0.5564281924367399,0.012736563606710993,0.0031943447399956915,simulation
3.736225895316803,-5.967499999999999e-05,0.5626666167821517,0.01570841943568424,0.0039426493427610065,simulation
3.7459303781617805,-5.9829999999999974e-05,0.5688951453423182,0.01898616420695659,0.004769287151674295,simulation
3.75563486100676,-5.998499999999998e-05,0.5751127945603778,0.02256772762667808,0.005674127631042858,simulation
3.765339343851739,-6.013999999999998e-05,0.5813185825974411,0.026450847502627384,0.00665702789606587,simulation
3.7750438266967166,-6.029499999999997e-05,0.587511529487637,0.030633071173062187,0.007717832735397112,simulation
3.784748309541696,-6.044999999999998e-05,0.5936906572928617,0.03511175705587383,0.008856374635655528,simulation
3.794452792386675,-6.0604999999999986e-05,0.5998549902572029,0.039884076317064365,0.010072473807876459,simulation
3.8041572752316544,-6.076e-05,0.6060035549610276,0.04494701465750245,0.01136593821590337,simulation
3.813861758076632,-6.0914999999999975e-05,0.6121353804746897,0.050297374216813684,0.012736563606711215,simulation
3.823566240921611,-6.106999999999998e-05,0.618249498511862,0.05593177559322737,0.014184133542662958,simulation
3.8332707237665904,-6.1225e-05,0.6243449435824274,0.061846659978068264,0.015708419435684462,simulation
3.842975206611568,-6.137999999999997e-05,0.6304207531449473,0.06803829140358114,0.017309180583362727,simulation
3.852679689456547,-6.153499999999999e-05,0.6364759677586623,0.0745027591026538,0.01898616420695698,simulation
3.8623841723015264,-6.169e-05,0.6425096312349883,0.0812359799789294,0.020739105491312138,simulation
3.872088655146504,-6.184499999999997e-05,0.6485207907885164,0.08823370118578511,0.022567727626678247,simulation
3.881793137991483,-6.199999999999998e-05,0.6545084971874728,0.09549150281252516,0.0244717418524229,simulation
3.8914976208364624,-6.215499999999999e-05,0.6604718049036042,0.10300480067608175,0.026450847502627717,simulation
3.90120210368144,-6.230999999999996e-05,0.6664097722614921,0.11076884921648661,0.02850473205356735,simulation
3.910906586526419,-6.246499999999998e-05,0.6723214615872577,0.118778744494275,0.030633071173062687,simulation
3.9206110693713985,-6.262e-05,0.6782059393566251,0.1270294272879085,0.03283552877169388,simulation
3.930315552216376,-6.277499999999997e-05,0.6840622763423378,0.13551568628929267,0.03511175705587388,simulation
3.9400200350613552,-6.292999999999997e-05,0.6898895477608995,0.14423216139535577,0.03746139658277059,simulation
3.9497245179063345,-6.308499999999998e-05,0.6956868334186006,0.15317334709359665,0.03988407631706459,simulation
3.959429000751312,-6.323999999999997e-05,0.7014532178568305,0.16233359593948632,0.042379413689540846,simulation
3.9691334835962913,-6.339499999999999e-05,0.7071877904966416,0.17170712212352102,0.04494701465750195,simulation
3.9788379664412705,-6.354999999999999e-05,0.7128896457825359,0.18128800512565446,0.047586473766990045,simulation
3.98854244928625,-6.370499999999999e-05,0.7185578833254661,0.19107019345483217,0.050297374216814295,simulation
3.9982469321312273,-6.385999999999997e-05,0.7241916080450155,0.2010475084712393,0.05307928792436778,simulation
4.0079514149762066,-6.401499999999999e-05,0.7297899303107437,0.21121364828886574,0.055931775593227595,simulation
4.017655897821186,-6.416999999999999e-05,0.7353519660826661,0.22156219175590558,0.05885438678252325,simulation
4.027360380666163,-6.432499999999998e-05,0.740876837050857,0.23208660251050062,0.06184665997806793,simulation
4.037064863511143,-6.447999999999998e-05,0.7463636707741452,0.2427802331092458,0.06490812266523688,simulation
4.046769346356122,-6.4635e-05,0.7518116008178803,0.2536363292258541,0.06803829140358231,simulation
4.056473829201099,-6.478999999999998e-05,0.7572197668907528,0.2646480339173329,0.07123667190317362,simulation
4.066178312046079,-6.494499999999998e-05,0.7625873149806475,0.2758083919549831,0.07450275910265386,simulation
4.075882794891058,-6.509999999999998e-05,0.767913397489498,0.287110354217463,0.0778360372489923,simulation
4.085587277736035,-6.525499999999997e-05,0.7731971733671336,0.29854678214316643,0.08123597997892851,simulation
4.095291760581015,-6.540999999999999e-05,0.7784378082440938,0.31011045223909894,0.08470205040209355,simulation
4.104996243425994,-6.556499999999999e-05,0.7836344745633781,0.32179406064337424,0.08823370118578616,simulation
4.114700726270971,-6.571999999999997e-05,0.7887863517111329,0.3335902277385047,0.09183037464140742,simulation
4.124405209115951,-6.587499999999997e-05,0.7938926261462358,0.3454915028125244,0.09549150281252572,simulation
4.13410969196093,-6.602999999999998e-05,0.7989524915287587,0.35749036876501017,0.09921650756456118,simulation
4.143814174805909,-6.6185e-05,0.8039651488473031,0.3695792468550524,0.10300480067608264,simulation
4.153518657650887,-6.633999999999998e-05,0.8089298065451666,0.38175050148813605,0.10685578393169004,simulation
4.163223140495866,-6.649499999999998e-05,0.8138456806453496,0.39399644503897113,0.11076884921648783,simulation
4.172927623340845,-6.665e-05,0.8187119948743447,0.40630934270713714,0.1147433786121052,simulation
4.182632106185823,-6.680499999999997e-05,0.8235279807847213,0.418681417402556,0.11877874449427539,simulation
4.192336589030802,-6.695999999999998e-05,0.8282928778764778,0.4311048546576797,0.12287430963194773,simulation
4.202041071875781,-6.7115e-05,0.8330059337171257,0.4435718075632589,0.1270294272879089,simulation
4.211745554720759,-6.726999999999997e-05,0.8376664040605115,0.4560744017246265,0.13124344132091242,simulation
4.221450037565738,-6.742499999999997e-05,0.8422735529643437,0.4686047402353415,0.1355156862892936,simulation
4.231154520410717,-6.757999999999999e-05,0.8468266529064021,0.4811549086650319,0.1398454875560463,simulation
4.240859003255695,-6.773499999999997e-05,0.851324984899424,0.4937169800583221,0.14423216139535677,simulation
4.250563486100674,-6.788999999999998e-05,0.8557678386046421,0.5062830199416748,0.1486750151005749,simulation
4.260267968945653,-6.804499999999999e-05,0.8601545124439532,0.5188450913349668,0.15317334709359737,simulation
4.269972451790631,-6.819999999999996e-05,0.8644843137107048,0.5313952597646536,0.15772644703565458,simulation
4.27967693463561,-6.835499999999998e-05,0.8687565586790866,0.5439255982753705,0.16233359593948737,simulation
4.289381417480589,-6.850999999999999e-05,0.872970572712091,0.5564281924367407,0.16699406628287417,simulation
4.299085900325567,-6.866499999999997e-05,0.877125690368051,0.5688951453423163,0.1717071221235208,simulation
4.308790383170546,-6.881999999999998e-05,0.8812212555057237,0.581318582597441,0.17647201921527755,simulation
4.318494866015525,-6.897499999999998e-05,0.8852566213878943,0.5936906572928615,0.1812880051256549,simulation
4.328199348860505,-6.913e-05,0.8892311507835118,0.6060035549610275,0.18615431935464988,simulation
4.337903831705482,-6.928499999999998e-05,0.8931442160683093,0.6182494985118618,0.19107019345483262,simulation
4.347608314550461,-6.943999999999999e-05,0.8969951993239172,0.6304207531449472,0.1960348511526968,simulation
4.357312797395441,-6.959499999999999e-05,0.9007834924354379,0.6425096312349869,0.2010475084712401,simulation
4.367017280240418,-6.974999999999997e-05,0.9045084971874731,0.6545084971874718,0.20610737385376265,simulation
4.376721763085397,-6.990499999999998e-05,0.9081696253585914,0.6664097722614916,0.21121364828886546,simulation
4.386426245930377,-7.005999999999999e-05,0.9117662988142134,0.6782059393566245,0.2163655254366214,simulation
4.396130728775354,-7.021499999999998e-05,0.9152979495979059,0.6898895477608991,0.2215621917559053,simulation
4.405835211620333,-7.036999999999998e-05,0.9187640200210705,0.7014532178568299,0.22680282663286483,simulation
4.415539694465313,-7.052499999999998e-05,0.9221639627510072,0.712889645782535,0.23208660251050112,simulation
4.42524417731029,-7.067999999999997e-05,0.9254972408973454,0.7241916080450141,0.2374126850193512,simulation
4.4349486601552695,-7.083499999999998e-05,0.9287633280968258,0.7353519660826652,0.2427802331092463,simulation
4.444653143000249,-7.098999999999998e-05,0.9319617085964174,0.7463636707741448,0.2481883991821191,simulation
4.454357625845226,-7.114499999999997e-05,0.9350918773347623,0.7572197668907515,0.25363632922585344,simulation
4.4640621086902055,-7.129999999999997e-05,0.9381533400219313,0.7679133974894967,0.2591231629491416,simulation
4.473766591535185,-7.145499999999999e-05,0.9411456132174765,0.7784378082440933,0.2646480339173334,simulation
4.483471074380162,-7.160999999999997e-05,0.944068224406772,0.7887863517111324,0.27021006968925537,simulation
4.4931755572251415,-7.176499999999997e-05,0.9469207120756316,0.7989524915287582,0.2758083919549832,simulation
4.502880040070121,-7.191999999999998e-05,0.9497026257831852,0.808929806545166,0.28144211667453295,simulation
4.5125845229151,-7.207499999999999e-05,0.9524135262330097,0.8187119948743445,0.2871103542174635,simulation
4.5222890057600775,-7.222999999999998e-05,0.9550529853424976,0.8282928778764773,0.2928122095033574,simulation
4.531993488605057,-7.238499999999998e-05,0.9576205863104585,0.8376664040605114,0.2985467821431682,simulation
4.541697971450036,-7.254e-05,0.9601159236829351,0.8468266529064024,0.3043131665813988,simulation
4.5514024542950136,-7.269499999999997e-05,0.9625386034172285,0.8557678386046408,0.3101104522390983,simulation
4.561106937139993,-7.284999999999998e-05,0.9648882429441256,0.8644843137107052,0.3159377236576607,simulation
4.570811419984972,-7.3005e-05,0.9671644712283061,0.8729705727120912,0.3217940606433748,simulation
4.58051590282995,-7.315999999999997e-05,0.9693669288269366,0.8812212555057224,0.3276785384127404,simulation
4.590220385674929,-7.331499999999997e-05,0.9714952679464319,0.8892311507835103,0.33359022773850566,simulation
4.599924868519908,-7.346999999999999e-05,0.973549152497372,0.8969951993239169,0.3395281950963947,simulation
4.609629351364886,-7.362499999999996e-05,0.9755282581475764,0.904508497187472,0.34549150281252494,simulation
4.619333834209865,-7.377999999999997e-05,0.9774322723733212,0.9117662988142126,0.3514792092114817,simulation
4.629038317054844,-7.393499999999999e-05,0.9792608945086878,0.9187640200210703,0.3574903687650115,simulation
4.638742799899822,-7.408999999999996e-05,0.9810138357930426,0.9254972408973445,0.36352403224133617,simulation
4.648447282744801,-7.424499999999998e-05,0.9826908194166367,0.9319617085964169,0.36957924685505084,simulation
4.65815176558978,-7.439999999999998e-05,0.9842915805643153,0.9381533400219311,0.3756550564175719,simulation
4.667856248434759,-7.4555e-05,0.9858158664573369,0.944068224406772,0.38175050148813744,simulation
4.677560731279737,-7.470999999999998e-05,0.9872634363932884,0.949702625783185,0.3878646195253088,simulation
4.687265214124716,-7.486499999999998e-05,0.9886340617840966,0.9550529853424974,0.39399644503897213,simulation
4.6969696969696955,-7.501999999999998e-05,0.9899275261921233,0.9601159236829347,0.400145009742796,simulation
4.706674179814673,-7.517499999999997e-05,0.9911436253643442,0.964888242944125,0.4063093427071368,simulation
4.716378662659652,-7.532999999999999e-05,0.9922821672646026,0.9693669288269368,0.4124884705123616,simulation
4.7260831455046315,-7.548499999999999e-05,0.993342972103934,0.9735491524973718,0.4186814174025579,simulation
4.735787628349609,-7.563999999999997e-05,0.9943258723689569,0.9774322723733211,0.4248872054396208,simulation
4.745492111194588,-7.579499999999997e-05,0.9952307128483255,0.9810138357930426,0.4311048546576803,simulation
4.7551965940395675,-7.594999999999999e-05,0.9960573506572389,0.9842915805643155,0.4373333832178477,simulation
4.764901076884545,-7.610499999999998e-05,0.9968056552600042,0.9872634363932883,0.4435718075632586,simulation
4.774605559729524,-7.625999999999998e-05,0.99747550849065,0.9899275261921232,0.44981914257439204,simulation
4.7843100425745035,-7.641499999999998e-05,0.9980668045715861,0.9922821672646025,0.45607440172462793,simulation
4.794014525419481,-7.656999999999997e-05,0.9985794501303069,0.9943258723689565,0.4623365972360323,simulation
4.80371900826446,-7.672499999999997e-05,0.9990133642141357,0.9960573506572385,0.46860474023534204,simulation
4.81342349110944,-7.687999999999998e-05,0.9993684783030088,0.9974755084906499,0.4748778409101145,simulation
4.823127973954417,-7.703499999999997e-05,0.9996447363202946,0.9985794501303068,0.4811549086650316,simulation
4.832832456799396,-7.718999999999997e-05,0.99984209464165,0.9993684783030086,0.48743495227833017,simulation
4.842536939644376,-7.734499999999997e-05,0.9999605221019081,0.99984209464165,0.49371698005832265,simulation
4.852241422489355,-7.75e-05,1.0,1.0,0.5000000000000003,simulation
